stand_id,corridor_id,county,owner_class,owner_name,pixels,acres,plots,majority_tm_id,PLT_CN
RIP1_Baker_O3,1,Baker,3,Family Forest,10,2.223948433204488,5,48634,448940584489998
RIP1_Baker_O6,1,Baker,6,Federal,2,0.4447896866408976,2,2743,20342987010478
RIP2_Baker_O3,2,Baker,3,Family Forest,5,1.111974216602244,2,59428,533665395126144
RIP3_Baker_O3,3,Baker,3,Family Forest,2,0.4447896866408976,2,48632,448940577489998
RIP3_Baker_O6,3,Baker,6,Federal,1,0.2223948433204488,1,48632,448940577489998
RIP4_Baker_O3,4,Baker,3,Family Forest,54,12.009321539304235,7,59428,533665395126144
RIP5_Baker_O3,5,Baker,3,Family Forest,4,0.8895793732817951,2,48632,448940577489998
RIP5_Baker_O6,5,Baker,6,Federal,9,2.001553589884039,2,50207,451136981489998
RIP6_Baker_O3,6,Baker,3,Family Forest,4,0.8895793732817951,1,50207,451136981489998
RIP6_Baker_O6,6,Baker,6,Federal,1,0.2223948433204488,1,50207,451136981489998
RIP7_Baker_O3,7,Baker,3,Family Forest,1,0.2223948433204488,1,50207,451136981489998
RIP8_Baker_O3,8,Baker,3,Family Forest,38,8.451004046177054,11,48632,448940577489998
RIP9_Baker_O3,9,Baker,3,Family Forest,16,3.5583174931271806,5,50207,451136981489998
RIP10_Baker_O6,10,Baker,6,Federal,9,2.001553589884039,3,59428,533665395126144
RIP11_Baker_O6,11,Baker,6,Federal,11,2.446343276524937,3,43181,374861410489998
RIP12_Baker_O6,12,Baker,6,Federal,1,0.2223948433204488,1,16547,61264238010478
RIP13_Baker_O6,13,Baker,6,Federal,4,0.8895793732817951,1,59428,533665395126144
RIP14_Baker_O3,14,Baker,3,Family Forest,4,0.8895793732817951,3,32408,236497707010854
RIP14_Baker_O6,14,Baker,6,Federal,5,1.111974216602244,4,32408,236497707010854
RIP15_Baker_O6,15,Baker,6,Federal,4,0.8895793732817951,1,59428,533665395126144
RIP16_Baker_O6,16,Baker,6,Federal,5,1.111974216602244,3,59428,533665395126144
RIP17_Baker_O3,17,Baker,3,Family Forest,82,18.236377152276802,7,48477,448939744489998
RIP17_Baker_O6,17,Baker,6,Federal,26,5.782265926331668,3,50183,451136888489998
RIP18_Baker_O3,18,Baker,3,Family Forest,44,9.785373106099748,5,48632,448940577489998
RIP19_Baker_O3,19,Baker,3,Family Forest,1,0.2223948433204488,1,63999,635664107126144
RIP20_Baker_O6,20,Baker,6,Federal,70,15.567639032431416,6,59428,533665395126144
RIP21_Baker_O4,21,Baker,4,Corporate/Other Private,2,0.4447896866408976,2,48632,448940577489998
RIP22_Baker_O6,22,Baker,6,Federal,1,0.2223948433204488,1,63999,635664107126144
RIP23_Baker_O6,23,Baker,6,Federal,17,3.780712336447629,4,59428,533665395126144
RIP24_Baker_O6,24,Baker,6,Federal,10,2.223948433204488,3,59428,533665395126144
RIP25_Baker_O6,25,Baker,6,Federal,10,2.223948433204488,5,36935,289515947489998
RIP26_Baker_O4,26,Baker,4,Corporate/Other Private,1,0.2223948433204488,1,59428,533665395126144
RIP27_Baker_O6,27,Baker,6,Federal,11,2.446343276524937,5,59428,533665395126144
RIP28_Baker_O4,28,Baker,4,Corporate/Other Private,1,0.2223948433204488,1,59428,533665395126144
RIP29_Baker_O3,29,Baker,3,Family Forest,1,0.2223948433204488,1,64448,638334723126144
RIP30_Baker_O6,30,Baker,6,Federal,4,0.8895793732817951,2,63999,635664107126144
RIP31_Baker_O6,31,Baker,6,Federal,1,0.2223948433204488,1,59213,533664592126144
RIP32_Baker_O3,32,Baker,3,Family Forest,1,0.2223948433204488,1,48632,448940577489998
RIP33_Baker_O6,33,Baker,6,Federal,7,1.5567639032431415,2,59421,533665369126144
RIP34_Baker_O6,34,Baker,6,Federal,11,2.446343276524937,3,23749,173002845010854
RIP35_Baker_O6,35,Baker,6,Federal,2,0.4447896866408976,2,16547,61264238010478
RIP36_Baker_O6,36,Baker,6,Federal,12,2.6687381198453854,6,23749,173002845010854
RIP37_Baker_O3,37,Baker,3,Family Forest,20,4.447896866408976,5,50207,451136981489998
RIP38_Columbia_O3,38,Columbia,3,Family Forest,19,4.225502023088527,5,35220,259083023010854
RIP38_Columbia_O4,38,Columbia,4,Corporate/Other Private,40,8.895793732817951,5,32408,236497707010854
RIP38_Columbia_O8,38,Columbia,8,Local,24,5.337476239690771,6,32408,236497707010854
RIP39_Baker_O3,39,Baker,3,Family Forest,167,37.13993883451495,17,50207,451136981489998
RIP39_Baker_O4,39,Baker,4,Corporate/Other Private,11,2.446343276524937,6,48632,448940577489998
RIP40_Columbia_O4,40,Columbia,4,Corporate/Other Private,6,1.3343690599226927,4,36897,289515725489998
RIP41_Baker_O3,41,Baker,3,Family Forest,8,1.7791587465635903,3,35220,259083023010854
RIP42_Baker_O3,42,Baker,3,Family Forest,3,0.6671845299613464,3,47366,433062557489998
RIP42_Baker_O4,42,Baker,4,Corporate/Other Private,8,1.7791587465635903,3,48632,448940577489998
RIP43_Baker_O6,43,Baker,6,Federal,2,0.4447896866408976,2,23747,173002836010854
RIP44_Baker_O6,44,Baker,6,Federal,1,0.2223948433204488,1,23749,173002845010854
RIP45_Columbia_O4,45,Columbia,4,Corporate/Other Private,61,13.566085442547376,10,32408,236497707010854
RIP46_Columbia_O4,46,Columbia,4,Corporate/Other Private,2,0.4447896866408976,1,64406,638334495126144
RIP47_Baker_O6,47,Baker,6,Federal,1,0.2223948433204488,1,23747,173002836010854
RIP48_Baker_O6,48,Baker,6,Federal,4,0.8895793732817951,4,48445,448939642489998
RIP49_Baker_O3,49,Baker,3,Family Forest,3,0.6671845299613464,3,16547,61264238010478
RIP50_Baker_O6,50,Baker,6,Federal,145,32.24725228146507,4,59428,533665395126144
RIP51_Columbia_O4,51,Columbia,4,Corporate/Other Private,1,0.2223948433204488,1,13435,43855081020004
RIP52_Baker_O3,52,Baker,3,Family Forest,28,6.227055612972566,6,36935,289515947489998
RIP52_Baker_O7,52,Baker,7,State,8,1.7791587465635903,3,48632,448940577489998
RIP53_Columbia_O4,53,Columbia,4,Corporate/Other Private,1,0.2223948433204488,1,59294,533664907126144
RIP54_Columbia_O4,54,Columbia,4,Corporate/Other Private,3,0.6671845299613464,2,13435,43855081020004
RIP55_Baker_O3,55,Baker,3,Family Forest,3,0.6671845299613464,1,32408,236497707010854
RIP55_Baker_O4,55,Baker,4,Corporate/Other Private,11,2.446343276524937,3,32408,236497707010854
RIP56_Baker_O6,56,Baker,6,Federal,2,0.4447896866408976,2,48445,448939642489998
RIP57_Baker_O6,57,Baker,6,Federal,1,0.2223948433204488,1,48445,448939642489998
RIP58_Hamilton_O3,58,Hamilton,3,Family Forest,14,3.113527806486283,3,36897,289515725489998
RIP59_Hamilton_O3,59,Hamilton,3,Family Forest,1,0.2223948433204488,1,36897,289515725489998
RIP60_Hamilton_O4,60,Hamilton,4,Corporate/Other Private,1,0.2223948433204488,1,67205,718562044290487
RIP61_Hamilton_O4,61,Hamilton,4,Corporate/Other Private,3,0.6671845299613464,3,50160,451136801489998
RIP62_Hamilton_O4,62,Hamilton,4,Corporate/Other Private,1,0.2223948433204488,1,50146,451136772489998
RIP63_Hamilton_O4,63,Hamilton,4,Corporate/Other Private,5,1.111974216602244,1,67205,718562044290487
RIP64_Hamilton_O4,64,Hamilton,4,Corporate/Other Private,2,0.4447896866408976,1,67205,718562044290487
RIP65_Columbia_O4,65,Columbia,4,Corporate/Other Private,15,3.335922649806732,5,36897,289515725489998
RIP65_Columbia_O6,65,Columbia,6,Federal,4,0.8895793732817951,1,64406,638334495126144
RIP66_Hamilton_O4,66,Hamilton,4,Corporate/Other Private,1,0.2223948433204488,1,67205,718562044290487
RIP67_Hamilton_O3,67,Hamilton,3,Family Forest,1,0.2223948433204488,1,35220,259083023010854
RIP68_Baker_O3,68,Baker,3,Family Forest,1,0.2223948433204488,1,59428,533665395126144
RIP69_Baker_O3,69,Baker,3,Family Forest,28,6.227055612972566,5,48632,448940577489998
RIP70_Hamilton_O3,70,Hamilton,3,Family Forest,2,0.4447896866408976,2,36897,289515725489998
RIP71_Baker_O3,71,Baker,3,Family Forest,1,0.2223948433204488,1,50207,451136981489998
RIP72_Baker_O3,72,Baker,3,Family Forest,8,1.7791587465635903,5,36897,289515725489998
RIP73_Baker_O3,73,Baker,3,Family Forest,4,0.8895793732817951,3,48445,448939642489998
RIP74_Baker_O3,74,Baker,3,Family Forest,3,0.6671845299613464,2,48596,448940355489998
RIP74_Baker_O4,74,Baker,4,Corporate/Other Private,3,0.6671845299613464,1,32408,236497707010854
RIP75_Hamilton_O4,75,Hamilton,4,Corporate/Other Private,1,0.2223948433204488,1,13435,43855081020004
RIP76_Hamilton_O4,76,Hamilton,4,Corporate/Other Private,1,0.2223948433204488,1,67205,718562044290487
RIP77_Baker_O3,77,Baker,3,Family Forest,2,0.4447896866408976,2,16547,61264238010478
RIP78_Columbia_O8,78,Columbia,8,Local,67,14.900454502470069,7,43237,374861690489998
RIP79_Hamilton_O4,79,Hamilton,4,Corporate/Other Private,1,0.2223948433204488,1,67453,718604216290487
RIP80_Columbia_O4,80,Columbia,4,Corporate/Other Private,1,0.2223948433204488,1,48595,448940352489998
RIP81_Hamilton_O4,81,Hamilton,4,Corporate/Other Private,4,0.8895793732817951,2,48676,448941011489998
RIP82_Columbia_O4,82,Columbia,4,Corporate/Other Private,6,1.3343690599226927,5,48429,448939593489998
RIP83_Baker_O3,83,Baker,3,Family Forest,1,0.2223948433204488,1,48596,448940355489998
RIP84_Hamilton_O4,84,Hamilton,4,Corporate/Other Private,2,0.4447896866408976,2,36897,289515725489998
RIP85_Columbia_O4,85,Columbia,4,Corporate/Other Private,2,0.4447896866408976,2,13435,43855081020004
RIP86_Columbia_O6,86,Columbia,6,Federal,3,0.6671845299613464,3,36897,289515725489998
RIP87_Hamilton_O4,87,Hamilton,4,Corporate/Other Private,3,0.6671845299613464,2,67205,718562044290487
RIP88_Hamilton_O4,88,Hamilton,4,Corporate/Other Private,2,0.4447896866408976,2,23747,173002836010854
RIP89_Columbia_O4,89,Columbia,4,Corporate/Other Private,1,0.2223948433204488,1,64448,638334723126144
RIP90_Baker_O3,90,Baker,3,Family Forest,1,0.2223948433204488,1,35220,259083023010854
RIP91_Baker_O3,91,Baker,3,Family Forest,46,10.230162792740645,5,32408,236497707010854
RIP92_Hamilton_O4,92,Hamilton,4,Corporate/Other Private,3,0.6671845299613464,2,48632,448940577489998
RIP93_Hamilton_O4,93,Hamilton,4,Corporate/Other Private,4,0.8895793732817951,1,67205,718562044290487
RIP94_Hamilton_O4,94,Hamilton,4,Corporate/Other Private,2,0.4447896866408976,1,67205,718562044290487
RIP95_Baker_O3,95,Baker,3,Family Forest,123,27.3545657284152,9,50183,451136888489998
RIP96_Baker_O3,96,Baker,3,Family Forest,1,0.2223948433204488,1,36897,289515725489998
RIP97_Hamilton_O4,97,Hamilton,4,Corporate/Other Private,1,0.2223948433204488,1,67524,718604753290487
RIP98_Hamilton_O4,98,Hamilton,4,Corporate/Other Private,8,1.7791587465635903,2,67205,718562044290487
RIP99_Hamilton_O4,99,Hamilton,4,Corporate/Other Private,3,0.6671845299613464,1,64406,638334495126144
RIP100_Baker_O3,100,Baker,3,Family Forest,2,0.4447896866408976,1,67211,718562060290487
RIP100_Baker_O7,100,Baker,7,State,1,0.2223948433204488,1,50207,451136981489998
RIP101_Hamilton_O4,101,Hamilton,4,Corporate/Other Private,1,0.2223948433204488,1,24316,176548896010854
RIP102_Hamilton_O4,102,Hamilton,4,Corporate/Other Private,1,0.2223948433204488,1,24316,176548896010854
RIP103_Columbia_O4,103,Columbia,4,Corporate/Other Private,2,0.4447896866408976,2,36897,289515725489998
RIP104_Baker_O6,104,Baker,6,Federal,10,2.223948433204488,3,59428,533665395126144
RIP105_Hamilton_O4,105,Hamilton,4,Corporate/Other Private,3,0.6671845299613464,3,24316,176548896010854
RIP106_Columbia_O3,106,Columbia,3,Family Forest,2,0.4447896866408976,2,13435,43855081020004
RIP107_Columbia_O4,107,Columbia,4,Corporate/Other Private,1,0.2223948433204488,1,36897,289515725489998
RIP108_Hamilton_O4,108,Hamilton,4,Corporate/Other Private,3,0.6671845299613464,1,67205,718562044290487
RIP109_Baker_O6,109,Baker,6,Federal,1,0.2223948433204488,1,59421,533665369126144
RIP110_Baker_O3,110,Baker,3,Family Forest,8,1.7791587465635903,2,67509,718604473290487
RIP111_Hamilton_O4,111,Hamilton,4,Corporate/Other Private,3,0.6671845299613464,2,13435,43855081020004
RIP112_Hamilton_O3,112,Hamilton,3,Family Forest,2,0.4447896866408976,2,43054,374860913489998
RIP112_Hamilton_O4,112,Hamilton,4,Corporate/Other Private,1,0.2223948433204488,1,24316,176548896010854
RIP113_Columbia_O4,113,Columbia,4,Corporate/Other Private,1,0.2223948433204488,1,48676,448941011489998
RIP114_Columbia_O4,114,Columbia,4,Corporate/Other Private,3,0.6671845299613464,2,13435,43855081020004
RIP115_Baker_O3,115,Baker,3,Family Forest,8,1.7791587465635903,5,36897,289515725489998
RIP116_Hamilton_O4,116,Hamilton,4,Corporate/Other Private,1,0.2223948433204488,1,59213,533664592126144
RIP117_Hamilton_O4,117,Hamilton,4,Corporate/Other Private,1,0.2223948433204488,1,67205,718562044290487
RIP118_Baker_O3,118,Baker,3,Family Forest,2,0.4447896866408976,1,67211,718562060290487
RIP119_Hamilton_O4,119,Hamilton,4,Corporate/Other Private,2,0.4447896866408976,2,23747,173002836010854
RIP120_Columbia_O3,120,Columbia,3,Family Forest,1,0.2223948433204488,1,64406,638334495126144
RIP121_Columbia_O4,121,Columbia,4,Corporate/Other Private,1,0.2223948433204488,1,59421,533665369126144
RIP122_Hamilton_O4,122,Hamilton,4,Corporate/Other Private,24,5.337476239690771,5,13435,43855081020004
RIP123_Columbia_O3,123,Columbia,3,Family Forest,1,0.2223948433204488,1,43046,374860898489998
RIP124_Columbia_O4,124,Columbia,4,Corporate/Other Private,2,0.4447896866408976,2,13435,43855081020004
RIP125_Baker_O3,125,Baker,3,Family Forest,63,14.010875129188273,4,43181,374861410489998
RIP126_Columbia_O3,126,Columbia,3,Family Forest,14,3.113527806486283,8,35220,259083023010854
RIP127_Baker_O3,127,Baker,3,Family Forest,3,0.6671845299613464,2,48633,448940579489998
RIP128_Hamilton_O4,128,Hamilton,4,Corporate/Other Private,1,0.2223948433204488,1,67275,718562342290487
RIP129_Hamilton_O4,129,Hamilton,4,Corporate/Other Private,2,0.4447896866408976,2,24316,176548896010854
RIP130_Columbia_O4,130,Columbia,4,Corporate/Other Private,4,0.8895793732817951,3,13435,43855081020004
RIP131_Baker_O3,131,Baker,3,Family Forest,5,1.111974216602244,5,24515,176860754010854
RIP132_Baker_O3,132,Baker,3,Family Forest,1,0.2223948433204488,1,67211,718562060290487
RIP133_Hamilton_O4,133,Hamilton,4,Corporate/Other Private,1,0.2223948433204488,1,50146,451136772489998
RIP134_Columbia_O3,134,Columbia,3,Family Forest,2,0.4447896866408976,2,50146,451136772489998
RIP135_Hamilton_O4,135,Hamilton,4,Corporate/Other Private,1,0.2223948433204488,1,43235,374861676489998
RIP136_Baker_O3,136,Baker,3,Family Forest,1,0.2223948433204488,1,59428,533665395126144
RIP137_Baker_O3,137,Baker,3,Family Forest,1,0.2223948433204488,1,67211,718562060290487
RIP138_Baker_O6,138,Baker,6,Federal,7,1.5567639032431415,2,2743,20342987010478
RIP139_Baker_O3,139,Baker,3,Family Forest,1,0.2223948433204488,1,67541,718604892290487
RIP140_Baker_O3,140,Baker,3,Family Forest,6,1.3343690599226927,1,67211,718562060290487
RIP141_Hamilton_O4,141,Hamilton,4,Corporate/Other Private,41,9.118188576138401,9,35220,259083023010854
RIP142_Baker_O3,142,Baker,3,Family Forest,2,0.4447896866408976,2,47366,433062557489998
RIP143_Hamilton_O4,143,Hamilton,4,Corporate/Other Private,2,0.4447896866408976,1,67205,718562044290487
RIP144_Baker_O3,144,Baker,3,Family Forest,3,0.6671845299613464,2,50207,451136981489998
RIP145_Hamilton_O4,145,Hamilton,4,Corporate/Other Private,9,2.001553589884039,4,48589,448940340489998
RIP146_Hamilton_O4,146,Hamilton,4,Corporate/Other Private,2,0.4447896866408976,2,48589,448940340489998
RIP147_Baker_O6,147,Baker,6,Federal,21,4.670291709729424,3,59428,533665395126144
RIP148_Baker_O3,148,Baker,3,Family Forest,4,0.8895793732817951,2,36935,289515947489998
RIP149_Baker_O3,149,Baker,3,Family Forest,1,0.2223948433204488,1,43067,374860959489998
RIP150_Baker_O3,150,Baker,3,Family Forest,2,0.4447896866408976,2,48445,448939642489998
RIP151_Columbia_O3,151,Columbia,3,Family Forest,5,1.111974216602244,3,48596,448940355489998
RIP152_Columbia_O3,152,Columbia,3,Family Forest,1,0.2223948433204488,1,21259,140564077010478
RIP153_Hamilton_O4,153,Hamilton,4,Corporate/Other Private,6,1.3343690599226927,2,64406,638334495126144
RIP154_Hamilton_O3,154,Hamilton,3,Family Forest,1,0.2223948433204488,1,35220,259083023010854
RIP155_Baker_O3,155,Baker,3,Family Forest,2,0.4447896866408976,1,48632,448940577489998
RIP156_Hamilton_O3,156,Hamilton,3,Family Forest,1,0.2223948433204488,1,64406,638334495126144
RIP157_Columbia_O3,157,Columbia,3,Family Forest,7,1.5567639032431415,5,50146,451136772489998
RIP158_Columbia_O3,158,Columbia,3,Family Forest,1,0.2223948433204488,1,59294,533664907126144
RIP159_Baker_O3,159,Baker,3,Family Forest,1,0.2223948433204488,1,48562,448940184489998
RIP160_Hamilton_O4,160,Hamilton,4,Corporate/Other Private,2,0.4447896866408976,2,31037,218218426020004
RIP161_Baker_O6,161,Baker,6,Federal,3,0.6671845299613464,2,59428,533665395126144
RIP162_Hamilton_O3,162,Hamilton,3,Family Forest,36,8.006214359536155,9,43054,374860913489998
RIP162_Hamilton_O4,162,Hamilton,4,Corporate/Other Private,23,5.115081396370322,10,59383,533665216126144
RIP163_Hamilton_O4,163,Hamilton,4,Corporate/Other Private,2,0.4447896866408976,2,48658,448940864489998
RIP164_Hamilton_O4,164,Hamilton,4,Corporate/Other Private,6,1.3343690599226927,5,64407,638334496126144
RIP165_Hamilton_O4,165,Hamilton,4,Corporate/Other Private,5,1.111974216602244,1,67205,718562044290487
RIP166_Hamilton_O4,166,Hamilton,4,Corporate/Other Private,2,0.4447896866408976,2,2699,20266493010478
RIP167_Baker_O6,167,Baker,6,Federal,1,0.2223948433204488,1,59428,533665395126144
RIP168_Hamilton_O4,168,Hamilton,4,Corporate/Other Private,1,0.2223948433204488,1,67205,718562044290487
RIP169_Hamilton_O4,169,Hamilton,4,Corporate/Other Private,8,1.7791587465635903,6,48595,448940352489998
RIP170_Hamilton_O4,170,Hamilton,4,Corporate/Other Private,86,19.125956525558596,7,43054,374860913489998
RIP171_Columbia_O3,171,Columbia,3,Family Forest,1,0.2223948433204488,1,21259,140564077010478
RIP172_Baker_O6,172,Baker,6,Federal,1,0.2223948433204488,1,59428,533665395126144
RIP173_Baker_O3,173,Baker,3,Family Forest,2,0.4447896866408976,2,50183,451136888489998
RIP173_Baker_O4,173,Baker,4,Corporate/Other Private,5,1.111974216602244,3,16547,61264238010478
RIP174_Baker_O6,174,Baker,6,Federal,1,0.2223948433204488,1,23747,173002836010854
RIP175_Baker_O6,175,Baker,6,Federal,1,0.2223948433204488,1,59428,533665395126144
RIP176_Baker_O6,176,Baker,6,Federal,1,0.2223948433204488,1,2743,20342987010478
RIP177_Baker_O3,177,Baker,3,Family Forest,16,3.5583174931271806,5,2743,20342987010478
RIP178_Columbia_O3,178,Columbia,3,Family Forest,3,0.6671845299613464,2,64173,635664733126144
RIP179_Columbia_O3,179,Columbia,3,Family Forest,1,0.2223948433204488,1,64406,638334495126144
RIP180_Baker_O3,180,Baker,3,Family Forest,1,0.2223948433204488,1,48633,448940579489998
RIP181_Columbia_O3,181,Columbia,3,Family Forest,3,0.6671845299613464,2,36962,289516223489998
RIP182_Columbia_O3,182,Columbia,3,Family Forest,3,0.6671845299613464,1,48589,448940340489998
RIP183_Columbia_O3,183,Columbia,3,Family Forest,3,0.6671845299613464,1,48589,448940340489998
RIP184_Baker_O3,184,Baker,3,Family Forest,17,3.780712336447629,4,59428,533665395126144
RIP185_Hamilton_O4,185,Hamilton,4,Corporate/Other Private,1,0.2223948433204488,1,67205,718562044290487
RIP186_Hamilton_O4,186,Hamilton,4,Corporate/Other Private,2,0.4447896866408976,2,59294,533664907126144
RIP187_Hamilton_O4,187,Hamilton,4,Corporate/Other Private,7,1.5567639032431415,4,64406,638334495126144
RIP188_Hamilton_O4,188,Hamilton,4,Corporate/Other Private,1,0.2223948433204488,1,48589,448940340489998
RIP189_Baker_O4,189,Baker,4,Corporate/Other Private,3,0.6671845299613464,2,50207,451136981489998
RIP189_Baker_O7,189,Baker,7,State,1,0.2223948433204488,1,50207,451136981489998
RIP190_Hamilton_O4,190,Hamilton,4,Corporate/Other Private,3,0.6671845299613464,2,64406,638334495126144
RIP191_Hamilton_O3,191,Hamilton,3,Family Forest,1,0.2223948433204488,1,43234,374861672489998
RIP191_Hamilton_O4,191,Hamilton,4,Corporate/Other Private,1,0.2223948433204488,1,43235,374861676489998
RIP192_Baker_O4,192,Baker,4,Corporate/Other Private,1,0.2223948433204488,1,50207,451136981489998
RIP193_Baker_O3,193,Baker,3,Family Forest,33,7.33902982957481,6,36935,289515947489998
RIP194_Hamilton_O4,194,Hamilton,4,Corporate/Other Private,3,0.6671845299613464,2,64406,638334495126144
RIP195_Hamilton_O4,195,Hamilton,4,Corporate/Other Private,1,0.2223948433204488,1,64406,638334495126144
RIP196_Baker_O3,196,Baker,3,Family Forest,3,0.6671845299613464,1,43181,374861410489998
RIP197_Hamilton_O4,197,Hamilton,4,Corporate/Other Private,1,0.2223948433204488,1,50147,451136773489998
RIP198_Baker_O6,198,Baker,6,Federal,1,0.2223948433204488,1,59428,533665395126144
RIP199_Baker_O4,199,Baker,4,Corporate/Other Private,2,0.4447896866408976,2,16547,61264238010478
RIP200_Hamilton_O4,200,Hamilton,4,Corporate/Other Private,7,1.5567639032431415,5,50147,451136773489998
RIP201_Hamilton_O4,201,Hamilton,4,Corporate/Other Private,3,0.6671845299613464,2,13435,43855081020004
RIP202_Hamilton_O4,202,Hamilton,4,Corporate/Other Private,3,0.6671845299613464,1,13435,43855081020004
RIP203_Columbia_O3,203,Columbia,3,Family Forest,1,0.2223948433204488,1,36962,289516223489998
RIP204_Hamilton_O4,204,Hamilton,4,Corporate/Other Private,3,0.6671845299613464,2,13435,43855081020004
RIP205_Hamilton_O4,205,Hamilton,4,Corporate/Other Private,2,0.4447896866408976,1,13435,43855081020004
RIP206_Hamilton_O3,206,Hamilton,3,Family Forest,1,0.2223948433204488,1,64406,638334495126144
RIP206_Hamilton_O4,206,Hamilton,4,Corporate/Other Private,2,0.4447896866408976,1,13435,43855081020004
RIP207_Baker_O6,207,Baker,6,Federal,1,0.2223948433204488,1,67453,718604216290487
RIP208_Hamilton_O3,208,Hamilton,3,Family Forest,4,0.8895793732817951,2,50147,451136773489998
RIP208_Hamilton_O4,208,Hamilton,4,Corporate/Other Private,4,0.8895793732817951,2,2699,20266493010478
RIP209_Columbia_O3,209,Columbia,3,Family Forest,3,0.6671845299613464,1,36962,289516223489998
RIP210_Baker_O3,210,Baker,3,Family Forest,4,0.8895793732817951,2,2743,20342987010478
RIP211_Hamilton_O4,211,Hamilton,4,Corporate/Other Private,1,0.2223948433204488,1,64406,638334495126144
RIP212_Baker_O3,212,Baker,3,Family Forest,6,1.3343690599226927,2,48633,448940579489998
RIP212_Baker_O6,212,Baker,6,Federal,1,0.2223948433204488,1,64266,638333749126144
RIP213_Baker_O3,213,Baker,3,Family Forest,12,2.6687381198453854,2,43181,374861410489998
RIP214_Hamilton_O4,214,Hamilton,4,Corporate/Other Private,1,0.2223948433204488,1,59294,533664907126144
RIP215_Hamilton_O4,215,Hamilton,4,Corporate/Other Private,3,0.6671845299613464,1,13435,43855081020004
RIP216_Columbia_O3,216,Columbia,3,Family Forest,2,0.4447896866408976,1,64406,638334495126144
RIP217_Columbia_O3,217,Columbia,3,Family Forest,4,0.8895793732817951,4,48595,448940352489998
RIP218_Baker_O3,218,Baker,3,Family Forest,12,2.6687381198453854,3,36786,289515115489998
RIP219_Hamilton_O4,219,Hamilton,4,Corporate/Other Private,4,0.8895793732817951,3,36818,289515324489998
RIP220_Baker_O3,220,Baker,3,Family Forest,7,1.5567639032431415,2,50183,451136888489998
RIP221_Baker_O3,221,Baker,3,Family Forest,1,0.2223948433204488,1,50207,451136981489998
RIP222_Baker_O6,222,Baker,6,Federal,9,2.001553589884039,2,36935,289515947489998
RIP223_Baker_O3,223,Baker,3,Family Forest,9,2.001553589884039,7,50183,451136888489998
RIP224_Baker_O3,224,Baker,3,Family Forest,18,4.003107179768078,5,59428,533665395126144
RIP225_Hamilton_O3,225,Hamilton,3,Family Forest,6,1.3343690599226927,2,50147,451136773489998
RIP226_Hamilton_O4,226,Hamilton,4,Corporate/Other Private,6,1.3343690599226927,4,59295,533664908126144
RIP227_Hamilton_O4,227,Hamilton,4,Corporate/Other Private,2,0.4447896866408976,1,13435,43855081020004
RIP228_Hamilton_O4,228,Hamilton,4,Corporate/Other Private,1,0.2223948433204488,1,13435,43855081020004
RIP229_Baker_O3,229,Baker,3,Family Forest,18,4.003107179768078,7,59428,533665395126144
RIP230_Baker_O4,230,Baker,4,Corporate/Other Private,2,0.4447896866408976,1,64344,638334110126144
RIP231_Hamilton_O3,231,Hamilton,3,Family Forest,10,2.223948433204488,7,35220,259083023010854
RIP232_Columbia_O4,232,Columbia,4,Corporate/Other Private,1,0.2223948433204488,1,59428,533665395126144
RIP232_Columbia_O6,232,Columbia,6,Federal,1,0.2223948433204488,1,36841,289515421489998
RIP233_Baker_O3,233,Baker,3,Family Forest,2,0.4447896866408976,1,48445,448939642489998
RIP234_Hamilton_O3,234,Hamilton,3,Family Forest,3,0.6671845299613464,3,24316,176548896010854
RIP235_Hamilton_O4,235,Hamilton,4,Corporate/Other Private,5,1.111974216602244,3,48589,448940340489998
RIP236_Baker_O6,236,Baker,6,Federal,1,0.2223948433204488,1,23747,173002836010854
RIP237_Hamilton_O3,237,Hamilton,3,Family Forest,1,0.2223948433204488,1,24316,176548896010854
RIP238_Hamilton_O4,238,Hamilton,4,Corporate/Other Private,3,0.6671845299613464,1,64167,635664717126144
RIP239_Baker_O3,239,Baker,3,Family Forest,19,4.225502023088527,4,48445,448939642489998
RIP240_Hamilton_O3,240,Hamilton,3,Family Forest,2,0.4447896866408976,2,59383,533665216126144
RIP241_Hamilton_O4,241,Hamilton,4,Corporate/Other Private,3,0.6671845299613464,3,13435,43855081020004
RIP242_Baker_O6,242,Baker,6,Federal,36,8.006214359536155,7,2743,20342987010478
RIP243_Hamilton_O3,243,Hamilton,3,Family Forest,4,0.8895793732817951,3,50147,451136773489998
RIP244_Hamilton_O3,244,Hamilton,3,Family Forest,1,0.2223948433204488,1,53774,484311003489998
RIP245_Hamilton_O3,245,Hamilton,3,Family Forest,4,0.8895793732817951,4,43054,374860913489998
RIP246_Hamilton_O3,246,Hamilton,3,Family Forest,2,0.4447896866408976,2,50147,451136773489998
RIP247_Hamilton_O3,247,Hamilton,3,Family Forest,4,0.8895793732817951,2,43234,374861672489998
RIP248_Hamilton_O3,248,Hamilton,3,Family Forest,3,0.6671845299613464,2,50147,451136773489998
RIP249_Hamilton_O4,249,Hamilton,4,Corporate/Other Private,4,0.8895793732817951,4,43234,374861672489998
RIP250_Baker_O6,250,Baker,6,Federal,1,0.2223948433204488,1,2743,20342987010478
RIP251_Baker_O3,251,Baker,3,Family Forest,3,0.6671845299613464,3,48571,448940206489998
RIP252_Baker_O3,252,Baker,3,Family Forest,5,1.111974216602244,3,36935,289515947489998
RIP253_Hamilton_O3,253,Hamilton,3,Family Forest,6,1.3343690599226927,2,50147,451136773489998
RIP253_Hamilton_O4,253,Hamilton,4,Corporate/Other Private,1,0.2223948433204488,1,67236,718562166290487
RIP254_Hamilton_O3,254,Hamilton,3,Family Forest,11,2.446343276524937,5,35220,259083023010854
RIP255_Hamilton_O3,255,Hamilton,3,Family Forest,1,0.2223948433204488,1,59294,533664907126144
RIP256_Hamilton_O3,256,Hamilton,3,Family Forest,9,2.001553589884039,3,35220,259083023010854
RIP256_Hamilton_O4,256,Hamilton,4,Corporate/Other Private,49,10.897347322701991,10,35220,259083023010854
RIP257_Hamilton_O3,257,Hamilton,3,Family Forest,3,0.6671845299613464,2,21259,140564077010478
RIP258_Hamilton_O3,258,Hamilton,3,Family Forest,2,0.4447896866408976,2,21259,140564077010478
RIP259_Hamilton_O3,259,Hamilton,3,Family Forest,3,0.6671845299613464,3,43235,374861676489998
RIP260_Hamilton_O4,260,Hamilton,4,Corporate/Other Private,10,2.223948433204488,6,64167,635664717126144
RIP261_Baker_O3,261,Baker,3,Family Forest,1,0.2223948433204488,1,48445,448939642489998
RIP262_Hamilton_O3,262,Hamilton,3,Family Forest,28,6.227055612972566,8,43054,374860913489998
RIP262_Hamilton_O4,262,Hamilton,4,Corporate/Other Private,3,0.6671845299613464,2,43054,374860913489998
RIP263_Hamilton_O4,263,Hamilton,4,Corporate/Other Private,2,0.4447896866408976,2,24316,176548896010854
RIP264_Baker_O3,264,Baker,3,Family Forest,2,0.4447896866408976,2,48632,448940577489998
RIP265_Baker_O3,265,Baker,3,Family Forest,6,1.3343690599226927,2,67539,718604888290487
RIP266_Hamilton_O4,266,Hamilton,4,Corporate/Other Private,1,0.2223948433204488,1,13435,43855081020004
RIP267_Baker_O3,267,Baker,3,Family Forest,4,0.8895793732817951,3,59428,533665395126144
RIP268_Baker_O3,268,Baker,3,Family Forest,3,0.6671845299613464,2,67539,718604888290487
RIP269_Hamilton_O3,269,Hamilton,3,Family Forest,9,2.001553589884039,4,50147,451136773489998
RIP270_Hamilton_O4,270,Hamilton,4,Corporate/Other Private,2,0.4447896866408976,2,48589,448940340489998
RIP271_Baker_O3,271,Baker,3,Family Forest,18,4.003107179768078,6,59428,533665395126144
RIP272_Baker_O3,272,Baker,3,Family Forest,1,0.2223948433204488,1,48445,448939642489998
RIP273_Baker_O3,273,Baker,3,Family Forest,3,0.6671845299613464,1,67539,718604888290487
RIP274_Hamilton_O3,274,Hamilton,3,Family Forest,1,0.2223948433204488,1,50147,451136773489998
RIP274_Hamilton_O4,274,Hamilton,4,Corporate/Other Private,2,0.4447896866408976,2,21259,140564077010478
RIP275_Hamilton_O4,275,Hamilton,4,Corporate/Other Private,37,8.228609202856605,10,35220,259083023010854
RIP276_Hamilton_O4,276,Hamilton,4,Corporate/Other Private,1,0.2223948433204488,1,64406,638334495126144
RIP277_Columbia_O6,277,Columbia,6,Federal,9,2.001553589884039,3,59428,533665395126144
RIP278_Baker_O3,278,Baker,3,Family Forest,16,3.5583174931271806,6,50183,451136888489998
RIP279_Baker_O3,279,Baker,3,Family Forest,18,4.003107179768078,10,50183,451136888489998
RIP280_Baker_O3,280,Baker,3,Family Forest,1,0.2223948433204488,1,16547,61264238010478
RIP281_Hamilton_O4,281,Hamilton,4,Corporate/Other Private,5,1.111974216602244,4,36897,289515725489998
RIP282_Hamilton_O4,282,Hamilton,4,Corporate/Other Private,1,0.2223948433204488,1,35220,259083023010854
RIP283_Hamilton_O3,283,Hamilton,3,Family Forest,3,0.6671845299613464,3,21259,140564077010478
RIP284_Hamilton_O4,284,Hamilton,4,Corporate/Other Private,5,1.111974216602244,2,50179,451136876489998
RIP285_Hamilton_O4,285,Hamilton,4,Corporate/Other Private,6,1.3343690599226927,3,59295,533664908126144
RIP286_Hamilton_O3,286,Hamilton,3,Family Forest,75,16.679613249033657,17,50147,451136773489998
RIP287_Hamilton_O4,287,Hamilton,4,Corporate/Other Private,4,0.8895793732817951,2,35220,259083023010854
RIP288_Hamilton_O3,288,Hamilton,3,Family Forest,3,0.6671845299613464,3,43235,374861676489998
RIP289_Hamilton_O3,289,Hamilton,3,Family Forest,1,0.2223948433204488,1,50203,451136968489998
RIP290_Hamilton_O4,290,Hamilton,4,Corporate/Other Private,7,1.5567639032431415,4,35220,259083023010854
RIP291_Baker_O3,291,Baker,3,Family Forest,6,1.3343690599226927,4,13436,43855099020004
RIP291_Baker_O4,291,Baker,4,Corporate/Other Private,1,0.2223948433204488,1,32408,236497707010854
RIP292_Hamilton_O3,292,Hamilton,3,Family Forest,11,2.446343276524937,6,50147,451136773489998
RIP293_Hamilton_O3,293,Hamilton,3,Family Forest,10,2.223948433204488,6,67233,718562163290487
RIP294_Hamilton_O4,294,Hamilton,4,Corporate/Other Private,2,0.4447896866408976,1,43235,374861676489998
RIP295_Hamilton_O4,295,Hamilton,4,Corporate/Other Private,1,0.2223948433204488,1,43235,374861676489998
RIP296_Baker_O4,296,Baker,4,Corporate/Other Private,1,0.2223948433204488,1,36736,289514938489998
RIP297_Hamilton_O3,297,Hamilton,3,Family Forest,2,0.4447896866408976,1,64167,635664717126144
RIP298_Hamilton_O4,298,Hamilton,4,Corporate/Other Private,4,0.8895793732817951,2,64219,635664906126144
RIP299_Hamilton_O3,299,Hamilton,3,Family Forest,2,0.4447896866408976,1,43234,374861672489998
RIP299_Hamilton_O4,299,Hamilton,4,Corporate/Other Private,4,0.8895793732817951,3,49948,451136155489998
RIP300_Hamilton_O4,300,Hamilton,4,Corporate/Other Private,2,0.4447896866408976,2,36897,289515725489998
RIP301_Baker_O3,301,Baker,3,Family Forest,1,0.2223948433204488,1,36935,289515947489998
RIP302_Hamilton_O3,302,Hamilton,3,Family Forest,65,14.455664815829172,11,64407,638334496126144
RIP302_Hamilton_O4,302,Hamilton,4,Corporate/Other Private,116,25.79780182517206,14,43054,374860913489998
RIP303_Hamilton_O4,303,Hamilton,4,Corporate/Other Private,1,0.2223948433204488,1,36897,289515725489998
RIP304_Baker_O6,304,Baker,6,Federal,6,1.3343690599226927,2,59428,533665395126144
RIP304_Columbia_O6,304,Columbia,6,Federal,3,0.6671845299613464,2,2743,20342987010478
RIP305_Baker_O4,305,Baker,4,Corporate/Other Private,3,0.6671845299613464,3,48596,448940355489998
RIP306_Baker_O6,306,Baker,6,Federal,11,2.446343276524937,3,2743,20342987010478
RIP307_Hamilton_O3,307,Hamilton,3,Family Forest,6,1.3343690599226927,4,64167,635664717126144
RIP308_Hamilton_O3,308,Hamilton,3,Family Forest,1,0.2223948433204488,1,13275,43441517010478
RIP309_Hamilton_O3,309,Hamilton,3,Family Forest,2,0.4447896866408976,2,48588,448940337489998
RIP310_Hamilton_O3,310,Hamilton,3,Family Forest,11,2.446343276524937,8,36771,289515061489998
RIP311_Hamilton_O3,311,Hamilton,3,Family Forest,2,0.4447896866408976,1,59383,533665216126144
RIP312_Hamilton_O3,312,Hamilton,3,Family Forest,3,0.6671845299613464,2,32406,236497515010854
RIP313_Hamilton_O3,313,Hamilton,3,Family Forest,9,2.001553589884039,7,67462,718604233290487
RIP314_Baker_O6,314,Baker,6,Federal,5,1.111974216602244,3,2743,20342987010478
RIP315_Hamilton_O3,315,Hamilton,3,Family Forest,1,0.2223948433204488,1,32406,236497515010854
RIP316_Hamilton_O3,316,Hamilton,3,Family Forest,44,9.785373106099748,14,35220,259083023010854
RIP317_Hamilton_O3,317,Hamilton,3,Family Forest,14,3.113527806486283,8,36818,289515324489998
RIP318_Hamilton_O4,318,Hamilton,4,Corporate/Other Private,2,0.4447896866408976,2,24316,176548896010854
RIP319_Hamilton_O3,319,Hamilton,3,Family Forest,3,0.6671845299613464,2,50147,451136773489998
RIP320_Columbia_O6,320,Columbia,6,Federal,43,9.562978262779298,5,59428,533665395126144
RIP321_Hamilton_O3,321,Hamilton,3,Family Forest,1,0.2223948433204488,1,67230,718562152290487
RIP322_Baker_O3,322,Baker,3,Family Forest,17,3.780712336447629,5,36935,289515947489998
RIP323_Hamilton_O4,323,Hamilton,4,Corporate/Other Private,2,0.4447896866408976,1,50147,451136773489998
RIP324_Hamilton_O3,324,Hamilton,3,Family Forest,4,0.8895793732817951,3,68819,740826397290487
RIP325_Hamilton_O4,325,Hamilton,4,Corporate/Other Private,2,0.4447896866408976,1,50147,451136773489998
RIP326_Hamilton_O4,326,Hamilton,4,Corporate/Other Private,13,2.891132963165834,4,64406,638334495126144
RIP327_Hamilton_O4,327,Hamilton,4,Corporate/Other Private,4,0.8895793732817951,1,50179,451136876489998
RIP328_Baker_O6,328,Baker,6,Federal,5,1.111974216602244,4,48445,448939642489998
RIP329_Hamilton_O4,329,Hamilton,4,Corporate/Other Private,1,0.2223948433204488,1,50147,451136773489998
RIP330_Hamilton_O4,330,Hamilton,4,Corporate/Other Private,2,0.4447896866408976,1,21259,140564077010478
RIP331_Hamilton_O3,331,Hamilton,3,Family Forest,1,0.2223948433204488,1,59294,533664907126144
RIP332_Hamilton_O3,332,Hamilton,3,Family Forest,3,0.6671845299613464,3,36818,289515324489998
RIP333_Hamilton_O4,333,Hamilton,4,Corporate/Other Private,5,1.111974216602244,2,21259,140564077010478
RIP334_Hamilton_O4,334,Hamilton,4,Corporate/Other Private,4,0.8895793732817951,3,21259,140564077010478
RIP335_Hamilton_O4,335,Hamilton,4,Corporate/Other Private,2,0.4447896866408976,2,2731,20322920010478
RIP336_Hamilton_O4,336,Hamilton,4,Corporate/Other Private,1,0.2223948433204488,1,13435,43855081020004
RIP337_Columbia_O6,337,Columbia,6,Federal,1,0.2223948433204488,1,36929,289515934489998
RIP338_Hamilton_O3,338,Hamilton,3,Family Forest,1,0.2223948433204488,1,50147,451136773489998
RIP338_Hamilton_O4,338,Hamilton,4,Corporate/Other Private,2,0.4447896866408976,2,43234,374861672489998
RIP339_Hamilton_O4,339,Hamilton,4,Corporate/Other Private,2,0.4447896866408976,2,43234,374861672489998
RIP340_Hamilton_O3,340,Hamilton,3,Family Forest,107,23.79624823528802,21,35220,259083023010854
RIP341_Hamilton_O4,341,Hamilton,4,Corporate/Other Private,1,0.2223948433204488,1,13435,43855081020004
RIP342_Hamilton_O4,342,Hamilton,4,Corporate/Other Private,6,1.3343690599226927,2,13435,43855081020004
RIP343_Hamilton_O4,343,Hamilton,4,Corporate/Other Private,4,0.8895793732817951,2,43235,374861676489998
RIP344_Hamilton_O3,344,Hamilton,3,Family Forest,1,0.2223948433204488,1,67057,718561522290487
RIP344_Hamilton_O4,344,Hamilton,4,Corporate/Other Private,6,1.3343690599226927,4,36771,289515061489998
RIP345_Hamilton_O3,345,Hamilton,3,Family Forest,8,1.7791587465635903,6,43235,374861676489998
RIP346_Hamilton_O4,346,Hamilton,4,Corporate/Other Private,2,0.4447896866408976,2,13435,43855081020004
RIP347_Hamilton_O3,347,Hamilton,3,Family Forest,81,18.01398230895635,15,35220,259083023010854
RIP348_Baker_O6,348,Baker,6,Federal,2,0.4447896866408976,2,36929,289515934489998
RIP349_Baker_O3,349,Baker,3,Family Forest,2,0.4447896866408976,1,2743,20342987010478
RIP350_Baker_O6,350,Baker,6,Federal,4,0.8895793732817951,2,50183,451136888489998
RIP351_Hamilton_O3,351,Hamilton,3,Family Forest,1,0.2223948433204488,1,36897,289515725489998
RIP352_Hamilton_O3,352,Hamilton,3,Family Forest,3,0.6671845299613464,3,43234,374861672489998
RIP353_Baker_O6,353,Baker,6,Federal,1,0.2223948433204488,1,59428,533665395126144
RIP354_Baker_O6,354,Baker,6,Federal,2,0.4447896866408976,2,2743,20342987010478
RIP355_Hamilton_O3,355,Hamilton,3,Family Forest,1,0.2223948433204488,1,50147,451136773489998
RIP355_Hamilton_O4,355,Hamilton,4,Corporate/Other Private,3,0.6671845299613464,2,68819,740826397290487
RIP356_Hamilton_O4,356,Hamilton,4,Corporate/Other Private,1,0.2223948433204488,1,36771,289515061489998
RIP357_Hamilton_O3,357,Hamilton,3,Family Forest,5,1.111974216602244,3,64403,638334483126144
RIP358_Hamilton_O3,358,Hamilton,3,Family Forest,16,3.5583174931271806,9,36897,289515725489998
RIP359_Hamilton_O4,359,Hamilton,4,Corporate/Other Private,9,2.001553589884039,7,48658,448940864489998
RIP360_Hamilton_O3,360,Hamilton,3,Family Forest,5,1.111974216602244,4,59383,533665216126144
RIP361_Hamilton_O3,361,Hamilton,3,Family Forest,1,0.2223948433204488,1,67238,718562171290487
RIP362_Hamilton_O4,362,Hamilton,4,Corporate/Other Private,8,1.7791587465635903,5,35220,259083023010854
RIP363_Hamilton_O3,363,Hamilton,3,Family Forest,11,2.446343276524937,6,43235,374861676489998
RIP364_Hamilton_O3,364,Hamilton,3,Family Forest,1,0.2223948433204488,1,24316,176548896010854
RIP364_Hamilton_O4,364,Hamilton,4,Corporate/Other Private,3,0.6671845299613464,2,36897,289515725489998
RIP365_Baker_O6,365,Baker,6,Federal,3,0.6671845299613464,2,2743,20342987010478
RIP366_Hamilton_O4,366,Hamilton,4,Corporate/Other Private,1,0.2223948433204488,1,59294,533664907126144
RIP367_Hamilton_O3,367,Hamilton,3,Family Forest,1,0.2223948433204488,1,50147,451136773489998
RIP368_Hamilton_O3,368,Hamilton,3,Family Forest,1,0.2223948433204488,1,64403,638334483126144
RIP369_Hamilton_O4,369,Hamilton,4,Corporate/Other Private,59,13.121295755906479,11,36897,289515725489998
RIP370_Hamilton_O3,370,Hamilton,3,Family Forest,8,1.7791587465635903,6,67230,718562152290487
RIP371_Hamilton_O3,371,Hamilton,3,Family Forest,7,1.5567639032431415,5,43234,374861672489998
RIP372_Hamilton_O4,372,Hamilton,4,Corporate/Other Private,1,0.2223948433204488,1,48570,448940205489998
RIP373_Hamilton_O3,373,Hamilton,3,Family Forest,3,0.6671845299613464,2,64403,638334483126144
RIP374_Hamilton_O4,374,Hamilton,4,Corporate/Other Private,3,0.6671845299613464,3,31037,218218426020004
RIP375_Hamilton_O3,375,Hamilton,3,Family Forest,2,0.4447896866408976,2,24316,176548896010854
RIP376_Hamilton_O3,376,Hamilton,3,Family Forest,1,0.2223948433204488,1,43234,374861672489998
RIP377_Hamilton_O3,377,Hamilton,3,Family Forest,1,0.2223948433204488,1,50212,451136999489998
RIP378_Hamilton_O3,378,Hamilton,3,Family Forest,1,0.2223948433204488,1,48588,448940337489998
RIP379_Hamilton_O4,379,Hamilton,4,Corporate/Other Private,4,0.8895793732817951,2,36897,289515725489998
RIP380_Hamilton_O4,380,Hamilton,4,Corporate/Other Private,3,0.6671845299613464,2,2699,20266493010478
RIP381_Hamilton_O3,381,Hamilton,3,Family Forest,33,7.33902982957481,10,64407,638334496126144
RIP382_Hamilton_O4,382,Hamilton,4,Corporate/Other Private,4,0.8895793732817951,2,43235,374861676489998
RIP383_Hamilton_O3,383,Hamilton,3,Family Forest,37,8.228609202856605,6,59383,533665216126144
RIP384_Hamilton_O3,384,Hamilton,3,Family Forest,6,1.3343690599226927,6,36897,289515725489998
RIP385_Hamilton_O3,385,Hamilton,3,Family Forest,2,0.4447896866408976,2,48588,448940337489998
RIP386_Hamilton_O3,386,Hamilton,3,Family Forest,8,1.7791587465635903,6,35220,259083023010854
RIP387_Hamilton_O4,387,Hamilton,4,Corporate/Other Private,1,0.2223948433204488,1,48588,448940337489998
RIP388_Hamilton_O4,388,Hamilton,4,Corporate/Other Private,1,0.2223948433204488,1,67238,718562171290487
RIP389_Hamilton_O3,389,Hamilton,3,Family Forest,3,0.6671845299613464,3,35220,259083023010854
RIP390_Hamilton_O4,390,Hamilton,4,Corporate/Other Private,1,0.2223948433204488,1,59294,533664907126144
RIP391_Hamilton_O4,391,Hamilton,4,Corporate/Other Private,4,0.8895793732817951,2,35220,259083023010854
RIP392_Hamilton_O3,392,Hamilton,3,Family Forest,17,3.780712336447629,7,50146,451136772489998
RIP393_Baker_O6,393,Baker,6,Federal,5,1.111974216602244,3,36929,289515934489998
RIP394_Hamilton_O4,394,Hamilton,4,Corporate/Other Private,2,0.4447896866408976,1,59294,533664907126144
RIP395_Hamilton_O4,395,Hamilton,4,Corporate/Other Private,7,1.5567639032431415,6,32408,236497707010854
RIP396_Hamilton_O3,396,Hamilton,3,Family Forest,2,0.4447896866408976,1,67275,718562342290487
RIP397_Hamilton_O3,397,Hamilton,3,Family Forest,46,10.230162792740645,7,64219,635664906126144
RIP397_Hamilton_O4,397,Hamilton,4,Corporate/Other Private,149,33.13683165474687,11,35220,259083023010854
RIP398_Hamilton_O4,398,Hamilton,4,Corporate/Other Private,3,0.6671845299613464,3,31037,218218426020004
RIP399_Hamilton_O4,399,Hamilton,4,Corporate/Other Private,2,0.4447896866408976,2,43235,374861676489998
RIP400_Hamilton_O3,400,Hamilton,3,Family Forest,11,2.446343276524937,4,50179,451136876489998
RIP401_Hamilton_O4,401,Hamilton,4,Corporate/Other Private,4,0.8895793732817951,2,67057,718561522290487
RIP402_Hamilton_O3,402,Hamilton,3,Family Forest,3,0.6671845299613464,1,48588,448940337489998
RIP403_Hamilton_O3,403,Hamilton,3,Family Forest,10,2.223948433204488,6,43054,374860913489998
RIP404_Hamilton_O3,404,Hamilton,3,Family Forest,4,0.8895793732817951,3,64407,638334496126144
RIP405_Hamilton_O3,405,Hamilton,3,Family Forest,2,0.4447896866408976,2,35220,259083023010854
RIP406_Hamilton_O4,406,Hamilton,4,Corporate/Other Private,7,1.5567639032431415,4,67057,718561522290487
RIP407_Hamilton_O3,407,Hamilton,3,Family Forest,3,0.6671845299613464,2,43235,374861676489998
RIP408_Hamilton_O3,408,Hamilton,3,Family Forest,1,0.2223948433204488,1,64407,638334496126144
RIP409_Baker_O6,409,Baker,6,Federal,4,0.8895793732817951,2,59428,533665395126144
RIP410_Hamilton_O4,410,Hamilton,4,Corporate/Other Private,9,2.001553589884039,5,43235,374861676489998
RIP411_Hamilton_O4,411,Hamilton,4,Corporate/Other Private,3,0.6671845299613464,2,48588,448940337489998
RIP412_Hamilton_O3,412,Hamilton,3,Family Forest,4,0.8895793732817951,3,43235,374861676489998
RIP413_Hamilton_O3,413,Hamilton,3,Family Forest,23,5.115081396370322,12,35220,259083023010854
RIP414_Hamilton_O4,414,Hamilton,4,Corporate/Other Private,4,0.8895793732817951,2,64173,635664733126144
RIP415_Hamilton_O3,415,Hamilton,3,Family Forest,3,0.6671845299613464,2,43187,374861459489998
RIP416_Hamilton_O4,416,Hamilton,4,Corporate/Other Private,7,1.5567639032431415,4,35220,259083023010854
RIP417_Hamilton_O3,417,Hamilton,3,Family Forest,1,0.2223948433204488,1,36897,289515725489998
RIP418_Hamilton_O4,418,Hamilton,4,Corporate/Other Private,2,0.4447896866408976,2,43054,374860913489998
RIP419_Hamilton_O4,419,Hamilton,4,Corporate/Other Private,4,0.8895793732817951,2,36897,289515725489998
RIP420_Hamilton_O4,420,Hamilton,4,Corporate/Other Private,3,0.6671845299613464,3,24316,176548896010854
RIP421_Hamilton_O4,421,Hamilton,4,Corporate/Other Private,2,0.4447896866408976,2,32408,236497707010854
RIP422_Hamilton_O3,422,Hamilton,3,Family Forest,4,0.8895793732817951,2,43234,374861672489998
RIP423_Hamilton_O3,423,Hamilton,3,Family Forest,2,0.4447896866408976,2,36897,289515725489998
RIP424_Hamilton_O4,424,Hamilton,4,Corporate/Other Private,12,2.6687381198453854,7,48658,448940864489998
RIP425_Hamilton_O3,425,Hamilton,3,Family Forest,3,0.6671845299613464,2,43234,374861672489998
RIP426_Hamilton_O3,426,Hamilton,3,Family Forest,2,0.4447896866408976,2,43234,374861672489998
RIP427_Hamilton_O3,427,Hamilton,3,Family Forest,2,0.4447896866408976,1,32408,236497707010854
RIP428_Hamilton_O3,428,Hamilton,3,Family Forest,3,0.6671845299613464,3,24515,176860754010854
RIP429_Baker_O3,429,Baker,3,Family Forest,13,2.891132963165834,3,43181,374861410489998
RIP430_Baker_O4,430,Baker,4,Corporate/Other Private,51,11.342137009342888,14,67372,718603850290487
RIP431_Hamilton_O3,431,Hamilton,3,Family Forest,1,0.2223948433204488,1,35220,259083023010854
RIP431_Hamilton_O4,431,Hamilton,4,Corporate/Other Private,3,0.6671845299613464,3,35220,259083023010854
RIP432_Hamilton_O3,432,Hamilton,3,Family Forest,15,3.335922649806732,6,32408,236497707010854
RIP433_Hamilton_O4,433,Hamilton,4,Corporate/Other Private,9,2.001553589884039,6,36897,289515725489998
RIP434_Hamilton_O4,434,Hamilton,4,Corporate/Other Private,7,1.5567639032431415,3,67057,718561522290487
RIP435_Hamilton_O4,435,Hamilton,4,Corporate/Other Private,4,0.8895793732817951,4,48658,448940864489998
RIP436_Hamilton_O3,436,Hamilton,3,Family Forest,5,1.111974216602244,1,67057,718561522290487
RIP437_Hamilton_O3,437,Hamilton,3,Family Forest,2,0.4447896866408976,2,48589,448940340489998
RIP438_Hamilton_O3,438,Hamilton,3,Family Forest,3,0.6671845299613464,2,64407,638334496126144
RIP438_Hamilton_O4,438,Hamilton,4,Corporate/Other Private,3,0.6671845299613464,3,48658,448940864489998
RIP439_Baker_O3,439,Baker,3,Family Forest,25,5.5598710830112195,10,16547,61264238010478
RIP439_Baker_O4,439,Baker,4,Corporate/Other Private,18,4.003107179768078,9,67461,718604231290487
RIP440_Hamilton_O4,440,Hamilton,4,Corporate/Other Private,2,0.4447896866408976,2,48658,448940864489998
RIP441_Hamilton_O3,441,Hamilton,3,Family Forest,2,0.4447896866408976,1,64173,635664733126144
RIP442_Hamilton_O3,442,Hamilton,3,Family Forest,7,1.5567639032431415,4,64173,635664733126144
RIP443_Hamilton_O3,443,Hamilton,3,Family Forest,17,3.780712336447629,6,24316,176548896010854
RIP444_Hamilton_O4,444,Hamilton,4,Corporate/Other Private,3,0.6671845299613464,2,36897,289515725489998
RIP445_Hamilton_O4,445,Hamilton,4,Corporate/Other Private,2,0.4447896866408976,1,35220,259083023010854
RIP446_Hamilton_O4,446,Hamilton,4,Corporate/Other Private,3,0.6671845299613464,2,48595,448940352489998
RIP447_Hamilton_O4,447,Hamilton,4,Corporate/Other Private,6,1.3343690599226927,5,36897,289515725489998
RIP448_Hamilton_O4,448,Hamilton,4,Corporate/Other Private,1,0.2223948433204488,1,35220,259083023010854
RIP449_Hamilton_O4,449,Hamilton,4,Corporate/Other Private,7,1.5567639032431415,3,43187,374861459489998
RIP450_Hamilton_O3,450,Hamilton,3,Family Forest,1,0.2223948433204488,1,43046,374860898489998
RIP451_Hamilton_O3,451,Hamilton,3,Family Forest,17,3.780712336447629,4,64407,638334496126144
RIP452_Hamilton_O4,452,Hamilton,4,Corporate/Other Private,18,4.003107179768078,5,35220,259083023010854
RIP453_Hamilton_O4,453,Hamilton,4,Corporate/Other Private,1,0.2223948433204488,1,48571,448940206489998
RIP454_Hamilton_O4,454,Hamilton,4,Corporate/Other Private,2,0.4447896866408976,1,48571,448940206489998
RIP455_Hamilton_O4,455,Hamilton,4,Corporate/Other Private,3,0.6671845299613464,2,59383,533665216126144
RIP456_Hamilton_O4,456,Hamilton,4,Corporate/Other Private,4,0.8895793732817951,1,35220,259083023010854
RIP457_Hamilton_O4,457,Hamilton,4,Corporate/Other Private,4,0.8895793732817951,2,48658,448940864489998
RIP458_Hamilton_O4,458,Hamilton,4,Corporate/Other Private,2,0.4447896866408976,1,36897,289515725489998
RIP459_Hamilton_O3,459,Hamilton,3,Family Forest,3,0.6671845299613464,2,64173,635664733126144
RIP460_Hamilton_O3,460,Hamilton,3,Family Forest,12,2.6687381198453854,4,36897,289515725489998
RIP461_Hamilton_O4,461,Hamilton,4,Corporate/Other Private,3,0.6671845299613464,2,36897,289515725489998
RIP462_Hamilton_O4,462,Hamilton,4,Corporate/Other Private,1,0.2223948433204488,1,50147,451136773489998
RIP463_Hamilton_O3,463,Hamilton,3,Family Forest,2,0.4447896866408976,2,64405,638334488126144
RIP464_Hamilton_O3,464,Hamilton,3,Family Forest,7,1.5567639032431415,4,67057,718561522290487
RIP465_Hamilton_O4,465,Hamilton,4,Corporate/Other Private,4,0.8895793732817951,2,48658,448940864489998
RIP466_Hamilton_O3,466,Hamilton,3,Family Forest,30,6.671845299613464,5,35220,259083023010854
RIP466_Hamilton_O4,466,Hamilton,4,Corporate/Other Private,1,0.2223948433204488,1,36897,289515725489998
RIP467_Hamilton_O3,467,Hamilton,3,Family Forest,10,2.223948433204488,4,48592,448940348489998
RIP467_Hamilton_O4,467,Hamilton,4,Corporate/Other Private,24,5.337476239690771,9,49948,451136155489998
RIP468_Hamilton_O3,468,Hamilton,3,Family Forest,4,0.8895793732817951,3,67237,718562170290487
RIP469_Hamilton_O3,469,Hamilton,3,Family Forest,3,0.6671845299613464,3,43187,374861459489998
RIP470_Hamilton_O4,470,Hamilton,4,Corporate/Other Private,2,0.4447896866408976,2,50147,451136773489998
RIP471_Hamilton_O3,471,Hamilton,3,Family Forest,2,0.4447896866408976,1,35220,259083023010854
RIP472_Baker_O6,472,Baker,6,Federal,4,0.8895793732817951,4,2743,20342987010478
RIP473_Hamilton_O3,473,Hamilton,3,Family Forest,10,2.223948433204488,6,50179,451136876489998
RIP474_Hamilton_O4,474,Hamilton,4,Corporate/Other Private,8,1.7791587465635903,4,24316,176548896010854
RIP475_Baker_O6,475,Baker,6,Federal,1,0.2223948433204488,1,59428,533665395126144
RIP476_Hamilton_O3,476,Hamilton,3,Family Forest,1,0.2223948433204488,1,36897,289515725489998
RIP476_Hamilton_O4,476,Hamilton,4,Corporate/Other Private,4,0.8895793732817951,3,48588,448940337489998
RIP477_Hamilton_O3,477,Hamilton,3,Family Forest,1,0.2223948433204488,1,64173,635664733126144
RIP478_Baker_O6,478,Baker,6,Federal,1,0.2223948433204488,1,2743,20342987010478
RIP479_Hamilton_O3,479,Hamilton,3,Family Forest,7,1.5567639032431415,3,35220,259083023010854
RIP480_Hamilton_O3,480,Hamilton,3,Family Forest,7,1.5567639032431415,2,50147,451136773489998
RIP481_Hamilton_O4,481,Hamilton,4,Corporate/Other Private,4,0.8895793732817951,4,24316,176548896010854
RIP482_Hamilton_O3,482,Hamilton,3,Family Forest,3,0.6671845299613464,2,64219,635664906126144
RIP483_Hamilton_O3,483,Hamilton,3,Family Forest,1,0.2223948433204488,1,64219,635664906126144
RIP484_Hamilton_O3,484,Hamilton,3,Family Forest,2,0.4447896866408976,2,43235,374861676489998
RIP485_Hamilton_O3,485,Hamilton,3,Family Forest,15,3.335922649806732,4,35220,259083023010854
RIP486_Hamilton_O3,486,Hamilton,3,Family Forest,1,0.2223948433204488,1,64173,635664733126144
RIP487_Hamilton_O3,487,Hamilton,3,Family Forest,6,1.3343690599226927,3,64219,635664906126144
RIP488_Hamilton_O4,488,Hamilton,4,Corporate/Other Private,1,0.2223948433204488,1,48588,448940337489998
RIP489_Hamilton_O3,489,Hamilton,3,Family Forest,5,1.111974216602244,5,43235,374861676489998
RIP490_Hamilton_O3,490,Hamilton,3,Family Forest,1,0.2223948433204488,1,64173,635664733126144
RIP491_Hamilton_O3,491,Hamilton,3,Family Forest,12,2.6687381198453854,7,50147,451136773489998
RIP492_Hamilton_O3,492,Hamilton,3,Family Forest,1,0.2223948433204488,1,59383,533665216126144
RIP492_Hamilton_O4,492,Hamilton,4,Corporate/Other Private,1,0.2223948433204488,1,67462,718604233290487
RIP493_Hamilton_O3,493,Hamilton,3,Family Forest,3,0.6671845299613464,2,48588,448940337489998
RIP494_Hamilton_O4,494,Hamilton,4,Corporate/Other Private,7,1.5567639032431415,3,35220,259083023010854
RIP495_Hamilton_O4,495,Hamilton,4,Corporate/Other Private,1,0.2223948433204488,1,48588,448940337489998
RIP496_Hamilton_O3,496,Hamilton,3,Family Forest,4,0.8895793732817951,3,64407,638334496126144
RIP497_Hamilton_O3,497,Hamilton,3,Family Forest,7,1.5567639032431415,5,36897,289515725489998
RIP498_Hamilton_O3,498,Hamilton,3,Family Forest,2,0.4447896866408976,2,36897,289515725489998
RIP499_Baker_O3,499,Baker,3,Family Forest,1,0.2223948433204488,1,36897,289515725489998
RIP500_Hamilton_O4,500,Hamilton,4,Corporate/Other Private,1,0.2223948433204488,1,35220,259083023010854
RIP501_Hamilton_O3,501,Hamilton,3,Family Forest,15,3.335922649806732,9,35220,259083023010854
RIP502_Hamilton_O4,502,Hamilton,4,Corporate/Other Private,36,8.006214359536155,7,35220,259083023010854
RIP503_Baker_O6,503,Baker,6,Federal,1,0.2223948433204488,1,48445,448939642489998
RIP504_Baker_O3,504,Baker,3,Family Forest,1,0.2223948433204488,1,36962,289516223489998
RIP505_Hamilton_O3,505,Hamilton,3,Family Forest,2,0.4447896866408976,2,43234,374861672489998
RIP506_Hamilton_O4,506,Hamilton,4,Corporate/Other Private,3,0.6671845299613464,3,50147,451136773489998
RIP507_Hamilton_O3,507,Hamilton,3,Family Forest,1,0.2223948433204488,1,36897,289515725489998
RIP507_Hamilton_O4,507,Hamilton,4,Corporate/Other Private,4,0.8895793732817951,2,36897,289515725489998
RIP508_Hamilton_O3,508,Hamilton,3,Family Forest,2,0.4447896866408976,1,67462,718604233290487
RIP509_Hamilton_O3,509,Hamilton,3,Family Forest,6,1.3343690599226927,4,36897,289515725489998
RIP510_Baker_O3,510,Baker,3,Family Forest,1,0.2223948433204488,1,36962,289516223489998
RIP511_Hamilton_O3,511,Hamilton,3,Family Forest,2,0.4447896866408976,2,31037,218218426020004
RIP512_Hamilton_O3,512,Hamilton,3,Family Forest,15,3.335922649806732,6,35220,259083023010854
RIP513_Baker_O6,513,Baker,6,Federal,1,0.2223948433204488,1,59428,533665395126144
RIP514_Hamilton_O4,514,Hamilton,4,Corporate/Other Private,2,0.4447896866408976,2,24316,176548896010854
RIP515_Hamilton_O3,515,Hamilton,3,Family Forest,21,4.670291709729424,7,50147,451136773489998
RIP516_Hamilton_O3,516,Hamilton,3,Family Forest,1,0.2223948433204488,1,36897,289515725489998
RIP517_Columbia_O3,517,Columbia,3,Family Forest,1,0.2223948433204488,1,64406,638334495126144
RIP518_Hamilton_O3,518,Hamilton,3,Family Forest,5,1.111974216602244,2,50179,451136876489998
RIP519_Hamilton_O3,519,Hamilton,3,Family Forest,1,0.2223948433204488,1,64403,638334483126144
RIP520_Baker_O6,520,Baker,6,Federal,2,0.4447896866408976,2,23749,173002845010854
RIP521_Hamilton_O3,521,Hamilton,3,Family Forest,6,1.3343690599226927,6,13435,43855081020004
RIP522_Baker_O6,522,Baker,6,Federal,1,0.2223948433204488,1,2743,20342987010478
RIP523_Baker_O6,523,Baker,6,Federal,1,0.2223948433204488,1,2743,20342987010478
RIP524_Hamilton_O3,524,Hamilton,3,Family Forest,3,0.6671845299613464,1,43046,374860898489998
RIP525_Hamilton_O4,525,Hamilton,4,Corporate/Other Private,2,0.4447896866408976,2,2699,20266493010478
RIP526_Baker_O6,526,Baker,6,Federal,5,1.111974216602244,3,2743,20342987010478
RIP527_Hamilton_O4,527,Hamilton,4,Corporate/Other Private,2,0.4447896866408976,1,36897,289515725489998
RIP528_Columbia_O3,528,Columbia,3,Family Forest,4,0.8895793732817951,1,48589,448940340489998
RIP529_Hamilton_O3,529,Hamilton,3,Family Forest,4,0.8895793732817951,3,35220,259083023010854
RIP529_Hamilton_O4,529,Hamilton,4,Corporate/Other Private,7,1.5567639032431415,5,36897,289515725489998
RIP530_Hamilton_O3,530,Hamilton,3,Family Forest,1,0.2223948433204488,1,48588,448940337489998
RIP531_Baker_O3,531,Baker,3,Family Forest,5,1.111974216602244,2,59428,533665395126144
RIP531_Baker_O6,531,Baker,6,Federal,1,0.2223948433204488,1,2743,20342987010478
RIP532_Hamilton_O3,532,Hamilton,3,Family Forest,4,0.8895793732817951,3,36897,289515725489998
RIP533_Hamilton_O3,533,Hamilton,3,Family Forest,2,0.4447896866408976,1,36897,289515725489998
RIP534_Hamilton_O3,534,Hamilton,3,Family Forest,2,0.4447896866408976,2,24316,176548896010854
RIP535_Columbia_O3,535,Columbia,3,Family Forest,2,0.4447896866408976,2,50179,451136876489998
RIP536_Hamilton_O3,536,Hamilton,3,Family Forest,15,3.335922649806732,7,67462,718604233290487
RIP537_Hamilton_O3,537,Hamilton,3,Family Forest,9,2.001553589884039,4,35220,259083023010854
RIP538_Columbia_O3,538,Columbia,3,Family Forest,1,0.2223948433204488,1,48589,448940340489998
RIP539_Hamilton_O3,539,Hamilton,3,Family Forest,2,0.4447896866408976,2,48592,448940348489998
RIP540_Hamilton_O3,540,Hamilton,3,Family Forest,39,8.673398889497502,12,67057,718561522290487
RIP540_Hamilton_O4,540,Hamilton,4,Corporate/Other Private,6,1.3343690599226927,4,67238,718562171290487
RIP541_Hamilton_O3,541,Hamilton,3,Family Forest,4,0.8895793732817951,2,31037,218218426020004
RIP542_Columbia_O3,542,Columbia,3,Family Forest,1,0.2223948433204488,1,64406,638334495126144
RIP543_Hamilton_O3,543,Hamilton,3,Family Forest,5,1.111974216602244,4,36897,289515725489998
RIP544_Hamilton_O3,544,Hamilton,3,Family Forest,12,2.6687381198453854,6,43046,374860898489998
RIP545_Hamilton_O4,545,Hamilton,4,Corporate/Other Private,1,0.2223948433204488,1,36897,289515725489998
RIP546_Columbia_O3,546,Columbia,3,Family Forest,7,1.5567639032431415,4,48589,448940340489998
RIP547_Baker_O4,547,Baker,4,Corporate/Other Private,1,0.2223948433204488,1,64383,638334339126144
RIP548_Baker_O4,548,Baker,4,Corporate/Other Private,2,0.4447896866408976,2,64219,635664906126144
RIP549_Baker_O6,549,Baker,6,Federal,2,0.4447896866408976,1,59428,533665395126144
RIP550_Hamilton_O3,550,Hamilton,3,Family Forest,1,0.2223948433204488,1,48658,448940864489998
RIP550_Hamilton_O4,550,Hamilton,4,Corporate/Other Private,1,0.2223948433204488,1,48658,448940864489998
RIP551_Hamilton_O3,551,Hamilton,3,Family Forest,37,8.228609202856605,5,35220,259083023010854
RIP552_Baker_O4,552,Baker,4,Corporate/Other Private,4,0.8895793732817951,2,64219,635664906126144
RIP553_Hamilton_O3,553,Hamilton,3,Family Forest,13,2.891132963165834,8,36897,289515725489998
RIP554_Hamilton_O3,554,Hamilton,3,Family Forest,1,0.2223948433204488,1,43046,374860898489998
RIP555_Hamilton_O4,555,Hamilton,4,Corporate/Other Private,3,0.6671845299613464,3,43235,374861676489998
RIP556_Hamilton_O3,556,Hamilton,3,Family Forest,2,0.4447896866408976,2,13435,43855081020004
RIP557_Hamilton_O3,557,Hamilton,3,Family Forest,2,0.4447896866408976,1,24316,176548896010854
RIP558_Hamilton_O3,558,Hamilton,3,Family Forest,7,1.5567639032431415,6,35220,259083023010854
RIP559_Hamilton_O3,559,Hamilton,3,Family Forest,1,0.2223948433204488,1,67462,718604233290487
RIP560_Hamilton_O3,560,Hamilton,3,Family Forest,2,0.4447896866408976,1,48658,448940864489998
RIP561_Hamilton_O3,561,Hamilton,3,Family Forest,2,0.4447896866408976,2,13435,43855081020004
RIP562_Baker_O4,562,Baker,4,Corporate/Other Private,2,0.4447896866408976,2,64219,635664906126144
RIP563_Hamilton_O3,563,Hamilton,3,Family Forest,3,0.6671845299613464,1,43046,374860898489998
RIP564_Hamilton_O4,564,Hamilton,4,Corporate/Other Private,1,0.2223948433204488,1,43235,374861676489998
RIP565_Hamilton_O3,565,Hamilton,3,Family Forest,7,1.5567639032431415,6,36897,289515725489998
RIP566_Hamilton_O4,566,Hamilton,4,Corporate/Other Private,10,2.223948433204488,6,43235,374861676489998
RIP567_Hamilton_O3,567,Hamilton,3,Family Forest,2,0.4447896866408976,2,43054,374860913489998
RIP568_Baker_O3,568,Baker,3,Family Forest,4,0.8895793732817951,3,48632,448940577489998
RIP569_Hamilton_O4,569,Hamilton,4,Corporate/Other Private,1,0.2223948433204488,1,67462,718604233290487
RIP570_Baker_O3,570,Baker,3,Family Forest,6,1.3343690599226927,2,64219,635664906126144
RIP571_Hamilton_O3,571,Hamilton,3,Family Forest,1,0.2223948433204488,1,64448,638334723126144
RIP572_Hamilton_O3,572,Hamilton,3,Family Forest,4,0.8895793732817951,2,43046,374860898489998
RIP573_Baker_O4,573,Baker,4,Corporate/Other Private,4,0.8895793732817951,3,64406,638334495126144
RIP574_Hamilton_O3,574,Hamilton,3,Family Forest,3,0.6671845299613464,2,36897,289515725489998
RIP574_Hamilton_O4,574,Hamilton,4,Corporate/Other Private,3,0.6671845299613464,3,35220,259083023010854
RIP575_Hamilton_O3,575,Hamilton,3,Family Forest,2,0.4447896866408976,1,48588,448940337489998
RIP576_Hamilton_O3,576,Hamilton,3,Family Forest,1,0.2223948433204488,1,35220,259083023010854
RIP577_Hamilton_O3,577,Hamilton,3,Family Forest,5,1.111974216602244,2,36897,289515725489998
RIP578_Hamilton_O4,578,Hamilton,4,Corporate/Other Private,1,0.2223948433204488,1,64406,638334495126144
RIP579_Baker_O3,579,Baker,3,Family Forest,6,1.3343690599226927,5,43193,374861498489998
RIP580_Hamilton_O3,580,Hamilton,3,Family Forest,2,0.4447896866408976,2,50146,451136772489998
RIP581_Hamilton_O3,581,Hamilton,3,Family Forest,5,1.111974216602244,4,67541,718604892290487
RIP582_Hamilton_O3,582,Hamilton,3,Family Forest,4,0.8895793732817951,4,35220,259083023010854
RIP583_Hamilton_O3,583,Hamilton,3,Family Forest,2,0.4447896866408976,1,36897,289515725489998
RIP584_Hamilton_O4,584,Hamilton,4,Corporate/Other Private,1,0.2223948433204488,1,59294,533664907126144
RIP585_Hamilton_O4,585,Hamilton,4,Corporate/Other Private,4,0.8895793732817951,3,50155,451136792489998
RIP586_Hamilton_O3,586,Hamilton,3,Family Forest,1,0.2223948433204488,1,43046,374860898489998
RIP587_Hamilton_O3,587,Hamilton,3,Family Forest,1,0.2223948433204488,1,67455,718604221290487
RIP588_Baker_O6,588,Baker,6,Federal,3,0.6671845299613464,2,59428,533665395126144
RIP589_Baker_O3,589,Baker,3,Family Forest,13,2.891132963165834,4,43326,374862340489998
RIP589_Baker_O4,589,Baker,4,Corporate/Other Private,36,8.006214359536155,8,64219,635664906126144
RIP590_Hamilton_O3,590,Hamilton,3,Family Forest,1,0.2223948433204488,1,67541,718604892290487
RIP591_Hamilton_O3,591,Hamilton,3,Family Forest,4,0.8895793732817951,2,48658,448940864489998
RIP592_Hamilton_O3,592,Hamilton,3,Family Forest,3,0.6671845299613464,2,43046,374860898489998
RIP593_Hamilton_O3,593,Hamilton,3,Family Forest,4,0.8895793732817951,1,59294,533664907126144
RIP594_Baker_O4,594,Baker,4,Corporate/Other Private,6,1.3343690599226927,2,67372,718603850290487
RIP595_Hamilton_O3,595,Hamilton,3,Family Forest,5,1.111974216602244,2,59294,533664907126144
RIP596_Hamilton_O3,596,Hamilton,3,Family Forest,16,3.5583174931271806,6,48588,448940337489998
RIP597_Hamilton_O3,597,Hamilton,3,Family Forest,2,0.4447896866408976,2,24515,176860754010854
RIP598_Baker_O6,598,Baker,6,Federal,2,0.4447896866408976,1,59428,533665395126144
RIP599_Hamilton_O3,599,Hamilton,3,Family Forest,4,0.8895793732817951,3,36897,289515725489998
RIP599_Hamilton_O4,599,Hamilton,4,Corporate/Other Private,10,2.223948433204488,5,36897,289515725489998
RIP600_Hamilton_O4,600,Hamilton,4,Corporate/Other Private,1,0.2223948433204488,1,67455,718604221290487
RIP601_Hamilton_O4,601,Hamilton,4,Corporate/Other Private,1,0.2223948433204488,1,24515,176860754010854
RIP602_Hamilton_O3,602,Hamilton,3,Family Forest,1,0.2223948433204488,1,36771,289515061489998
RIP603_Hamilton_O3,603,Hamilton,3,Family Forest,1,0.2223948433204488,1,36771,289515061489998
RIP603_Hamilton_O4,603,Hamilton,4,Corporate/Other Private,3,0.6671845299613464,3,36771,289515061489998
RIP604_Hamilton_O4,604,Hamilton,4,Corporate/Other Private,3,0.6671845299613464,2,43234,374861672489998
RIP605_Columbia_O3,605,Columbia,3,Family Forest,3,0.6671845299613464,3,13435,43855081020004
RIP606_Baker_O3,606,Baker,3,Family Forest,3,0.6671845299613464,2,67461,718604231290487
RIP607_Hamilton_O3,607,Hamilton,3,Family Forest,1,0.2223948433204488,1,43046,374860898489998
RIP608_Columbia_O3,608,Columbia,3,Family Forest,2,0.4447896866408976,2,64226,635664945126144
RIP609_Baker_O6,609,Baker,6,Federal,3,0.6671845299613464,2,36794,289515149489998
RIP610_Hamilton_O3,610,Hamilton,3,Family Forest,1,0.2223948433204488,1,48658,448940864489998
RIP610_Hamilton_O4,610,Hamilton,4,Corporate/Other Private,2,0.4447896866408976,2,24515,176860754010854
RIP611_Baker_O3,611,Baker,3,Family Forest,7,1.5567639032431415,3,2743,20342987010478
RIP612_Columbia_O3,612,Columbia,3,Family Forest,1,0.2223948433204488,1,35220,259083023010854
RIP613_Columbia_O3,613,Columbia,3,Family Forest,2,0.4447896866408976,2,13435,43855081020004
RIP614_Columbia_O3,614,Columbia,3,Family Forest,3,0.6671845299613464,1,13435,43855081020004
RIP615_Baker_O3,615,Baker,3,Family Forest,6,1.3343690599226927,3,59428,533665395126144
RIP616_Hamilton_O3,616,Hamilton,3,Family Forest,7,1.5567639032431415,4,36897,289515725489998
RIP617_Hamilton_O3,617,Hamilton,3,Family Forest,3,0.6671845299613464,2,36897,289515725489998
RIP618_Columbia_O3,618,Columbia,3,Family Forest,2,0.4447896866408976,2,59294,533664907126144
RIP619_Baker_O3,619,Baker,3,Family Forest,4,0.8895793732817951,4,2743,20342987010478
RIP620_Baker_O3,620,Baker,3,Family Forest,2,0.4447896866408976,2,48445,448939642489998
RIP621_Baker_O3,621,Baker,3,Family Forest,1,0.2223948433204488,1,59428,533665395126144
RIP622_Hamilton_O3,622,Hamilton,3,Family Forest,4,0.8895793732817951,3,67462,718604233290487
RIP623_Baker_O3,623,Baker,3,Family Forest,1,0.2223948433204488,1,23747,173002836010854
RIP624_Baker_O3,624,Baker,3,Family Forest,12,2.6687381198453854,4,59428,533665395126144
RIP625_Baker_O3,625,Baker,3,Family Forest,1,0.2223948433204488,1,59428,533665395126144
RIP626_Baker_O3,626,Baker,3,Family Forest,2,0.4447896866408976,1,59428,533665395126144
RIP627_Baker_O3,627,Baker,3,Family Forest,3,0.6671845299613464,1,59428,533665395126144
RIP628_Baker_O3,628,Baker,3,Family Forest,7,1.5567639032431415,5,59428,533665395126144
RIP629_Hamilton_O3,629,Hamilton,3,Family Forest,3,0.6671845299613464,3,35220,259083023010854
RIP630_Baker_O3,630,Baker,3,Family Forest,2,0.4447896866408976,1,59428,533665395126144
RIP631_Baker_O4,631,Baker,4,Corporate/Other Private,1,0.2223948433204488,1,36934,289515946489998
RIP632_Hamilton_O3,632,Hamilton,3,Family Forest,3,0.6671845299613464,2,36897,289515725489998
RIP633_Baker_O3,633,Baker,3,Family Forest,3,0.6671845299613464,3,50207,451136981489998
RIP634_Hamilton_O3,634,Hamilton,3,Family Forest,3,0.6671845299613464,2,48588,448940337489998
RIP635_Columbia_O3,635,Columbia,3,Family Forest,5,1.111974216602244,3,59294,533664907126144
RIP636_Baker_O3,636,Baker,3,Family Forest,5,1.111974216602244,2,59428,533665395126144
RIP637_Hamilton_O3,637,Hamilton,3,Family Forest,12,2.6687381198453854,6,36897,289515725489998
RIP638_Baker_O3,638,Baker,3,Family Forest,3,0.6671845299613464,2,13445,43855313020004
RIP639_Hamilton_O3,639,Hamilton,3,Family Forest,2,0.4447896866408976,2,36771,289515061489998
RIP639_Hamilton_O4,639,Hamilton,4,Corporate/Other Private,1,0.2223948433204488,1,59294,533664907126144
RIP640_Baker_O3,640,Baker,3,Family Forest,1,0.2223948433204488,1,23749,173002845010854
RIP641_Columbia_O4,641,Columbia,4,Corporate/Other Private,7,1.5567639032431415,5,35220,259083023010854
RIP642_Baker_O3,642,Baker,3,Family Forest,24,5.337476239690771,14,35377,259178350010854
RIP643_Hamilton_O3,643,Hamilton,3,Family Forest,3,0.6671845299613464,3,24515,176860754010854
RIP644_Baker_O3,644,Baker,3,Family Forest,1,0.2223948433204488,1,68819,740826397290487
RIP645_Baker_O3,645,Baker,3,Family Forest,2,0.4447896866408976,2,16547,61264238010478
RIP646_Baker_O3,646,Baker,3,Family Forest,25,5.5598710830112195,4,36935,289515947489998
RIP647_Baker_O3,647,Baker,3,Family Forest,7,1.5567639032431415,4,36935,289515947489998
RIP648_Hamilton_O3,648,Hamilton,3,Family Forest,34,7.561424672895258,12,35220,259083023010854
RIP648_Hamilton_O4,648,Hamilton,4,Corporate/Other Private,41,9.118188576138401,12,67238,718562171290487
RIP649_Columbia_O4,649,Columbia,4,Corporate/Other Private,1,0.2223948433204488,1,35220,259083023010854
RIP650_Columbia_O4,650,Columbia,4,Corporate/Other Private,1,0.2223948433204488,1,35220,259083023010854
RIP651_Baker_O4,651,Baker,4,Corporate/Other Private,2,0.4447896866408976,2,36934,289515946489998
RIP652_Baker_O3,652,Baker,3,Family Forest,3,0.6671845299613464,2,36935,289515947489998
RIP653_Columbia_O4,653,Columbia,4,Corporate/Other Private,2,0.4447896866408976,1,64219,635664906126144
RIP654_Baker_O3,654,Baker,3,Family Forest,4,0.8895793732817951,2,50207,451136981489998
RIP655_Baker_O3,655,Baker,3,Family Forest,1,0.2223948433204488,1,48596,448940355489998
RIP656_Baker_O3,656,Baker,3,Family Forest,4,0.8895793732817951,2,67211,718562060290487
RIP657_Baker_O3,657,Baker,3,Family Forest,1,0.2223948433204488,1,13445,43855313020004
RIP658_Baker_O3,658,Baker,3,Family Forest,20,4.447896866408976,6,36935,289515947489998
RIP659_Baker_O4,659,Baker,4,Corporate/Other Private,19,4.225502023088527,7,43151,374861300489998
RIP660_Baker_O3,660,Baker,3,Family Forest,2,0.4447896866408976,2,48477,448939744489998
RIP661_Columbia_O4,661,Columbia,4,Corporate/Other Private,1,0.2223948433204488,1,36897,289515725489998
RIP662_Columbia_O4,662,Columbia,4,Corporate/Other Private,9,2.001553589884039,6,36897,289515725489998
RIP663_Columbia_O4,663,Columbia,4,Corporate/Other Private,2,0.4447896866408976,2,24316,176548896010854
RIP664_Baker_O3,664,Baker,3,Family Forest,3,0.6671845299613464,3,36897,289515725489998
RIP665_Baker_O3,665,Baker,3,Family Forest,3,0.6671845299613464,2,16547,61264238010478
RIP666_Baker_O3,666,Baker,3,Family Forest,1,0.2223948433204488,1,64448,638334723126144
RIP666_Baker_O4,666,Baker,4,Corporate/Other Private,6,1.3343690599226927,4,67372,718603850290487
RIP667_Baker_O3,667,Baker,3,Family Forest,5,1.111974216602244,3,48632,448940577489998
RIP668_Baker_O3,668,Baker,3,Family Forest,1,0.2223948433204488,1,64454,638334746126144
RIP668_Baker_O4,668,Baker,4,Corporate/Other Private,4,0.8895793732817951,3,67461,718604231290487
RIP669_Baker_O4,669,Baker,4,Corporate/Other Private,2,0.4447896866408976,2,43151,374861300489998
RIP670_Baker_O3,670,Baker,3,Family Forest,21,4.670291709729424,8,67461,718604231290487
RIP670_Baker_O4,670,Baker,4,Corporate/Other Private,3,0.6671845299613464,3,36965,289516230489998
RIP671_Baker_O3,671,Baker,3,Family Forest,2,0.4447896866408976,1,48670,448940999489998
RIP672_Hamilton_O4,672,Hamilton,4,Corporate/Other Private,1,0.2223948433204488,1,36897,289515725489998
RIP673_Columbia_O4,673,Columbia,4,Corporate/Other Private,6,1.3343690599226927,3,43054,374860913489998
RIP674_Columbia_O6,674,Columbia,6,Federal,2,0.4447896866408976,2,48477,448939744489998
RIP675_Columbia_O6,675,Columbia,6,Federal,1,0.2223948433204488,1,67509,718604473290487
RIP676_Baker_O3,676,Baker,3,Family Forest,1,0.2223948433204488,1,43054,374860913489998
RIP677_Baker_O3,677,Baker,3,Family Forest,1,0.2223948433204488,1,67372,718603850290487
RIP677_Baker_O4,677,Baker,4,Corporate/Other Private,13,2.891132963165834,7,67372,718603850290487
RIP678_Baker_O3,678,Baker,3,Family Forest,15,3.335922649806732,10,64219,635664906126144
RIP679_Hamilton_O4,679,Hamilton,4,Corporate/Other Private,3,0.6671845299613464,2,67475,718604294290487
RIP680_Baker_O3,680,Baker,3,Family Forest,4,0.8895793732817951,4,48445,448939642489998
RIP681_Hamilton_O3,681,Hamilton,3,Family Forest,7,1.5567639032431415,5,35220,259083023010854
RIP681_Hamilton_O4,681,Hamilton,4,Corporate/Other Private,13,2.891132963165834,6,35220,259083023010854
RIP682_Columbia_O4,682,Columbia,4,Corporate/Other Private,1,0.2223948433204488,1,32408,236497707010854
RIP683_Hamilton_O3,683,Hamilton,3,Family Forest,9,2.001553589884039,4,36897,289515725489998
RIP684_Hamilton_O4,684,Hamilton,4,Corporate/Other Private,2,0.4447896866408976,2,13435,43855081020004
RIP685_Columbia_O4,685,Columbia,4,Corporate/Other Private,8,1.7791587465635903,2,43054,374860913489998
RIP686_Hamilton_O4,686,Hamilton,4,Corporate/Other Private,3,0.6671845299613464,3,24515,176860754010854
RIP687_Baker_O3,687,Baker,3,Family Forest,10,2.223948433204488,4,59428,533665395126144
RIP688_Hamilton_O3,688,Hamilton,3,Family Forest,70,15.567639032431416,14,35220,259083023010854
RIP689_Columbia_O4,689,Columbia,4,Corporate/Other Private,1,0.2223948433204488,1,64406,638334495126144
RIP690_Baker_O4,690,Baker,4,Corporate/Other Private,2,0.4447896866408976,1,67532,718604871290487
RIP691_Columbia_O4,691,Columbia,4,Corporate/Other Private,2,0.4447896866408976,2,32408,236497707010854
RIP692_Baker_O4,692,Baker,4,Corporate/Other Private,2,0.4447896866408976,1,64383,638334339126144
RIP693_Baker_O4,693,Baker,4,Corporate/Other Private,4,0.8895793732817951,3,36934,289515946489998
RIP694_Hamilton_O4,694,Hamilton,4,Corporate/Other Private,5,1.111974216602244,4,50155,451136792489998
RIP695_Columbia_O4,695,Columbia,4,Corporate/Other Private,1,0.2223948433204488,1,32408,236497707010854
RIP696_Columbia_O4,696,Columbia,4,Corporate/Other Private,2,0.4447896866408976,1,32408,236497707010854
RIP697_Baker_O4,697,Baker,4,Corporate/Other Private,2,0.4447896866408976,1,64383,638334339126144
RIP698_Columbia_O4,698,Columbia,4,Corporate/Other Private,1,0.2223948433204488,1,43054,374860913489998
RIP699_Columbia_O4,699,Columbia,4,Corporate/Other Private,5,1.111974216602244,4,43054,374860913489998
RIP699_Columbia_O8,699,Columbia,8,Local,6,1.3343690599226927,2,43054,374860913489998
RIP700_Baker_O4,700,Baker,4,Corporate/Other Private,4,0.8895793732817951,2,67372,718603850290487
RIP701_Baker_O3,701,Baker,3,Family Forest,4,0.8895793732817951,1,13183,43266266020004
RIP702_Baker_O4,702,Baker,4,Corporate/Other Private,25,5.5598710830112195,12,64406,638334495126144
RIP703_Baker_O4,703,Baker,4,Corporate/Other Private,9,2.001553589884039,5,36934,289515946489998
RIP704_Hamilton_O4,704,Hamilton,4,Corporate/Other Private,1,0.2223948433204488,1,36771,289515061489998
RIP705_Hamilton_O3,705,Hamilton,3,Family Forest,66,14.67805965914962,15,67057,718561522290487
RIP705_Hamilton_O4,705,Hamilton,4,Corporate/Other Private,20,4.447896866408976,10,32408,236497707010854
RIP706_Columbia_O8,706,Columbia,8,Local,5,1.111974216602244,2,43054,374860913489998
RIP707_Baker_O3,707,Baker,3,Family Forest,1,0.2223948433204488,1,50207,451136981489998
RIP708_Baker_O3,708,Baker,3,Family Forest,4,0.8895793732817951,3,13183,43266266020004
RIP709_Baker_O3,709,Baker,3,Family Forest,3,0.6671845299613464,2,67308,718603540290487
RIP710_Columbia_O8,710,Columbia,8,Local,43,9.562978262779298,7,48596,448940355489998
RIP711_Baker_O4,711,Baker,4,Corporate/Other Private,2,0.4447896866408976,2,36897,289515725489998
RIP712_Baker_O4,712,Baker,4,Corporate/Other Private,1,0.2223948433204488,1,64383,638334339126144
RIP713_Baker_O3,713,Baker,3,Family Forest,4,0.8895793732817951,3,43321,374862323489998
RIP714_Baker_O4,714,Baker,4,Corporate/Other Private,1,0.2223948433204488,1,16547,61264238010478
RIP715_Baker_O4,715,Baker,4,Corporate/Other Private,2,0.4447896866408976,2,64293,638333844126144
RIP716_Hamilton_O3,716,Hamilton,3,Family Forest,3,0.6671845299613464,1,50160,451136801489998
RIP717_Baker_O3,717,Baker,3,Family Forest,21,4.670291709729424,8,16547,61264238010478
RIP717_Baker_O4,717,Baker,4,Corporate/Other Private,1,0.2223948433204488,1,68819,740826397290487
RIP718_Hamilton_O3,718,Hamilton,3,Family Forest,8,1.7791587465635903,6,36897,289515725489998
RIP719_Hamilton_O3,719,Hamilton,3,Family Forest,2,0.4447896866408976,2,21259,140564077010478
RIP720_Baker_O3,720,Baker,3,Family Forest,7,1.5567639032431415,4,2743,20342987010478
RIP721_Hamilton_O3,721,Hamilton,3,Family Forest,2,0.4447896866408976,2,50147,451136773489998
RIP722_Baker_O4,722,Baker,4,Corporate/Other Private,1,0.2223948433204488,1,36939,289515962489998
RIP723_Hamilton_O3,723,Hamilton,3,Family Forest,1,0.2223948433204488,1,50147,451136773489998
RIP724_Baker_O3,724,Baker,3,Family Forest,3,0.6671845299613464,2,67453,718604216290487
RIP725_Baker_O3,725,Baker,3,Family Forest,1,0.2223948433204488,1,48670,448940999489998
RIP726_Baker_O3,726,Baker,3,Family Forest,1,0.2223948433204488,1,45047,385730105489998
RIP726_Baker_O4,726,Baker,4,Corporate/Other Private,4,0.8895793732817951,4,16547,61264238010478
RIP727_Baker_O4,727,Baker,4,Corporate/Other Private,1,0.2223948433204488,1,64406,638334495126144
RIP728_Baker_O3,728,Baker,3,Family Forest,1,0.2223948433204488,1,64454,638334746126144
RIP729_Columbia_O3,729,Columbia,3,Family Forest,1,0.2223948433204488,1,36897,289515725489998
RIP730_Columbia_O4,730,Columbia,4,Corporate/Other Private,1,0.2223948433204488,1,48658,448940864489998
RIP731_Baker_O4,731,Baker,4,Corporate/Other Private,1,0.2223948433204488,1,64383,638334339126144
RIP732_Hamilton_O3,732,Hamilton,3,Family Forest,7,1.5567639032431415,3,35220,259083023010854
RIP733_Hamilton_O3,733,Hamilton,3,Family Forest,7,1.5567639032431415,4,50179,451136876489998
RIP734_Hamilton_O3,734,Hamilton,3,Family Forest,5,1.111974216602244,3,43235,374861676489998
RIP735_Baker_O3,735,Baker,3,Family Forest,10,2.223948433204488,7,36897,289515725489998
RIP736_Hamilton_O3,736,Hamilton,3,Family Forest,3,0.6671845299613464,2,35220,259083023010854
RIP737_Columbia_O4,737,Columbia,4,Corporate/Other Private,3,0.6671845299613464,2,48596,448940355489998
RIP738_Baker_O3,738,Baker,3,Family Forest,1,0.2223948433204488,1,64219,635664906126144
RIP738_Baker_O4,738,Baker,4,Corporate/Other Private,3,0.6671845299613464,3,35378,259178355010854
RIP739_Hamilton_O3,739,Hamilton,3,Family Forest,6,1.3343690599226927,2,35220,259083023010854
RIP740_Hamilton_O3,740,Hamilton,3,Family Forest,2,0.4447896866408976,2,35220,259083023010854
RIP741_Hamilton_O3,741,Hamilton,3,Family Forest,4,0.8895793732817951,3,36897,289515725489998
RIP742_Hamilton_O3,742,Hamilton,3,Family Forest,10,2.223948433204488,3,35220,259083023010854
RIP743_Columbia_O4,743,Columbia,4,Corporate/Other Private,3,0.6671845299613464,3,13445,43855313020004
RIP743_Columbia_O8,743,Columbia,8,Local,11,2.446343276524937,7,48596,448940355489998
RIP744_Baker_O3,744,Baker,3,Family Forest,4,0.8895793732817951,3,16547,61264238010478
RIP744_Baker_O4,744,Baker,4,Corporate/Other Private,10,2.223948433204488,7,36939,289515962489998
RIP745_Hamilton_O3,745,Hamilton,3,Family Forest,2,0.4447896866408976,2,64407,638334496126144
RIP746_Hamilton_O3,746,Hamilton,3,Family Forest,2,0.4447896866408976,2,43235,374861676489998
RIP747_Hamilton_O3,747,Hamilton,3,Family Forest,6,1.3343690599226927,4,43054,374860913489998
RIP748_Baker_O3,748,Baker,3,Family Forest,3,0.6671845299613464,3,48670,448940999489998
RIP749_Columbia_O4,749,Columbia,4,Corporate/Other Private,3,0.6671845299613464,3,48658,448940864489998
RIP750_Baker_O3,750,Baker,3,Family Forest,11,2.446343276524937,5,48670,448940999489998
RIP751_Baker_O3,751,Baker,3,Family Forest,4,0.8895793732817951,4,16547,61264238010478
RIP752_Columbia_O3,752,Columbia,3,Family Forest,4,0.8895793732817951,3,13445,43855313020004
RIP752_Columbia_O4,752,Columbia,4,Corporate/Other Private,10,2.223948433204488,2,67205,718562044290487
RIP753_Hamilton_O3,753,Hamilton,3,Family Forest,1,0.2223948433204488,1,43235,374861676489998
RIP754_Baker_O3,754,Baker,3,Family Forest,7,1.5567639032431415,3,64219,635664906126144
RIP755_Hamilton_O3,755,Hamilton,3,Family Forest,1,0.2223948433204488,1,59294,533664907126144
RIP756_Hamilton_O3,756,Hamilton,3,Family Forest,2,0.4447896866408976,2,48658,448940864489998
RIP757_Columbia_O4,757,Columbia,4,Corporate/Other Private,1,0.2223948433204488,1,48658,448940864489998
RIP758_Baker_O3,758,Baker,3,Family Forest,10,2.223948433204488,5,67427,718604085290487
RIP758_Baker_O4,758,Baker,4,Corporate/Other Private,7,1.5567639032431415,5,16547,61264238010478
RIP759_Hamilton_O3,759,Hamilton,3,Family Forest,5,1.111974216602244,3,35220,259083023010854
RIP760_Hamilton_O3,760,Hamilton,3,Family Forest,4,0.8895793732817951,4,35220,259083023010854
RIP761_Hamilton_O3,761,Hamilton,3,Family Forest,1,0.2223948433204488,1,43235,374861676489998
RIP762_Columbia_O4,762,Columbia,4,Corporate/Other Private,1,0.2223948433204488,1,36961,289516222489998
RIP763_Baker_O3,763,Baker,3,Family Forest,1,0.2223948433204488,1,45047,385730105489998
RIP764_Baker_O4,764,Baker,4,Corporate/Other Private,23,5.115081396370322,9,48571,448940206489998
RIP765_Hamilton_O3,765,Hamilton,3,Family Forest,2,0.4447896866408976,1,35220,259083023010854
RIP766_Columbia_O4,766,Columbia,4,Corporate/Other Private,1,0.2223948433204488,1,67205,718562044290487
RIP767_Baker_O4,767,Baker,4,Corporate/Other Private,1,0.2223948433204488,1,36939,289515962489998
RIP768_Columbia_O8,768,Columbia,8,Local,3,0.6671845299613464,2,35220,259083023010854
RIP769_Hamilton_O3,769,Hamilton,3,Family Forest,6,1.3343690599226927,4,50147,451136773489998
RIP770_Hamilton_O3,770,Hamilton,3,Family Forest,42,9.340583419458849,18,35220,259083023010854
RIP770_Hamilton_O4,770,Hamilton,4,Corporate/Other Private,3,0.6671845299613464,3,35220,259083023010854
RIP771_Columbia_O4,771,Columbia,4,Corporate/Other Private,34,7.561424672895258,10,35220,259083023010854
RIP771_Columbia_O8,771,Columbia,8,Local,11,2.446343276524937,2,48596,448940355489998
RIP772_Baker_O3,772,Baker,3,Family Forest,13,2.891132963165834,5,16547,61264238010478
RIP772_Baker_O8,772,Baker,8,Local,5,1.111974216602244,4,36897,289515725489998
RIP773_Baker_O4,773,Baker,4,Corporate/Other Private,4,0.8895793732817951,4,24515,176860754010854
RIP774_Hamilton_O3,774,Hamilton,3,Family Forest,2,0.4447896866408976,1,64407,638334496126144
RIP775_Hamilton_O4,775,Hamilton,4,Corporate/Other Private,3,0.6671845299613464,3,36897,289515725489998
RIP776_Columbia_O8,776,Columbia,8,Local,1,0.2223948433204488,1,36897,289515725489998
RIP777_Columbia_O8,777,Columbia,8,Local,1,0.2223948433204488,1,36897,289515725489998
RIP778_Baker_O4,778,Baker,4,Corporate/Other Private,15,3.335922649806732,6,36939,289515962489998
RIP779_Hamilton_O3,779,Hamilton,3,Family Forest,1,0.2223948433204488,1,43187,374861459489998
RIP780_Hamilton_O3,780,Hamilton,3,Family Forest,1,0.2223948433204488,1,67462,718604233290487
RIP781_Hamilton_O3,781,Hamilton,3,Family Forest,1,0.2223948433204488,1,35220,259083023010854
RIP782_Hamilton_O3,782,Hamilton,3,Family Forest,4,0.8895793732817951,3,21259,140564077010478
RIP783_Columbia_O8,783,Columbia,8,Local,5,1.111974216602244,4,24515,176860754010854
RIP784_Columbia_O3,784,Columbia,3,Family Forest,8,1.7791587465635903,5,48557,448940171489998
RIP784_Columbia_O4,784,Columbia,4,Corporate/Other Private,23,5.115081396370322,8,48589,448940340489998
RIP784_Columbia_O8,784,Columbia,8,Local,42,9.340583419458849,9,35220,259083023010854
RIP785_Hamilton_O3,785,Hamilton,3,Family Forest,1,0.2223948433204488,1,43187,374861459489998
RIP786_Hamilton_O3,786,Hamilton,3,Family Forest,3,0.6671845299613464,2,67462,718604233290487
RIP787_Hamilton_O3,787,Hamilton,3,Family Forest,1,0.2223948433204488,1,67462,718604233290487
RIP788_Baker_O4,788,Baker,4,Corporate/Other Private,2,0.4447896866408976,2,24512,176860601010854
RIP789_Hamilton_O3,789,Hamilton,3,Family Forest,1,0.2223948433204488,1,35220,259083023010854
RIP790_Hamilton_O3,790,Hamilton,3,Family Forest,15,3.335922649806732,6,67541,718604892290487
RIP791_Hamilton_O3,791,Hamilton,3,Family Forest,1,0.2223948433204488,1,48589,448940340489998
RIP792_Hamilton_O3,792,Hamilton,3,Family Forest,2,0.4447896866408976,1,67462,718604233290487
RIP793_Columbia_O3,793,Columbia,3,Family Forest,1,0.2223948433204488,1,32408,236497707010854
RIP794_Baker_O3,794,Baker,3,Family Forest,7,1.5567639032431415,5,67313,718603549290487
RIP794_Baker_O4,794,Baker,4,Corporate/Other Private,6,1.3343690599226927,4,67313,718603549290487
RIP795_Hamilton_O3,795,Hamilton,3,Family Forest,3,0.6671845299613464,3,36897,289515725489998
RIP796_Hamilton_O3,796,Hamilton,3,Family Forest,2,0.4447896866408976,2,21259,140564077010478
RIP797_Hamilton_O4,797,Hamilton,4,Corporate/Other Private,1,0.2223948433204488,1,64406,638334495126144
RIP798_Hamilton_O3,798,Hamilton,3,Family Forest,47,10.452557636061092,5,50147,451136773489998
RIP799_Hamilton_O3,799,Hamilton,3,Family Forest,1,0.2223948433204488,1,67462,718604233290487
RIP800_Hamilton_O3,800,Hamilton,3,Family Forest,7,1.5567639032431415,4,50147,451136773489998
RIP801_Hamilton_O4,801,Hamilton,4,Corporate/Other Private,11,2.446343276524937,5,43234,374861672489998
RIP802_Baker_O3,802,Baker,3,Family Forest,22,4.892686553049874,5,16547,61264238010478
RIP803_Hamilton_O3,803,Hamilton,3,Family Forest,12,2.6687381198453854,8,32408,236497707010854
RIP804_Hamilton_O3,804,Hamilton,3,Family Forest,7,1.5567639032431415,4,67541,718604892290487
RIP805_Hamilton_O3,805,Hamilton,3,Family Forest,5,1.111974216602244,3,43237,374861690489998
RIP806_Hamilton_O3,806,Hamilton,3,Family Forest,4,0.8895793732817951,4,36897,289515725489998
RIP807_Baker_O3,807,Baker,3,Family Forest,2,0.4447896866408976,2,48633,448940579489998
RIP808_Baker_O4,808,Baker,4,Corporate/Other Private,6,1.3343690599226927,5,64219,635664906126144
RIP809_Baker_O3,809,Baker,3,Family Forest,1,0.2223948433204488,1,48658,448940864489998
RIP810_Baker_O3,810,Baker,3,Family Forest,73,16.234823562392762,15,50207,451136981489998
RIP811_Baker_O3,811,Baker,3,Family Forest,1,0.2223948433204488,1,21269,140582800010478
RIP811_Baker_O4,811,Baker,4,Corporate/Other Private,9,2.001553589884039,5,36897,289515725489998
RIP812_Hamilton_O3,812,Hamilton,3,Family Forest,4,0.8895793732817951,3,43235,374861676489998
RIP813_Baker_O3,813,Baker,3,Family Forest,11,2.446343276524937,6,64219,635664906126144
RIP814_Baker_O4,814,Baker,4,Corporate/Other Private,1,0.2223948433204488,1,36965,289516230489998
RIP815_Hamilton_O3,815,Hamilton,3,Family Forest,13,2.891132963165834,8,67462,718604233290487
RIP816_Baker_O3,816,Baker,3,Family Forest,1,0.2223948433204488,1,43326,374862340489998
RIP817_Hamilton_O3,817,Hamilton,3,Family Forest,5,1.111974216602244,4,64403,638334483126144
RIP818_Hamilton_O3,818,Hamilton,3,Family Forest,1,0.2223948433204488,1,50147,451136773489998
RIP819_Hamilton_O3,819,Hamilton,3,Family Forest,2,0.4447896866408976,2,36897,289515725489998
RIP820_Baker_O3,820,Baker,3,Family Forest,3,0.6671845299613464,3,36941,289515964489998
RIP821_Hamilton_O3,821,Hamilton,3,Family Forest,10,2.223948433204488,4,21259,140564077010478
RIP822_Hamilton_O3,822,Hamilton,3,Family Forest,53,11.786926695983786,8,35220,259083023010854
RIP823_Columbia_O3,823,Columbia,3,Family Forest,5,1.111974216602244,5,24316,176548896010854
RIP823_Columbia_O4,823,Columbia,4,Corporate/Other Private,10,2.223948433204488,3,59294,533664907126144
RIP823_Columbia_O8,823,Columbia,8,Local,12,2.6687381198453854,6,48596,448940355489998
RIP824_Baker_O3,824,Baker,3,Family Forest,23,5.115081396370322,12,36864,289515540489998
RIP825_Hamilton_O3,825,Hamilton,3,Family Forest,6,1.3343690599226927,5,48658,448940864489998
RIP826_Baker_O3,826,Baker,3,Family Forest,1,0.2223948433204488,1,48658,448940864489998
RIP827_Baker_O3,827,Baker,3,Family Forest,10,2.223948433204488,7,64219,635664906126144
RIP828_Hamilton_O3,828,Hamilton,3,Family Forest,3,0.6671845299613464,3,43234,374861672489998
RIP829_Hamilton_O3,829,Hamilton,3,Family Forest,107,23.79624823528802,17,35220,259083023010854
RIP829_Hamilton_O4,829,Hamilton,4,Corporate/Other Private,9,2.001553589884039,7,31037,218218426020004
RIP830_Columbia_O8,830,Columbia,8,Local,13,2.891132963165834,5,48596,448940355489998
RIP831_Hamilton_O3,831,Hamilton,3,Family Forest,3,0.6671845299613464,1,67462,718604233290487
RIP832_Columbia_O8,832,Columbia,8,Local,6,1.3343690599226927,4,24316,176548896010854
RIP833_Hamilton_O3,833,Hamilton,3,Family Forest,5,1.111974216602244,2,43054,374860913489998
RIP834_Baker_O3,834,Baker,3,Family Forest,2,0.4447896866408976,1,43326,374862340489998
RIP835_Hamilton_O3,835,Hamilton,3,Family Forest,26,5.782265926331668,11,35220,259083023010854
RIP836_Hamilton_O3,836,Hamilton,3,Family Forest,5,1.111974216602244,4,64406,638334495126144
RIP837_Baker_O3,837,Baker,3,Family Forest,3,0.6671845299613464,3,43326,374862340489998
RIP838_Baker_O3,838,Baker,3,Family Forest,2,0.4447896866408976,2,45047,385730105489998
RIP839_Hamilton_O3,839,Hamilton,3,Family Forest,5,1.111974216602244,3,48588,448940337489998
RIP840_Columbia_O8,840,Columbia,8,Local,3,0.6671845299613464,3,24316,176548896010854
RIP841_Columbia_O3,841,Columbia,3,Family Forest,41,9.118188576138401,12,32408,236497707010854
RIP842_Hamilton_O3,842,Hamilton,3,Family Forest,8,1.7791587465635903,3,35220,259083023010854
RIP843_Hamilton_O3,843,Hamilton,3,Family Forest,3,0.6671845299613464,3,36962,289516223489998
RIP843_Hamilton_O4,843,Hamilton,4,Corporate/Other Private,11,2.446343276524937,7,35220,259083023010854
RIP844_Columbia_O8,844,Columbia,8,Local,1,0.2223948433204488,1,48557,448940171489998
RIP845_Hamilton_O3,845,Hamilton,3,Family Forest,1,0.2223948433204488,1,35220,259083023010854
RIP846_Hamilton_O3,846,Hamilton,3,Family Forest,6,1.3343690599226927,4,67205,718562044290487
RIP847_Hamilton_O3,847,Hamilton,3,Family Forest,2,0.4447896866408976,2,36897,289515725489998
RIP847_Hamilton_O7,847,Hamilton,7,State,7,1.5567639032431415,6,67462,718604233290487
RIP848_Baker_O3,848,Baker,3,Family Forest,12,2.6687381198453854,7,23747,173002836010854
RIP849_Columbia_O3,849,Columbia,3,Family Forest,8,1.7791587465635903,3,35220,259083023010854
RIP850_Baker_O4,850,Baker,4,Corporate/Other Private,4,0.8895793732817951,3,67161,718561923290487
RIP851_Columbia_O8,851,Columbia,8,Local,14,3.113527806486283,4,36897,289515725489998
RIP852_Columbia_O4,852,Columbia,4,Corporate/Other Private,4,0.8895793732817951,1,48596,448940355489998
RIP853_Hamilton_O3,853,Hamilton,3,Family Forest,1,0.2223948433204488,1,21259,140564077010478
RIP854_Columbia_O8,854,Columbia,8,Local,9,2.001553589884039,6,24316,176548896010854
RIP855_Columbia_O3,855,Columbia,3,Family Forest,1,0.2223948433204488,1,67461,718604231290487
RIP856_Hamilton_O3,856,Hamilton,3,Family Forest,2,0.4447896866408976,2,35220,259083023010854
RIP857_Hamilton_O4,857,Hamilton,4,Corporate/Other Private,2,0.4447896866408976,2,48588,448940337489998
RIP858_Columbia_O3,858,Columbia,3,Family Forest,8,1.7791587465635903,4,32408,236497707010854
RIP859_Baker_O3,859,Baker,3,Family Forest,4,0.8895793732817951,2,31048,218219125020004
RIP859_Baker_O6,859,Baker,6,Federal,1,0.2223948433204488,1,67161,718561923290487
RIP860_Hamilton_O4,860,Hamilton,4,Corporate/Other Private,6,1.3343690599226927,2,48658,448940864489998
RIP861_Baker_O6,861,Baker,6,Federal,4,0.8895793732817951,2,2743,20342987010478
RIP862_Hamilton_O3,862,Hamilton,3,Family Forest,2,0.4447896866408976,2,36941,289515964489998
RIP863_Hamilton_O4,863,Hamilton,4,Corporate/Other Private,4,0.8895793732817951,3,67057,718561522290487
RIP864_Hamilton_O3,864,Hamilton,3,Family Forest,6,1.3343690599226927,4,35220,259083023010854
RIP865_Columbia_O8,865,Columbia,8,Local,10,2.223948433204488,5,24316,176548896010854
RIP866_Columbia_O8,866,Columbia,8,Local,5,1.111974216602244,4,36897,289515725489998
RIP867_Hamilton_O4,867,Hamilton,4,Corporate/Other Private,4,0.8895793732817951,4,32408,236497707010854
RIP868_Hamilton_O4,868,Hamilton,4,Corporate/Other Private,3,0.6671845299613464,3,36897,289515725489998
RIP869_Columbia_O8,869,Columbia,8,Local,16,3.5583174931271806,9,36897,289515725489998
RIP870_Columbia_O8,870,Columbia,8,Local,17,3.780712336447629,6,48557,448940171489998
RIP871_Hamilton_O3,871,Hamilton,3,Family Forest,4,0.8895793732817951,4,32408,236497707010854
RIP871_Hamilton_O4,871,Hamilton,4,Corporate/Other Private,1,0.2223948433204488,1,36962,289516223489998
RIP872_Columbia_O3,872,Columbia,3,Family Forest,2,0.4447896866408976,2,35220,259083023010854
RIP873_Baker_O6,873,Baker,6,Federal,1,0.2223948433204488,1,2743,20342987010478
RIP874_Hamilton_O4,874,Hamilton,4,Corporate/Other Private,18,4.003107179768078,8,35220,259083023010854
RIP875_Columbia_O8,875,Columbia,8,Local,5,1.111974216602244,3,36965,289516230489998
RIP876_Columbia_O3,876,Columbia,3,Family Forest,27,6.0046607696521175,6,35220,259083023010854
RIP877_Baker_O6,877,Baker,6,Federal,7,1.5567639032431415,5,23747,173002836010854
RIP878_Hamilton_O4,878,Hamilton,4,Corporate/Other Private,8,1.7791587465635903,4,64173,635664733126144
RIP879_Hamilton_O3,879,Hamilton,3,Family Forest,2,0.4447896866408976,1,64403,638334483126144
RIP880_Hamilton_O4,880,Hamilton,4,Corporate/Other Private,1,0.2223948433204488,1,36897,289515725489998
RIP881_Hamilton_O4,881,Hamilton,4,Corporate/Other Private,1,0.2223948433204488,1,67238,718562171290487
RIP882_Hamilton_O4,882,Hamilton,4,Corporate/Other Private,7,1.5567639032431415,6,59294,533664907126144
RIP883_Hamilton_O3,883,Hamilton,3,Family Forest,2,0.4447896866408976,1,67462,718604233290487
RIP884_Hamilton_O3,884,Hamilton,3,Family Forest,3,0.6671845299613464,3,36897,289515725489998
RIP885_Baker_O3,885,Baker,3,Family Forest,3,0.6671845299613464,2,48445,448939642489998
RIP886_Baker_O3,886,Baker,3,Family Forest,1,0.2223948433204488,1,23749,173002845010854
RIP887_Hamilton_O3,887,Hamilton,3,Family Forest,1,0.2223948433204488,1,64403,638334483126144
RIP888_Hamilton_O3,888,Hamilton,3,Family Forest,1,0.2223948433204488,1,50147,451136773489998
RIP889_Hamilton_O3,889,Hamilton,3,Family Forest,41,9.118188576138401,10,36897,289515725489998
RIP890_Hamilton_O3,890,Hamilton,3,Family Forest,1,0.2223948433204488,1,67238,718562171290487
RIP891_Hamilton_O3,891,Hamilton,3,Family Forest,2,0.4447896866408976,2,13435,43855081020004
RIP892_Hamilton_O3,892,Hamilton,3,Family Forest,9,2.001553589884039,4,35220,259083023010854
RIP892_Hamilton_O4,892,Hamilton,4,Corporate/Other Private,20,4.447896866408976,7,36962,289516223489998
RIP893_Hamilton_O4,893,Hamilton,4,Corporate/Other Private,1,0.2223948433204488,1,64173,635664733126144
RIP894_Hamilton_O3,894,Hamilton,3,Family Forest,1,0.2223948433204488,1,43234,374861672489998
RIP895_Hamilton_O3,895,Hamilton,3,Family Forest,2,0.4447896866408976,2,32408,236497707010854
RIP896_Baker_O3,896,Baker,3,Family Forest,1,0.2223948433204488,1,64452,638334742126144
RIP897_Hamilton_O4,897,Hamilton,4,Corporate/Other Private,1,0.2223948433204488,1,36897,289515725489998
RIP898_Hamilton_O3,898,Hamilton,3,Family Forest,25,5.5598710830112195,15,32408,236497707010854
RIP899_Hamilton_O3,899,Hamilton,3,Family Forest,2,0.4447896866408976,2,48658,448940864489998
RIP900_Hamilton_O3,900,Hamilton,3,Family Forest,1,0.2223948433204488,1,53774,484311003489998
RIP901_Hamilton_O4,901,Hamilton,4,Corporate/Other Private,2,0.4447896866408976,2,36897,289515725489998
RIP902_Baker_O3,902,Baker,3,Family Forest,1,0.2223948433204488,1,67541,718604892290487
RIP903_Hamilton_O3,903,Hamilton,3,Family Forest,7,1.5567639032431415,7,32408,236497707010854
RIP903_Hamilton_O4,903,Hamilton,4,Corporate/Other Private,1,0.2223948433204488,1,66408,698001388126144
RIP904_Hamilton_O4,904,Hamilton,4,Corporate/Other Private,2,0.4447896866408976,2,24316,176548896010854
RIP905_Hamilton_O3,905,Hamilton,3,Family Forest,1,0.2223948433204488,1,48595,448940352489998
RIP906_Baker_O3,906,Baker,3,Family Forest,1,0.2223948433204488,1,48445,448939642489998
RIP907_Baker_O3,907,Baker,3,Family Forest,8,1.7791587465635903,4,48634,448940584489998
RIP908_Hamilton_O3,908,Hamilton,3,Family Forest,12,2.6687381198453854,6,24515,176860754010854
RIP908_Hamilton_O4,908,Hamilton,4,Corporate/Other Private,4,0.8895793732817951,3,48592,448940348489998
RIP909_Baker_O3,909,Baker,3,Family Forest,13,2.891132963165834,4,23747,173002836010854
RIP910_Baker_O3,910,Baker,3,Family Forest,3,0.6671845299613464,2,43294,374861940489998
RIP911_Baker_O3,911,Baker,3,Family Forest,16,3.5583174931271806,10,67313,718603549290487
RIP912_Columbia_O3,912,Columbia,3,Family Forest,10,2.223948433204488,4,64219,635664906126144
RIP912_Columbia_O8,912,Columbia,8,Local,13,2.891132963165834,5,48596,448940355489998
RIP913_Hamilton_O3,913,Hamilton,3,Family Forest,4,0.8895793732817951,3,35220,259083023010854
RIP914_Columbia_O3,914,Columbia,3,Family Forest,8,1.7791587465635903,3,35220,259083023010854
RIP914_Columbia_O8,914,Columbia,8,Local,14,3.113527806486283,5,36962,289516223489998
RIP915_Hamilton_O3,915,Hamilton,3,Family Forest,1,0.2223948433204488,1,48592,448940348489998
RIP916_Hamilton_O3,916,Hamilton,3,Family Forest,18,4.003107179768078,5,35220,259083023010854
RIP917_Hamilton_O3,917,Hamilton,3,Family Forest,13,2.891132963165834,5,35220,259083023010854
RIP918_Baker_O3,918,Baker,3,Family Forest,61,13.566085442547376,12,16547,61264238010478
RIP919_Hamilton_O3,919,Hamilton,3,Family Forest,1,0.2223948433204488,1,31037,218218426020004
RIP920_Hamilton_O3,920,Hamilton,3,Family Forest,1,0.2223948433204488,1,59294,533664907126144
RIP921_Hamilton_O3,921,Hamilton,3,Family Forest,8,1.7791587465635903,5,48589,448940340489998
RIP921_Hamilton_O4,921,Hamilton,4,Corporate/Other Private,5,1.111974216602244,3,48589,448940340489998
RIP922_Hamilton_O3,922,Hamilton,3,Family Forest,1,0.2223948433204488,1,67462,718604233290487
RIP923_Hamilton_O3,923,Hamilton,3,Family Forest,21,4.670291709729424,7,35220,259083023010854
RIP924_Hamilton_O3,924,Hamilton,3,Family Forest,1,0.2223948433204488,1,67541,718604892290487
RIP925_Hamilton_O3,925,Hamilton,3,Family Forest,3,0.6671845299613464,2,48592,448940348489998
RIP926_Hamilton_O3,926,Hamilton,3,Family Forest,3,0.6671845299613464,2,67462,718604233290487
RIP927_Hamilton_O3,927,Hamilton,3,Family Forest,1,0.2223948433204488,1,36897,289515725489998
RIP928_Hamilton_O3,928,Hamilton,3,Family Forest,1,0.2223948433204488,1,64406,638334495126144
RIP929_Hamilton_O3,929,Hamilton,3,Family Forest,1,0.2223948433204488,1,50163,451136805489998
RIP929_Hamilton_O4,929,Hamilton,4,Corporate/Other Private,2,0.4447896866408976,2,36897,289515725489998
RIP930_Columbia_O4,930,Columbia,4,Corporate/Other Private,5,1.111974216602244,4,67461,718604231290487
RIP931_Hamilton_O3,931,Hamilton,3,Family Forest,6,1.3343690599226927,3,36897,289515725489998
RIP932_Hamilton_O3,932,Hamilton,3,Family Forest,5,1.111974216602244,4,36897,289515725489998
RIP933_Hamilton_O3,933,Hamilton,3,Family Forest,4,0.8895793732817951,1,35220,259083023010854
RIP934_Hamilton_O3,934,Hamilton,3,Family Forest,1,0.2223948433204488,1,36897,289515725489998
RIP935_Hamilton_O3,935,Hamilton,3,Family Forest,2,0.4447896866408976,2,36897,289515725489998
RIP936_Hamilton_O3,936,Hamilton,3,Family Forest,4,0.8895793732817951,3,36897,289515725489998
RIP937_Hamilton_O3,937,Hamilton,3,Family Forest,2,0.4447896866408976,2,36897,289515725489998
RIP938_Hamilton_O4,938,Hamilton,4,Corporate/Other Private,4,0.8895793732817951,4,36897,289515725489998
RIP939_Hamilton_O3,939,Hamilton,3,Family Forest,44,9.785373106099748,11,67324,718603599290487
RIP939_Hamilton_O4,939,Hamilton,4,Corporate/Other Private,3,0.6671845299613464,3,36962,289516223489998
RIP940_Hamilton_O3,940,Hamilton,3,Family Forest,31,6.894240142933913,9,35220,259083023010854
RIP941_Hamilton_O3,941,Hamilton,3,Family Forest,2,0.4447896866408976,2,35220,259083023010854
RIP942_Hamilton_O3,942,Hamilton,3,Family Forest,1,0.2223948433204488,1,67462,718604233290487
RIP943_Hamilton_O3,943,Hamilton,3,Family Forest,12,2.6687381198453854,5,36897,289515725489998
RIP943_Hamilton_O4,943,Hamilton,4,Corporate/Other Private,1,0.2223948433204488,1,67475,718604294290487
RIP944_Baker_O3,944,Baker,3,Family Forest,12,2.6687381198453854,7,16547,61264238010478
RIP945_Hamilton_O3,945,Hamilton,3,Family Forest,3,0.6671845299613464,2,50146,451136772489998
RIP946_Hamilton_O3,946,Hamilton,3,Family Forest,1,0.2223948433204488,1,64173,635664733126144
RIP947_Columbia_O4,947,Columbia,4,Corporate/Other Private,1,0.2223948433204488,1,67461,718604231290487
RIP948_Hamilton_O8,948,Hamilton,8,Local,6,1.3343690599226927,4,48571,448940206489998
RIP949_Columbia_O4,949,Columbia,4,Corporate/Other Private,4,0.8895793732817951,3,36934,289515946489998
RIP950_Columbia_O4,950,Columbia,4,Corporate/Other Private,1,0.2223948433204488,1,67461,718604231290487
RIP951_Baker_O3,951,Baker,3,Family Forest,109,24.241037921928918,19,43151,374861300489998
RIP952_Hamilton_O3,952,Hamilton,3,Family Forest,2,0.4447896866408976,2,36897,289515725489998
RIP953_Hamilton_O3,953,Hamilton,3,Family Forest,1,0.2223948433204488,1,48596,448940355489998
RIP954_Columbia_O3,954,Columbia,3,Family Forest,5,1.111974216602244,3,48571,448940206489998
RIP954_Columbia_O8,954,Columbia,8,Local,3,0.6671845299613464,3,36897,289515725489998
RIP955_Hamilton_O3,955,Hamilton,3,Family Forest,14,3.113527806486283,7,64406,638334495126144
RIP956_Columbia_O8,956,Columbia,8,Local,19,4.225502023088527,10,36897,289515725489998
RIP957_Hamilton_O3,957,Hamilton,3,Family Forest,14,3.113527806486283,4,48596,448940355489998
RIP958_Baker_O3,958,Baker,3,Family Forest,6,1.3343690599226927,5,43326,374862340489998
RIP959_Hamilton_O3,959,Hamilton,3,Family Forest,24,5.337476239690771,7,64406,638334495126144
RIP960_Columbia_O4,960,Columbia,4,Corporate/Other Private,26,5.782265926331668,12,36897,289515725489998
RIP960_Columbia_O8,960,Columbia,8,Local,5,1.111974216602244,2,32408,236497707010854
RIP961_Baker_O3,961,Baker,3,Family Forest,16,3.5583174931271806,7,48634,448940584489998
RIP962_Hamilton_O3,962,Hamilton,3,Family Forest,3,0.6671845299613464,3,36897,289515725489998
RIP962_Hamilton_O4,962,Hamilton,4,Corporate/Other Private,6,1.3343690599226927,4,43046,374860898489998
RIP963_Hamilton_O3,963,Hamilton,3,Family Forest,16,3.5583174931271806,4,35220,259083023010854
RIP964_Columbia_O3,964,Columbia,3,Family Forest,150,33.359226498067315,16,35220,259083023010854
RIP964_Columbia_O4,964,Columbia,4,Corporate/Other Private,141,31.35767290818328,13,35220,259083023010854
RIP964_Columbia_O8,964,Columbia,8,Local,25,5.5598710830112195,7,35220,259083023010854
RIP965_Baker_O3,965,Baker,3,Family Forest,2,0.4447896866408976,1,67523,718604718290487
RIP966_Hamilton_O3,966,Hamilton,3,Family Forest,28,6.227055612972566,7,50179,451136876489998
RIP966_Hamilton_O8,966,Hamilton,8,Local,52,11.564531852663336,13,35220,259083023010854
RIP967_Baker_O3,967,Baker,3,Family Forest,13,2.891132963165834,3,50207,451136981489998
RIP968_Columbia_O8,968,Columbia,8,Local,17,3.780712336447629,11,36897,289515725489998
RIP969_Hamilton_O3,969,Hamilton,3,Family Forest,5,1.111974216602244,4,67238,718562171290487
RIP970_Columbia_O8,970,Columbia,8,Local,4,0.8895793732817951,4,23749,173002845010854
RIP971_Baker_O3,971,Baker,3,Family Forest,15,3.335922649806732,5,31048,218219125020004
RIP972_Baker_O3,972,Baker,3,Family Forest,2,0.4447896866408976,2,48634,448940584489998
RIP973_Hamilton_O3,973,Hamilton,3,Family Forest,5,1.111974216602244,4,36897,289515725489998
RIP974_Hamilton_O3,974,Hamilton,3,Family Forest,2,0.4447896866408976,2,43046,374860898489998
RIP975_Hamilton_O3,975,Hamilton,3,Family Forest,4,0.8895793732817951,2,36897,289515725489998
RIP976_Hamilton_O3,976,Hamilton,3,Family Forest,7,1.5567639032431415,3,32408,236497707010854
RIP977_Columbia_O3,977,Columbia,3,Family Forest,8,1.7791587465635903,6,36897,289515725489998
RIP978_Columbia_O8,978,Columbia,8,Local,1,0.2223948433204488,1,64384,638334343126144
RIP979_Hamilton_O3,979,Hamilton,3,Family Forest,9,2.001553589884039,7,36965,289516230489998
RIP980_Hamilton_O3,980,Hamilton,3,Family Forest,1,0.2223948433204488,1,36897,289515725489998
RIP981_Hamilton_O3,981,Hamilton,3,Family Forest,6,1.3343690599226927,4,36897,289515725489998
RIP982_Baker_O3,982,Baker,3,Family Forest,59,13.121295755906479,23,50207,451136981489998
RIP983_Hamilton_O3,983,Hamilton,3,Family Forest,2,0.4447896866408976,2,24515,176860754010854
RIP984_Hamilton_O3,984,Hamilton,3,Family Forest,4,0.8895793732817951,2,48589,448940340489998
RIP985_Columbia_O8,985,Columbia,8,Local,16,3.5583174931271806,9,35220,259083023010854
RIP986_Hamilton_O3,986,Hamilton,3,Family Forest,12,2.6687381198453854,8,64405,638334488126144
RIP986_Hamilton_O8,986,Hamilton,8,Local,7,1.5567639032431415,4,64405,638334488126144
RIP987_Hamilton_O3,987,Hamilton,3,Family Forest,8,1.7791587465635903,3,35220,259083023010854
RIP988_Hamilton_O3,988,Hamilton,3,Family Forest,8,1.7791587465635903,4,36897,289515725489998
RIP989_Hamilton_O3,989,Hamilton,3,Family Forest,4,0.8895793732817951,4,35220,259083023010854
RIP990_Hamilton_O3,990,Hamilton,3,Family Forest,2,0.4447896866408976,2,48672,448941001489998
RIP991_Columbia_O3,991,Columbia,3,Family Forest,14,3.113527806486283,7,64406,638334495126144
RIP991_Columbia_O8,991,Columbia,8,Local,4,0.8895793732817951,3,64406,638334495126144
RIP992_Baker_O3,992,Baker,3,Family Forest,29,6.449450456293015,7,67372,718603850290487
RIP993_Hamilton_O3,993,Hamilton,3,Family Forest,2,0.4447896866408976,2,31037,218218426020004
RIP994_Hamilton_O3,994,Hamilton,3,Family Forest,3,0.6671845299613464,2,48589,448940340489998
RIP995_Hamilton_O3,995,Hamilton,3,Family Forest,1,0.2223948433204488,1,35220,259083023010854
RIP996_Baker_O3,996,Baker,3,Family Forest,9,2.001553589884039,9,24316,176548896010854
RIP997_Hamilton_O3,997,Hamilton,3,Family Forest,11,2.446343276524937,7,48571,448940206489998
RIP998_Hamilton_O3,998,Hamilton,3,Family Forest,2,0.4447896866408976,2,35220,259083023010854
RIP999_Hamilton_O3,999,Hamilton,3,Family Forest,18,4.003107179768078,7,35220,259083023010854
RIP1000_Hamilton_O3,1000,Hamilton,3,Family Forest,2,0.4447896866408976,1,48592,448940348489998
RIP1001_Hamilton_O3,1001,Hamilton,3,Family Forest,4,0.8895793732817951,3,35220,259083023010854
RIP1002_Hamilton_O3,1002,Hamilton,3,Family Forest,6,1.3343690599226927,1,48571,448940206489998
RIP1003_Hamilton_O3,1003,Hamilton,3,Family Forest,2,0.4447896866408976,2,48592,448940348489998
RIP1004_Hamilton_O3,1004,Hamilton,3,Family Forest,15,3.335922649806732,9,13435,43855081020004
RIP1005_Hamilton_O3,1005,Hamilton,3,Family Forest,3,0.6671845299613464,2,36771,289515061489998
RIP1006_Hamilton_O3,1006,Hamilton,3,Family Forest,8,1.7791587465635903,6,64165,635664709126144
RIP1007_Hamilton_O3,1007,Hamilton,3,Family Forest,1,0.2223948433204488,1,67238,718562171290487
RIP1008_Hamilton_O3,1008,Hamilton,3,Family Forest,7,1.5567639032431415,5,24316,176548896010854
RIP1009_Baker_O3,1009,Baker,3,Family Forest,13,2.891132963165834,4,67523,718604718290487
RIP1010_Hamilton_O3,1010,Hamilton,3,Family Forest,1,0.2223948433204488,1,67205,718562044290487
RIP1011_Columbia_O8,1011,Columbia,8,Local,1,0.2223948433204488,1,48676,448941011489998
RIP1012_Hamilton_O3,1012,Hamilton,3,Family Forest,4,0.8895793732817951,3,64405,638334488126144
RIP1013_Columbia_O8,1013,Columbia,8,Local,2,0.4447896866408976,2,59213,533664592126144
RIP1014_Hamilton_O3,1014,Hamilton,3,Family Forest,21,4.670291709729424,7,13445,43855313020004
RIP1015_Columbia_O8,1015,Columbia,8,Local,4,0.8895793732817951,4,23747,173002836010854
RIP1016_Hamilton_O3,1016,Hamilton,3,Family Forest,32,7.116634986254361,11,64405,638334488126144
RIP1017_Hamilton_O3,1017,Hamilton,3,Family Forest,1,0.2223948433204488,1,43046,374860898489998
RIP1018_Hamilton_O3,1018,Hamilton,3,Family Forest,4,0.8895793732817951,2,35220,259083023010854
RIP1019_Hamilton_O3,1019,Hamilton,3,Family Forest,6,1.3343690599226927,4,32408,236497707010854
RIP1020_Baker_O3,1020,Baker,3,Family Forest,4,0.8895793732817951,2,48634,448940584489998
RIP1021_Hamilton_O3,1021,Hamilton,3,Family Forest,2,0.4447896866408976,2,35220,259083023010854
RIP1022_Hamilton_O3,1022,Hamilton,3,Family Forest,4,0.8895793732817951,1,35220,259083023010854
RIP1023_Hamilton_O3,1023,Hamilton,3,Family Forest,7,1.5567639032431415,5,43046,374860898489998
RIP1024_Hamilton_O3,1024,Hamilton,3,Family Forest,3,0.6671845299613464,3,35220,259083023010854
RIP1025_Hamilton_O3,1025,Hamilton,3,Family Forest,1,0.2223948433204488,1,67475,718604294290487
RIP1026_Baker_O3,1026,Baker,3,Family Forest,12,2.6687381198453854,3,48634,448940584489998
RIP1027_Hamilton_O3,1027,Hamilton,3,Family Forest,4,0.8895793732817951,2,35220,259083023010854
RIP1028_Hamilton_O3,1028,Hamilton,3,Family Forest,9,2.001553589884039,6,36897,289515725489998
RIP1029_Baker_O3,1029,Baker,3,Family Forest,37,8.228609202856605,14,43151,374861300489998
RIP1030_Hamilton_O3,1030,Hamilton,3,Family Forest,16,3.5583174931271806,7,35220,259083023010854
RIP1031_Hamilton_O3,1031,Hamilton,3,Family Forest,47,10.452557636061092,11,32408,236497707010854
RIP1032_Hamilton_O3,1032,Hamilton,3,Family Forest,2,0.4447896866408976,2,35220,259083023010854
RIP1033_Hamilton_O3,1033,Hamilton,3,Family Forest,1,0.2223948433204488,1,24316,176548896010854
RIP1034_Hamilton_O3,1034,Hamilton,3,Family Forest,4,0.8895793732817951,2,35220,259083023010854
RIP1035_Hamilton_O3,1035,Hamilton,3,Family Forest,4,0.8895793732817951,3,36771,289515061489998
RIP1036_Hamilton_O3,1036,Hamilton,3,Family Forest,8,1.7791587465635903,4,35220,259083023010854
RIP1037_Columbia_O8,1037,Columbia,8,Local,2,0.4447896866408976,2,64384,638334343126144
RIP1038_Hamilton_O3,1038,Hamilton,3,Family Forest,5,1.111974216602244,4,48592,448940348489998
RIP1039_Baker_O3,1039,Baker,3,Family Forest,1,0.2223948433204488,1,67523,718604718290487
RIP1040_Hamilton_O3,1040,Hamilton,3,Family Forest,1,0.2223948433204488,1,48658,448940864489998
RIP1041_Columbia_O3,1041,Columbia,3,Family Forest,5,1.111974216602244,1,35220,259083023010854
RIP1042_Hamilton_O3,1042,Hamilton,3,Family Forest,9,2.001553589884039,6,64407,638334496126144
RIP1042_Hamilton_O8,1042,Hamilton,8,Local,1,0.2223948433204488,1,36962,289516223489998
RIP1043_Hamilton_O3,1043,Hamilton,3,Family Forest,1,0.2223948433204488,1,50147,451136773489998
RIP1044_Hamilton_O3,1044,Hamilton,3,Family Forest,1,0.2223948433204488,1,48658,448940864489998
RIP1045_Columbia_O3,1045,Columbia,3,Family Forest,4,0.8895793732817951,3,36897,289515725489998
RIP1046_Hamilton_O3,1046,Hamilton,3,Family Forest,8,1.7791587465635903,4,48596,448940355489998
RIP1047_Hamilton_O3,1047,Hamilton,3,Family Forest,16,3.5583174931271806,10,64173,635664733126144
RIP1048_Hamilton_O3,1048,Hamilton,3,Family Forest,1,0.2223948433204488,1,43237,374861690489998
RIP1049_Columbia_O3,1049,Columbia,3,Family Forest,2,0.4447896866408976,2,36897,289515725489998
RIP1049_Columbia_O8,1049,Columbia,8,Local,6,1.3343690599226927,3,36897,289515725489998
RIP1050_Columbia_O8,1050,Columbia,8,Local,1,0.2223948433204488,1,23747,173002836010854
RIP1051_Hamilton_O3,1051,Hamilton,3,Family Forest,35,7.783819516215708,11,36897,289515725489998
RIP1052_Columbia_O8,1052,Columbia,8,Local,2,0.4447896866408976,1,36935,289515947489998
RIP1053_Hamilton_O3,1053,Hamilton,3,Family Forest,142,31.580067751503726,22,36962,289516223489998
RIP1054_Hamilton_O3,1054,Hamilton,3,Family Forest,21,4.670291709729424,11,36897,289515725489998
RIP1054_Hamilton_O4,1054,Hamilton,4,Corporate/Other Private,4,0.8895793732817951,3,48592,448940348489998
RIP1055_Baker_O3,1055,Baker,3,Family Forest,4,0.8895793732817951,4,36932,289515944489998
RIP1056_Hamilton_O3,1056,Hamilton,3,Family Forest,11,2.446343276524937,6,13435,43855081020004
RIP1057_Hamilton_O3,1057,Hamilton,3,Family Forest,8,1.7791587465635903,4,64406,638334495126144
RIP1058_Hamilton_O3,1058,Hamilton,3,Family Forest,1,0.2223948433204488,1,48589,448940340489998
RIP1059_Baker_O6,1059,Baker,6,Federal,1,0.2223948433204488,1,59428,533665395126144
RIP1060_Hamilton_O3,1060,Hamilton,3,Family Forest,15,3.335922649806732,10,64407,638334496126144
RIP1061_Baker_O3,1061,Baker,3,Family Forest,1,0.2223948433204488,1,48672,448941001489998
RIP1062_Hamilton_O3,1062,Hamilton,3,Family Forest,24,5.337476239690771,10,35220,259083023010854
RIP1063_Baker_O6,1063,Baker,6,Federal,2,0.4447896866408976,2,43321,374862323489998
RIP1064_Baker_O3,1064,Baker,3,Family Forest,1,0.2223948433204488,1,21259,140564077010478
RIP1065_Hamilton_O3,1065,Hamilton,3,Family Forest,15,3.335922649806732,8,67461,718604231290487
RIP1066_Hamilton_O3,1066,Hamilton,3,Family Forest,4,0.8895793732817951,1,64293,638333844126144
RIP1067_Columbia_O8,1067,Columbia,8,Local,11,2.446343276524937,6,48596,448940355489998
RIP1068_Baker_O3,1068,Baker,3,Family Forest,1,0.2223948433204488,1,64383,638334339126144
RIP1069_Columbia_O8,1069,Columbia,8,Local,2,0.4447896866408976,1,35220,259083023010854
RIP1070_Columbia_O3,1070,Columbia,3,Family Forest,1,0.2223948433204488,1,36961,289516222489998
RIP1071_Columbia_O3,1071,Columbia,3,Family Forest,1,0.2223948433204488,1,36897,289515725489998
RIP1072_Hamilton_O3,1072,Hamilton,3,Family Forest,2,0.4447896866408976,2,67462,718604233290487
RIP1073_Columbia_O8,1073,Columbia,8,Local,1,0.2223948433204488,1,32408,236497707010854
RIP1074_Columbia_O3,1074,Columbia,3,Family Forest,3,0.6671845299613464,1,59294,533664907126144
RIP1075_Hamilton_O3,1075,Hamilton,3,Family Forest,39,8.673398889497502,13,43237,374861690489998
RIP1076_Columbia_O3,1076,Columbia,3,Family Forest,2,0.4447896866408976,2,36897,289515725489998
RIP1077_Columbia_O8,1077,Columbia,8,Local,3,0.6671845299613464,3,24316,176548896010854
RIP1078_Columbia_O8,1078,Columbia,8,Local,2,0.4447896866408976,2,36897,289515725489998
RIP1079_Hamilton_O3,1079,Hamilton,3,Family Forest,1,0.2223948433204488,1,67205,718562044290487
RIP1080_Hamilton_O3,1080,Hamilton,3,Family Forest,2,0.4447896866408976,1,64407,638334496126144
RIP1081_Hamilton_O3,1081,Hamilton,3,Family Forest,26,5.782265926331668,11,36897,289515725489998
RIP1082_Columbia_O3,1082,Columbia,3,Family Forest,1,0.2223948433204488,1,64406,638334495126144
RIP1083_Hamilton_O3,1083,Hamilton,3,Family Forest,2,0.4447896866408976,2,24515,176860754010854
RIP1084_Columbia_O8,1084,Columbia,8,Local,1,0.2223948433204488,1,36897,289515725489998
RIP1085_Baker_O3,1085,Baker,3,Family Forest,14,3.113527806486283,3,64452,638334742126144
RIP1085_Baker_O4,1085,Baker,4,Corporate/Other Private,4,0.8895793732817951,3,64454,638334746126144
RIP1086_Hamilton_O4,1086,Hamilton,4,Corporate/Other Private,9,2.001553589884039,3,36962,289516223489998
RIP1087_Columbia_O3,1087,Columbia,3,Family Forest,1,0.2223948433204488,1,64406,638334495126144
RIP1088_Hamilton_O3,1088,Hamilton,3,Family Forest,13,2.891132963165834,7,67461,718604231290487
RIP1089_Hamilton_O3,1089,Hamilton,3,Family Forest,2,0.4447896866408976,2,59294,533664907126144
RIP1090_Hamilton_O3,1090,Hamilton,3,Family Forest,13,2.891132963165834,7,36897,289515725489998
RIP1091_Hamilton_O4,1091,Hamilton,4,Corporate/Other Private,1,0.2223948433204488,1,67461,718604231290487
RIP1092_Hamilton_O3,1092,Hamilton,3,Family Forest,5,1.111974216602244,4,24316,176548896010854
RIP1093_Columbia_O3,1093,Columbia,3,Family Forest,2,0.4447896866408976,1,35220,259083023010854
RIP1094_Columbia_O8,1094,Columbia,8,Local,2,0.4447896866408976,1,50155,451136792489998
RIP1095_Hamilton_O3,1095,Hamilton,3,Family Forest,5,1.111974216602244,4,67205,718562044290487
RIP1096_Baker_O3,1096,Baker,3,Family Forest,1,0.2223948433204488,1,31048,218219125020004
RIP1097_Columbia_O3,1097,Columbia,3,Family Forest,3,0.6671845299613464,1,36897,289515725489998
RIP1098_Baker_O3,1098,Baker,3,Family Forest,10,2.223948433204488,4,48634,448940584489998
RIP1099_Baker_O6,1099,Baker,6,Federal,1,0.2223948433204488,1,59428,533665395126144
RIP1100_Hamilton_O3,1100,Hamilton,3,Family Forest,1,0.2223948433204488,1,36941,289515964489998
RIP1101_Columbia_O8,1101,Columbia,8,Local,2,0.4447896866408976,1,50155,451136792489998
RIP1102_Baker_O3,1102,Baker,3,Family Forest,31,6.894240142933913,7,50098,451136592489998
RIP1102_Baker_O4,1102,Baker,4,Corporate/Other Private,43,9.562978262779298,12,67313,718603549290487
RIP1103_Columbia_O3,1103,Columbia,3,Family Forest,1,0.2223948433204488,1,36897,289515725489998
RIP1104_Columbia_O8,1104,Columbia,8,Local,7,1.5567639032431415,5,50155,451136792489998
RIP1105_Baker_O6,1105,Baker,6,Federal,17,3.780712336447629,6,59428,533665395126144
RIP1106_Columbia_O8,1106,Columbia,8,Local,4,0.8895793732817951,4,36897,289515725489998
RIP1107_Baker_O3,1107,Baker,3,Family Forest,5,1.111974216602244,2,43151,374861300489998
RIP1108_Baker_O4,1108,Baker,4,Corporate/Other Private,1,0.2223948433204488,1,36934,289515946489998
RIP1109_Baker_O3,1109,Baker,3,Family Forest,7,1.5567639032431415,5,36934,289515946489998
RIP1109_Baker_O4,1109,Baker,4,Corporate/Other Private,1,0.2223948433204488,1,36934,289515946489998
RIP1110_Baker_O3,1110,Baker,3,Family Forest,2,0.4447896866408976,2,43151,374861300489998
RIP1110_Baker_O4,1110,Baker,4,Corporate/Other Private,4,0.8895793732817951,3,64452,638334742126144
RIP1111_Baker_O3,1111,Baker,3,Family Forest,3,0.6671845299613464,3,36864,289515540489998
RIP1112_Baker_O4,1112,Baker,4,Corporate/Other Private,6,1.3343690599226927,1,50098,451136592489998
RIP1113_Hamilton_O4,1113,Hamilton,4,Corporate/Other Private,1,0.2223948433204488,1,48658,448940864489998
RIP1114_Baker_O3,1114,Baker,3,Family Forest,1,0.2223948433204488,1,64452,638334742126144
RIP1115_Columbia_O3,1115,Columbia,3,Family Forest,1,0.2223948433204488,1,59294,533664907126144
RIP1116_Baker_O3,1116,Baker,3,Family Forest,14,3.113527806486283,5,64452,638334742126144
RIP1117_Hamilton_O4,1117,Hamilton,4,Corporate/Other Private,6,1.3343690599226927,3,48658,448940864489998
RIP1118_Hamilton_O4,1118,Hamilton,4,Corporate/Other Private,2,0.4447896866408976,2,24316,176548896010854
RIP1119_Baker_O3,1119,Baker,3,Family Forest,4,0.8895793732817951,2,43217,374861587489998
RIP1120_Hamilton_O3,1120,Hamilton,3,Family Forest,44,9.785373106099748,13,36897,289515725489998
RIP1121_Baker_O4,1121,Baker,4,Corporate/Other Private,4,0.8895793732817951,3,36905,289515771489998
RIP1122_Baker_O4,1122,Baker,4,Corporate/Other Private,2,0.4447896866408976,2,35377,259178350010854
RIP1123_Baker_O3,1123,Baker,3,Family Forest,11,2.446343276524937,3,2743,20342987010478
RIP1123_Baker_O6,1123,Baker,6,Federal,1,0.2223948433204488,1,2743,20342987010478
RIP1124_Baker_O3,1124,Baker,3,Family Forest,1,0.2223948433204488,1,67279,718562372290487
RIP1125_Baker_O4,1125,Baker,4,Corporate/Other Private,3,0.6671845299613464,2,36941,289515964489998
RIP1126_Baker_O4,1126,Baker,4,Corporate/Other Private,1,0.2223948433204488,1,67378,718603881290487
RIP1127_Hamilton_O4,1127,Hamilton,4,Corporate/Other Private,3,0.6671845299613464,2,48658,448940864489998
RIP1128_Baker_O3,1128,Baker,3,Family Forest,2,0.4447896866408976,2,16549,61280243010478
RIP1129_Baker_O3,1129,Baker,3,Family Forest,7,1.5567639032431415,3,67541,718604892290487
RIP1129_Baker_O4,1129,Baker,4,Corporate/Other Private,8,1.7791587465635903,3,64452,638334742126144
RIP1130_Baker_O4,1130,Baker,4,Corporate/Other Private,1,0.2223948433204488,1,48668,448940993489998
RIP1131_Baker_O3,1131,Baker,3,Family Forest,4,0.8895793732817951,3,48658,448940864489998
RIP1132_Baker_O4,1132,Baker,4,Corporate/Other Private,5,1.111974216602244,3,36824,289515345489998
RIP1133_Hamilton_O3,1133,Hamilton,3,Family Forest,4,0.8895793732817951,1,64167,635664717126144
RIP1134_Columbia_O6,1134,Columbia,6,Federal,1,0.2223948433204488,1,67453,718604216290487
RIP1135_Baker_O3,1135,Baker,3,Family Forest,37,8.228609202856605,8,50098,451136592489998
RIP1136_Baker_O4,1136,Baker,4,Corporate/Other Private,4,0.8895793732817951,3,43326,374862340489998
RIP1137_Columbia_O6,1137,Columbia,6,Federal,14,3.113527806486283,3,2743,20342987010478
RIP1138_Baker_O4,1138,Baker,4,Corporate/Other Private,2,0.4447896866408976,2,36941,289515964489998
RIP1139_Hamilton_O4,1139,Hamilton,4,Corporate/Other Private,2,0.4447896866408976,2,36965,289516230489998
RIP1140_Baker_O3,1140,Baker,3,Family Forest,4,0.8895793732817951,3,67378,718603881290487
RIP1141_Baker_O3,1141,Baker,3,Family Forest,1,0.2223948433204488,1,67511,718604485290487
RIP1142_Baker_O4,1142,Baker,4,Corporate/Other Private,1,0.2223948433204488,1,36824,289515345489998
RIP1143_Hamilton_O3,1143,Hamilton,3,Family Forest,1,0.2223948433204488,1,13445,43855313020004
RIP1143_Hamilton_O4,1143,Hamilton,4,Corporate/Other Private,3,0.6671845299613464,2,59294,533664907126144
RIP1144_Baker_O4,1144,Baker,4,Corporate/Other Private,1,0.2223948433204488,1,36824,289515345489998
RIP1145_Baker_O3,1145,Baker,3,Family Forest,1,0.2223948433204488,1,48658,448940864489998
RIP1146_Baker_O4,1146,Baker,4,Corporate/Other Private,5,1.111974216602244,4,36824,289515345489998
RIP1147_Baker_O3,1147,Baker,3,Family Forest,2,0.4447896866408976,2,36928,289515933489998
RIP1148_Baker_O4,1148,Baker,4,Corporate/Other Private,1,0.2223948433204488,1,43326,374862340489998
RIP1149_Baker_O4,1149,Baker,4,Corporate/Other Private,4,0.8895793732817951,4,36823,289515330489998
RIP1150_Baker_O3,1150,Baker,3,Family Forest,6,1.3343690599226927,3,48633,448940579489998
RIP1151_Baker_O3,1151,Baker,3,Family Forest,1,0.2223948433204488,1,36928,289515933489998
RIP1152_Baker_O4,1152,Baker,4,Corporate/Other Private,1,0.2223948433204488,1,67423,718604068290487
RIP1153_Baker_O4,1153,Baker,4,Corporate/Other Private,1,0.2223948433204488,1,67511,718604485290487
RIP1154_Baker_O4,1154,Baker,4,Corporate/Other Private,9,2.001553589884039,6,36911,289515792489998
RIP1155_Baker_O4,1155,Baker,4,Corporate/Other Private,45,10.007767949420195,20,43151,374861300489998
RIP1156_Baker_O4,1156,Baker,4,Corporate/Other Private,2,0.4447896866408976,2,43326,374862340489998
RIP1157_Baker_O4,1157,Baker,4,Corporate/Other Private,2,0.4447896866408976,2,33345,249673568010854
RIP1158_Baker_O4,1158,Baker,4,Corporate/Other Private,2,0.4447896866408976,2,48658,448940864489998
RIP1159_Hamilton_O3,1159,Hamilton,3,Family Forest,6,1.3343690599226927,4,64407,638334496126144
RIP1160_Hamilton_O3,1160,Hamilton,3,Family Forest,2,0.4447896866408976,1,64407,638334496126144
RIP1161_Hamilton_O4,1161,Hamilton,4,Corporate/Other Private,6,1.3343690599226927,4,59294,533664907126144
RIP1162_Columbia_O8,1162,Columbia,8,Local,3,0.6671845299613464,2,59213,533664592126144
RIP1163_Hamilton_O3,1163,Hamilton,3,Family Forest,1,0.2223948433204488,1,48672,448941001489998
RIP1164_Baker_O3,1164,Baker,3,Family Forest,27,6.0046607696521175,7,50098,451136592489998
RIP1165_Baker_O4,1165,Baker,4,Corporate/Other Private,7,1.5567639032431415,4,67372,718603850290487
RIP1166_Baker_O3,1166,Baker,3,Family Forest,4,0.8895793732817951,2,48634,448940584489998
RIP1167_Hamilton_O3,1167,Hamilton,3,Family Forest,2,0.4447896866408976,2,36897,289515725489998
RIP1168_Baker_O3,1168,Baker,3,Family Forest,2,0.4447896866408976,2,24316,176548896010854
RIP1169_Baker_O3,1169,Baker,3,Family Forest,1,0.2223948433204488,1,67375,718603858290487
RIP1170_Columbia_O8,1170,Columbia,8,Local,7,1.5567639032431415,3,32408,236497707010854
RIP1171_Baker_O3,1171,Baker,3,Family Forest,1,0.2223948433204488,1,23747,173002836010854
RIP1172_Baker_O3,1172,Baker,3,Family Forest,36,8.006214359536155,12,35378,259178355010854
RIP1173_Hamilton_O3,1173,Hamilton,3,Family Forest,5,1.111974216602244,3,67462,718604233290487
RIP1174_Baker_O4,1174,Baker,4,Corporate/Other Private,3,0.6671845299613464,2,43151,374861300489998
RIP1175_Baker_O3,1175,Baker,3,Family Forest,58,12.89890091258603,7,36824,289515345489998
RIP1175_Baker_O8,1175,Baker,8,Local,18,4.003107179768078,5,43054,374860913489998
RIP1176_Baker_O4,1176,Baker,4,Corporate/Other Private,6,1.3343690599226927,5,64219,635664906126144
RIP1177_Baker_O3,1177,Baker,3,Family Forest,5,1.111974216602244,4,48632,448940577489998
RIP1178_Hamilton_O3,1178,Hamilton,3,Family Forest,1,0.2223948433204488,1,13435,43855081020004
RIP1179_Hamilton_O3,1179,Hamilton,3,Family Forest,7,1.5567639032431415,4,67462,718604233290487
RIP1180_Hamilton_O3,1180,Hamilton,3,Family Forest,1,0.2223948433204488,1,64173,635664733126144
RIP1180_Hamilton_O4,1180,Hamilton,4,Corporate/Other Private,1,0.2223948433204488,1,36962,289516223489998
RIP1181_Hamilton_O4,1181,Hamilton,4,Corporate/Other Private,1,0.2223948433204488,1,36962,289516223489998
RIP1182_Baker_O3,1182,Baker,3,Family Forest,39,8.673398889497502,4,50183,451136888489998
RIP1183_Baker_O4,1183,Baker,4,Corporate/Other Private,4,0.8895793732817951,2,36939,289515962489998
RIP1184_Baker_O4,1184,Baker,4,Corporate/Other Private,2,0.4447896866408976,2,13443,43855291020004
RIP1185_Baker_O8,1185,Baker,8,Local,26,5.782265926331668,6,50098,451136592489998
RIP1186_Hamilton_O3,1186,Hamilton,3,Family Forest,1,0.2223948433204488,1,59294,533664907126144
RIP1187_Baker_O4,1187,Baker,4,Corporate/Other Private,1,0.2223948433204488,1,67372,718603850290487
RIP1188_Baker_O4,1188,Baker,4,Corporate/Other Private,4,0.8895793732817951,4,36847,289515438489998
RIP1189_Hamilton_O3,1189,Hamilton,3,Family Forest,1,0.2223948433204488,1,67461,718604231290487
RIP1190_Hamilton_O3,1190,Hamilton,3,Family Forest,5,1.111974216602244,3,36962,289516223489998
RIP1191_Hamilton_O3,1191,Hamilton,3,Family Forest,4,0.8895793732817951,2,67541,718604892290487
RIP1192_Baker_O3,1192,Baker,3,Family Forest,9,2.001553589884039,6,48596,448940355489998
RIP1193_Hamilton_O3,1193,Hamilton,3,Family Forest,4,0.8895793732817951,4,48592,448940348489998
RIP1194_Hamilton_O4,1194,Hamilton,4,Corporate/Other Private,1,0.2223948433204488,1,67541,718604892290487
RIP1195_Hamilton_O4,1195,Hamilton,4,Corporate/Other Private,4,0.8895793732817951,2,59294,533664907126144
RIP1196_Columbia_O3,1196,Columbia,3,Family Forest,12,2.6687381198453854,4,36897,289515725489998
RIP1196_Columbia_O4,1196,Columbia,4,Corporate/Other Private,10,2.223948433204488,6,48596,448940355489998
RIP1197_Columbia_O3,1197,Columbia,3,Family Forest,12,2.6687381198453854,6,35220,259083023010854
RIP1197_Columbia_O4,1197,Columbia,4,Corporate/Other Private,49,10.897347322701991,8,36897,289515725489998
RIP1198_Baker_O3,1198,Baker,3,Family Forest,1,0.2223948433204488,1,32406,236497515010854
RIP1199_Columbia_O3,1199,Columbia,3,Family Forest,30,6.671845299613464,12,35220,259083023010854
RIP1199_Columbia_O8,1199,Columbia,8,Local,60,13.343690599226928,14,36897,289515725489998
RIP1200_Baker_O4,1200,Baker,4,Corporate/Other Private,12,2.6687381198453854,4,64219,635664906126144
RIP1201_Columbia_O4,1201,Columbia,4,Corporate/Other Private,2,0.4447896866408976,2,36897,289515725489998
RIP1202_Columbia_O6,1202,Columbia,6,Federal,10,2.223948433204488,6,23747,173002836010854
RIP1203_Baker_O4,1203,Baker,4,Corporate/Other Private,10,2.223948433204488,3,43151,374861300489998
RIP1204_Baker_O4,1204,Baker,4,Corporate/Other Private,4,0.8895793732817951,3,67372,718603850290487
RIP1205_Columbia_O4,1205,Columbia,4,Corporate/Other Private,2,0.4447896866408976,2,36961,289516222489998
RIP1206_Columbia_O8,1206,Columbia,8,Local,9,2.001553589884039,6,64384,638334343126144
RIP1207_Baker_O4,1207,Baker,4,Corporate/Other Private,5,1.111974216602244,4,67372,718603850290487
RIP1208_Hamilton_O3,1208,Hamilton,3,Family Forest,4,0.8895793732817951,2,35220,259083023010854
RIP1209_Hamilton_O3,1209,Hamilton,3,Family Forest,40,8.895793732817951,11,35220,259083023010854
RIP1210_Hamilton_O3,1210,Hamilton,3,Family Forest,44,9.785373106099748,9,36962,289516223489998
RIP1211_Hamilton_O3,1211,Hamilton,3,Family Forest,6,1.3343690599226927,5,36962,289516223489998
RIP1211_Hamilton_O4,1211,Hamilton,4,Corporate/Other Private,5,1.111974216602244,2,48658,448940864489998
RIP1212_Hamilton_O3,1212,Hamilton,3,Family Forest,2,0.4447896866408976,2,43187,374861459489998
RIP1213_Hamilton_O4,1213,Hamilton,4,Corporate/Other Private,46,10.230162792740645,10,36897,289515725489998
RIP1214_Columbia_O3,1214,Columbia,3,Family Forest,22,4.892686553049874,11,48571,448940206489998
RIP1214_Columbia_O8,1214,Columbia,8,Local,8,1.7791587465635903,4,36897,289515725489998
RIP1215_Hamilton_O3,1215,Hamilton,3,Family Forest,3,0.6671845299613464,3,36771,289515061489998
RIP1216_Hamilton_O3,1216,Hamilton,3,Family Forest,2,0.4447896866408976,1,48658,448940864489998
RIP1217_Hamilton_O3,1217,Hamilton,3,Family Forest,5,1.111974216602244,4,64405,638334488126144
RIP1218_Hamilton_O3,1218,Hamilton,3,Family Forest,1,0.2223948433204488,1,36897,289515725489998
RIP1219_Baker_O8,1219,Baker,8,Local,25,5.5598710830112195,8,50098,451136592489998
RIP1220_Baker_O8,1220,Baker,8,Local,2,0.4447896866408976,1,36824,289515345489998
RIP1221_Baker_O4,1221,Baker,4,Corporate/Other Private,1,0.2223948433204488,1,36928,289515933489998
RIP1222_Baker_O4,1222,Baker,4,Corporate/Other Private,1,0.2223948433204488,1,36940,289515963489998
RIP1223_Baker_O4,1223,Baker,4,Corporate/Other Private,2,0.4447896866408976,2,64219,635664906126144
RIP1224_Baker_O4,1224,Baker,4,Corporate/Other Private,4,0.8895793732817951,2,64407,638334496126144
RIP1225_Hamilton_O4,1225,Hamilton,4,Corporate/Other Private,11,2.446343276524937,4,36897,289515725489998
RIP1226_Hamilton_O3,1226,Hamilton,3,Family Forest,1,0.2223948433204488,1,24316,176548896010854
RIP1227_Hamilton_O3,1227,Hamilton,3,Family Forest,11,2.446343276524937,5,31037,218218426020004
RIP1228_Columbia_O8,1228,Columbia,8,Local,3,0.6671845299613464,3,23749,173002845010854
RIP1229_Baker_O3,1229,Baker,3,Family Forest,1,0.2223948433204488,1,32406,236497515010854
RIP1230_Hamilton_O3,1230,Hamilton,3,Family Forest,10,2.223948433204488,9,67338,718603673290487
RIP1231_Hamilton_O3,1231,Hamilton,3,Family Forest,18,4.003107179768078,7,64407,638334496126144
RIP1231_Hamilton_O4,1231,Hamilton,4,Corporate/Other Private,15,3.335922649806732,9,36897,289515725489998
RIP1232_Columbia_O8,1232,Columbia,8,Local,1,0.2223948433204488,1,36935,289515947489998
RIP1233_Baker_O3,1233,Baker,3,Family Forest,80,17.791587465635903,17,67313,718603549290487
RIP1234_Baker_O3,1234,Baker,3,Family Forest,10,2.223948433204488,4,64219,635664906126144
RIP1235_Hamilton_O3,1235,Hamilton,3,Family Forest,3,0.6671845299613464,2,48595,448940352489998
RIP1236_Hamilton_O3,1236,Hamilton,3,Family Forest,4,0.8895793732817951,2,67205,718562044290487
RIP1237_Baker_O3,1237,Baker,3,Family Forest,22,4.892686553049874,7,43054,374860913489998
RIP1237_Baker_O8,1237,Baker,8,Local,103,22.906668862006224,15,36824,289515345489998
RIP1238_Hamilton_O3,1238,Hamilton,3,Family Forest,1,0.2223948433204488,1,36962,289516223489998
RIP1238_Hamilton_O4,1238,Hamilton,4,Corporate/Other Private,2,0.4447896866408976,2,36897,289515725489998
RIP1239_Columbia_O3,1239,Columbia,3,Family Forest,26,5.782265926331668,6,35220,259083023010854
RIP1240_Columbia_O4,1240,Columbia,4,Corporate/Other Private,1,0.2223948433204488,1,64483,638335132126144
RIP1241_Columbia_O6,1241,Columbia,6,Federal,2,0.4447896866408976,2,13183,43266266020004
RIP1242_Baker_O4,1242,Baker,4,Corporate/Other Private,4,0.8895793732817951,4,36932,289515944489998
RIP1243_Columbia_O8,1243,Columbia,8,Local,1,0.2223948433204488,1,48589,448940340489998
RIP1244_Columbia_O8,1244,Columbia,8,Local,2,0.4447896866408976,2,36935,289515947489998
RIP1245_Columbia_O6,1245,Columbia,6,Federal,1,0.2223948433204488,1,13183,43266266020004
RIP1246_Hamilton_O3,1246,Hamilton,3,Family Forest,31,6.894240142933913,12,36962,289516223489998
RIP1246_Hamilton_O4,1246,Hamilton,4,Corporate/Other Private,16,3.5583174931271806,7,36897,289515725489998
RIP1247_Hamilton_O3,1247,Hamilton,3,Family Forest,10,2.223948433204488,5,36897,289515725489998
RIP1248_Hamilton_O3,1248,Hamilton,3,Family Forest,14,3.113527806486283,5,67462,718604233290487
RIP1249_Hamilton_O4,1249,Hamilton,4,Corporate/Other Private,5,1.111974216602244,3,64406,638334495126144
RIP1250_Columbia_O6,1250,Columbia,6,Federal,2,0.4447896866408976,2,13183,43266266020004
RIP1251_Columbia_O6,1251,Columbia,6,Federal,23,5.115081396370322,14,2743,20342987010478
RIP1252_Baker_O3,1252,Baker,3,Family Forest,35,7.783819516215708,2,43200,374861516489998
RIP1253_Baker_O4,1253,Baker,4,Corporate/Other Private,3,0.6671845299613464,2,64383,638334339126144
RIP1254_Columbia_O8,1254,Columbia,8,Local,3,0.6671845299613464,3,24316,176548896010854
RIP1255_Hamilton_O4,1255,Hamilton,4,Corporate/Other Private,6,1.3343690599226927,4,31037,218218426020004
RIP1256_Hamilton_O3,1256,Hamilton,3,Family Forest,15,3.335922649806732,10,31037,218218426020004
RIP1257_Columbia_O8,1257,Columbia,8,Local,8,1.7791587465635903,6,36935,289515947489998
RIP1258_Columbia_O6,1258,Columbia,6,Federal,2,0.4447896866408976,1,13183,43266266020004
RIP1259_Hamilton_O3,1259,Hamilton,3,Family Forest,31,6.894240142933913,11,36897,289515725489998
RIP1260_Baker_O8,1260,Baker,8,Local,4,0.8895793732817951,4,36824,289515345489998
RIP1261_Hamilton_O3,1261,Hamilton,3,Family Forest,17,3.780712336447629,12,35220,259083023010854
RIP1262_Hamilton_O4,1262,Hamilton,4,Corporate/Other Private,1,0.2223948433204488,1,36897,289515725489998
RIP1263_Baker_O8,1263,Baker,8,Local,15,3.335922649806732,7,36824,289515345489998
RIP1264_Baker_O3,1264,Baker,3,Family Forest,1,0.2223948433204488,1,67372,718603850290487
RIP1265_Baker_O4,1265,Baker,4,Corporate/Other Private,1,0.2223948433204488,1,64294,638333845126144
RIP1266_Columbia_O6,1266,Columbia,6,Federal,2,0.4447896866408976,2,13183,43266266020004
RIP1267_Hamilton_O3,1267,Hamilton,3,Family Forest,13,2.891132963165834,7,36962,289516223489998
RIP1268_Hamilton_O4,1268,Hamilton,4,Corporate/Other Private,10,2.223948433204488,5,67461,718604231290487
RIP1269_Hamilton_O3,1269,Hamilton,3,Family Forest,6,1.3343690599226927,5,64483,638335132126144
RIP1270_Baker_O3,1270,Baker,3,Family Forest,1,0.2223948433204488,1,36940,289515963489998
RIP1271_Baker_O4,1271,Baker,4,Corporate/Other Private,7,1.5567639032431415,1,64294,638333845126144
RIP1272_Columbia_O3,1272,Columbia,3,Family Forest,3,0.6671845299613464,2,35220,259083023010854
RIP1273_Columbia_O3,1273,Columbia,3,Family Forest,10,2.223948433204488,4,35220,259083023010854
RIP1274_Columbia_O6,1274,Columbia,6,Federal,2,0.4447896866408976,1,13183,43266266020004
RIP1275_Columbia_O3,1275,Columbia,3,Family Forest,1,0.2223948433204488,1,36962,289516223489998
RIP1276_Columbia_O8,1276,Columbia,8,Local,2,0.4447896866408976,2,48445,448939642489998
RIP1277_Columbia_O8,1277,Columbia,8,Local,1,0.2223948433204488,1,48445,448939642489998
RIP1278_Baker_O8,1278,Baker,8,Local,2,0.4447896866408976,2,67313,718603549290487
RIP1279_Hamilton_O3,1279,Hamilton,3,Family Forest,17,3.780712336447629,12,50155,451136792489998
RIP1280_Hamilton_O3,1280,Hamilton,3,Family Forest,16,3.5583174931271806,3,36962,289516223489998
RIP1281_Columbia_O3,1281,Columbia,3,Family Forest,30,6.671845299613464,7,35220,259083023010854
RIP1282_Baker_O3,1282,Baker,3,Family Forest,6,1.3343690599226927,4,67372,718603850290487
RIP1283_Columbia_O6,1283,Columbia,6,Federal,2,0.4447896866408976,1,59421,533665369126144
RIP1284_Hamilton_O3,1284,Hamilton,3,Family Forest,33,7.33902982957481,13,67238,718562171290487
RIP1285_Baker_O4,1285,Baker,4,Corporate/Other Private,2,0.4447896866408976,1,67372,718603850290487
RIP1286_Baker_O4,1286,Baker,4,Corporate/Other Private,1,0.2223948433204488,1,64294,638333845126144
RIP1287_Columbia_O3,1287,Columbia,3,Family Forest,9,2.001553589884039,4,48592,448940348489998
RIP1288_Columbia_O6,1288,Columbia,6,Federal,3,0.6671845299613464,1,36968,289516340489998
RIP1289_Baker_O8,1289,Baker,8,Local,1,0.2223948433204488,1,45047,385730105489998
RIP1290_Baker_O4,1290,Baker,4,Corporate/Other Private,2,0.4447896866408976,1,64294,638333845126144
RIP1291_Hamilton_O4,1291,Hamilton,4,Corporate/Other Private,17,3.780712336447629,9,48592,448940348489998
RIP1292_Hamilton_O3,1292,Hamilton,3,Family Forest,1,0.2223948433204488,1,36771,289515061489998
RIP1293_Hamilton_O3,1293,Hamilton,3,Family Forest,9,2.001553589884039,7,64406,638334495126144
RIP1294_Columbia_O6,1294,Columbia,6,Federal,3,0.6671845299613464,2,36968,289516340489998
RIP1295_Columbia_O6,1295,Columbia,6,Federal,2,0.4447896866408976,2,36794,289515149489998
RIP1296_Hamilton_O4,1296,Hamilton,4,Corporate/Other Private,5,1.111974216602244,5,36771,289515061489998
RIP1297_Baker_O3,1297,Baker,3,Family Forest,5,1.111974216602244,5,24316,176548896010854
RIP1298_Hamilton_O3,1298,Hamilton,3,Family Forest,4,0.8895793732817951,3,36962,289516223489998
RIP1298_Hamilton_O4,1298,Hamilton,4,Corporate/Other Private,6,1.3343690599226927,2,36962,289516223489998
RIP1299_Columbia_O6,1299,Columbia,6,Federal,2,0.4447896866408976,2,36968,289516340489998
RIP1300_Hamilton_O3,1300,Hamilton,3,Family Forest,4,0.8895793732817951,4,24515,176860754010854
RIP1301_Hamilton_O3,1301,Hamilton,3,Family Forest,7,1.5567639032431415,4,13435,43855081020004
RIP1302_Hamilton_O4,1302,Hamilton,4,Corporate/Other Private,16,3.5583174931271806,10,36897,289515725489998
RIP1303_Hamilton_O3,1303,Hamilton,3,Family Forest,1,0.2223948433204488,1,48658,448940864489998
RIP1304_Columbia_O6,1304,Columbia,6,Federal,8,1.7791587465635903,5,59421,533665369126144
RIP1305_Columbia_O6,1305,Columbia,6,Federal,1,0.2223948433204488,1,36968,289516340489998
RIP1306_Hamilton_O4,1306,Hamilton,4,Corporate/Other Private,12,2.6687381198453854,6,32408,236497707010854
RIP1307_Hamilton_O4,1307,Hamilton,4,Corporate/Other Private,2,0.4447896866408976,2,48592,448940348489998
RIP1308_Hamilton_O3,1308,Hamilton,3,Family Forest,16,3.5583174931271806,10,36962,289516223489998
RIP1309_Hamilton_O3,1309,Hamilton,3,Family Forest,25,5.5598710830112195,9,48592,448940348489998
RIP1310_Columbia_O6,1310,Columbia,6,Federal,7,1.5567639032431415,4,36968,289516340489998
RIP1311_Baker_O3,1311,Baker,3,Family Forest,27,6.0046607696521175,5,50098,451136592489998
RIP1312_Baker_O3,1312,Baker,3,Family Forest,4,0.8895793732817951,3,64405,638334488126144
RIP1313_Hamilton_O4,1313,Hamilton,4,Corporate/Other Private,1,0.2223948433204488,1,36771,289515061489998
RIP1314_Columbia_O3,1314,Columbia,3,Family Forest,4,0.8895793732817951,3,64406,638334495126144
RIP1315_Hamilton_O4,1315,Hamilton,4,Corporate/Other Private,2,0.4447896866408976,1,48596,448940355489998
RIP1316_Columbia_O3,1316,Columbia,3,Family Forest,1,0.2223948433204488,1,36939,289515962489998
RIP1317_Hamilton_O3,1317,Hamilton,3,Family Forest,1,0.2223948433204488,1,13435,43855081020004
RIP1318_Columbia_O3,1318,Columbia,3,Family Forest,4,0.8895793732817951,3,35220,259083023010854
RIP1319_Baker_O8,1319,Baker,8,Local,22,4.892686553049874,5,36824,289515345489998
RIP1320_Hamilton_O4,1320,Hamilton,4,Corporate/Other Private,16,3.5583174931271806,10,36897,289515725489998
RIP1321_Hamilton_O3,1321,Hamilton,3,Family Forest,4,0.8895793732817951,3,67462,718604233290487
RIP1322_Hamilton_O4,1322,Hamilton,4,Corporate/Other Private,1,0.2223948433204488,1,48596,448940355489998
RIP1323_Columbia_O3,1323,Columbia,3,Family Forest,8,1.7791587465635903,7,35220,259083023010854
RIP1324_Columbia_O3,1324,Columbia,3,Family Forest,4,0.8895793732817951,3,59294,533664907126144
RIP1325_Baker_O3,1325,Baker,3,Family Forest,26,5.782265926331668,12,64405,638334488126144
RIP1326_Hamilton_O7,1326,Hamilton,7,State,1,0.2223948433204488,1,67205,718562044290487
RIP1327_Columbia_O3,1327,Columbia,3,Family Forest,2,0.4447896866408976,2,36897,289515725489998
RIP1328_Columbia_O6,1328,Columbia,6,Federal,11,2.446343276524937,7,59428,533665395126144
RIP1329_Baker_O3,1329,Baker,3,Family Forest,20,4.447896866408976,4,2743,20342987010478
RIP1330_Columbia_O3,1330,Columbia,3,Family Forest,2,0.4447896866408976,2,36939,289515962489998
RIP1331_Hamilton_O3,1331,Hamilton,3,Family Forest,1,0.2223948433204488,1,67541,718604892290487
RIP1332_Hamilton_O4,1332,Hamilton,4,Corporate/Other Private,1,0.2223948433204488,1,24316,176548896010854
RIP1333_Hamilton_O3,1333,Hamilton,3,Family Forest,6,1.3343690599226927,4,35220,259083023010854
RIP1334_Columbia_O6,1334,Columbia,6,Federal,4,0.8895793732817951,3,59428,533665395126144
RIP1335_Columbia_O6,1335,Columbia,6,Federal,7,1.5567639032431415,3,67279,718562372290487
RIP1336_Baker_O4,1336,Baker,4,Corporate/Other Private,12,2.6687381198453854,7,36928,289515933489998
RIP1337_Hamilton_O3,1337,Hamilton,3,Family Forest,67,14.900454502470069,13,43315,374862210489998
RIP1337_Hamilton_O4,1337,Hamilton,4,Corporate/Other Private,2,0.4447896866408976,2,43315,374862210489998
RIP1338_Hamilton_O4,1338,Hamilton,4,Corporate/Other Private,11,2.446343276524937,5,67462,718604233290487
RIP1338_Hamilton_O6,1338,Hamilton,6,Federal,17,3.780712336447629,6,67462,718604233290487
RIP1339_Hamilton_O3,1339,Hamilton,3,Family Forest,4,0.8895793732817951,3,67324,718603599290487
RIP1340_Hamilton_O3,1340,Hamilton,3,Family Forest,2,0.4447896866408976,2,64405,638334488126144
RIP1341_Hamilton_O3,1341,Hamilton,3,Family Forest,1,0.2223948433204488,1,67541,718604892290487
RIP1342_Columbia_O3,1342,Columbia,3,Family Forest,10,2.223948433204488,7,36962,289516223489998
RIP1343_Columbia_O3,1343,Columbia,3,Family Forest,1,0.2223948433204488,1,48592,448940348489998
RIP1344_Columbia_O3,1344,Columbia,3,Family Forest,2,0.4447896866408976,1,59294,533664907126144
RIP1345_Hamilton_O3,1345,Hamilton,3,Family Forest,8,1.7791587465635903,5,36897,289515725489998
RIP1346_Columbia_O3,1346,Columbia,3,Family Forest,2,0.4447896866408976,2,48571,448940206489998
RIP1347_Hamilton_O3,1347,Hamilton,3,Family Forest,4,0.8895793732817951,3,67324,718603599290487
RIP1348_Hamilton_O3,1348,Hamilton,3,Family Forest,24,5.337476239690771,10,48596,448940355489998
RIP1349_Hamilton_O3,1349,Hamilton,3,Family Forest,51,11.342137009342888,7,36962,289516223489998
RIP1349_Hamilton_O4,1349,Hamilton,4,Corporate/Other Private,25,5.5598710830112195,8,36962,289516223489998
RIP1350_Hamilton_O3,1350,Hamilton,3,Family Forest,11,2.446343276524937,3,35220,259083023010854
RIP1351_Columbia_O3,1351,Columbia,3,Family Forest,5,1.111974216602244,2,59294,533664907126144
RIP1352_Columbia_O3,1352,Columbia,3,Family Forest,4,0.8895793732817951,3,59294,533664907126144
RIP1353_Columbia_O3,1353,Columbia,3,Family Forest,4,0.8895793732817951,3,59294,533664907126144
RIP1354_Baker_O4,1354,Baker,4,Corporate/Other Private,38,8.451004046177054,8,64219,635664906126144
RIP1355_Hamilton_O3,1355,Hamilton,3,Family Forest,2,0.4447896866408976,2,24515,176860754010854
RIP1356_Hamilton_O3,1356,Hamilton,3,Family Forest,1,0.2223948433204488,1,59294,533664907126144
RIP1357_Hamilton_O3,1357,Hamilton,3,Family Forest,2,0.4447896866408976,2,36897,289515725489998
RIP1358_Hamilton_O4,1358,Hamilton,4,Corporate/Other Private,1,0.2223948433204488,1,67541,718604892290487
RIP1359_Columbia_O6,1359,Columbia,6,Federal,2,0.4447896866408976,2,23749,173002845010854
RIP1360_Baker_O3,1360,Baker,3,Family Forest,4,0.8895793732817951,3,50098,451136592489998
RIP1361_Baker_O8,1361,Baker,8,Local,4,0.8895793732817951,1,36824,289515345489998
RIP1362_Hamilton_O4,1362,Hamilton,4,Corporate/Other Private,5,1.111974216602244,3,36897,289515725489998
RIP1363_Hamilton_O4,1363,Hamilton,4,Corporate/Other Private,2,0.4447896866408976,2,36897,289515725489998
RIP1364_Hamilton_O3,1364,Hamilton,3,Family Forest,3,0.6671845299613464,3,36961,289516222489998
RIP1365_Hamilton_O4,1365,Hamilton,4,Corporate/Other Private,1,0.2223948433204488,1,24503,176860221010854
RIP1366_Columbia_O6,1366,Columbia,6,Federal,2,0.4447896866408976,2,23749,173002845010854
RIP1367_Columbia_O6,1367,Columbia,6,Federal,1,0.2223948433204488,1,59323,533664995126144
RIP1368_Baker_O3,1368,Baker,3,Family Forest,3,0.6671845299613464,3,36870,289515560489998
RIP1369_Baker_O3,1369,Baker,3,Family Forest,183,40.69825632764213,26,50098,451136592489998
RIP1369_Baker_O4,1369,Baker,4,Corporate/Other Private,3,0.6671845299613464,2,50098,451136592489998
RIP1370_Hamilton_O3,1370,Hamilton,3,Family Forest,2,0.4447896866408976,1,67338,718603673290487
RIP1371_Hamilton_O4,1371,Hamilton,4,Corporate/Other Private,3,0.6671845299613464,3,43187,374861459489998
RIP1372_Columbia_O6,1372,Columbia,6,Federal,1,0.2223948433204488,1,59421,533665369126144
RIP1373_Baker_O3,1373,Baker,3,Family Forest,15,3.335922649806732,4,2743,20342987010478
RIP1374_Baker_O3,1374,Baker,3,Family Forest,5,1.111974216602244,3,48670,448940999489998
RIP1375_Columbia_O6,1375,Columbia,6,Federal,5,1.111974216602244,5,23749,173002845010854
RIP1376_Baker_O8,1376,Baker,8,Local,1,0.2223948433204488,1,36824,289515345489998
RIP1377_Hamilton_O4,1377,Hamilton,4,Corporate/Other Private,6,1.3343690599226927,3,36962,289516223489998
RIP1378_Hamilton_O4,1378,Hamilton,4,Corporate/Other Private,4,0.8895793732817951,4,36897,289515725489998
RIP1378_Hamilton_O7,1378,Hamilton,7,State,24,5.337476239690771,8,67462,718604233290487
RIP1379_Columbia_O6,1379,Columbia,6,Federal,3,0.6671845299613464,2,59421,533665369126144
RIP1380_Columbia_O6,1380,Columbia,6,Federal,2,0.4447896866408976,2,59323,533664995126144
RIP1381_Baker_O3,1381,Baker,3,Family Forest,1,0.2223948433204488,1,36823,289515330489998
RIP1382_Hamilton_O3,1382,Hamilton,3,Family Forest,22,4.892686553049874,11,36897,289515725489998
RIP1383_Columbia_O6,1383,Columbia,6,Federal,8,1.7791587465635903,5,59421,533665369126144
RIP1384_Baker_O4,1384,Baker,4,Corporate/Other Private,1,0.2223948433204488,1,50098,451136592489998
RIP1385_Hamilton_O4,1385,Hamilton,4,Corporate/Other Private,7,1.5567639032431415,3,36962,289516223489998
RIP1386_Columbia_O6,1386,Columbia,6,Federal,7,1.5567639032431415,3,59421,533665369126144
RIP1387_Hamilton_O4,1387,Hamilton,4,Corporate/Other Private,1,0.2223948433204488,1,67205,718562044290487
RIP1388_Columbia_O6,1388,Columbia,6,Federal,4,0.8895793732817951,2,13183,43266266020004
RIP1389_Columbia_O6,1389,Columbia,6,Federal,1,0.2223948433204488,1,23747,173002836010854
RIP1390_Columbia_O3,1390,Columbia,3,Family Forest,9,2.001553589884039,6,48571,448940206489998
RIP1391_Baker_O3,1391,Baker,3,Family Forest,112,24.908222451890264,15,36938,289515961489998
RIP1391_Baker_O4,1391,Baker,4,Corporate/Other Private,65,14.455664815829172,12,32408,236497707010854
RIP1392_Columbia_O3,1392,Columbia,3,Family Forest,4,0.8895793732817951,3,36897,289515725489998
RIP1393_Baker_O3,1393,Baker,3,Family Forest,1,0.2223948433204488,1,35378,259178355010854
RIP1394_Hamilton_O4,1394,Hamilton,4,Corporate/Other Private,1,0.2223948433204488,1,67462,718604233290487
RIP1395_Columbia_O6,1395,Columbia,6,Federal,4,0.8895793732817951,1,67279,718562372290487
RIP1396_Hamilton_O7,1396,Hamilton,7,State,1,0.2223948433204488,1,67462,718604233290487
RIP1397_Hamilton_O7,1397,Hamilton,7,State,5,1.111974216602244,4,67462,718604233290487
RIP1398_Columbia_O3,1398,Columbia,3,Family Forest,1,0.2223948433204488,1,43239,374861704489998
RIP1399_Columbia_O3,1399,Columbia,3,Family Forest,5,1.111974216602244,4,36897,289515725489998
RIP1400_Hamilton_O4,1400,Hamilton,4,Corporate/Other Private,10,2.223948433204488,5,48596,448940355489998
RIP1401_Hamilton_O3,1401,Hamilton,3,Family Forest,13,2.891132963165834,7,48596,448940355489998
RIP1402_Baker_O3,1402,Baker,3,Family Forest,2,0.4447896866408976,2,2743,20342987010478
RIP1403_Baker_O4,1403,Baker,4,Corporate/Other Private,3,0.6671845299613464,2,36937,289515957489998
RIP1404_Columbia_O6,1404,Columbia,6,Federal,1,0.2223948433204488,1,67371,718603849290487
RIP1405_Baker_O4,1405,Baker,4,Corporate/Other Private,1,0.2223948433204488,1,36937,289515957489998
RIP1406_Hamilton_O4,1406,Hamilton,4,Corporate/Other Private,1,0.2223948433204488,1,67455,718604221290487
RIP1407_Hamilton_O4,1407,Hamilton,4,Corporate/Other Private,1,0.2223948433204488,1,67455,718604221290487
RIP1408_Columbia_O6,1408,Columbia,6,Federal,1,0.2223948433204488,1,67371,718603849290487
RIP1409_Baker_O3,1409,Baker,3,Family Forest,14,3.113527806486283,3,36911,289515792489998
RIP1410_Baker_O3,1410,Baker,3,Family Forest,4,0.8895793732817951,3,48670,448940999489998
RIP1411_Baker_O4,1411,Baker,4,Corporate/Other Private,10,2.223948433204488,3,36937,289515957489998
RIP1412_Hamilton_O4,1412,Hamilton,4,Corporate/Other Private,1,0.2223948433204488,1,48658,448940864489998
RIP1413_Hamilton_O7,1413,Hamilton,7,State,2,0.4447896866408976,1,64407,638334496126144
RIP1414_Hamilton_O3,1414,Hamilton,3,Family Forest,7,1.5567639032431415,6,32408,236497707010854
RIP1415_Columbia_O3,1415,Columbia,3,Family Forest,2,0.4447896866408976,2,35220,259083023010854
RIP1416_Baker_O3,1416,Baker,3,Family Forest,3,0.6671845299613464,3,36830,289515366489998
RIP1417_Hamilton_O4,1417,Hamilton,4,Corporate/Other Private,12,2.6687381198453854,7,36897,289515725489998
RIP1418_Baker_O3,1418,Baker,3,Family Forest,28,6.227055612972566,7,2743,20342987010478
RIP1419_Baker_O4,1419,Baker,4,Corporate/Other Private,1,0.2223948433204488,1,36897,289515725489998
RIP1420_Baker_O3,1420,Baker,3,Family Forest,3,0.6671845299613464,3,36824,289515345489998
RIP1421_Baker_O3,1421,Baker,3,Family Forest,12,2.6687381198453854,8,36939,289515962489998
RIP1422_Baker_O3,1422,Baker,3,Family Forest,3,0.6671845299613464,2,2743,20342987010478
RIP1423_Baker_O3,1423,Baker,3,Family Forest,2,0.4447896866408976,2,24512,176860601010854
RIP1424_Baker_O3,1424,Baker,3,Family Forest,1,0.2223948433204488,1,43225,374861608489998
RIP1425_Hamilton_O3,1425,Hamilton,3,Family Forest,3,0.6671845299613464,3,36897,289515725489998
RIP1426_Hamilton_O3,1426,Hamilton,3,Family Forest,15,3.335922649806732,5,59294,533664907126144
RIP1427_Columbia_O6,1427,Columbia,6,Federal,19,4.225502023088527,6,59421,533665369126144
RIP1428_Baker_O3,1428,Baker,3,Family Forest,14,3.113527806486283,5,48670,448940999489998
RIP1429_Baker_O4,1429,Baker,4,Corporate/Other Private,41,9.118188576138401,9,67372,718603850290487
RIP1430_Hamilton_O4,1430,Hamilton,4,Corporate/Other Private,2,0.4447896866408976,2,36897,289515725489998
RIP1431_Hamilton_O4,1431,Hamilton,4,Corporate/Other Private,2,0.4447896866408976,2,36771,289515061489998
RIP1432_Hamilton_O3,1432,Hamilton,3,Family Forest,2,0.4447896866408976,2,35220,259083023010854
RIP1433_Baker_O3,1433,Baker,3,Family Forest,1,0.2223948433204488,1,67277,718562357290487
RIP1434_Baker_O4,1434,Baker,4,Corporate/Other Private,15,3.335922649806732,6,48527,448940000489998
RIP1435_Baker_O3,1435,Baker,3,Family Forest,1,0.2223948433204488,1,45047,385730105489998
RIP1436_Columbia_O3,1436,Columbia,3,Family Forest,22,4.892686553049874,9,67461,718604231290487
RIP1436_Columbia_O4,1436,Columbia,4,Corporate/Other Private,1,0.2223948433204488,1,67461,718604231290487
RIP1437_Baker_O3,1437,Baker,3,Family Forest,2,0.4447896866408976,1,48670,448940999489998
RIP1438_Hamilton_O3,1438,Hamilton,3,Family Forest,11,2.446343276524937,5,35220,259083023010854
RIP1438_Hamilton_O4,1438,Hamilton,4,Corporate/Other Private,14,3.113527806486283,7,35220,259083023010854
RIP1439_Columbia_O6,1439,Columbia,6,Federal,3,0.6671845299613464,2,48445,448939642489998
RIP1440_Baker_O4,1440,Baker,4,Corporate/Other Private,7,1.5567639032431415,3,64405,638334488126144
RIP1441_Hamilton_O3,1441,Hamilton,3,Family Forest,12,2.6687381198453854,6,43315,374862210489998
RIP1441_Hamilton_O4,1441,Hamilton,4,Corporate/Other Private,26,5.782265926331668,11,43315,374862210489998
RIP1442_Columbia_O4,1442,Columbia,4,Corporate/Other Private,2,0.4447896866408976,2,48658,448940864489998
RIP1443_Baker_O3,1443,Baker,3,Family Forest,18,4.003107179768078,5,48670,448940999489998
RIP1444_Hamilton_O3,1444,Hamilton,3,Family Forest,33,7.33902982957481,8,36962,289516223489998
RIP1445_Baker_O3,1445,Baker,3,Family Forest,20,4.447896866408976,4,36824,289515345489998
RIP1445_Baker_O4,1445,Baker,4,Corporate/Other Private,25,5.5598710830112195,4,36824,289515345489998
RIP1446_Hamilton_O3,1446,Hamilton,3,Family Forest,34,7.561424672895258,8,48592,448940348489998
RIP1446_Hamilton_O4,1446,Hamilton,4,Corporate/Other Private,17,3.780712336447629,6,36962,289516223489998
RIP1447_Hamilton_O3,1447,Hamilton,3,Family Forest,77,17.124402935674556,14,35220,259083023010854
RIP1448_Baker_O4,1448,Baker,4,Corporate/Other Private,7,1.5567639032431415,4,45047,385730105489998
RIP1449_Hamilton_O4,1449,Hamilton,4,Corporate/Other Private,2,0.4447896866408976,2,64226,635664945126144
RIP1450_Hamilton_O3,1450,Hamilton,3,Family Forest,4,0.8895793732817951,3,36962,289516223489998
RIP1450_Hamilton_O4,1450,Hamilton,4,Corporate/Other Private,15,3.335922649806732,8,48592,448940348489998
RIP1451_Columbia_O6,1451,Columbia,6,Federal,5,1.111974216602244,4,48634,448940584489998
RIP1452_Columbia_O4,1452,Columbia,4,Corporate/Other Private,9,2.001553589884039,5,64406,638334495126144
RIP1453_Columbia_O6,1453,Columbia,6,Federal,4,0.8895793732817951,3,43067,374860959489998
RIP1454_Hamilton_O3,1454,Hamilton,3,Family Forest,38,8.451004046177054,8,48594,448940350489998
RIP1455_Columbia_O3,1455,Columbia,3,Family Forest,36,8.006214359536155,8,35220,259083023010854
RIP1455_Columbia_O4,1455,Columbia,4,Corporate/Other Private,2,0.4447896866408976,2,45047,385730105489998
RIP1456_Columbia_O4,1456,Columbia,4,Corporate/Other Private,1,0.2223948433204488,1,67461,718604231290487
RIP1457_Columbia_O3,1457,Columbia,3,Family Forest,55,12.231716382624683,11,35220,259083023010854
RIP1457_Columbia_O6,1457,Columbia,6,Federal,16,3.5583174931271806,4,48445,448939642489998
RIP1458_Baker_O4,1458,Baker,4,Corporate/Other Private,27,6.0046607696521175,12,67205,718562044290487
RIP1459_Baker_O4,1459,Baker,4,Corporate/Other Private,31,6.894240142933913,13,2739,20336120010478
RIP1460_Columbia_O6,1460,Columbia,6,Federal,1,0.2223948433204488,1,59213,533664592126144
RIP1461_Columbia_O6,1461,Columbia,6,Federal,1,0.2223948433204488,1,43067,374860959489998
RIP1462_Columbia_O6,1462,Columbia,6,Federal,3,0.6671845299613464,2,59421,533665369126144
RIP1463_Baker_O3,1463,Baker,3,Family Forest,10,2.223948433204488,5,16547,61264238010478
RIP1463_Baker_O4,1463,Baker,4,Corporate/Other Private,33,7.33902982957481,7,16547,61264238010478
RIP1464_Columbia_O3,1464,Columbia,3,Family Forest,1,0.2223948433204488,1,59294,533664907126144
RIP1465_Columbia_O3,1465,Columbia,3,Family Forest,1,0.2223948433204488,1,67461,718604231290487
RIP1466_Baker_O4,1466,Baker,4,Corporate/Other Private,4,0.8895793732817951,3,67372,718603850290487
RIP1467_Hamilton_O3,1467,Hamilton,3,Family Forest,1,0.2223948433204488,1,48592,448940348489998
RIP1468_Columbia_O3,1468,Columbia,3,Family Forest,5,1.111974216602244,4,48571,448940206489998
RIP1469_Hamilton_O3,1469,Hamilton,3,Family Forest,2,0.4447896866408976,2,36897,289515725489998
RIP1470_Columbia_O4,1470,Columbia,4,Corporate/Other Private,1,0.2223948433204488,1,67461,718604231290487
RIP1471_Hamilton_O3,1471,Hamilton,3,Family Forest,4,0.8895793732817951,3,64405,638334488126144
RIP1472_Hamilton_O3,1472,Hamilton,3,Family Forest,2,0.4447896866408976,1,35220,259083023010854
RIP1473_Columbia_O6,1473,Columbia,6,Federal,2,0.4447896866408976,1,48634,448940584489998
RIP1474_Columbia_O6,1474,Columbia,6,Federal,2,0.4447896866408976,1,59421,533665369126144
RIP1475_Hamilton_O3,1475,Hamilton,3,Family Forest,64,14.233269972508722,16,36962,289516223489998
RIP1476_Hamilton_O3,1476,Hamilton,3,Family Forest,5,1.111974216602244,3,64406,638334495126144
RIP1477_Columbia_O4,1477,Columbia,4,Corporate/Other Private,4,0.8895793732817951,3,67461,718604231290487
RIP1478_Columbia_O4,1478,Columbia,4,Corporate/Other Private,1,0.2223948433204488,1,67461,718604231290487
RIP1479_Columbia_O6,1479,Columbia,6,Federal,4,0.8895793732817951,3,43067,374860959489998
RIP1480_Baker_O3,1480,Baker,3,Family Forest,4,0.8895793732817951,1,43151,374861300489998
RIP1481_Columbia_O6,1481,Columbia,6,Federal,1,0.2223948433204488,1,59421,533665369126144
RIP1482_Columbia_O6,1482,Columbia,6,Federal,3,0.6671845299613464,3,48634,448940584489998
RIP1483_Columbia_O6,1483,Columbia,6,Federal,1,0.2223948433204488,1,59213,533664592126144
RIP1484_Baker_O3,1484,Baker,3,Family Forest,38,8.451004046177054,6,64219,635664906126144
RIP1485_Hamilton_O3,1485,Hamilton,3,Family Forest,7,1.5567639032431415,3,64407,638334496126144
RIP1486_Columbia_O6,1486,Columbia,6,Federal,3,0.6671845299613464,2,43067,374860959489998
RIP1487_Columbia_O6,1487,Columbia,6,Federal,22,4.892686553049874,7,67279,718562372290487
RIP1488_Baker_O4,1488,Baker,4,Corporate/Other Private,10,2.223948433204488,4,35377,259178350010854
RIP1489_Hamilton_O3,1489,Hamilton,3,Family Forest,1,0.2223948433204488,1,67462,718604233290487
RIP1490_Hamilton_O3,1490,Hamilton,3,Family Forest,42,9.340583419458849,7,35220,259083023010854
RIP1491_Hamilton_O3,1491,Hamilton,3,Family Forest,43,9.562978262779298,17,35220,259083023010854
RIP1492_Baker_O3,1492,Baker,3,Family Forest,8,1.7791587465635903,6,36897,289515725489998
RIP1493_Columbia_O6,1493,Columbia,6,Federal,6,1.3343690599226927,6,2743,20342987010478
RIP1494_Hamilton_O3,1494,Hamilton,3,Family Forest,2,0.4447896866408976,2,36897,289515725489998
RIP1495_Columbia_O4,1495,Columbia,4,Corporate/Other Private,19,4.225502023088527,7,36897,289515725489998
RIP1496_Baker_O3,1496,Baker,3,Family Forest,5,1.111974216602244,3,36897,289515725489998
RIP1497_Baker_O3,1497,Baker,3,Family Forest,1,0.2223948433204488,1,43294,374861940489998
RIP1498_Hamilton_O3,1498,Hamilton,3,Family Forest,4,0.8895793732817951,3,36962,289516223489998
RIP1499_Baker_O4,1499,Baker,4,Corporate/Other Private,5,1.111974216602244,2,21259,140564077010478
RIP1500_Baker_O4,1500,Baker,4,Corporate/Other Private,53,11.786926695983786,9,35377,259178350010854
RIP1501_Columbia_O6,1501,Columbia,6,Federal,4,0.8895793732817951,3,67279,718562372290487
RIP1502_Baker_O4,1502,Baker,4,Corporate/Other Private,6,1.3343690599226927,5,67205,718562044290487
RIP1503_Baker_O3,1503,Baker,3,Family Forest,2,0.4447896866408976,2,36897,289515725489998
RIP1504_Baker_O3,1504,Baker,3,Family Forest,1,0.2223948433204488,1,48596,448940355489998
RIP1505_Columbia_O6,1505,Columbia,6,Federal,2,0.4447896866408976,1,59213,533664592126144
RIP1506_Columbia_O6,1506,Columbia,6,Federal,4,0.8895793732817951,2,59421,533665369126144
RIP1507_Baker_O3,1507,Baker,3,Family Forest,2,0.4447896866408976,2,36897,289515725489998
RIP1508_Hamilton_O3,1508,Hamilton,3,Family Forest,6,1.3343690599226927,3,35220,259083023010854
RIP1509_Columbia_O6,1509,Columbia,6,Federal,4,0.8895793732817951,3,59428,533665395126144
RIP1510_Baker_O3,1510,Baker,3,Family Forest,36,8.006214359536155,6,16547,61264238010478
RIP1511_Baker_O3,1511,Baker,3,Family Forest,4,0.8895793732817951,4,35378,259178355010854
RIP1512_Baker_O3,1512,Baker,3,Family Forest,2,0.4447896866408976,2,43294,374861940489998
RIP1513_Hamilton_O3,1513,Hamilton,3,Family Forest,12,2.6687381198453854,8,43315,374862210489998
RIP1514_Hamilton_O3,1514,Hamilton,3,Family Forest,2,0.4447896866408976,2,48596,448940355489998
RIP1515_Hamilton_O3,1515,Hamilton,3,Family Forest,2,0.4447896866408976,2,36897,289515725489998
RIP1516_Baker_O3,1516,Baker,3,Family Forest,4,0.8895793732817951,3,21259,140564077010478
RIP1517_Columbia_O6,1517,Columbia,6,Federal,13,2.891132963165834,5,50183,451136888489998
RIP1518_Columbia_O6,1518,Columbia,6,Federal,10,2.223948433204488,5,59213,533664592126144
RIP1519_Baker_O3,1519,Baker,3,Family Forest,2,0.4447896866408976,2,13447,43855332020004
RIP1520_Hamilton_O4,1520,Hamilton,4,Corporate/Other Private,13,2.891132963165834,6,32408,236497707010854
RIP1521_Columbia_O6,1521,Columbia,6,Federal,82,18.236377152276802,8,48445,448939642489998
RIP1522_Baker_O4,1522,Baker,4,Corporate/Other Private,13,2.891132963165834,3,64383,638334339126144
RIP1523_Baker_O3,1523,Baker,3,Family Forest,15,3.335922649806732,10,36824,289515345489998
RIP1524_Baker_O3,1524,Baker,3,Family Forest,3,0.6671845299613464,3,48636,448940596489998
RIP1525_Hamilton_O3,1525,Hamilton,3,Family Forest,26,5.782265926331668,11,36897,289515725489998
RIP1526_Hamilton_O3,1526,Hamilton,3,Family Forest,10,2.223948433204488,3,35220,259083023010854
RIP1527_Hamilton_O3,1527,Hamilton,3,Family Forest,5,1.111974216602244,4,36897,289515725489998
RIP1528_Baker_O3,1528,Baker,3,Family Forest,158,35.13838524463091,6,43181,374861410489998
RIP1528_Baker_O4,1528,Baker,4,Corporate/Other Private,36,8.006214359536155,9,2743,20342987010478
RIP1529_Baker_O3,1529,Baker,3,Family Forest,29,6.449450456293015,8,16547,61264238010478
RIP1529_Baker_O8,1529,Baker,8,Local,12,2.6687381198453854,6,68819,740826397290487
RIP1530_Baker_O3,1530,Baker,3,Family Forest,3,0.6671845299613464,2,64405,638334488126144
RIP1531_Baker_O3,1531,Baker,3,Family Forest,6,1.3343690599226927,5,67541,718604892290487
RIP1532_Columbia_O6,1532,Columbia,6,Federal,2,0.4447896866408976,2,23749,173002845010854
RIP1533_Columbia_O6,1533,Columbia,6,Federal,2,0.4447896866408976,1,59213,533664592126144
RIP1534_Hamilton_O3,1534,Hamilton,3,Family Forest,4,0.8895793732817951,3,36897,289515725489998
RIP1535_Hamilton_O3,1535,Hamilton,3,Family Forest,11,2.446343276524937,7,36939,289515962489998
RIP1536_Columbia_O6,1536,Columbia,6,Federal,3,0.6671845299613464,2,67523,718604718290487
RIP1537_Columbia_O6,1537,Columbia,6,Federal,5,1.111974216602244,4,43067,374860959489998
RIP1538_Columbia_O6,1538,Columbia,6,Federal,1,0.2223948433204488,1,23747,173002836010854
RIP1539_Columbia_O6,1539,Columbia,6,Federal,8,1.7791587465635903,6,2743,20342987010478
RIP1540_Columbia_O6,1540,Columbia,6,Federal,4,0.8895793732817951,2,67279,718562372290487
RIP1541_Columbia_O6,1541,Columbia,6,Federal,4,0.8895793732817951,2,23749,173002845010854
RIP1542_Suwannee_O3,1542,Suwannee,3,Family Forest,30,6.671845299613464,14,36962,289516223489998
RIP1543_Columbia_O6,1543,Columbia,6,Federal,4,0.8895793732817951,3,48632,448940577489998
RIP1544_Columbia_O3,1544,Columbia,3,Family Forest,8,1.7791587465635903,2,35220,259083023010854
RIP1545_Hamilton_O3,1545,Hamilton,3,Family Forest,4,0.8895793732817951,4,36897,289515725489998
RIP1546_Columbia_O6,1546,Columbia,6,Federal,3,0.6671845299613464,1,2743,20342987010478
RIP1547_Baker_O4,1547,Baker,4,Corporate/Other Private,5,1.111974216602244,4,36934,289515946489998
RIP1548_Hamilton_O4,1548,Hamilton,4,Corporate/Other Private,1,0.2223948433204488,1,43315,374862210489998
RIP1549_Hamilton_O3,1549,Hamilton,3,Family Forest,43,9.562978262779298,6,35220,259083023010854
RIP1549_Hamilton_O4,1549,Hamilton,4,Corporate/Other Private,12,2.6687381198453854,5,36897,289515725489998
RIP1550_Columbia_O6,1550,Columbia,6,Federal,5,1.111974216602244,5,13183,43266266020004
RIP1551_Hamilton_O4,1551,Hamilton,4,Corporate/Other Private,1,0.2223948433204488,1,43315,374862210489998
RIP1552_Columbia_O6,1552,Columbia,6,Federal,4,0.8895793732817951,3,59213,533664592126144
RIP1553_Columbia_O6,1553,Columbia,6,Federal,2,0.4447896866408976,1,2743,20342987010478
RIP1554_Columbia_O6,1554,Columbia,6,Federal,4,0.8895793732817951,1,2743,20342987010478
RIP1555_Hamilton_O3,1555,Hamilton,3,Family Forest,11,2.446343276524937,3,36897,289515725489998
RIP1556_Columbia_O3,1556,Columbia,3,Family Forest,5,1.111974216602244,5,36897,289515725489998
RIP1557_Suwannee_O4,1557,Suwannee,4,Corporate/Other Private,8,1.7791587465635903,4,48594,448940350489998
RIP1558_Hamilton_O4,1558,Hamilton,4,Corporate/Other Private,14,3.113527806486283,7,32408,236497707010854
RIP1559_Columbia_O3,1559,Columbia,3,Family Forest,61,13.566085442547376,15,67461,718604231290487
RIP1559_Columbia_O4,1559,Columbia,4,Corporate/Other Private,48,10.674952479381542,11,36897,289515725489998
RIP1560_Columbia_O6,1560,Columbia,6,Federal,3,0.6671845299613464,3,59323,533664995126144
RIP1561_Baker_O3,1561,Baker,3,Family Forest,4,0.8895793732817951,4,36932,289515944489998
RIP1562_Suwannee_O3,1562,Suwannee,3,Family Forest,36,8.006214359536155,15,67324,718603599290487
RIP1563_Columbia_O3,1563,Columbia,3,Family Forest,2,0.4447896866408976,2,64454,638334746126144
RIP1564_Columbia_O6,1564,Columbia,6,Federal,26,5.782265926331668,5,59428,533665395126144
RIP1565_Baker_O3,1565,Baker,3,Family Forest,21,4.670291709729424,6,67372,718603850290487
RIP1565_Baker_O4,1565,Baker,4,Corporate/Other Private,30,6.671845299613464,8,67533,718604872290487
RIP1566_Hamilton_O3,1566,Hamilton,3,Family Forest,58,12.89890091258603,10,35220,259083023010854
RIP1567_Columbia_O6,1567,Columbia,6,Federal,10,2.223948433204488,5,48445,448939642489998
RIP1568_Columbia_O6,1568,Columbia,6,Federal,2,0.4447896866408976,2,48632,448940577489998
RIP1569_Hamilton_O3,1569,Hamilton,3,Family Forest,19,4.225502023088527,9,35220,259083023010854
RIP1570_Hamilton_O4,1570,Hamilton,4,Corporate/Other Private,1,0.2223948433204488,1,2731,20322920010478
RIP1571_Hamilton_O3,1571,Hamilton,3,Family Forest,1,0.2223948433204488,1,31037,218218426020004
RIP1572_Columbia_O3,1572,Columbia,3,Family Forest,1,0.2223948433204488,1,59428,533665395126144
RIP1573_Columbia_O6,1573,Columbia,6,Federal,32,7.116634986254361,10,50183,451136888489998
RIP1574_Columbia_O6,1574,Columbia,6,Federal,3,0.6671845299613464,3,48445,448939642489998
RIP1575_Baker_O3,1575,Baker,3,Family Forest,3,0.6671845299613464,2,43291,374861937489998
RIP1576_Baker_O4,1576,Baker,4,Corporate/Other Private,2,0.4447896866408976,1,36941,289515964489998
RIP1577_Columbia_O3,1577,Columbia,3,Family Forest,1,0.2223948433204488,1,36962,289516223489998
RIP1578_Columbia_O3,1578,Columbia,3,Family Forest,10,2.223948433204488,4,48596,448940355489998
RIP1579_Columbia_O6,1579,Columbia,6,Federal,3,0.6671845299613464,2,67279,718562372290487
RIP1580_Columbia_O6,1580,Columbia,6,Federal,9,2.001553589884039,8,59421,533665369126144
RIP1581_Baker_O3,1581,Baker,3,Family Forest,1,0.2223948433204488,1,45047,385730105489998
RIP1582_Hamilton_O4,1582,Hamilton,4,Corporate/Other Private,2,0.4447896866408976,1,64406,638334495126144
RIP1583_Hamilton_O3,1583,Hamilton,3,Family Forest,7,1.5567639032431415,4,35220,259083023010854
RIP1584_Hamilton_O4,1584,Hamilton,4,Corporate/Other Private,1,0.2223948433204488,1,55429,495147823126144
RIP1585_Columbia_O3,1585,Columbia,3,Family Forest,1,0.2223948433204488,1,43067,374860959489998
RIP1586_Columbia_O6,1586,Columbia,6,Federal,6,1.3343690599226927,5,59213,533664592126144
RIP1587_Baker_O3,1587,Baker,3,Family Forest,1,0.2223948433204488,1,43291,374861937489998
RIP1588_Columbia_O3,1588,Columbia,3,Family Forest,20,4.447896866408976,8,64406,638334495126144
RIP1589_Columbia_O3,1589,Columbia,3,Family Forest,1,0.2223948433204488,1,59428,533665395126144
RIP1590_Columbia_O6,1590,Columbia,6,Federal,1,0.2223948433204488,1,23749,173002845010854
RIP1591_Baker_O4,1591,Baker,4,Corporate/Other Private,60,13.343690599226928,9,67372,718603850290487
RIP1592_Hamilton_O4,1592,Hamilton,4,Corporate/Other Private,6,1.3343690599226927,4,48596,448940355489998
RIP1593_Columbia_O6,1593,Columbia,6,Federal,42,9.340583419458849,8,48445,448939642489998
RIP1594_Baker_O3,1594,Baker,3,Family Forest,25,5.5598710830112195,10,67372,718603850290487
RIP1595_Hamilton_O3,1595,Hamilton,3,Family Forest,1,0.2223948433204488,1,35220,259083023010854
RIP1596_Baker_O3,1596,Baker,3,Family Forest,85,18.90356168223815,11,50183,451136888489998
RIP1597_Baker_O3,1597,Baker,3,Family Forest,5,1.111974216602244,3,43291,374861937489998
RIP1598_Hamilton_O3,1598,Hamilton,3,Family Forest,11,2.446343276524937,6,48596,448940355489998
RIP1599_Columbia_O4,1599,Columbia,4,Corporate/Other Private,8,1.7791587465635903,5,67455,718604221290487
RIP1600_Hamilton_O3,1600,Hamilton,3,Family Forest,6,1.3343690599226927,6,35220,259083023010854
RIP1601_Hamilton_O3,1601,Hamilton,3,Family Forest,97,21.57229980208353,22,48596,448940355489998
RIP1601_Hamilton_O4,1601,Hamilton,4,Corporate/Other Private,47,10.452557636061092,8,35220,259083023010854
RIP1602_Hamilton_O3,1602,Hamilton,3,Family Forest,5,1.111974216602244,2,36897,289515725489998
RIP1603_Columbia_O6,1603,Columbia,6,Federal,4,0.8895793732817951,3,67279,718562372290487
RIP1604_Columbia_O6,1604,Columbia,6,Federal,4,0.8895793732817951,4,50207,451136981489998
RIP1605_Hamilton_O3,1605,Hamilton,3,Family Forest,2,0.4447896866408976,2,53774,484311003489998
RIP1606_Columbia_O6,1606,Columbia,6,Federal,6,1.3343690599226927,3,48634,448940584489998
RIP1607_Hamilton_O4,1607,Hamilton,4,Corporate/Other Private,2,0.4447896866408976,2,21259,140564077010478
RIP1608_Hamilton_O3,1608,Hamilton,3,Family Forest,12,2.6687381198453854,9,45047,385730105489998
RIP1608_Hamilton_O4,1608,Hamilton,4,Corporate/Other Private,21,4.670291709729424,9,48596,448940355489998
RIP1609_Hamilton_O3,1609,Hamilton,3,Family Forest,21,4.670291709729424,10,64406,638334495126144
RIP1610_Columbia_O6,1610,Columbia,6,Federal,2,0.4447896866408976,2,59213,533664592126144
RIP1611_Columbia_O6,1611,Columbia,6,Federal,9,2.001553589884039,4,23749,173002845010854
RIP1612_Suwannee_O4,1612,Suwannee,4,Corporate/Other Private,11,2.446343276524937,5,48571,448940206489998
RIP1613_Hamilton_O3,1613,Hamilton,3,Family Forest,1,0.2223948433204488,1,48595,448940352489998
RIP1614_Columbia_O3,1614,Columbia,3,Family Forest,1,0.2223948433204488,1,48445,448939642489998
RIP1614_Columbia_O6,1614,Columbia,6,Federal,2,0.4447896866408976,2,48632,448940577489998
RIP1615_Baker_O4,1615,Baker,4,Corporate/Other Private,1,0.2223948433204488,1,2743,20342987010478
RIP1616_Columbia_O6,1616,Columbia,6,Federal,28,6.227055612972566,6,50207,451136981489998
RIP1617_Columbia_O6,1617,Columbia,6,Federal,1,0.2223948433204488,1,59421,533665369126144
RIP1618_Columbia_O6,1618,Columbia,6,Federal,5,1.111974216602244,3,23749,173002845010854
RIP1619_Hamilton_O3,1619,Hamilton,3,Family Forest,64,14.233269972508722,8,35220,259083023010854
RIP1619_Hamilton_O4,1619,Hamilton,4,Corporate/Other Private,26,5.782265926331668,7,35220,259083023010854
RIP1620_Hamilton_O4,1620,Hamilton,4,Corporate/Other Private,2,0.4447896866408976,2,36897,289515725489998
RIP1621_Columbia_O4,1621,Columbia,4,Corporate/Other Private,11,2.446343276524937,5,36965,289516230489998
RIP1622_Hamilton_O3,1622,Hamilton,3,Family Forest,10,2.223948433204488,5,48596,448940355489998
RIP1623_Hamilton_O3,1623,Hamilton,3,Family Forest,9,2.001553589884039,4,35220,259083023010854
RIP1624_Columbia_O4,1624,Columbia,4,Corporate/Other Private,1,0.2223948433204488,1,67455,718604221290487
RIP1625_Columbia_O6,1625,Columbia,6,Federal,2,0.4447896866408976,1,48445,448939642489998
RIP1626_Columbia_O6,1626,Columbia,6,Federal,2,0.4447896866408976,1,48445,448939642489998
RIP1627_Baker_O3,1627,Baker,3,Family Forest,6,1.3343690599226927,4,50098,451136592489998
RIP1628_Columbia_O6,1628,Columbia,6,Federal,7,1.5567639032431415,4,23749,173002845010854
RIP1629_Columbia_O6,1629,Columbia,6,Federal,1,0.2223948433204488,1,59421,533665369126144
RIP1630_Columbia_O6,1630,Columbia,6,Federal,1,0.2223948433204488,1,64384,638334343126144
RIP1631_Columbia_O6,1631,Columbia,6,Federal,3,0.6671845299613464,3,23747,173002836010854
RIP1632_Hamilton_O3,1632,Hamilton,3,Family Forest,6,1.3343690599226927,2,35220,259083023010854
RIP1633_Hamilton_O3,1633,Hamilton,3,Family Forest,68,15.122849345790517,8,48596,448940355489998
RIP1634_Columbia_O6,1634,Columbia,6,Federal,5,1.111974216602244,4,67279,718562372290487
RIP1635_Hamilton_O3,1635,Hamilton,3,Family Forest,2,0.4447896866408976,1,16549,61280243010478
RIP1636_Columbia_O4,1636,Columbia,4,Corporate/Other Private,37,8.228609202856605,9,35220,259083023010854
RIP1637_Columbia_O3,1637,Columbia,3,Family Forest,4,0.8895793732817951,2,64483,638335132126144
RIP1638_Columbia_O3,1638,Columbia,3,Family Forest,2,0.4447896866408976,2,64406,638334495126144
RIP1639_Columbia_O6,1639,Columbia,6,Federal,3,0.6671845299613464,2,67523,718604718290487
RIP1640_Columbia_O6,1640,Columbia,6,Federal,14,3.113527806486283,4,67279,718562372290487
RIP1641_Columbia_O6,1641,Columbia,6,Federal,2,0.4447896866408976,1,48634,448940584489998
RIP1642_Columbia_O6,1642,Columbia,6,Federal,3,0.6671845299613464,2,59213,533664592126144
RIP1643_Baker_O8,1643,Baker,8,Local,1,0.2223948433204488,1,16547,61264238010478
RIP1644_Baker_O4,1644,Baker,4,Corporate/Other Private,3,0.6671845299613464,2,35378,259178355010854
RIP1645_Hamilton_O3,1645,Hamilton,3,Family Forest,11,2.446343276524937,6,36771,289515061489998
RIP1646_Hamilton_O3,1646,Hamilton,3,Family Forest,6,1.3343690599226927,2,36897,289515725489998
RIP1647_Columbia_O6,1647,Columbia,6,Federal,3,0.6671845299613464,2,67509,718604473290487
RIP1648_Columbia_O6,1648,Columbia,6,Federal,2,0.4447896866408976,1,23749,173002845010854
RIP1649_Baker_O3,1649,Baker,3,Family Forest,280,62.27055612972566,32,43054,374860913489998
RIP1649_Baker_O4,1649,Baker,4,Corporate/Other Private,10,2.223948433204488,4,16547,61264238010478
RIP1650_Baker_O3,1650,Baker,3,Family Forest,2,0.4447896866408976,1,64219,635664906126144
RIP1650_Baker_O4,1650,Baker,4,Corporate/Other Private,1,0.2223948433204488,1,24515,176860754010854
RIP1651_Baker_O4,1651,Baker,4,Corporate/Other Private,1,0.2223948433204488,1,45047,385730105489998
RIP1652_Baker_O3,1652,Baker,3,Family Forest,140,31.13527806486283,17,36824,289515345489998
RIP1652_Baker_O4,1652,Baker,4,Corporate/Other Private,60,13.343690599226928,5,36824,289515345489998
RIP1653_Suwannee_O3,1653,Suwannee,3,Family Forest,2,0.4447896866408976,1,48658,448940864489998
RIP1654_Baker_O4,1654,Baker,4,Corporate/Other Private,1,0.2223948433204488,1,67372,718603850290487
RIP1655_Baker_O3,1655,Baker,3,Family Forest,1,0.2223948433204488,1,67541,718604892290487
RIP1656_Hamilton_O3,1656,Hamilton,3,Family Forest,22,4.892686553049874,11,67372,718603850290487
RIP1657_Columbia_O6,1657,Columbia,6,Federal,1,0.2223948433204488,1,59421,533665369126144
RIP1658_Columbia_O6,1658,Columbia,6,Federal,1,0.2223948433204488,1,50207,451136981489998
RIP1659_Baker_O4,1659,Baker,4,Corporate/Other Private,3,0.6671845299613464,3,16547,61264238010478
RIP1660_Baker_O3,1660,Baker,3,Family Forest,4,0.8895793732817951,3,64219,635664906126144
RIP1660_Baker_O4,1660,Baker,4,Corporate/Other Private,1,0.2223948433204488,1,64219,635664906126144
RIP1661_Hamilton_O3,1661,Hamilton,3,Family Forest,7,1.5567639032431415,5,24515,176860754010854
RIP1662_Hamilton_O3,1662,Hamilton,3,Family Forest,11,2.446343276524937,3,35220,259083023010854
RIP1663_Baker_O3,1663,Baker,3,Family Forest,74,16.45721840571321,18,48596,448940355489998
RIP1664_Hamilton_O3,1664,Hamilton,3,Family Forest,1,0.2223948433204488,1,67455,718604221290487
RIP1665_Columbia_O6,1665,Columbia,6,Federal,3,0.6671845299613464,3,59213,533664592126144
RIP1666_Baker_O3,1666,Baker,3,Family Forest,19,4.225502023088527,10,36938,289515961489998
RIP1667_Baker_O3,1667,Baker,3,Family Forest,1,0.2223948433204488,1,48658,448940864489998
RIP1668_Suwannee_O3,1668,Suwannee,3,Family Forest,9,2.001553589884039,6,36962,289516223489998
RIP1669_Hamilton_O3,1669,Hamilton,3,Family Forest,6,1.3343690599226927,4,35220,259083023010854
RIP1670_Columbia_O3,1670,Columbia,3,Family Forest,81,18.01398230895635,22,36897,289515725489998
RIP1670_Columbia_O4,1670,Columbia,4,Corporate/Other Private,23,5.115081396370322,12,64406,638334495126144
RIP1670_Columbia_O6,1670,Columbia,6,Federal,132,29.35611931829924,17,36897,289515725489998
RIP1671_Columbia_O6,1671,Columbia,6,Federal,1,0.2223948433204488,1,50183,451136888489998
RIP1672_Columbia_O3,1672,Columbia,3,Family Forest,3,0.6671845299613464,2,48562,448940184489998
RIP1672_Columbia_O6,1672,Columbia,6,Federal,146,32.469647124785524,20,48445,448939642489998
RIP1673_Columbia_O6,1673,Columbia,6,Federal,4,0.8895793732817951,3,48634,448940584489998
RIP1674_Hamilton_O3,1674,Hamilton,3,Family Forest,4,0.8895793732817951,3,36897,289515725489998
RIP1675_Hamilton_O3,1675,Hamilton,3,Family Forest,10,2.223948433204488,6,35220,259083023010854
RIP1676_Columbia_O4,1676,Columbia,4,Corporate/Other Private,8,1.7791587465635903,3,48571,448940206489998
RIP1677_Columbia_O6,1677,Columbia,6,Federal,2,0.4447896866408976,1,48445,448939642489998
RIP1678_Baker_O4,1678,Baker,4,Corporate/Other Private,5,1.111974216602244,3,24486,176859705010854
RIP1679_Hamilton_O3,1679,Hamilton,3,Family Forest,6,1.3343690599226927,6,32408,236497707010854
RIP1680_Columbia_O4,1680,Columbia,4,Corporate/Other Private,67,14.900454502470069,16,35220,259083023010854
RIP1681_Columbia_O6,1681,Columbia,6,Federal,9,2.001553589884039,2,23749,173002845010854
RIP1682_Hamilton_O3,1682,Hamilton,3,Family Forest,1,0.2223948433204488,1,67541,718604892290487
RIP1683_Hamilton_O3,1683,Hamilton,3,Family Forest,6,1.3343690599226927,4,35220,259083023010854
RIP1684_Columbia_O6,1684,Columbia,6,Federal,4,0.8895793732817951,2,48445,448939642489998
RIP1685_Baker_O3,1685,Baker,3,Family Forest,1,0.2223948433204488,1,67372,718603850290487
RIP1686_Hamilton_O3,1686,Hamilton,3,Family Forest,1,0.2223948433204488,1,48596,448940355489998
RIP1687_Columbia_O3,1687,Columbia,3,Family Forest,5,1.111974216602244,2,67461,718604231290487
RIP1688_Columbia_O6,1688,Columbia,6,Federal,1,0.2223948433204488,1,48445,448939642489998
RIP1689_Columbia_O6,1689,Columbia,6,Federal,8,1.7791587465635903,3,59213,533664592126144
RIP1690_Columbia_O6,1690,Columbia,6,Federal,3,0.6671845299613464,3,48445,448939642489998
RIP1691_Columbia_O6,1691,Columbia,6,Federal,2,0.4447896866408976,2,67371,718603849290487
RIP1692_Hamilton_O3,1692,Hamilton,3,Family Forest,45,10.007767949420195,10,64405,638334488126144
RIP1693_Hamilton_O3,1693,Hamilton,3,Family Forest,1,0.2223948433204488,1,48658,448940864489998
RIP1694_Columbia_O4,1694,Columbia,4,Corporate/Other Private,10,2.223948433204488,5,36897,289515725489998
RIP1695_Columbia_O6,1695,Columbia,6,Federal,5,1.111974216602244,2,23749,173002845010854
RIP1696_Columbia_O6,1696,Columbia,6,Federal,2,0.4447896866408976,2,31048,218219125020004
RIP1697_Columbia_O3,1697,Columbia,3,Family Forest,3,0.6671845299613464,1,48658,448940864489998
RIP1698_Columbia_O6,1698,Columbia,6,Federal,1,0.2223948433204488,1,67523,718604718290487
RIP1699_Suwannee_O3,1699,Suwannee,3,Family Forest,14,3.113527806486283,7,67462,718604233290487
RIP1700_Hamilton_O3,1700,Hamilton,3,Family Forest,29,6.449450456293015,9,35220,259083023010854
RIP1701_Hamilton_O3,1701,Hamilton,3,Family Forest,2,0.4447896866408976,2,36941,289515964489998
RIP1702_Columbia_O3,1702,Columbia,3,Family Forest,2,0.4447896866408976,1,67461,718604231290487
RIP1703_Columbia_O6,1703,Columbia,6,Federal,1,0.2223948433204488,1,13183,43266266020004
RIP1704_Columbia_O6,1704,Columbia,6,Federal,6,1.3343690599226927,4,48445,448939642489998
RIP1705_Baker_O3,1705,Baker,3,Family Forest,3,0.6671845299613464,3,36823,289515330489998
RIP1706_Suwannee_O3,1706,Suwannee,3,Family Forest,5,1.111974216602244,4,50155,451136792489998
RIP1707_Hamilton_O3,1707,Hamilton,3,Family Forest,1,0.2223948433204488,1,48658,448940864489998
RIP1708_Hamilton_O3,1708,Hamilton,3,Family Forest,2,0.4447896866408976,2,35220,259083023010854
RIP1709_Hamilton_O3,1709,Hamilton,3,Family Forest,34,7.561424672895258,6,35220,259083023010854
RIP1710_Hamilton_O8,1710,Hamilton,8,Local,3,0.6671845299613464,3,24316,176548896010854
RIP1711_Columbia_O3,1711,Columbia,3,Family Forest,3,0.6671845299613464,2,50207,451136981489998
RIP1711_Columbia_O6,1711,Columbia,6,Federal,111,24.685827608569817,8,50207,451136981489998
RIP1712_Columbia_O6,1712,Columbia,6,Federal,1,0.2223948433204488,1,67279,718562372290487
RIP1713_Columbia_O4,1713,Columbia,4,Corporate/Other Private,9,2.001553589884039,6,35220,259083023010854
RIP1714_Baker_O3,1714,Baker,3,Family Forest,16,3.5583174931271806,4,64293,638333844126144
RIP1715_Columbia_O6,1715,Columbia,6,Federal,1,0.2223948433204488,1,67371,718603849290487
RIP1716_Columbia_O6,1716,Columbia,6,Federal,1,0.2223948433204488,1,59213,533664592126144
RIP1717_Hamilton_O3,1717,Hamilton,3,Family Forest,2,0.4447896866408976,2,59875,545869488126144
RIP1718_Hamilton_O3,1718,Hamilton,3,Family Forest,3,0.6671845299613464,3,36897,289515725489998
RIP1719_Columbia_O6,1719,Columbia,6,Federal,1,0.2223948433204488,1,59213,533664592126144
RIP1720_Baker_O3,1720,Baker,3,Family Forest,3,0.6671845299613464,2,43151,374861300489998
RIP1721_Hamilton_O3,1721,Hamilton,3,Family Forest,8,1.7791587465635903,3,35220,259083023010854
RIP1722_Hamilton_O3,1722,Hamilton,3,Family Forest,4,0.8895793732817951,3,35220,259083023010854
RIP1723_Hamilton_O3,1723,Hamilton,3,Family Forest,3,0.6671845299613464,2,24515,176860754010854
RIP1724_Baker_O4,1724,Baker,4,Corporate/Other Private,1,0.2223948433204488,1,67372,718603850290487
RIP1725_Suwannee_O4,1725,Suwannee,4,Corporate/Other Private,1,0.2223948433204488,1,48556,448940165489998
RIP1726_Hamilton_O3,1726,Hamilton,3,Family Forest,1,0.2223948433204488,1,43315,374862210489998
RIP1727_Columbia_O6,1727,Columbia,6,Federal,2,0.4447896866408976,2,31048,218219125020004
RIP1728_Columbia_O6,1728,Columbia,6,Federal,3,0.6671845299613464,3,23749,173002845010854
RIP1729_Baker_O4,1729,Baker,4,Corporate/Other Private,14,3.113527806486283,4,43291,374861937489998
RIP1729_Baker_O8,1729,Baker,8,Local,1,0.2223948433204488,1,43291,374861937489998
RIP1730_Hamilton_O3,1730,Hamilton,3,Family Forest,9,2.001553589884039,5,24515,176860754010854
RIP1731_Hamilton_O3,1731,Hamilton,3,Family Forest,4,0.8895793732817951,4,31037,218218426020004
RIP1732_Hamilton_O3,1732,Hamilton,3,Family Forest,10,2.223948433204488,6,35220,259083023010854
RIP1733_Columbia_O6,1733,Columbia,6,Federal,1,0.2223948433204488,1,48596,448940355489998
RIP1734_Baker_O3,1734,Baker,3,Family Forest,10,2.223948433204488,5,43151,374861300489998
RIP1735_Hamilton_O3,1735,Hamilton,3,Family Forest,3,0.6671845299613464,3,36897,289515725489998
RIP1736_Hamilton_O3,1736,Hamilton,3,Family Forest,1,0.2223948433204488,1,24316,176548896010854
RIP1737_Columbia_O6,1737,Columbia,6,Federal,6,1.3343690599226927,2,67279,718562372290487
RIP1738_Columbia_O6,1738,Columbia,6,Federal,1,0.2223948433204488,1,67279,718562372290487
RIP1739_Hamilton_O3,1739,Hamilton,3,Family Forest,3,0.6671845299613464,3,36939,289515962489998
RIP1740_Hamilton_O3,1740,Hamilton,3,Family Forest,3,0.6671845299613464,2,36897,289515725489998
RIP1741_Columbia_O3,1741,Columbia,3,Family Forest,45,10.007767949420195,14,36897,289515725489998
RIP1741_Columbia_O4,1741,Columbia,4,Corporate/Other Private,3,0.6671845299613464,3,35220,259083023010854
RIP1742_Columbia_O6,1742,Columbia,6,Federal,1,0.2223948433204488,1,59421,533665369126144
RIP1743_Suwannee_O4,1743,Suwannee,4,Corporate/Other Private,12,2.6687381198453854,8,64406,638334495126144
RIP1744_Columbia_O6,1744,Columbia,6,Federal,1,0.2223948433204488,1,59213,533664592126144
RIP1745_Hamilton_O3,1745,Hamilton,3,Family Forest,14,3.113527806486283,10,36897,289515725489998
RIP1746_Hamilton_O3,1746,Hamilton,3,Family Forest,3,0.6671845299613464,2,36897,289515725489998
RIP1747_Baker_O3,1747,Baker,3,Family Forest,3,0.6671845299613464,2,48596,448940355489998
RIP1748_Baker_O8,1748,Baker,8,Local,15,3.335922649806732,3,43291,374861937489998
RIP1749_Hamilton_O3,1749,Hamilton,3,Family Forest,6,1.3343690599226927,5,48596,448940355489998
RIP1750_Hamilton_O3,1750,Hamilton,3,Family Forest,4,0.8895793732817951,2,24316,176548896010854
RIP1751_Columbia_O6,1751,Columbia,6,Federal,2,0.4447896866408976,2,23747,173002836010854
RIP1752_Hamilton_O3,1752,Hamilton,3,Family Forest,25,5.5598710830112195,8,48596,448940355489998
RIP1753_Hamilton_O3,1753,Hamilton,3,Family Forest,7,1.5567639032431415,3,24316,176548896010854
RIP1754_Hamilton_O3,1754,Hamilton,3,Family Forest,31,6.894240142933913,8,35220,259083023010854
RIP1755_Baker_O3,1755,Baker,3,Family Forest,1,0.2223948433204488,1,48658,448940864489998
RIP1756_Baker_O3,1756,Baker,3,Family Forest,1,0.2223948433204488,1,50098,451136592489998
RIP1757_Baker_O3,1757,Baker,3,Family Forest,72,16.01242871907231,18,48670,448940999489998
RIP1758_Baker_O4,1758,Baker,4,Corporate/Other Private,1,0.2223948433204488,1,43291,374861937489998
RIP1759_Hamilton_O3,1759,Hamilton,3,Family Forest,2,0.4447896866408976,2,48596,448940355489998
RIP1760_Columbia_O4,1760,Columbia,4,Corporate/Other Private,45,10.007767949420195,14,35220,259083023010854
RIP1761_Baker_O3,1761,Baker,3,Family Forest,2,0.4447896866408976,2,45047,385730105489998
RIP1762_Baker_O3,1762,Baker,3,Family Forest,6,1.3343690599226927,3,50098,451136592489998
RIP1763_Baker_O4,1763,Baker,4,Corporate/Other Private,2,0.4447896866408976,1,43291,374861937489998
RIP1764_Hamilton_O3,1764,Hamilton,3,Family Forest,11,2.446343276524937,5,32408,236497707010854
RIP1765_Baker_O3,1765,Baker,3,Family Forest,32,7.116634986254361,7,45047,385730105489998
RIP1766_Baker_O3,1766,Baker,3,Family Forest,16,3.5583174931271806,8,48596,448940355489998
RIP1766_Baker_O4,1766,Baker,4,Corporate/Other Private,22,4.892686553049874,7,43054,374860913489998
RIP1766_Baker_O8,1766,Baker,8,Local,4,0.8895793732817951,2,48596,448940355489998
RIP1767_Columbia_O6,1767,Columbia,6,Federal,1,0.2223948433204488,1,59213,533664592126144
RIP1768_Columbia_O6,1768,Columbia,6,Federal,2,0.4447896866408976,2,43067,374860959489998
RIP1769_Columbia_O6,1769,Columbia,6,Federal,6,1.3343690599226927,3,67509,718604473290487
RIP1770_Hamilton_O3,1770,Hamilton,3,Family Forest,3,0.6671845299613464,2,24515,176860754010854
RIP1771_Columbia_O6,1771,Columbia,6,Federal,23,5.115081396370322,7,59213,533664592126144
RIP1772_Columbia_O6,1772,Columbia,6,Federal,1,0.2223948433204488,1,13183,43266266020004
RIP1773_Columbia_O6,1773,Columbia,6,Federal,1,0.2223948433204488,1,31048,218219125020004
RIP1774_Columbia_O6,1774,Columbia,6,Federal,8,1.7791587465635903,1,48634,448940584489998
RIP1775_Columbia_O6,1775,Columbia,6,Federal,3,0.6671845299613464,2,67279,718562372290487
RIP1776_Columbia_O6,1776,Columbia,6,Federal,1,0.2223948433204488,1,43067,374860959489998
RIP1777_Baker_O4,1777,Baker,4,Corporate/Other Private,6,1.3343690599226927,4,36962,289516223489998
RIP1778_Hamilton_O3,1778,Hamilton,3,Family Forest,7,1.5567639032431415,4,35220,259083023010854
RIP1778_Hamilton_O6,1778,Hamilton,6,Federal,6,1.3343690599226927,6,35220,259083023010854
RIP1779_Columbia_O6,1779,Columbia,6,Federal,100,22.239484332044878,11,48445,448939642489998
RIP1780_Baker_O4,1780,Baker,4,Corporate/Other Private,4,0.8895793732817951,3,43225,374861608489998
RIP1781_Hamilton_O3,1781,Hamilton,3,Family Forest,1,0.2223948433204488,1,36897,289515725489998
RIP1782_Columbia_O6,1782,Columbia,6,Federal,24,5.337476239690771,6,48634,448940584489998
RIP1783_Baker_O4,1783,Baker,4,Corporate/Other Private,1,0.2223948433204488,1,43054,374860913489998
RIP1784_Hamilton_O4,1784,Hamilton,4,Corporate/Other Private,1,0.2223948433204488,1,64368,638334272126144
RIP1785_Hamilton_O3,1785,Hamilton,3,Family Forest,4,0.8895793732817951,2,35220,259083023010854
RIP1786_Hamilton_O3,1786,Hamilton,3,Family Forest,2,0.4447896866408976,2,35220,259083023010854
RIP1787_Baker_O3,1787,Baker,3,Family Forest,1,0.2223948433204488,1,67511,718604485290487
RIP1788_Hamilton_O3,1788,Hamilton,3,Family Forest,2,0.4447896866408976,1,24515,176860754010854
RIP1788_Hamilton_O4,1788,Hamilton,4,Corporate/Other Private,3,0.6671845299613464,3,24316,176548896010854
RIP1789_Hamilton_O3,1789,Hamilton,3,Family Forest,40,8.895793732817951,16,36962,289516223489998
RIP1790_Baker_O4,1790,Baker,4,Corporate/Other Private,2,0.4447896866408976,1,43291,374861937489998
RIP1791_Columbia_O6,1791,Columbia,6,Federal,9,2.001553589884039,3,48445,448939642489998
RIP1792_Hamilton_O3,1792,Hamilton,3,Family Forest,4,0.8895793732817951,3,35220,259083023010854
RIP1793_Columbia_O6,1793,Columbia,6,Federal,5,1.111974216602244,3,67279,718562372290487
RIP1794_Columbia_O6,1794,Columbia,6,Federal,7,1.5567639032431415,4,43067,374860959489998
RIP1795_Hamilton_O3,1795,Hamilton,3,Family Forest,53,11.786926695983786,12,48596,448940355489998
RIP1796_Hamilton_O4,1796,Hamilton,4,Corporate/Other Private,2,0.4447896866408976,1,16549,61280243010478
RIP1797_Hamilton_O3,1797,Hamilton,3,Family Forest,5,1.111974216602244,1,35220,259083023010854
RIP1798_Columbia_O6,1798,Columbia,6,Federal,19,4.225502023088527,7,23749,173002845010854
RIP1799_Columbia_O6,1799,Columbia,6,Federal,4,0.8895793732817951,2,59213,533664592126144
RIP1800_Baker_O4,1800,Baker,4,Corporate/Other Private,5,1.111974216602244,2,67511,718604485290487
RIP1801_Baker_O8,1801,Baker,8,Local,2,0.4447896866408976,2,48595,448940352489998
RIP1802_Baker_O4,1802,Baker,4,Corporate/Other Private,1,0.2223948433204488,1,64167,635664717126144
RIP1803_Baker_O3,1803,Baker,3,Family Forest,1,0.2223948433204488,1,45395,386107026489998
RIP1803_Baker_O8,1803,Baker,8,Local,3,0.6671845299613464,2,45395,386107026489998
RIP1804_Baker_O4,1804,Baker,4,Corporate/Other Private,14,3.113527806486283,7,36932,289515944489998
RIP1805_Hamilton_O3,1805,Hamilton,3,Family Forest,27,6.0046607696521175,10,48596,448940355489998
RIP1806_Hamilton_O3,1806,Hamilton,3,Family Forest,29,6.449450456293015,12,43067,374860959489998
RIP1807_Columbia_O4,1807,Columbia,4,Corporate/Other Private,4,0.8895793732817951,1,64406,638334495126144
RIP1808_Hamilton_O3,1808,Hamilton,3,Family Forest,7,1.5567639032431415,4,67541,718604892290487
RIP1809_Hamilton_O6,1809,Hamilton,6,Federal,2,0.4447896866408976,2,36962,289516223489998
RIP1810_Columbia_O4,1810,Columbia,4,Corporate/Other Private,1,0.2223948433204488,1,64406,638334495126144
RIP1811_Columbia_O3,1811,Columbia,3,Family Forest,10,2.223948433204488,6,64406,638334495126144
RIP1812_Hamilton_O3,1812,Hamilton,3,Family Forest,4,0.8895793732817951,3,24515,176860754010854
RIP1813_Hamilton_O6,1813,Hamilton,6,Federal,1,0.2223948433204488,1,36962,289516223489998
RIP1814_Hamilton_O6,1814,Hamilton,6,Federal,3,0.6671845299613464,2,48596,448940355489998
RIP1815_Columbia_O4,1815,Columbia,4,Corporate/Other Private,3,0.6671845299613464,2,64406,638334495126144
RIP1816_Columbia_O6,1816,Columbia,6,Federal,6,1.3343690599226927,4,23749,173002845010854
RIP1817_Columbia_O6,1817,Columbia,6,Federal,35,7.783819516215708,9,59421,533665369126144
RIP1818_Columbia_O6,1818,Columbia,6,Federal,1,0.2223948433204488,1,2743,20342987010478
RIP1819_Baker_O8,1819,Baker,8,Local,3,0.6671845299613464,3,43291,374861937489998
RIP1820_Hamilton_O6,1820,Hamilton,6,Federal,1,0.2223948433204488,1,36962,289516223489998
RIP1821_Hamilton_O3,1821,Hamilton,3,Family Forest,1,0.2223948433204488,1,24515,176860754010854
RIP1822_Hamilton_O3,1822,Hamilton,3,Family Forest,12,2.6687381198453854,6,36897,289515725489998
RIP1823_Columbia_O6,1823,Columbia,6,Federal,3,0.6671845299613464,2,23749,173002845010854
RIP1824_Columbia_O6,1824,Columbia,6,Federal,2,0.4447896866408976,1,23749,173002845010854
RIP1825_Columbia_O6,1825,Columbia,6,Federal,1,0.2223948433204488,1,48445,448939642489998
RIP1826_Columbia_O6,1826,Columbia,6,Federal,1,0.2223948433204488,1,2743,20342987010478
RIP1827_Hamilton_O3,1827,Hamilton,3,Family Forest,5,1.111974216602244,3,36897,289515725489998
RIP1828_Hamilton_O3,1828,Hamilton,3,Family Forest,68,15.122849345790517,18,35220,259083023010854
RIP1828_Hamilton_O4,1828,Hamilton,4,Corporate/Other Private,6,1.3343690599226927,2,35220,259083023010854
RIP1829_Hamilton_O3,1829,Hamilton,3,Family Forest,2,0.4447896866408976,2,36965,289516230489998
RIP1830_Columbia_O4,1830,Columbia,4,Corporate/Other Private,18,4.003107179768078,8,67372,718603850290487
RIP1831_Columbia_O6,1831,Columbia,6,Federal,2,0.4447896866408976,2,48445,448939642489998
RIP1832_Columbia_O6,1832,Columbia,6,Federal,1,0.2223948433204488,1,59421,533665369126144
RIP1833_Baker_O3,1833,Baker,3,Family Forest,1,0.2223948433204488,1,48596,448940355489998
RIP1834_Baker_O4,1834,Baker,4,Corporate/Other Private,9,2.001553589884039,7,21259,140564077010478
RIP1835_Baker_O4,1835,Baker,4,Corporate/Other Private,4,0.8895793732817951,2,64219,635664906126144
RIP1836_Hamilton_O3,1836,Hamilton,3,Family Forest,2,0.4447896866408976,2,24515,176860754010854
RIP1837_Hamilton_O3,1837,Hamilton,3,Family Forest,5,1.111974216602244,2,36897,289515725489998
RIP1838_Columbia_O6,1838,Columbia,6,Federal,2,0.4447896866408976,2,48445,448939642489998
RIP1839_Baker_O4,1839,Baker,4,Corporate/Other Private,2,0.4447896866408976,2,64452,638334742126144
RIP1840_Baker_O8,1840,Baker,8,Local,1,0.2223948433204488,1,48658,448940864489998
RIP1841_Hamilton_O3,1841,Hamilton,3,Family Forest,10,2.223948433204488,6,36965,289516230489998
RIP1842_Hamilton_O3,1842,Hamilton,3,Family Forest,7,1.5567639032431415,4,24515,176860754010854
RIP1843_Baker_O3,1843,Baker,3,Family Forest,21,4.670291709729424,8,64452,638334742126144
RIP1844_Columbia_O6,1844,Columbia,6,Federal,2,0.4447896866408976,2,23749,173002845010854
RIP1845_Hamilton_O3,1845,Hamilton,3,Family Forest,1,0.2223948433204488,1,64405,638334488126144
RIP1846_Hamilton_O3,1846,Hamilton,3,Family Forest,4,0.8895793732817951,4,24316,176548896010854
RIP1847_Hamilton_O3,1847,Hamilton,3,Family Forest,8,1.7791587465635903,6,48445,448939642489998
RIP1847_Hamilton_O7,1847,Hamilton,7,State,119,26.464986355133405,16,48445,448939642489998
RIP1848_Columbia_O4,1848,Columbia,4,Corporate/Other Private,28,6.227055612972566,11,48571,448940206489998
RIP1849_Hamilton_O3,1849,Hamilton,3,Family Forest,2,0.4447896866408976,2,43326,374862340489998
RIP1850_Columbia_O6,1850,Columbia,6,Federal,5,1.111974216602244,3,59213,533664592126144
RIP1851_Hamilton_O3,1851,Hamilton,3,Family Forest,53,11.786926695983786,12,35220,259083023010854
RIP1852_Baker_O3,1852,Baker,3,Family Forest,11,2.446343276524937,4,64452,638334742126144
RIP1853_Hamilton_O3,1853,Hamilton,3,Family Forest,4,0.8895793732817951,2,67235,718562165290487
RIP1854_Columbia_O4,1854,Columbia,4,Corporate/Other Private,3,0.6671845299613464,2,67461,718604231290487
RIP1855_Baker_O4,1855,Baker,4,Corporate/Other Private,1,0.2223948433204488,1,13446,43855325020004
RIP1856_Hamilton_O3,1856,Hamilton,3,Family Forest,5,1.111974216602244,4,35220,259083023010854
RIP1857_Hamilton_O3,1857,Hamilton,3,Family Forest,3,0.6671845299613464,3,24316,176548896010854
RIP1858_Baker_O4,1858,Baker,4,Corporate/Other Private,1,0.2223948433204488,1,67541,718604892290487
RIP1859_Columbia_O3,1859,Columbia,3,Family Forest,5,1.111974216602244,4,35220,259083023010854
RIP1859_Columbia_O4,1859,Columbia,4,Corporate/Other Private,4,0.8895793732817951,4,32408,236497707010854
RIP1860_Baker_O3,1860,Baker,3,Family Forest,2,0.4447896866408976,2,36932,289515944489998
RIP1861_Baker_O4,1861,Baker,4,Corporate/Other Private,1,0.2223948433204488,1,67511,718604485290487
RIP1862_Hamilton_O3,1862,Hamilton,3,Family Forest,3,0.6671845299613464,2,36897,289515725489998
RIP1863_Hamilton_O3,1863,Hamilton,3,Family Forest,22,4.892686553049874,7,48596,448940355489998
RIP1864_Columbia_O3,1864,Columbia,3,Family Forest,1,0.2223948433204488,1,36897,289515725489998
RIP1865_Columbia_O6,1865,Columbia,6,Federal,4,0.8895793732817951,3,43067,374860959489998
RIP1866_Columbia_O6,1866,Columbia,6,Federal,2,0.4447896866408976,2,59421,533665369126144
RIP1867_Baker_O4,1867,Baker,4,Corporate/Other Private,1,0.2223948433204488,1,67511,718604485290487
RIP1868_Hamilton_O3,1868,Hamilton,3,Family Forest,3,0.6671845299613464,3,48589,448940340489998
RIP1869_Hamilton_O3,1869,Hamilton,3,Family Forest,8,1.7791587465635903,6,24515,176860754010854
RIP1870_Columbia_O3,1870,Columbia,3,Family Forest,1,0.2223948433204488,1,67475,718604294290487
RIP1871_Baker_O4,1871,Baker,4,Corporate/Other Private,2,0.4447896866408976,2,64382,638334334126144
RIP1872_Hamilton_O3,1872,Hamilton,3,Family Forest,4,0.8895793732817951,4,24316,176548896010854
RIP1873_Columbia_O3,1873,Columbia,3,Family Forest,4,0.8895793732817951,4,16549,61280243010478
RIP1873_Columbia_O4,1873,Columbia,4,Corporate/Other Private,1,0.2223948433204488,1,67475,718604294290487
RIP1874_Columbia_O6,1874,Columbia,6,Federal,16,3.5583174931271806,6,67279,718562372290487
RIP1875_Baker_O4,1875,Baker,4,Corporate/Other Private,38,8.451004046177054,20,48636,448940596489998
RIP1876_Columbia_O6,1876,Columbia,6,Federal,12,2.6687381198453854,6,23749,173002845010854
RIP1877_Baker_O3,1877,Baker,3,Family Forest,4,0.8895793732817951,4,36934,289515946489998
RIP1878_Hamilton_O3,1878,Hamilton,3,Family Forest,3,0.6671845299613464,2,48596,448940355489998
RIP1879_Columbia_O3,1879,Columbia,3,Family Forest,3,0.6671845299613464,3,24316,176548896010854
RIP1880_Columbia_O3,1880,Columbia,3,Family Forest,3,0.6671845299613464,3,24316,176548896010854
RIP1881_Baker_O3,1881,Baker,3,Family Forest,4,0.8895793732817951,2,36897,289515725489998
RIP1882_Hamilton_O3,1882,Hamilton,3,Family Forest,1,0.2223948433204488,1,48596,448940355489998
RIP1883_Columbia_O3,1883,Columbia,3,Family Forest,22,4.892686553049874,11,36897,289515725489998
RIP1884_Columbia_O3,1884,Columbia,3,Family Forest,23,5.115081396370322,8,67461,718604231290487
RIP1885_Baker_O4,1885,Baker,4,Corporate/Other Private,1,0.2223948433204488,1,48658,448940864489998
RIP1886_Baker_O4,1886,Baker,4,Corporate/Other Private,4,0.8895793732817951,3,48658,448940864489998
RIP1887_Hamilton_O3,1887,Hamilton,3,Family Forest,8,1.7791587465635903,2,64406,638334495126144
RIP1888_Columbia_O4,1888,Columbia,4,Corporate/Other Private,7,1.5567639032431415,4,24316,176548896010854
RIP1889_Columbia_O3,1889,Columbia,3,Family Forest,3,0.6671845299613464,3,35220,259083023010854
RIP1890_Baker_O3,1890,Baker,3,Family Forest,28,6.227055612972566,6,43054,374860913489998
RIP1891_Hamilton_O3,1891,Hamilton,3,Family Forest,25,5.5598710830112195,5,35220,259083023010854
RIP1892_Columbia_O3,1892,Columbia,3,Family Forest,16,3.5583174931271806,3,48658,448940864489998
RIP1893_Hamilton_O3,1893,Hamilton,3,Family Forest,1,0.2223948433204488,1,64406,638334495126144
RIP1894_Columbia_O3,1894,Columbia,3,Family Forest,5,1.111974216602244,5,24316,176548896010854
RIP1895_Columbia_O6,1895,Columbia,6,Federal,5,1.111974216602244,3,59421,533665369126144
RIP1896_Baker_O3,1896,Baker,3,Family Forest,4,0.8895793732817951,3,67541,718604892290487
RIP1897_Columbia_O6,1897,Columbia,6,Federal,2,0.4447896866408976,2,59213,533664592126144
RIP1898_Columbia_O6,1898,Columbia,6,Federal,3,0.6671845299613464,3,23749,173002845010854
RIP1899_Hamilton_O4,1899,Hamilton,4,Corporate/Other Private,1,0.2223948433204488,1,36818,289515324489998
RIP1900_Columbia_O4,1900,Columbia,4,Corporate/Other Private,1,0.2223948433204488,1,36897,289515725489998
RIP1901_Columbia_O3,1901,Columbia,3,Family Forest,1,0.2223948433204488,1,67461,718604231290487
RIP1902_Columbia_O3,1902,Columbia,3,Family Forest,3,0.6671845299613464,3,59213,533664592126144
RIP1903_Baker_O3,1903,Baker,3,Family Forest,1,0.2223948433204488,1,43225,374861608489998
RIP1904_Hamilton_O3,1904,Hamilton,3,Family Forest,1,0.2223948433204488,1,35220,259083023010854
RIP1905_Columbia_O3,1905,Columbia,3,Family Forest,6,1.3343690599226927,2,35220,259083023010854
RIP1906_Columbia_O6,1906,Columbia,6,Federal,4,0.8895793732817951,3,23747,173002836010854
RIP1907_Hamilton_O3,1907,Hamilton,3,Family Forest,3,0.6671845299613464,2,48596,448940355489998
RIP1908_Columbia_O3,1908,Columbia,3,Family Forest,16,3.5583174931271806,7,36897,289515725489998
RIP1909_Hamilton_O3,1909,Hamilton,3,Family Forest,2,0.4447896866408976,2,31037,218218426020004
RIP1910_Columbia_O3,1910,Columbia,3,Family Forest,1,0.2223948433204488,1,36965,289516230489998
RIP1911_Columbia_O6,1911,Columbia,6,Federal,1,0.2223948433204488,1,67279,718562372290487
RIP1912_Baker_O3,1912,Baker,3,Family Forest,10,2.223948433204488,2,64219,635664906126144
RIP1913_Columbia_O3,1913,Columbia,3,Family Forest,1,0.2223948433204488,1,24316,176548896010854
RIP1914_Hamilton_O3,1914,Hamilton,3,Family Forest,2,0.4447896866408976,2,45047,385730105489998
RIP1915_Hamilton_O3,1915,Hamilton,3,Family Forest,1,0.2223948433204488,1,67461,718604231290487
RIP1916_Columbia_O3,1916,Columbia,3,Family Forest,1,0.2223948433204488,1,67541,718604892290487
RIP1917_Columbia_O6,1917,Columbia,6,Federal,1,0.2223948433204488,1,59428,533665395126144
RIP1918_Hamilton_O3,1918,Hamilton,3,Family Forest,6,1.3343690599226927,3,35220,259083023010854
RIP1919_Hamilton_O3,1919,Hamilton,3,Family Forest,8,1.7791587465635903,6,59294,533664907126144
RIP1920_Columbia_O3,1920,Columbia,3,Family Forest,14,3.113527806486283,5,36965,289516230489998
RIP1921_Columbia_O6,1921,Columbia,6,Federal,2,0.4447896866408976,1,48445,448939642489998
RIP1922_Baker_O3,1922,Baker,3,Family Forest,1,0.2223948433204488,1,43294,374861940489998
RIP1923_Hamilton_O3,1923,Hamilton,3,Family Forest,2,0.4447896866408976,2,36939,289515962489998
RIP1924_Columbia_O6,1924,Columbia,6,Federal,3,0.6671845299613464,2,67371,718603849290487
RIP1925_Columbia_O6,1925,Columbia,6,Federal,6,1.3343690599226927,5,59213,533664592126144
RIP1926_Columbia_O6,1926,Columbia,6,Federal,3,0.6671845299613464,3,23747,173002836010854
RIP1927_Columbia_O6,1927,Columbia,6,Federal,2,0.4447896866408976,2,59421,533665369126144
RIP1928_Baker_O3,1928,Baker,3,Family Forest,3,0.6671845299613464,2,67541,718604892290487
RIP1928_Baker_O8,1928,Baker,8,Local,1,0.2223948433204488,1,43225,374861608489998
RIP1929_Columbia_O3,1929,Columbia,3,Family Forest,36,8.006214359536155,9,32408,236497707010854
RIP1930_Columbia_O3,1930,Columbia,3,Family Forest,3,0.6671845299613464,1,43326,374862340489998
RIP1931_Columbia_O6,1931,Columbia,6,Federal,3,0.6671845299613464,2,67523,718604718290487
RIP1932_Baker_O3,1932,Baker,3,Family Forest,1,0.2223948433204488,1,48670,448940999489998
RIP1933_Hamilton_O4,1933,Hamilton,4,Corporate/Other Private,1,0.2223948433204488,1,36897,289515725489998
RIP1934_Hamilton_O4,1934,Hamilton,4,Corporate/Other Private,2,0.4447896866408976,2,36897,289515725489998
RIP1935_Columbia_O6,1935,Columbia,6,Federal,2,0.4447896866408976,1,67279,718562372290487
RIP1936_Hamilton_O3,1936,Hamilton,3,Family Forest,3,0.6671845299613464,2,36962,289516223489998
RIP1937_Hamilton_O3,1937,Hamilton,3,Family Forest,11,2.446343276524937,6,36897,289515725489998
RIP1938_Hamilton_O4,1938,Hamilton,4,Corporate/Other Private,5,1.111974216602244,3,48596,448940355489998
RIP1939_Columbia_O3,1939,Columbia,3,Family Forest,1,0.2223948433204488,1,45047,385730105489998
RIP1940_Columbia_O3,1940,Columbia,3,Family Forest,1,0.2223948433204488,1,67372,718603850290487
RIP1941_Columbia_O6,1941,Columbia,6,Federal,1,0.2223948433204488,1,67509,718604473290487
RIP1942_Columbia_O6,1942,Columbia,6,Federal,3,0.6671845299613464,3,23749,173002845010854
RIP1943_Baker_O3,1943,Baker,3,Family Forest,3,0.6671845299613464,3,36897,289515725489998
RIP1944_Suwannee_O3,1944,Suwannee,3,Family Forest,1,0.2223948433204488,1,48592,448940348489998
RIP1945_Suwannee_O3,1945,Suwannee,3,Family Forest,3,0.6671845299613464,1,36897,289515725489998
RIP1946_Columbia_O3,1946,Columbia,3,Family Forest,3,0.6671845299613464,3,32408,236497707010854
RIP1947_Columbia_O6,1947,Columbia,6,Federal,1,0.2223948433204488,1,59213,533664592126144
RIP1948_Baker_O8,1948,Baker,8,Local,2,0.4447896866408976,1,67475,718604294290487
RIP1949_Suwannee_O3,1949,Suwannee,3,Family Forest,4,0.8895793732817951,4,36897,289515725489998
RIP1950_Hamilton_O3,1950,Hamilton,3,Family Forest,9,2.001553589884039,4,35220,259083023010854
RIP1951_Hamilton_O4,1951,Hamilton,4,Corporate/Other Private,30,6.671845299613464,13,48596,448940355489998
RIP1952_Columbia_O6,1952,Columbia,6,Federal,3,0.6671845299613464,2,59213,533664592126144
RIP1953_Baker_O3,1953,Baker,3,Family Forest,21,4.670291709729424,5,48670,448940999489998
RIP1954_Columbia_O3,1954,Columbia,3,Family Forest,6,1.3343690599226927,4,36897,289515725489998
RIP1955_Columbia_O3,1955,Columbia,3,Family Forest,1,0.2223948433204488,1,67461,718604231290487
RIP1956_Columbia_O3,1956,Columbia,3,Family Forest,11,2.446343276524937,3,67461,718604231290487
RIP1957_Suwannee_O3,1957,Suwannee,3,Family Forest,1,0.2223948433204488,1,36962,289516223489998
RIP1958_Hamilton_O3,1958,Hamilton,3,Family Forest,1,0.2223948433204488,1,36965,289516230489998
RIP1959_Hamilton_O4,1959,Hamilton,4,Corporate/Other Private,7,1.5567639032431415,4,36897,289515725489998
RIP1960_Baker_O3,1960,Baker,3,Family Forest,20,4.447896866408976,6,36824,289515345489998
RIP1960_Baker_O4,1960,Baker,4,Corporate/Other Private,15,3.335922649806732,10,48596,448940355489998
RIP1961_Suwannee_O3,1961,Suwannee,3,Family Forest,3,0.6671845299613464,3,36965,289516230489998
RIP1962_Suwannee_O3,1962,Suwannee,3,Family Forest,1,0.2223948433204488,1,36771,289515061489998
RIP1963_Hamilton_O4,1963,Hamilton,4,Corporate/Other Private,1,0.2223948433204488,1,36897,289515725489998
RIP1964_Hamilton_O4,1964,Hamilton,4,Corporate/Other Private,5,1.111974216602244,2,31037,218218426020004
RIP1965_Columbia_O6,1965,Columbia,6,Federal,4,0.8895793732817951,3,23749,173002845010854
RIP1966_Baker_O8,1966,Baker,8,Local,3,0.6671845299613464,2,36897,289515725489998
RIP1967_Hamilton_O3,1967,Hamilton,3,Family Forest,17,3.780712336447629,8,36897,289515725489998
RIP1968_Hamilton_O3,1968,Hamilton,3,Family Forest,83,18.45877199559725,14,36962,289516223489998
RIP1969_Columbia_O3,1969,Columbia,3,Family Forest,3,0.6671845299613464,3,31037,218218426020004
RIP1970_Suwannee_O3,1970,Suwannee,3,Family Forest,2,0.4447896866408976,2,48592,448940348489998
RIP1971_Columbia_O3,1971,Columbia,3,Family Forest,4,0.8895793732817951,2,32408,236497707010854
RIP1972_Columbia_O3,1972,Columbia,3,Family Forest,2,0.4447896866408976,2,36939,289515962489998
RIP1973_Suwannee_O3,1973,Suwannee,3,Family Forest,2,0.4447896866408976,2,48592,448940348489998
RIP1974_Suwannee_O4,1974,Suwannee,4,Corporate/Other Private,1,0.2223948433204488,1,48592,448940348489998
RIP1975_Suwannee_O4,1975,Suwannee,4,Corporate/Other Private,1,0.2223948433204488,1,48658,448940864489998
RIP1976_Hamilton_O3,1976,Hamilton,3,Family Forest,13,2.891132963165834,5,35220,259083023010854
RIP1977_Hamilton_O4,1977,Hamilton,4,Corporate/Other Private,3,0.6671845299613464,2,36897,289515725489998
RIP1978_Hamilton_O3,1978,Hamilton,3,Family Forest,7,1.5567639032431415,5,36897,289515725489998
RIP1978_Hamilton_O4,1978,Hamilton,4,Corporate/Other Private,1,0.2223948433204488,1,36897,289515725489998
RIP1979_Baker_O3,1979,Baker,3,Family Forest,32,7.116634986254361,11,36971,289516357489998
RIP1979_Baker_O4,1979,Baker,4,Corporate/Other Private,6,1.3343690599226927,5,16547,61264238010478
RIP1980_Hamilton_O3,1980,Hamilton,3,Family Forest,7,1.5567639032431415,3,35220,259083023010854
RIP1981_Columbia_O3,1981,Columbia,3,Family Forest,3,0.6671845299613464,3,50155,451136792489998
RIP1982_Baker_O4,1982,Baker,4,Corporate/Other Private,7,1.5567639032431415,5,67205,718562044290487
RIP1983_Suwannee_O3,1983,Suwannee,3,Family Forest,1,0.2223948433204488,1,48589,448940340489998
RIP1984_Hamilton_O3,1984,Hamilton,3,Family Forest,7,1.5567639032431415,6,67504,718604453290487
RIP1985_Hamilton_O4,1985,Hamilton,4,Corporate/Other Private,2,0.4447896866408976,2,24515,176860754010854
RIP1986_Columbia_O3,1986,Columbia,3,Family Forest,5,1.111974216602244,4,64454,638334746126144
RIP1987_Hamilton_O3,1987,Hamilton,3,Family Forest,6,1.3343690599226927,4,36897,289515725489998
RIP1988_Columbia_O3,1988,Columbia,3,Family Forest,1,0.2223948433204488,1,67461,718604231290487
RIP1989_Columbia_O6,1989,Columbia,6,Federal,2,0.4447896866408976,1,67371,718603849290487
RIP1990_Baker_O3,1990,Baker,3,Family Forest,1,0.2223948433204488,1,67313,718603549290487
RIP1991_Baker_O4,1991,Baker,4,Corporate/Other Private,5,1.111974216602244,4,43326,374862340489998
RIP1992_Suwannee_O3,1992,Suwannee,3,Family Forest,3,0.6671845299613464,3,36897,289515725489998
RIP1993_Columbia_O3,1993,Columbia,3,Family Forest,6,1.3343690599226927,3,35220,259083023010854
RIP1994_Columbia_O6,1994,Columbia,6,Federal,7,1.5567639032431415,3,2743,20342987010478
RIP1995_Baker_O3,1995,Baker,3,Family Forest,37,8.228609202856605,9,16547,61264238010478
RIP1996_Baker_O4,1996,Baker,4,Corporate/Other Private,1,0.2223948433204488,1,67511,718604485290487
RIP1997_Baker_O4,1997,Baker,4,Corporate/Other Private,4,0.8895793732817951,2,64219,635664906126144
RIP1998_Suwannee_O3,1998,Suwannee,3,Family Forest,7,1.5567639032431415,4,64219,635664906126144
RIP1999_Hamilton_O3,1999,Hamilton,3,Family Forest,8,1.7791587465635903,4,48571,448940206489998
RIP2000_Baker_O3,2000,Baker,3,Family Forest,1,0.2223948433204488,1,36934,289515946489998
RIP2001_Baker_O4,2001,Baker,4,Corporate/Other Private,11,2.446343276524937,6,64407,638334496126144
RIP2002_Baker_O4,2002,Baker,4,Corporate/Other Private,2,0.4447896866408976,2,43203,374861529489998
RIP2003_Hamilton_O4,2003,Hamilton,4,Corporate/Other Private,2,0.4447896866408976,2,36897,289515725489998
RIP2004_Hamilton_O3,2004,Hamilton,3,Family Forest,17,3.780712336447629,5,35220,259083023010854
RIP2005_Hamilton_O3,2005,Hamilton,3,Family Forest,1,0.2223948433204488,1,24515,176860754010854
RIP2005_Hamilton_O4,2005,Hamilton,4,Corporate/Other Private,9,2.001553589884039,6,36897,289515725489998
RIP2006_Baker_O4,2006,Baker,4,Corporate/Other Private,4,0.8895793732817951,2,2739,20336120010478
RIP2007_Hamilton_O3,2007,Hamilton,3,Family Forest,4,0.8895793732817951,3,35220,259083023010854
RIP2008_Baker_O3,2008,Baker,3,Family Forest,6,1.3343690599226927,4,36824,289515345489998
RIP2008_Baker_O7,2008,Baker,7,State,4,0.8895793732817951,3,36824,289515345489998
RIP2009_Hamilton_O3,2009,Hamilton,3,Family Forest,6,1.3343690599226927,4,36962,289516223489998
RIP2010_Hamilton_O3,2010,Hamilton,3,Family Forest,4,0.8895793732817951,2,36897,289515725489998
RIP2010_Hamilton_O4,2010,Hamilton,4,Corporate/Other Private,5,1.111974216602244,4,36897,289515725489998
RIP2011_Hamilton_O7,2011,Hamilton,7,State,6,1.3343690599226927,3,48596,448940355489998
RIP2012_Columbia_O6,2012,Columbia,6,Federal,2,0.4447896866408976,2,48634,448940584489998
RIP2013_Columbia_O6,2013,Columbia,6,Federal,67,14.900454502470069,9,43181,374861410489998
RIP2014_Columbia_O3,2014,Columbia,3,Family Forest,6,1.3343690599226927,3,48658,448940864489998
RIP2015_Columbia_O6,2015,Columbia,6,Federal,7,1.5567639032431415,3,23747,173002836010854
RIP2016_Baker_O3,2016,Baker,3,Family Forest,40,8.895793732817951,6,43054,374860913489998
RIP2016_Baker_O4,2016,Baker,4,Corporate/Other Private,13,2.891132963165834,4,43054,374860913489998
RIP2017_Baker_O4,2017,Baker,4,Corporate/Other Private,6,1.3343690599226927,4,36938,289515961489998
RIP2018_Hamilton_O3,2018,Hamilton,3,Family Forest,10,2.223948433204488,4,67541,718604892290487
RIP2019_Columbia_O3,2019,Columbia,3,Family Forest,6,1.3343690599226927,4,36897,289515725489998
RIP2020_Baker_O8,2020,Baker,8,Local,6,1.3343690599226927,3,50098,451136592489998
RIP2021_Hamilton_O4,2021,Hamilton,4,Corporate/Other Private,3,0.6671845299613464,3,36897,289515725489998
RIP2022_Columbia_O6,2022,Columbia,6,Federal,1,0.2223948433204488,1,59213,533664592126144
RIP2023_Columbia_O6,2023,Columbia,6,Federal,10,2.223948433204488,3,43181,374861410489998
RIP2024_Suwannee_O3,2024,Suwannee,3,Family Forest,1,0.2223948433204488,1,36897,289515725489998
RIP2025_Columbia_O3,2025,Columbia,3,Family Forest,1,0.2223948433204488,1,36897,289515725489998
RIP2026_Columbia_O6,2026,Columbia,6,Federal,2,0.4447896866408976,2,23749,173002845010854
RIP2027_Columbia_O6,2027,Columbia,6,Federal,7,1.5567639032431415,4,48634,448940584489998
RIP2028_Columbia_O6,2028,Columbia,6,Federal,1,0.2223948433204488,1,59213,533664592126144
RIP2029_Baker_O3,2029,Baker,3,Family Forest,6,1.3343690599226927,4,64219,635664906126144
RIP2030_Baker_O3,2030,Baker,3,Family Forest,2,0.4447896866408976,2,48596,448940355489998
RIP2030_Baker_O4,2030,Baker,4,Corporate/Other Private,2,0.4447896866408976,2,64219,635664906126144
RIP2031_Suwannee_O3,2031,Suwannee,3,Family Forest,7,1.5567639032431415,3,35220,259083023010854
RIP2031_Suwannee_O4,2031,Suwannee,4,Corporate/Other Private,1,0.2223948433204488,1,35220,259083023010854
RIP2032_Hamilton_O4,2032,Hamilton,4,Corporate/Other Private,7,1.5567639032431415,4,36962,289516223489998
RIP2033_Hamilton_O3,2033,Hamilton,3,Family Forest,48,10.674952479381542,11,35220,259083023010854
RIP2033_Hamilton_O4,2033,Hamilton,4,Corporate/Other Private,5,1.111974216602244,3,35220,259083023010854
RIP2034_Hamilton_O4,2034,Hamilton,4,Corporate/Other Private,1,0.2223948433204488,1,67513,718604487290487
RIP2035_Hamilton_O7,2035,Hamilton,7,State,20,4.447896866408976,14,36897,289515725489998
RIP2036_Columbia_O6,2036,Columbia,6,Federal,2,0.4447896866408976,2,50207,451136981489998
RIP2037_Baker_O3,2037,Baker,3,Family Forest,3,0.6671845299613464,3,43291,374861937489998
RIP2038_Suwannee_O3,2038,Suwannee,3,Family Forest,1,0.2223948433204488,1,31037,218218426020004
RIP2039_Hamilton_O3,2039,Hamilton,3,Family Forest,11,2.446343276524937,7,36897,289515725489998
RIP2040_Hamilton_O3,2040,Hamilton,3,Family Forest,1,0.2223948433204488,1,36962,289516223489998
RIP2041_Hamilton_O3,2041,Hamilton,3,Family Forest,93,20.682720428801737,15,36962,289516223489998
RIP2041_Hamilton_O4,2041,Hamilton,4,Corporate/Other Private,9,2.001553589884039,6,35220,259083023010854
RIP2042_Columbia_O3,2042,Columbia,3,Family Forest,4,0.8895793732817951,4,35220,259083023010854
RIP2043_Baker_O3,2043,Baker,3,Family Forest,9,2.001553589884039,5,64219,635664906126144
RIP2043_Baker_O4,2043,Baker,4,Corporate/Other Private,2,0.4447896866408976,2,48670,448940999489998
RIP2044_Baker_O3,2044,Baker,3,Family Forest,3,0.6671845299613464,1,36824,289515345489998
RIP2045_Hamilton_O4,2045,Hamilton,4,Corporate/Other Private,2,0.4447896866408976,2,36934,289515946489998
RIP2046_Columbia_O6,2046,Columbia,6,Federal,2,0.4447896866408976,2,31048,218219125020004
RIP2047_Baker_O3,2047,Baker,3,Family Forest,1,0.2223948433204488,1,13447,43855332020004
RIP2048_Hamilton_O4,2048,Hamilton,4,Corporate/Other Private,29,6.449450456293015,10,48592,448940348489998
RIP2049_Hamilton_O3,2049,Hamilton,3,Family Forest,2,0.4447896866408976,1,36962,289516223489998
RIP2050_Columbia_O3,2050,Columbia,3,Family Forest,3,0.6671845299613464,3,48671,448941000489998
RIP2051_Baker_O4,2051,Baker,4,Corporate/Other Private,1,0.2223948433204488,1,50098,451136592489998
RIP2052_Baker_O3,2052,Baker,3,Family Forest,1,0.2223948433204488,1,67511,718604485290487
RIP2053_Suwannee_O3,2053,Suwannee,3,Family Forest,9,2.001553589884039,5,35220,259083023010854
RIP2054_Hamilton_O4,2054,Hamilton,4,Corporate/Other Private,12,2.6687381198453854,8,35220,259083023010854
RIP2055_Columbia_O3,2055,Columbia,3,Family Forest,5,1.111974216602244,3,48596,448940355489998
RIP2056_Columbia_O3,2056,Columbia,3,Family Forest,2,0.4447896866408976,1,36897,289515725489998
RIP2057_Hamilton_O3,2057,Hamilton,3,Family Forest,3,0.6671845299613464,2,36965,289516230489998
RIP2058_Hamilton_O4,2058,Hamilton,4,Corporate/Other Private,2,0.4447896866408976,2,31037,218218426020004
RIP2059_Baker_O3,2059,Baker,3,Family Forest,16,3.5583174931271806,6,43294,374861940489998
RIP2060_Baker_O3,2060,Baker,3,Family Forest,2,0.4447896866408976,1,36824,289515345489998
RIP2060_Baker_O4,2060,Baker,4,Corporate/Other Private,1,0.2223948433204488,1,36824,289515345489998
RIP2061_Suwannee_O3,2061,Suwannee,3,Family Forest,1,0.2223948433204488,1,48592,448940348489998
RIP2062_Hamilton_O3,2062,Hamilton,3,Family Forest,2,0.4447896866408976,1,36962,289516223489998
RIP2063_Hamilton_O4,2063,Hamilton,4,Corporate/Other Private,1,0.2223948433204488,1,64406,638334495126144
RIP2064_Suwannee_O3,2064,Suwannee,3,Family Forest,3,0.6671845299613464,2,36962,289516223489998
RIP2065_Hamilton_O4,2065,Hamilton,4,Corporate/Other Private,5,1.111974216602244,3,36897,289515725489998
RIP2066_Hamilton_O7,2066,Hamilton,7,State,6,1.3343690599226927,3,36939,289515962489998
RIP2067_Columbia_O8,2067,Columbia,8,Local,1,0.2223948433204488,1,67541,718604892290487
RIP2068_Baker_O3,2068,Baker,3,Family Forest,3,0.6671845299613464,2,23747,173002836010854
RIP2069_Baker_O3,2069,Baker,3,Family Forest,8,1.7791587465635903,2,67523,718604718290487
RIP2070_Hamilton_O7,2070,Hamilton,7,State,1,0.2223948433204488,1,48658,448940864489998
RIP2071_Columbia_O3,2071,Columbia,3,Family Forest,1,0.2223948433204488,1,67541,718604892290487
RIP2072_Hamilton_O3,2072,Hamilton,3,Family Forest,1,0.2223948433204488,1,36962,289516223489998
RIP2073_Columbia_O3,2073,Columbia,3,Family Forest,16,3.5583174931271806,7,48658,448940864489998
RIP2074_Columbia_O3,2074,Columbia,3,Family Forest,4,0.8895793732817951,2,24316,176548896010854
RIP2075_Columbia_O6,2075,Columbia,6,Federal,2,0.4447896866408976,1,59428,533665395126144
RIP2076_Columbia_O6,2076,Columbia,6,Federal,21,4.670291709729424,10,48445,448939642489998
RIP2077_Columbia_O6,2077,Columbia,6,Federal,2,0.4447896866408976,1,43181,374861410489998
RIP2078_Baker_O3,2078,Baker,3,Family Forest,31,6.894240142933913,4,36824,289515345489998
RIP2078_Baker_O8,2078,Baker,8,Local,1,0.2223948433204488,1,36824,289515345489998
RIP2079_Suwannee_O3,2079,Suwannee,3,Family Forest,5,1.111974216602244,5,32408,236497707010854
RIP2080_Suwannee_O3,2080,Suwannee,3,Family Forest,4,0.8895793732817951,2,32408,236497707010854
RIP2081_Columbia_O3,2081,Columbia,3,Family Forest,4,0.8895793732817951,3,67475,718604294290487
RIP2082_Baker_O3,2082,Baker,3,Family Forest,30,6.671845299613464,7,50098,451136592489998
RIP2083_Hamilton_O3,2083,Hamilton,3,Family Forest,5,1.111974216602244,4,45047,385730105489998
RIP2084_Hamilton_O7,2084,Hamilton,7,State,5,1.111974216602244,4,67461,718604231290487
RIP2085_Baker_O3,2085,Baker,3,Family Forest,1,0.2223948433204488,1,23747,173002836010854
RIP2086_Hamilton_O3,2086,Hamilton,3,Family Forest,22,4.892686553049874,10,36897,289515725489998
RIP2087_Hamilton_O3,2087,Hamilton,3,Family Forest,2,0.4447896866408976,2,36897,289515725489998
RIP2088_Columbia_O3,2088,Columbia,3,Family Forest,22,4.892686553049874,8,35220,259083023010854
RIP2089_Columbia_O6,2089,Columbia,6,Federal,1,0.2223948433204488,1,59421,533665369126144
RIP2090_Columbia_O6,2090,Columbia,6,Federal,4,0.8895793732817951,4,2743,20342987010478
RIP2091_Suwannee_O3,2091,Suwannee,3,Family Forest,1,0.2223948433204488,1,45047,385730105489998
RIP2092_Hamilton_O3,2092,Hamilton,3,Family Forest,1,0.2223948433204488,1,45047,385730105489998
RIP2093_Hamilton_O3,2093,Hamilton,3,Family Forest,3,0.6671845299613464,3,35220,259083023010854
RIP2093_Hamilton_O4,2093,Hamilton,4,Corporate/Other Private,21,4.670291709729424,6,36897,289515725489998
RIP2094_Hamilton_O3,2094,Hamilton,3,Family Forest,2,0.4447896866408976,2,48557,448940171489998
RIP2094_Hamilton_O7,2094,Hamilton,7,State,8,1.7791587465635903,5,48571,448940206489998
RIP2095_Baker_O3,2095,Baker,3,Family Forest,4,0.8895793732817951,1,67523,718604718290487
RIP2096_Hamilton_O7,2096,Hamilton,7,State,5,1.111974216602244,3,64406,638334495126144
RIP2097_Suwannee_O3,2097,Suwannee,3,Family Forest,2,0.4447896866408976,2,21259,140564077010478
RIP2098_Suwannee_O3,2098,Suwannee,3,Family Forest,4,0.8895793732817951,4,36897,289515725489998
RIP2098_Suwannee_O4,2098,Suwannee,4,Corporate/Other Private,26,5.782265926331668,6,36962,289516223489998
RIP2099_Suwannee_O3,2099,Suwannee,3,Family Forest,3,0.6671845299613464,2,36897,289515725489998
RIP2100_Hamilton_O3,2100,Hamilton,3,Family Forest,2,0.4447896866408976,2,48592,448940348489998
RIP2101_Hamilton_O3,2101,Hamilton,3,Family Forest,18,4.003107179768078,10,35220,259083023010854
RIP2102_Hamilton_O7,2102,Hamilton,7,State,1,0.2223948433204488,1,45047,385730105489998
RIP2103_Baker_O3,2103,Baker,3,Family Forest,5,1.111974216602244,1,67523,718604718290487
RIP2104_Baker_O3,2104,Baker,3,Family Forest,2,0.4447896866408976,2,43151,374861300489998
RIP2105_Hamilton_O3,2105,Hamilton,3,Family Forest,1,0.2223948433204488,1,24515,176860754010854
RIP2106_Hamilton_O7,2106,Hamilton,7,State,3,0.6671845299613464,3,36897,289515725489998
RIP2107_Hamilton_O3,2107,Hamilton,3,Family Forest,26,5.782265926331668,6,48596,448940355489998
RIP2107_Hamilton_O7,2107,Hamilton,7,State,11,2.446343276524937,2,48596,448940355489998
RIP2108_Columbia_O3,2108,Columbia,3,Family Forest,5,1.111974216602244,3,36897,289515725489998
RIP2109_Columbia_O3,2109,Columbia,3,Family Forest,6,1.3343690599226927,2,67475,718604294290487
RIP2110_Baker_O3,2110,Baker,3,Family Forest,1,0.2223948433204488,1,48634,448940584489998
RIP2111_Baker_O3,2111,Baker,3,Family Forest,6,1.3343690599226927,4,64383,638334339126144
RIP2112_Hamilton_O3,2112,Hamilton,3,Family Forest,1,0.2223948433204488,1,35220,259083023010854
RIP2112_Hamilton_O4,2112,Hamilton,4,Corporate/Other Private,15,3.335922649806732,11,32408,236497707010854
RIP2113_Columbia_O6,2113,Columbia,6,Federal,1,0.2223948433204488,1,59213,533664592126144
RIP2114_Baker_O3,2114,Baker,3,Family Forest,8,1.7791587465635903,2,23747,173002836010854
RIP2115_Baker_O3,2115,Baker,3,Family Forest,4,0.8895793732817951,1,50098,451136592489998
RIP2115_Baker_O7,2115,Baker,7,State,2,0.4447896866408976,2,48658,448940864489998
RIP2116_Hamilton_O3,2116,Hamilton,3,Family Forest,4,0.8895793732817951,3,36962,289516223489998
RIP2117_Columbia_O3,2117,Columbia,3,Family Forest,4,0.8895793732817951,4,36897,289515725489998
RIP2118_Columbia_O6,2118,Columbia,6,Federal,12,2.6687381198453854,6,23747,173002836010854
RIP2119_Baker_O3,2119,Baker,3,Family Forest,2,0.4447896866408976,2,67372,718603850290487
RIP2120_Columbia_O6,2120,Columbia,6,Federal,12,2.6687381198453854,3,36911,289515792489998
RIP2121_Baker_O3,2121,Baker,3,Family Forest,3,0.6671845299613464,2,64219,635664906126144
RIP2122_Suwannee_O3,2122,Suwannee,3,Family Forest,5,1.111974216602244,3,35220,259083023010854
RIP2123_Hamilton_O3,2123,Hamilton,3,Family Forest,14,3.113527806486283,5,36897,289515725489998
RIP2124_Hamilton_O7,2124,Hamilton,7,State,8,1.7791587465635903,6,48596,448940355489998
RIP2125_Columbia_O3,2125,Columbia,3,Family Forest,3,0.6671845299613464,3,35220,259083023010854
RIP2126_Baker_O3,2126,Baker,3,Family Forest,39,8.673398889497502,3,36824,289515345489998
RIP2126_Baker_O4,2126,Baker,4,Corporate/Other Private,15,3.335922649806732,2,36824,289515345489998
RIP2126_Baker_O8,2126,Baker,8,Local,9,2.001553589884039,3,36824,289515345489998
RIP2127_Suwannee_O3,2127,Suwannee,3,Family Forest,3,0.6671845299613464,2,36897,289515725489998
RIP2128_Suwannee_O3,2128,Suwannee,3,Family Forest,3,0.6671845299613464,3,21259,140564077010478
RIP2129_Hamilton_O3,2129,Hamilton,3,Family Forest,4,0.8895793732817951,3,67461,718604231290487
RIP2130_Baker_O3,2130,Baker,3,Family Forest,1,0.2223948433204488,1,48634,448940584489998
RIP2131_Baker_O3,2131,Baker,3,Family Forest,3,0.6671845299613464,2,64383,638334339126144
RIP2132_Baker_O3,2132,Baker,3,Family Forest,3,0.6671845299613464,3,43291,374861937489998
RIP2133_Hamilton_O3,2133,Hamilton,3,Family Forest,1,0.2223948433204488,1,48596,448940355489998
RIP2134_Columbia_O3,2134,Columbia,3,Family Forest,10,2.223948433204488,6,36962,289516223489998
RIP2135_Columbia_O3,2135,Columbia,3,Family Forest,3,0.6671845299613464,3,24316,176548896010854
RIP2136_Baker_O3,2136,Baker,3,Family Forest,2,0.4447896866408976,2,67371,718603849290487
RIP2137_Hamilton_O3,2137,Hamilton,3,Family Forest,1,0.2223948433204488,1,48596,448940355489998
RIP2138_Columbia_O6,2138,Columbia,6,Federal,4,0.8895793732817951,2,23749,173002845010854
RIP2139_Columbia_O6,2139,Columbia,6,Federal,10,2.223948433204488,4,23749,173002845010854
RIP2140_Baker_O4,2140,Baker,4,Corporate/Other Private,1,0.2223948433204488,1,43225,374861608489998
RIP2141_Suwannee_O3,2141,Suwannee,3,Family Forest,5,1.111974216602244,4,64406,638334495126144
RIP2142_Hamilton_O4,2142,Hamilton,4,Corporate/Other Private,13,2.891132963165834,1,35220,259083023010854
RIP2143_Columbia_O6,2143,Columbia,6,Federal,11,2.446343276524937,4,59213,533664592126144
RIP2144_Baker_O3,2144,Baker,3,Family Forest,2,0.4447896866408976,2,36934,289515946489998
RIP2145_Baker_O3,2145,Baker,3,Family Forest,6,1.3343690599226927,3,67541,718604892290487
RIP2146_Baker_O3,2146,Baker,3,Family Forest,19,4.225502023088527,7,43054,374860913489998
RIP2146_Baker_O4,2146,Baker,4,Corporate/Other Private,8,1.7791587465635903,5,43054,374860913489998
RIP2147_Suwannee_O3,2147,Suwannee,3,Family Forest,2,0.4447896866408976,1,35220,259083023010854
RIP2148_Hamilton_O3,2148,Hamilton,3,Family Forest,2,0.4447896866408976,1,36897,289515725489998
RIP2149_Columbia_O3,2149,Columbia,3,Family Forest,2,0.4447896866408976,2,24316,176548896010854
RIP2150_Columbia_O6,2150,Columbia,6,Federal,2,0.4447896866408976,2,59421,533665369126144
RIP2151_Baker_O3,2151,Baker,3,Family Forest,50,11.119742166022439,9,43054,374860913489998
RIP2151_Baker_O4,2151,Baker,4,Corporate/Other Private,1,0.2223948433204488,1,43054,374860913489998
RIP2152_Baker_O3,2152,Baker,3,Family Forest,1,0.2223948433204488,1,36824,289515345489998
RIP2153_Suwannee_O3,2153,Suwannee,3,Family Forest,2,0.4447896866408976,2,36897,289515725489998
RIP2154_Hamilton_O3,2154,Hamilton,3,Family Forest,1,0.2223948433204488,1,36965,289516230489998
RIP2155_Columbia_O3,2155,Columbia,3,Family Forest,182,40.475861484321676,22,35220,259083023010854
RIP2156_Baker_O3,2156,Baker,3,Family Forest,7,1.5567639032431415,4,43151,374861300489998
RIP2157_Baker_O3,2157,Baker,3,Family Forest,2,0.4447896866408976,2,36824,289515345489998
RIP2157_Baker_O4,2157,Baker,4,Corporate/Other Private,6,1.3343690599226927,1,36824,289515345489998
RIP2158_Suwannee_O3,2158,Suwannee,3,Family Forest,8,1.7791587465635903,3,35220,259083023010854
RIP2159_Suwannee_O3,2159,Suwannee,3,Family Forest,12,2.6687381198453854,5,35220,259083023010854
RIP2160_Hamilton_O3,2160,Hamilton,3,Family Forest,6,1.3343690599226927,6,33348,249673677010854
RIP2161_Columbia_O3,2161,Columbia,3,Family Forest,2,0.4447896866408976,2,36897,289515725489998
RIP2162_Suwannee_O3,2162,Suwannee,3,Family Forest,4,0.8895793732817951,2,48596,448940355489998
RIP2163_Suwannee_O3,2163,Suwannee,3,Family Forest,2,0.4447896866408976,2,35220,259083023010854
RIP2163_Suwannee_O4,2163,Suwannee,4,Corporate/Other Private,1,0.2223948433204488,1,35220,259083023010854
RIP2164_Suwannee_O3,2164,Suwannee,3,Family Forest,36,8.006214359536155,11,32408,236497707010854
RIP2165_Hamilton_O3,2165,Hamilton,3,Family Forest,4,0.8895793732817951,2,48596,448940355489998
RIP2166_Hamilton_O4,2166,Hamilton,4,Corporate/Other Private,1,0.2223948433204488,1,36961,289516222489998
RIP2167_Columbia_O4,2167,Columbia,4,Corporate/Other Private,14,3.113527806486283,6,35220,259083023010854
RIP2168_Hamilton_O3,2168,Hamilton,3,Family Forest,5,1.111974216602244,3,36897,289515725489998
RIP2168_Hamilton_O4,2168,Hamilton,4,Corporate/Other Private,26,5.782265926331668,10,36897,289515725489998
RIP2169_Hamilton_O7,2169,Hamilton,7,State,2,0.4447896866408976,2,48557,448940171489998
RIP2170_Columbia_O6,2170,Columbia,6,Federal,2,0.4447896866408976,1,67371,718603849290487
RIP2171_Columbia_O6,2171,Columbia,6,Federal,4,0.8895793732817951,2,2743,20342987010478
RIP2172_Baker_O3,2172,Baker,3,Family Forest,4,0.8895793732817951,4,36824,289515345489998
RIP2173_Suwannee_O3,2173,Suwannee,3,Family Forest,1,0.2223948433204488,1,67455,718604221290487
RIP2174_Columbia_O3,2174,Columbia,3,Family Forest,4,0.8895793732817951,2,35220,259083023010854
RIP2175_Suwannee_O3,2175,Suwannee,3,Family Forest,2,0.4447896866408976,2,36962,289516223489998
RIP2176_Hamilton_O3,2176,Hamilton,3,Family Forest,9,2.001553589884039,5,36897,289515725489998
RIP2177_Columbia_O6,2177,Columbia,6,Federal,3,0.6671845299613464,3,48634,448940584489998
RIP2178_Suwannee_O3,2178,Suwannee,3,Family Forest,7,1.5567639032431415,4,36897,289515725489998
RIP2179_Suwannee_O3,2179,Suwannee,3,Family Forest,1,0.2223948433204488,1,48658,448940864489998
RIP2179_Suwannee_O4,2179,Suwannee,4,Corporate/Other Private,1,0.2223948433204488,1,36897,289515725489998
RIP2180_Hamilton_O3,2180,Hamilton,3,Family Forest,7,1.5567639032431415,7,21265,140568302010478
RIP2181_Hamilton_O3,2181,Hamilton,3,Family Forest,39,8.673398889497502,12,48592,448940348489998
RIP2182_Hamilton_O3,2182,Hamilton,3,Family Forest,28,6.227055612972566,9,36962,289516223489998
RIP2183_Columbia_O3,2183,Columbia,3,Family Forest,2,0.4447896866408976,2,48596,448940355489998
RIP2184_Suwannee_O3,2184,Suwannee,3,Family Forest,1,0.2223948433204488,1,50146,451136772489998
RIP2185_Suwannee_O3,2185,Suwannee,3,Family Forest,1,0.2223948433204488,1,50146,451136772489998
RIP2186_Suwannee_O3,2186,Suwannee,3,Family Forest,7,1.5567639032431415,5,64407,638334496126144
RIP2187_Suwannee_O4,2187,Suwannee,4,Corporate/Other Private,4,0.8895793732817951,4,36897,289515725489998
RIP2188_Columbia_O6,2188,Columbia,6,Federal,4,0.8895793732817951,3,2743,20342987010478
RIP2189_Columbia_O6,2189,Columbia,6,Federal,2,0.4447896866408976,1,23749,173002845010854
RIP2190_Columbia_O6,2190,Columbia,6,Federal,2,0.4447896866408976,2,2743,20342987010478
RIP2191_Baker_O3,2191,Baker,3,Family Forest,2,0.4447896866408976,2,36939,289515962489998
RIP2192_Baker_O3,2192,Baker,3,Family Forest,1,0.2223948433204488,1,43151,374861300489998
RIP2193_Baker_O3,2193,Baker,3,Family Forest,7,1.5567639032431415,6,67372,718603850290487
RIP2193_Baker_O4,2193,Baker,4,Corporate/Other Private,5,1.111974216602244,3,36897,289515725489998
RIP2194_Columbia_O6,2194,Columbia,6,Federal,10,2.223948433204488,2,2743,20342987010478
RIP2195_Baker_O3,2195,Baker,3,Family Forest,6,1.3343690599226927,3,64219,635664906126144
RIP2196_Suwannee_O4,2196,Suwannee,4,Corporate/Other Private,3,0.6671845299613464,3,32408,236497707010854
RIP2197_Hamilton_O3,2197,Hamilton,3,Family Forest,3,0.6671845299613464,1,35220,259083023010854
RIP2198_Columbia_O3,2198,Columbia,3,Family Forest,30,6.671845299613464,10,64226,635664945126144
RIP2199_Baker_O4,2199,Baker,4,Corporate/Other Private,3,0.6671845299613464,3,36939,289515962489998
RIP2200_Baker_O4,2200,Baker,4,Corporate/Other Private,9,2.001553589884039,4,43291,374861937489998
RIP2201_Suwannee_O3,2201,Suwannee,3,Family Forest,2,0.4447896866408976,2,36897,289515725489998
RIP2201_Suwannee_O4,2201,Suwannee,4,Corporate/Other Private,4,0.8895793732817951,2,36965,289516230489998
RIP2202_Suwannee_O4,2202,Suwannee,4,Corporate/Other Private,3,0.6671845299613464,3,24515,176860754010854
RIP2203_Columbia_O3,2203,Columbia,3,Family Forest,5,1.111974216602244,4,32408,236497707010854
RIP2204_Baker_O4,2204,Baker,4,Corporate/Other Private,2,0.4447896866408976,2,64454,638334746126144
RIP2205_Suwannee_O3,2205,Suwannee,3,Family Forest,2,0.4447896866408976,1,67535,718604877290487
RIP2206_Columbia_O8,2206,Columbia,8,Local,5,1.111974216602244,3,64406,638334495126144
RIP2207_Baker_O4,2207,Baker,4,Corporate/Other Private,5,1.111974216602244,1,67205,718562044290487
RIP2208_Suwannee_O4,2208,Suwannee,4,Corporate/Other Private,8,1.7791587465635903,3,35220,259083023010854
RIP2209_Suwannee_O3,2209,Suwannee,3,Family Forest,5,1.111974216602244,5,35220,259083023010854
RIP2210_Hamilton_O7,2210,Hamilton,7,State,3,0.6671845299613464,2,36897,289515725489998
RIP2211_Baker_O4,2211,Baker,4,Corporate/Other Private,3,0.6671845299613464,2,67205,718562044290487
RIP2212_Baker_O3,2212,Baker,3,Family Forest,33,7.33902982957481,4,36824,289515345489998
RIP2212_Baker_O4,2212,Baker,4,Corporate/Other Private,2,0.4447896866408976,1,36824,289515345489998
RIP2213_Suwannee_O3,2213,Suwannee,3,Family Forest,6,1.3343690599226927,2,35220,259083023010854
RIP2214_Suwannee_O3,2214,Suwannee,3,Family Forest,1,0.2223948433204488,1,48592,448940348489998
RIP2215_Baker_O4,2215,Baker,4,Corporate/Other Private,1,0.2223948433204488,1,67205,718562044290487
RIP2216_Baker_O4,2216,Baker,4,Corporate/Other Private,48,10.674952479381542,9,43151,374861300489998
RIP2217_Suwannee_O3,2217,Suwannee,3,Family Forest,2,0.4447896866408976,2,13435,43855081020004
RIP2218_Suwannee_O3,2218,Suwannee,3,Family Forest,2,0.4447896866408976,2,24316,176548896010854
RIP2219_Hamilton_O3,2219,Hamilton,3,Family Forest,2,0.4447896866408976,2,45047,385730105489998
RIP2220_Columbia_O6,2220,Columbia,6,Federal,8,1.7791587465635903,3,67279,718562372290487
RIP2221_Baker_O3,2221,Baker,3,Family Forest,4,0.8895793732817951,2,36824,289515345489998
RIP2222_Baker_O3,2222,Baker,3,Family Forest,19,4.225502023088527,3,43054,374860913489998
RIP2222_Baker_O4,2222,Baker,4,Corporate/Other Private,10,2.223948433204488,2,43054,374860913489998
RIP2223_Hamilton_O3,2223,Hamilton,3,Family Forest,7,1.5567639032431415,4,48594,448940350489998
RIP2224_Hamilton_O3,2224,Hamilton,3,Family Forest,2,0.4447896866408976,2,48594,448940350489998
RIP2224_Suwannee_O3,2224,Suwannee,3,Family Forest,8,1.7791587465635903,3,67324,718603599290487
RIP2225_Suwannee_O4,2225,Suwannee,4,Corporate/Other Private,1,0.2223948433204488,1,48596,448940355489998
RIP2226_Suwannee_O3,2226,Suwannee,3,Family Forest,2,0.4447896866408976,2,48596,448940355489998
RIP2226_Suwannee_O4,2226,Suwannee,4,Corporate/Other Private,31,6.894240142933913,7,35220,259083023010854
RIP2227_Suwannee_O3,2227,Suwannee,3,Family Forest,2,0.4447896866408976,2,67161,718561923290487
RIP2228_Hamilton_O3,2228,Hamilton,3,Family Forest,1,0.2223948433204488,1,35220,259083023010854
RIP2229_Hamilton_O7,2229,Hamilton,7,State,4,0.8895793732817951,2,24515,176860754010854
RIP2230_Columbia_O8,2230,Columbia,8,Local,5,1.111974216602244,2,36962,289516223489998
RIP2231_Columbia_O3,2231,Columbia,3,Family Forest,2,0.4447896866408976,1,36939,289515962489998
RIP2232_Suwannee_O3,2232,Suwannee,3,Family Forest,7,1.5567639032431415,4,35220,259083023010854
RIP2233_Suwannee_O3,2233,Suwannee,3,Family Forest,35,7.783819516215708,13,36897,289515725489998
RIP2234_Hamilton_O4,2234,Hamilton,4,Corporate/Other Private,1,0.2223948433204488,1,35220,259083023010854
RIP2235_Hamilton_O3,2235,Hamilton,3,Family Forest,1,0.2223948433204488,1,36897,289515725489998
RIP2236_Columbia_O4,2236,Columbia,4,Corporate/Other Private,5,1.111974216602244,4,64406,638334495126144
RIP2237_Baker_O3,2237,Baker,3,Family Forest,13,2.891132963165834,4,43054,374860913489998
RIP2237_Baker_O4,2237,Baker,4,Corporate/Other Private,45,10.007767949420195,11,43054,374860913489998
RIP2238_Suwannee_O3,2238,Suwannee,3,Family Forest,9,2.001553589884039,2,67324,718603599290487
RIP2239_Suwannee_O3,2239,Suwannee,3,Family Forest,6,1.3343690599226927,2,35220,259083023010854
RIP2240_Suwannee_O3,2240,Suwannee,3,Family Forest,3,0.6671845299613464,2,24316,176548896010854
RIP2241_Suwannee_O3,2241,Suwannee,3,Family Forest,6,1.3343690599226927,5,36897,289515725489998
RIP2242_Hamilton_O3,2242,Hamilton,3,Family Forest,15,3.335922649806732,4,48592,448940348489998
RIP2243_Hamilton_O3,2243,Hamilton,3,Family Forest,1,0.2223948433204488,1,35220,259083023010854
RIP2244_Columbia_O3,2244,Columbia,3,Family Forest,5,1.111974216602244,3,48596,448940355489998
RIP2244_Columbia_O4,2244,Columbia,4,Corporate/Other Private,9,2.001553589884039,4,64406,638334495126144
RIP2245_Baker_O3,2245,Baker,3,Family Forest,23,5.115081396370322,8,36824,289515345489998
RIP2245_Baker_O4,2245,Baker,4,Corporate/Other Private,3,0.6671845299613464,1,36824,289515345489998
RIP2246_Suwannee_O3,2246,Suwannee,3,Family Forest,17,3.780712336447629,9,64405,638334488126144
RIP2247_Suwannee_O3,2247,Suwannee,3,Family Forest,2,0.4447896866408976,1,50183,451136888489998
RIP2248_Hamilton_O3,2248,Hamilton,3,Family Forest,1,0.2223948433204488,1,48592,448940348489998
RIP2249_Hamilton_O4,2249,Hamilton,4,Corporate/Other Private,1,0.2223948433204488,1,31037,218218426020004
RIP2250_Columbia_O3,2250,Columbia,3,Family Forest,2,0.4447896866408976,2,36939,289515962489998
RIP2251_Columbia_O4,2251,Columbia,4,Corporate/Other Private,2,0.4447896866408976,2,36939,289515962489998
RIP2252_Columbia_O3,2252,Columbia,3,Family Forest,1,0.2223948433204488,1,48658,448940864489998
RIP2253_Suwannee_O3,2253,Suwannee,3,Family Forest,7,1.5567639032431415,4,35220,259083023010854
RIP2254_Suwannee_O3,2254,Suwannee,3,Family Forest,2,0.4447896866408976,2,13435,43855081020004
RIP2255_Hamilton_O3,2255,Hamilton,3,Family Forest,7,1.5567639032431415,6,35220,259083023010854
RIP2255_Hamilton_O4,2255,Hamilton,4,Corporate/Other Private,4,0.8895793732817951,2,48592,448940348489998
RIP2256_Hamilton_O3,2256,Hamilton,3,Family Forest,2,0.4447896866408976,1,67461,718604231290487
RIP2257_Hamilton_O3,2257,Hamilton,3,Family Forest,6,1.3343690599226927,3,36962,289516223489998
RIP2258_Columbia_O3,2258,Columbia,3,Family Forest,2,0.4447896866408976,2,64406,638334495126144
RIP2259_Columbia_O3,2259,Columbia,3,Family Forest,3,0.6671845299613464,3,35220,259083023010854
RIP2260_Columbia_O6,2260,Columbia,6,Federal,3,0.6671845299613464,2,2743,20342987010478
RIP2261_Hamilton_O3,2261,Hamilton,3,Family Forest,8,1.7791587465635903,3,36962,289516223489998
RIP2261_Hamilton_O4,2261,Hamilton,4,Corporate/Other Private,1,0.2223948433204488,1,36897,289515725489998
RIP2262_Columbia_O4,2262,Columbia,4,Corporate/Other Private,1,0.2223948433204488,1,24515,176860754010854
RIP2263_Baker_O3,2263,Baker,3,Family Forest,4,0.8895793732817951,1,43326,374862340489998
RIP2264_Suwannee_O3,2264,Suwannee,3,Family Forest,5,1.111974216602244,4,48592,448940348489998
RIP2265_Suwannee_O3,2265,Suwannee,3,Family Forest,1,0.2223948433204488,1,36962,289516223489998
RIP2266_Suwannee_O3,2266,Suwannee,3,Family Forest,1,0.2223948433204488,1,36897,289515725489998
RIP2267_Hamilton_O3,2267,Hamilton,3,Family Forest,26,5.782265926331668,7,35220,259083023010854
RIP2267_Hamilton_O6,2267,Hamilton,6,Federal,2,0.4447896866408976,1,36897,289515725489998
RIP2268_Hamilton_O3,2268,Hamilton,3,Family Forest,5,1.111974216602244,2,48596,448940355489998
RIP2269_Columbia_O6,2269,Columbia,6,Federal,2,0.4447896866408976,2,48632,448940577489998
RIP2270_Baker_O3,2270,Baker,3,Family Forest,21,4.670291709729424,7,64219,635664906126144
RIP2271_Baker_O3,2271,Baker,3,Family Forest,2,0.4447896866408976,2,13447,43855332020004
RIP2272_Columbia_O3,2272,Columbia,3,Family Forest,1,0.2223948433204488,1,45047,385730105489998
RIP2272_Hamilton_O3,2272,Hamilton,3,Family Forest,29,6.449450456293015,7,35220,259083023010854
RIP2273_Columbia_O6,2273,Columbia,6,Federal,1,0.2223948433204488,1,2743,20342987010478
RIP2274_Suwannee_O3,2274,Suwannee,3,Family Forest,11,2.446343276524937,7,48596,448940355489998
RIP2275_Hamilton_O3,2275,Hamilton,3,Family Forest,1,0.2223948433204488,1,48658,448940864489998
RIP2276_Columbia_O4,2276,Columbia,4,Corporate/Other Private,4,0.8895793732817951,2,64406,638334495126144
RIP2277_Columbia_O6,2277,Columbia,6,Federal,2,0.4447896866408976,2,23749,173002845010854
RIP2278_Columbia_O6,2278,Columbia,6,Federal,2,0.4447896866408976,2,23747,173002836010854
RIP2279_Suwannee_O3,2279,Suwannee,3,Family Forest,6,1.3343690599226927,3,36962,289516223489998
RIP2280_Hamilton_O3,2280,Hamilton,3,Family Forest,7,1.5567639032431415,5,36897,289515725489998
RIP2281_Hamilton_O3,2281,Hamilton,3,Family Forest,8,1.7791587465635903,5,36962,289516223489998
RIP2282_Columbia_O6,2282,Columbia,6,Federal,3,0.6671845299613464,2,67371,718603849290487
RIP2283_Hamilton_O3,2283,Hamilton,3,Family Forest,5,1.111974216602244,4,24515,176860754010854
RIP2284_Suwannee_O3,2284,Suwannee,3,Family Forest,6,1.3343690599226927,4,24515,176860754010854
RIP2285_Suwannee_O3,2285,Suwannee,3,Family Forest,4,0.8895793732817951,4,36965,289516230489998
RIP2286_Hamilton_O3,2286,Hamilton,3,Family Forest,1,0.2223948433204488,1,36962,289516223489998
RIP2287_Columbia_O6,2287,Columbia,6,Federal,3,0.6671845299613464,2,59428,533665395126144
RIP2288_Hamilton_O3,2288,Hamilton,3,Family Forest,2,0.4447896866408976,2,36897,289515725489998
RIP2289_Hamilton_O3,2289,Hamilton,3,Family Forest,5,1.111974216602244,4,59294,533664907126144
RIP2290_Columbia_O3,2290,Columbia,3,Family Forest,27,6.0046607696521175,10,48592,448940348489998
RIP2290_Columbia_O4,2290,Columbia,4,Corporate/Other Private,55,12.231716382624683,10,48596,448940355489998
RIP2291_Columbia_O6,2291,Columbia,6,Federal,3,0.6671845299613464,3,23747,173002836010854
RIP2292_Baker_O3,2292,Baker,3,Family Forest,3,0.6671845299613464,3,43225,374861608489998
RIP2293_Suwannee_O3,2293,Suwannee,3,Family Forest,1,0.2223948433204488,1,48658,448940864489998
RIP2294_Baker_O4,2294,Baker,4,Corporate/Other Private,6,1.3343690599226927,1,64293,638333844126144
RIP2295_Suwannee_O3,2295,Suwannee,3,Family Forest,1,0.2223948433204488,1,67372,718603850290487
RIP2296_Suwannee_O3,2296,Suwannee,3,Family Forest,1,0.2223948433204488,1,48658,448940864489998
RIP2297_Hamilton_O3,2297,Hamilton,3,Family Forest,2,0.4447896866408976,2,36962,289516223489998
RIP2298_Columbia_O4,2298,Columbia,4,Corporate/Other Private,3,0.6671845299613464,2,36897,289515725489998
RIP2299_Columbia_O6,2299,Columbia,6,Federal,7,1.5567639032431415,3,48634,448940584489998
RIP2300_Baker_O3,2300,Baker,3,Family Forest,2,0.4447896866408976,2,36941,289515964489998
RIP2300_Baker_O4,2300,Baker,4,Corporate/Other Private,79,17.569192622315455,15,36971,289516357489998
RIP2301_Baker_O3,2301,Baker,3,Family Forest,6,1.3343690599226927,3,67372,718603850290487
RIP2302_Suwannee_O3,2302,Suwannee,3,Family Forest,1,0.2223948433204488,1,36897,289515725489998
RIP2303_Suwannee_O3,2303,Suwannee,3,Family Forest,10,2.223948433204488,7,36897,289515725489998
RIP2304_Hamilton_O3,2304,Hamilton,3,Family Forest,1,0.2223948433204488,1,48596,448940355489998
RIP2305_Baker_O3,2305,Baker,3,Family Forest,1,0.2223948433204488,1,36830,289515366489998
RIP2306_Suwannee_O3,2306,Suwannee,3,Family Forest,2,0.4447896866408976,2,31037,218218426020004
RIP2307_Hamilton_O4,2307,Hamilton,4,Corporate/Other Private,7,1.5567639032431415,4,36961,289516222489998
RIP2308_Baker_O4,2308,Baker,4,Corporate/Other Private,7,1.5567639032431415,2,64293,638333844126144
RIP2309_Baker_O3,2309,Baker,3,Family Forest,2,0.4447896866408976,2,36870,289515560489998
RIP2310_Suwannee_O3,2310,Suwannee,3,Family Forest,1,0.2223948433204488,1,48592,448940348489998
RIP2311_Suwannee_O3,2311,Suwannee,3,Family Forest,7,1.5567639032431415,5,32408,236497707010854
RIP2312_Suwannee_O3,2312,Suwannee,3,Family Forest,3,0.6671845299613464,1,36897,289515725489998
RIP2313_Hamilton_O3,2313,Hamilton,3,Family Forest,1,0.2223948433204488,1,48596,448940355489998
RIP2314_Baker_O3,2314,Baker,3,Family Forest,1,0.2223948433204488,1,43294,374861940489998
RIP2315_Baker_O3,2315,Baker,3,Family Forest,2,0.4447896866408976,1,48658,448940864489998
RIP2316_Baker_O3,2316,Baker,3,Family Forest,19,4.225502023088527,10,36824,289515345489998
RIP2316_Baker_O4,2316,Baker,4,Corporate/Other Private,5,1.111974216602244,1,36824,289515345489998
RIP2317_Suwannee_O3,2317,Suwannee,3,Family Forest,1,0.2223948433204488,1,67475,718604294290487
RIP2318_Columbia_O4,2318,Columbia,4,Corporate/Other Private,1,0.2223948433204488,1,64483,638335132126144
RIP2319_Suwannee_O3,2319,Suwannee,3,Family Forest,2,0.4447896866408976,2,36897,289515725489998
RIP2320_Hamilton_O3,2320,Hamilton,3,Family Forest,8,1.7791587465635903,4,67461,718604231290487
RIP2320_Hamilton_O4,2320,Hamilton,4,Corporate/Other Private,8,1.7791587465635903,5,36897,289515725489998
RIP2321_Columbia_O6,2321,Columbia,6,Federal,1,0.2223948433204488,1,2743,20342987010478
RIP2322_Baker_O3,2322,Baker,3,Family Forest,2,0.4447896866408976,2,64383,638334339126144
RIP2323_Suwannee_O3,2323,Suwannee,3,Family Forest,1,0.2223948433204488,1,13435,43855081020004
RIP2324_Suwannee_O3,2324,Suwannee,3,Family Forest,9,2.001553589884039,5,36897,289515725489998
RIP2325_Suwannee_O3,2325,Suwannee,3,Family Forest,3,0.6671845299613464,2,35220,259083023010854
RIP2326_Baker_O3,2326,Baker,3,Family Forest,2,0.4447896866408976,2,43288,374861934489998
RIP2327_Suwannee_O3,2327,Suwannee,3,Family Forest,10,2.223948433204488,4,48596,448940355489998
RIP2328_Columbia_O6,2328,Columbia,6,Federal,2,0.4447896866408976,2,48445,448939642489998
RIP2329_Baker_O3,2329,Baker,3,Family Forest,12,2.6687381198453854,3,48670,448940999489998
RIP2329_Baker_O4,2329,Baker,4,Corporate/Other Private,11,2.446343276524937,3,48670,448940999489998
RIP2330_Suwannee_O3,2330,Suwannee,3,Family Forest,7,1.5567639032431415,4,48596,448940355489998
RIP2331_Baker_O3,2331,Baker,3,Family Forest,1,0.2223948433204488,1,67372,718603850290487
RIP2332_Suwannee_O3,2332,Suwannee,3,Family Forest,5,1.111974216602244,4,48596,448940355489998
RIP2333_Columbia_O6,2333,Columbia,6,Federal,3,0.6671845299613464,3,31048,218219125020004
RIP2334_Baker_O4,2334,Baker,4,Corporate/Other Private,3,0.6671845299613464,3,43151,374861300489998
RIP2335_Baker_O3,2335,Baker,3,Family Forest,1,0.2223948433204488,1,21259,140564077010478
RIP2336_Baker_O4,2336,Baker,4,Corporate/Other Private,5,1.111974216602244,3,67372,718603850290487
RIP2337_Suwannee_O3,2337,Suwannee,3,Family Forest,3,0.6671845299613464,2,35220,259083023010854
RIP2338_Hamilton_O4,2338,Hamilton,4,Corporate/Other Private,1,0.2223948433204488,1,36962,289516223489998
RIP2339_Columbia_O6,2339,Columbia,6,Federal,1,0.2223948433204488,1,48445,448939642489998
RIP2340_Suwannee_O3,2340,Suwannee,3,Family Forest,1,0.2223948433204488,1,13435,43855081020004
RIP2341_Suwannee_O3,2341,Suwannee,3,Family Forest,1,0.2223948433204488,1,36897,289515725489998
RIP2342_Suwannee_O3,2342,Suwannee,3,Family Forest,73,16.234823562392762,15,48592,448940348489998
RIP2342_Suwannee_O4,2342,Suwannee,4,Corporate/Other Private,4,0.8895793732817951,3,36897,289515725489998
RIP2343_Columbia_O6,2343,Columbia,6,Federal,3,0.6671845299613464,3,2743,20342987010478
RIP2344_Baker_O3,2344,Baker,3,Family Forest,1,0.2223948433204488,1,45047,385730105489998
RIP2345_Baker_O3,2345,Baker,3,Family Forest,38,8.451004046177054,9,43054,374860913489998
RIP2346_Suwannee_O3,2346,Suwannee,3,Family Forest,119,26.464986355133405,16,35220,259083023010854
RIP2347_Hamilton_O3,2347,Hamilton,3,Family Forest,2,0.4447896866408976,2,36962,289516223489998
RIP2348_Columbia_O4,2348,Columbia,4,Corporate/Other Private,1,0.2223948433204488,1,67277,718562357290487
RIP2349_Columbia_O6,2349,Columbia,6,Federal,2,0.4447896866408976,2,59421,533665369126144
RIP2350_Suwannee_O3,2350,Suwannee,3,Family Forest,1,0.2223948433204488,1,48589,448940340489998
RIP2351_Columbia_O3,2351,Columbia,3,Family Forest,6,1.3343690599226927,3,35220,259083023010854
RIP2352_Columbia_O6,2352,Columbia,6,Federal,4,0.8895793732817951,3,48634,448940584489998
RIP2353_Columbia_O6,2353,Columbia,6,Federal,17,3.780712336447629,5,50207,451136981489998
RIP2354_Baker_O4,2354,Baker,4,Corporate/Other Private,1,0.2223948433204488,1,64167,635664717126144
RIP2355_Baker_O3,2355,Baker,3,Family Forest,27,6.0046607696521175,6,48670,448940999489998
RIP2356_Suwannee_O3,2356,Suwannee,3,Family Forest,2,0.4447896866408976,1,48589,448940340489998
RIP2357_Suwannee_O3,2357,Suwannee,3,Family Forest,2,0.4447896866408976,2,31037,218218426020004
RIP2357_Suwannee_O4,2357,Suwannee,4,Corporate/Other Private,3,0.6671845299613464,1,35220,259083023010854
RIP2358_Suwannee_O3,2358,Suwannee,3,Family Forest,27,6.0046607696521175,9,35220,259083023010854
RIP2359_Hamilton_O3,2359,Hamilton,3,Family Forest,4,0.8895793732817951,2,36962,289516223489998
RIP2359_Hamilton_O4,2359,Hamilton,4,Corporate/Other Private,2,0.4447896866408976,1,36962,289516223489998
RIP2360_Columbia_O6,2360,Columbia,6,Federal,6,1.3343690599226927,4,43067,374860959489998
RIP2361_Columbia_O6,2361,Columbia,6,Federal,3,0.6671845299613464,1,23749,173002845010854
RIP2362_Suwannee_O3,2362,Suwannee,3,Family Forest,6,1.3343690599226927,2,36962,289516223489998
RIP2363_Suwannee_O3,2363,Suwannee,3,Family Forest,3,0.6671845299613464,2,36897,289515725489998
RIP2364_Suwannee_O3,2364,Suwannee,3,Family Forest,2,0.4447896866408976,2,32408,236497707010854
RIP2365_Columbia_O4,2365,Columbia,4,Corporate/Other Private,3,0.6671845299613464,1,67205,718562044290487
RIP2366_Columbia_O6,2366,Columbia,6,Federal,4,0.8895793732817951,1,67279,718562372290487
RIP2367_Suwannee_O3,2367,Suwannee,3,Family Forest,2,0.4447896866408976,2,32408,236497707010854
RIP2368_Suwannee_O3,2368,Suwannee,3,Family Forest,1,0.2223948433204488,1,35220,259083023010854
RIP2369_Suwannee_O3,2369,Suwannee,3,Family Forest,4,0.8895793732817951,1,36962,289516223489998
RIP2370_Baker_O3,2370,Baker,3,Family Forest,1,0.2223948433204488,1,48595,448940352489998
RIP2371_Suwannee_O3,2371,Suwannee,3,Family Forest,7,1.5567639032431415,3,32408,236497707010854
RIP2372_Columbia_O6,2372,Columbia,6,Federal,5,1.111974216602244,2,67371,718603849290487
RIP2373_Baker_O3,2373,Baker,3,Family Forest,2,0.4447896866408976,1,48595,448940352489998
RIP2374_Suwannee_O3,2374,Suwannee,3,Family Forest,1,0.2223948433204488,1,48596,448940355489998
RIP2375_Suwannee_O3,2375,Suwannee,3,Family Forest,3,0.6671845299613464,2,36897,289515725489998
RIP2376_Hamilton_O3,2376,Hamilton,3,Family Forest,5,1.111974216602244,5,24515,176860754010854
RIP2376_Hamilton_O7,2376,Hamilton,7,State,1,0.2223948433204488,1,48658,448940864489998
RIP2377_Hamilton_O4,2377,Hamilton,4,Corporate/Other Private,3,0.6671845299613464,3,36897,289515725489998
RIP2378_Columbia_O3,2378,Columbia,3,Family Forest,26,5.782265926331668,10,35220,259083023010854
RIP2379_Columbia_O6,2379,Columbia,6,Federal,3,0.6671845299613464,3,43067,374860959489998
RIP2380_Baker_O3,2380,Baker,3,Family Forest,2,0.4447896866408976,2,36897,289515725489998
RIP2381_Columbia_O4,2381,Columbia,4,Corporate/Other Private,3,0.6671845299613464,2,67205,718562044290487
RIP2382_Baker_O4,2382,Baker,4,Corporate/Other Private,3,0.6671845299613464,2,64219,635664906126144
RIP2383_Suwannee_O3,2383,Suwannee,3,Family Forest,1,0.2223948433204488,1,36962,289516223489998
RIP2384_Baker_O4,2384,Baker,4,Corporate/Other Private,7,1.5567639032431415,4,64218,635664902126144
RIP2385_Baker_O3,2385,Baker,3,Family Forest,1,0.2223948433204488,1,43151,374861300489998
RIP2386_Columbia_O6,2386,Columbia,6,Federal,2,0.4447896866408976,2,67371,718603849290487
RIP2387_Columbia_O6,2387,Columbia,6,Federal,2,0.4447896866408976,2,48634,448940584489998
RIP2388_Baker_O4,2388,Baker,4,Corporate/Other Private,1,0.2223948433204488,1,48670,448940999489998
RIP2389_Suwannee_O3,2389,Suwannee,3,Family Forest,1,0.2223948433204488,1,67338,718603673290487
RIP2390_Suwannee_O3,2390,Suwannee,3,Family Forest,5,1.111974216602244,3,36962,289516223489998
RIP2391_Columbia_O3,2391,Columbia,3,Family Forest,20,4.447896866408976,7,35220,259083023010854
RIP2391_Columbia_O4,2391,Columbia,4,Corporate/Other Private,15,3.335922649806732,4,35220,259083023010854
RIP2392_Baker_O3,2392,Baker,3,Family Forest,2,0.4447896866408976,2,16547,61264238010478
RIP2392_Baker_O4,2392,Baker,4,Corporate/Other Private,3,0.6671845299613464,1,48596,448940355489998
RIP2393_Baker_O4,2393,Baker,4,Corporate/Other Private,1,0.2223948433204488,1,64221,635664926126144
RIP2394_Columbia_O6,2394,Columbia,6,Federal,1,0.2223948433204488,1,67279,718562372290487
RIP2395_Suwannee_O3,2395,Suwannee,3,Family Forest,1,0.2223948433204488,1,35220,259083023010854
RIP2396_Columbia_O3,2396,Columbia,3,Family Forest,37,8.228609202856605,14,35220,259083023010854
RIP2397_Baker_O3,2397,Baker,3,Family Forest,5,1.111974216602244,4,48658,448940864489998
RIP2397_Baker_O4,2397,Baker,4,Corporate/Other Private,1,0.2223948433204488,1,36830,289515366489998
RIP2398_Suwannee_O3,2398,Suwannee,3,Family Forest,3,0.6671845299613464,3,36897,289515725489998
RIP2399_Suwannee_O3,2399,Suwannee,3,Family Forest,1,0.2223948433204488,1,36962,289516223489998
RIP2400_Columbia_O6,2400,Columbia,6,Federal,8,1.7791587465635903,4,50207,451136981489998
RIP2401_Baker_O3,2401,Baker,3,Family Forest,7,1.5567639032431415,3,16547,61264238010478
RIP2402_Suwannee_O3,2402,Suwannee,3,Family Forest,2,0.4447896866408976,1,36962,289516223489998
RIP2403_Hamilton_O3,2403,Hamilton,3,Family Forest,7,1.5567639032431415,4,36962,289516223489998
RIP2403_Hamilton_O8,2403,Hamilton,8,Local,1,0.2223948433204488,1,48658,448940864489998
RIP2404_Columbia_O3,2404,Columbia,3,Family Forest,4,0.8895793732817951,3,64406,638334495126144
RIP2405_Columbia_O6,2405,Columbia,6,Federal,2,0.4447896866408976,1,48632,448940577489998
RIP2406_Columbia_O6,2406,Columbia,6,Federal,1,0.2223948433204488,1,23749,173002845010854
RIP2407_Suwannee_O3,2407,Suwannee,3,Family Forest,2,0.4447896866408976,1,36897,289515725489998
RIP2408_Suwannee_O3,2408,Suwannee,3,Family Forest,3,0.6671845299613464,2,35220,259083023010854
RIP2409_Suwannee_O3,2409,Suwannee,3,Family Forest,93,20.682720428801737,19,48596,448940355489998
RIP2410_Columbia_O6,2410,Columbia,6,Federal,5,1.111974216602244,4,67371,718603849290487
RIP2411_Columbia_O6,2411,Columbia,6,Federal,2,0.4447896866408976,2,59421,533665369126144
RIP2412_Columbia_O6,2412,Columbia,6,Federal,4,0.8895793732817951,3,23749,173002845010854
RIP2413_Suwannee_O3,2413,Suwannee,3,Family Forest,1,0.2223948433204488,1,24515,176860754010854
RIP2414_Suwannee_O3,2414,Suwannee,3,Family Forest,1,0.2223948433204488,1,48596,448940355489998
RIP2415_Suwannee_O3,2415,Suwannee,3,Family Forest,3,0.6671845299613464,1,48596,448940355489998
RIP2416_Columbia_O4,2416,Columbia,4,Corporate/Other Private,3,0.6671845299613464,3,16549,61280243010478
RIP2417_Columbia_O6,2417,Columbia,6,Federal,3,0.6671845299613464,2,67509,718604473290487
RIP2418_Baker_O3,2418,Baker,3,Family Forest,3,0.6671845299613464,3,43054,374860913489998
RIP2419_Suwannee_O3,2419,Suwannee,3,Family Forest,8,1.7791587465635903,3,36962,289516223489998
RIP2420_Suwannee_O3,2420,Suwannee,3,Family Forest,1,0.2223948433204488,1,35220,259083023010854
RIP2421_Suwannee_O3,2421,Suwannee,3,Family Forest,2,0.4447896866408976,1,35220,259083023010854
RIP2422_Suwannee_O3,2422,Suwannee,3,Family Forest,2,0.4447896866408976,1,64405,638334488126144
RIP2423_Suwannee_O3,2423,Suwannee,3,Family Forest,7,1.5567639032431415,4,36962,289516223489998
RIP2424_Columbia_O3,2424,Columbia,3,Family Forest,3,0.6671845299613464,2,67541,718604892290487
RIP2425_Columbia_O6,2425,Columbia,6,Federal,2,0.4447896866408976,2,59421,533665369126144
RIP2426_Baker_O3,2426,Baker,3,Family Forest,5,1.111974216602244,3,67538,718604885290487
RIP2427_Baker_O3,2427,Baker,3,Family Forest,36,8.006214359536155,10,43291,374861937489998
RIP2427_Baker_O4,2427,Baker,4,Corporate/Other Private,14,3.113527806486283,5,43054,374860913489998
RIP2428_Suwannee_O3,2428,Suwannee,3,Family Forest,2,0.4447896866408976,1,64405,638334488126144
RIP2429_Suwannee_O3,2429,Suwannee,3,Family Forest,1,0.2223948433204488,1,64405,638334488126144
RIP2430_Columbia_O3,2430,Columbia,3,Family Forest,10,2.223948433204488,3,48571,448940206489998
RIP2430_Columbia_O4,2430,Columbia,4,Corporate/Other Private,2,0.4447896866408976,1,48596,448940355489998
RIP2431_Columbia_O3,2431,Columbia,3,Family Forest,2,0.4447896866408976,1,64406,638334495126144
RIP2432_Baker_O3,2432,Baker,3,Family Forest,1,0.2223948433204488,1,43294,374861940489998
RIP2433_Suwannee_O3,2433,Suwannee,3,Family Forest,2,0.4447896866408976,2,35220,259083023010854
RIP2434_Suwannee_O3,2434,Suwannee,3,Family Forest,1,0.2223948433204488,1,67541,718604892290487
RIP2435_Columbia_O3,2435,Columbia,3,Family Forest,2,0.4447896866408976,2,36897,289515725489998
RIP2436_Columbia_O6,2436,Columbia,6,Federal,3,0.6671845299613464,2,59213,533664592126144
RIP2437_Suwannee_O3,2437,Suwannee,3,Family Forest,5,1.111974216602244,3,35220,259083023010854
RIP2438_Columbia_O3,2438,Columbia,3,Family Forest,2,0.4447896866408976,2,36897,289515725489998
RIP2439_Columbia_O3,2439,Columbia,3,Family Forest,14,3.113527806486283,6,64406,638334495126144
RIP2440_Columbia_O3,2440,Columbia,3,Family Forest,5,1.111974216602244,3,48658,448940864489998
RIP2441_Columbia_O6,2441,Columbia,6,Federal,6,1.3343690599226927,3,23749,173002845010854
RIP2442_Columbia_O6,2442,Columbia,6,Federal,1,0.2223948433204488,1,67371,718603849290487
RIP2443_Baker_O3,2443,Baker,3,Family Forest,4,0.8895793732817951,2,48595,448940352489998
RIP2444_Baker_O3,2444,Baker,3,Family Forest,2,0.4447896866408976,2,36962,289516223489998
RIP2445_Suwannee_O3,2445,Suwannee,3,Family Forest,1,0.2223948433204488,1,24515,176860754010854
RIP2446_Columbia_O6,2446,Columbia,6,Federal,4,0.8895793732817951,1,50207,451136981489998
RIP2447_Baker_O3,2447,Baker,3,Family Forest,5,1.111974216602244,4,43326,374862340489998
RIP2448_Baker_O3,2448,Baker,3,Family Forest,3,0.6671845299613464,2,48596,448940355489998
RIP2449_Columbia_O6,2449,Columbia,6,Federal,1,0.2223948433204488,1,48445,448939642489998
RIP2450_Baker_O4,2450,Baker,4,Corporate/Other Private,2,0.4447896866408976,2,16547,61264238010478
RIP2451_Suwannee_O3,2451,Suwannee,3,Family Forest,4,0.8895793732817951,4,36897,289515725489998
RIP2452_Suwannee_O3,2452,Suwannee,3,Family Forest,4,0.8895793732817951,3,35220,259083023010854
RIP2453_Suwannee_O3,2453,Suwannee,3,Family Forest,1,0.2223948433204488,1,36965,289516230489998
RIP2454_Columbia_O4,2454,Columbia,4,Corporate/Other Private,3,0.6671845299613464,2,48658,448940864489998
RIP2455_Columbia_O3,2455,Columbia,3,Family Forest,4,0.8895793732817951,4,48658,448940864489998
RIP2456_Columbia_O6,2456,Columbia,6,Federal,1,0.2223948433204488,1,67509,718604473290487
RIP2457_Baker_O4,2457,Baker,4,Corporate/Other Private,11,2.446343276524937,8,64219,635664906126144
RIP2458_Baker_O3,2458,Baker,3,Family Forest,37,8.228609202856605,4,43054,374860913489998
RIP2459_Suwannee_O3,2459,Suwannee,3,Family Forest,2,0.4447896866408976,2,31037,218218426020004
RIP2460_Columbia_O3,2460,Columbia,3,Family Forest,4,0.8895793732817951,2,36897,289515725489998
RIP2461_Baker_O4,2461,Baker,4,Corporate/Other Private,5,1.111974216602244,4,36897,289515725489998
RIP2462_Columbia_O3,2462,Columbia,3,Family Forest,3,0.6671845299613464,1,48658,448940864489998
RIP2463_Columbia_O3,2463,Columbia,3,Family Forest,41,9.118188576138401,6,35220,259083023010854
RIP2463_Columbia_O4,2463,Columbia,4,Corporate/Other Private,82,18.236377152276802,14,32408,236497707010854
RIP2464_Columbia_O3,2464,Columbia,3,Family Forest,3,0.6671845299613464,2,35220,259083023010854
RIP2465_Columbia_O6,2465,Columbia,6,Federal,3,0.6671845299613464,1,50207,451136981489998
RIP2466_Baker_O3,2466,Baker,3,Family Forest,1,0.2223948433204488,1,36897,289515725489998
RIP2467_Columbia_O3,2467,Columbia,3,Family Forest,14,3.113527806486283,4,35220,259083023010854
RIP2467_Columbia_O8,2467,Columbia,8,Local,43,9.562978262779298,15,35220,259083023010854
RIP2467_Hamilton_O8,2467,Hamilton,8,Local,1,0.2223948433204488,1,36962,289516223489998
RIP2468_Columbia_O3,2468,Columbia,3,Family Forest,1,0.2223948433204488,1,36965,289516230489998
RIP2469_Columbia_O6,2469,Columbia,6,Federal,1,0.2223948433204488,1,23749,173002845010854
RIP2470_Baker_O3,2470,Baker,3,Family Forest,4,0.8895793732817951,4,48658,448940864489998
RIP2471_Suwannee_O3,2471,Suwannee,3,Family Forest,2,0.4447896866408976,1,36897,289515725489998
RIP2472_Suwannee_O3,2472,Suwannee,3,Family Forest,25,5.5598710830112195,12,35220,259083023010854
RIP2473_Columbia_O6,2473,Columbia,6,Federal,3,0.6671845299613464,2,59428,533665395126144
RIP2474_Baker_O3,2474,Baker,3,Family Forest,16,3.5583174931271806,5,48596,448940355489998
RIP2474_Baker_O4,2474,Baker,4,Corporate/Other Private,3,0.6671845299613464,3,16547,61264238010478
RIP2475_Columbia_O3,2475,Columbia,3,Family Forest,1,0.2223948433204488,1,35378,259178355010854
RIP2476_Columbia_O3,2476,Columbia,3,Family Forest,1,0.2223948433204488,1,24515,176860754010854
RIP2476_Columbia_O8,2476,Columbia,8,Local,5,1.111974216602244,3,24515,176860754010854
RIP2477_Columbia_O3,2477,Columbia,3,Family Forest,15,3.335922649806732,9,67205,718562044290487
RIP2478_Columbia_O6,2478,Columbia,6,Federal,7,1.5567639032431415,3,50207,451136981489998
RIP2479_Baker_O4,2479,Baker,4,Corporate/Other Private,1,0.2223948433204488,1,36897,289515725489998
RIP2480_Suwannee_O3,2480,Suwannee,3,Family Forest,1,0.2223948433204488,1,67541,718604892290487
RIP2481_Columbia_O3,2481,Columbia,3,Family Forest,7,1.5567639032431415,2,67461,718604231290487
RIP2482_Columbia_O3,2482,Columbia,3,Family Forest,3,0.6671845299613464,2,67475,718604294290487
RIP2483_Columbia_O6,2483,Columbia,6,Federal,1,0.2223948433204488,1,67509,718604473290487
RIP2484_Columbia_O3,2484,Columbia,3,Family Forest,1,0.2223948433204488,1,67475,718604294290487
RIP2485_Baker_O4,2485,Baker,4,Corporate/Other Private,24,5.337476239690771,5,64407,638334496126144
RIP2486_Columbia_O3,2486,Columbia,3,Family Forest,6,1.3343690599226927,3,67461,718604231290487
RIP2487_Baker_O3,2487,Baker,3,Family Forest,7,1.5567639032431415,6,64219,635664906126144
RIP2488_Suwannee_O3,2488,Suwannee,3,Family Forest,9,2.001553589884039,7,35220,259083023010854
RIP2489_Columbia_O6,2489,Columbia,6,Federal,2,0.4447896866408976,2,48634,448940584489998
RIP2490_Suwannee_O3,2490,Suwannee,3,Family Forest,2,0.4447896866408976,2,31037,218218426020004
RIP2491_Baker_O3,2491,Baker,3,Family Forest,2,0.4447896866408976,2,36939,289515962489998
RIP2492_Suwannee_O3,2492,Suwannee,3,Family Forest,2,0.4447896866408976,2,21259,140564077010478
RIP2493_Columbia_O3,2493,Columbia,3,Family Forest,3,0.6671845299613464,3,35220,259083023010854
RIP2494_Columbia_O3,2494,Columbia,3,Family Forest,2,0.4447896866408976,2,48658,448940864489998
RIP2495_Columbia_O3,2495,Columbia,3,Family Forest,1,0.2223948433204488,1,32408,236497707010854
RIP2496_Columbia_O6,2496,Columbia,6,Federal,8,1.7791587465635903,2,50207,451136981489998
RIP2497_Suwannee_O3,2497,Suwannee,3,Family Forest,1,0.2223948433204488,1,50155,451136792489998
RIP2498_Columbia_O3,2498,Columbia,3,Family Forest,1,0.2223948433204488,1,64406,638334495126144
RIP2499_Baker_O3,2499,Baker,3,Family Forest,1,0.2223948433204488,1,48672,448941001489998
RIP2500_Suwannee_O3,2500,Suwannee,3,Family Forest,18,4.003107179768078,10,35220,259083023010854
RIP2501_Suwannee_O3,2501,Suwannee,3,Family Forest,43,9.562978262779298,10,64407,638334496126144
RIP2502_Columbia_O3,2502,Columbia,3,Family Forest,133,29.57851416161969,26,35220,259083023010854
RIP2502_Columbia_O4,2502,Columbia,4,Corporate/Other Private,94,20.905115272122185,15,35220,259083023010854
RIP2503_Columbia_O3,2503,Columbia,3,Family Forest,6,1.3343690599226927,6,36897,289515725489998
RIP2504_Baker_O3,2504,Baker,3,Family Forest,41,9.118188576138401,11,36939,289515962489998
RIP2505_Columbia_O3,2505,Columbia,3,Family Forest,8,1.7791587465635903,4,36962,289516223489998
RIP2506_Columbia_O3,2506,Columbia,3,Family Forest,4,0.8895793732817951,3,48592,448940348489998
RIP2507_Baker_O3,2507,Baker,3,Family Forest,12,2.6687381198453854,4,48672,448941001489998
RIP2508_Columbia_O3,2508,Columbia,3,Family Forest,5,1.111974216602244,3,35220,259083023010854
RIP2509_Baker_O3,2509,Baker,3,Family Forest,18,4.003107179768078,6,36939,289515962489998
RIP2510_Columbia_O6,2510,Columbia,6,Federal,1,0.2223948433204488,1,59428,533665395126144
RIP2511_Baker_O3,2511,Baker,3,Family Forest,2,0.4447896866408976,2,21259,140564077010478
RIP2512_Baker_O3,2512,Baker,3,Family Forest,9,2.001553589884039,4,64454,638334746126144
RIP2513_Baker_O3,2513,Baker,3,Family Forest,11,2.446343276524937,4,43054,374860913489998
RIP2514_Columbia_O3,2514,Columbia,3,Family Forest,2,0.4447896866408976,1,64406,638334495126144
RIP2515_Baker_O3,2515,Baker,3,Family Forest,3,0.6671845299613464,3,36897,289515725489998
RIP2516_Columbia_O6,2516,Columbia,6,Federal,5,1.111974216602244,3,50207,451136981489998
RIP2517_Baker_O3,2517,Baker,3,Family Forest,3,0.6671845299613464,2,43225,374861608489998
RIP2518_Baker_O3,2518,Baker,3,Family Forest,4,0.8895793732817951,3,67372,718603850290487
RIP2519_Suwannee_O3,2519,Suwannee,3,Family Forest,1,0.2223948433204488,1,36897,289515725489998
RIP2520_Columbia_O3,2520,Columbia,3,Family Forest,21,4.670291709729424,12,48592,448940348489998
RIP2520_Columbia_O8,2520,Columbia,8,Local,2,0.4447896866408976,2,36962,289516223489998
RIP2521_Columbia_O4,2521,Columbia,4,Corporate/Other Private,1,0.2223948433204488,1,36961,289516222489998
RIP2522_Columbia_O6,2522,Columbia,6,Federal,2,0.4447896866408976,1,67279,718562372290487
RIP2523_Suwannee_O3,2523,Suwannee,3,Family Forest,3,0.6671845299613464,3,32408,236497707010854
RIP2524_Suwannee_O3,2524,Suwannee,3,Family Forest,8,1.7791587465635903,5,67372,718603850290487
RIP2525_Columbia_O3,2525,Columbia,3,Family Forest,1,0.2223948433204488,1,36897,289515725489998
RIP2526_Columbia_O6,2526,Columbia,6,Federal,7,1.5567639032431415,4,67539,718604888290487
RIP2527_Columbia_O6,2527,Columbia,6,Federal,5,1.111974216602244,2,48634,448940584489998
RIP2528_Columbia_O6,2528,Columbia,6,Federal,1,0.2223948433204488,1,48634,448940584489998
RIP2529_Baker_O3,2529,Baker,3,Family Forest,1,0.2223948433204488,1,67533,718604872290487
RIP2530_Suwannee_O3,2530,Suwannee,3,Family Forest,4,0.8895793732817951,4,35220,259083023010854
RIP2531_Columbia_O4,2531,Columbia,4,Corporate/Other Private,4,0.8895793732817951,4,24316,176548896010854
RIP2532_Columbia_O6,2532,Columbia,6,Federal,4,0.8895793732817951,2,48634,448940584489998
RIP2533_Columbia_O6,2533,Columbia,6,Federal,3,0.6671845299613464,2,23749,173002845010854
RIP2534_Baker_O4,2534,Baker,4,Corporate/Other Private,2,0.4447896866408976,2,36941,289515964489998
RIP2535_Baker_O4,2535,Baker,4,Corporate/Other Private,2,0.4447896866408976,2,36941,289515964489998
RIP2536_Baker_O4,2536,Baker,4,Corporate/Other Private,47,10.452557636061092,7,67535,718604877290487
RIP2537_Baker_O3,2537,Baker,3,Family Forest,1,0.2223948433204488,1,21259,140564077010478
RIP2538_Baker_O4,2538,Baker,4,Corporate/Other Private,2,0.4447896866408976,2,64452,638334742126144
RIP2539_Baker_O3,2539,Baker,3,Family Forest,1,0.2223948433204488,1,67541,718604892290487
RIP2540_Suwannee_O3,2540,Suwannee,3,Family Forest,5,1.111974216602244,2,67372,718603850290487
RIP2541_Columbia_O6,2541,Columbia,6,Federal,4,0.8895793732817951,3,48634,448940584489998
RIP2542_Baker_O3,2542,Baker,3,Family Forest,1,0.2223948433204488,1,23748,173002842010854
RIP2543_Baker_O3,2543,Baker,3,Family Forest,3,0.6671845299613464,3,64167,635664717126144
RIP2544_Baker_O3,2544,Baker,3,Family Forest,1,0.2223948433204488,1,67372,718603850290487
RIP2545_Baker_O4,2545,Baker,4,Corporate/Other Private,2,0.4447896866408976,2,64167,635664717126144
RIP2546_Columbia_O3,2546,Columbia,3,Family Forest,2,0.4447896866408976,2,2743,20342987010478
RIP2546_Columbia_O6,2546,Columbia,6,Federal,1,0.2223948433204488,1,67279,718562372290487
RIP2547_Columbia_O6,2547,Columbia,6,Federal,4,0.8895793732817951,3,68819,740826397290487
RIP2548_Suwannee_O3,2548,Suwannee,3,Family Forest,3,0.6671845299613464,3,36965,289516230489998
RIP2549_Suwannee_O3,2549,Suwannee,3,Family Forest,8,1.7791587465635903,6,36897,289515725489998
RIP2549_Suwannee_O4,2549,Suwannee,4,Corporate/Other Private,4,0.8895793732817951,4,24515,176860754010854
RIP2550_Columbia_O3,2550,Columbia,3,Family Forest,6,1.3343690599226927,4,36939,289515962489998
RIP2551_Baker_O3,2551,Baker,3,Family Forest,3,0.6671845299613464,1,64294,638333845126144
RIP2552_Suwannee_O3,2552,Suwannee,3,Family Forest,2,0.4447896866408976,2,32408,236497707010854
RIP2553_Suwannee_O3,2553,Suwannee,3,Family Forest,4,0.8895793732817951,3,64407,638334496126144
RIP2554_Columbia_O4,2554,Columbia,4,Corporate/Other Private,3,0.6671845299613464,3,35220,259083023010854
RIP2555_Columbia_O3,2555,Columbia,3,Family Forest,21,4.670291709729424,10,67461,718604231290487
RIP2556_Columbia_O6,2556,Columbia,6,Federal,1,0.2223948433204488,1,59421,533665369126144
RIP2557_Baker_O4,2557,Baker,4,Corporate/Other Private,41,9.118188576138401,10,36939,289515962489998
RIP2558_Baker_O3,2558,Baker,3,Family Forest,2,0.4447896866408976,2,21259,140564077010478
RIP2559_Baker_O7,2559,Baker,7,State,1,0.2223948433204488,1,35385,259178448010854
RIP2560_Baker_O3,2560,Baker,3,Family Forest,4,0.8895793732817951,1,43291,374861937489998
RIP2560_Baker_O7,2560,Baker,7,State,7,1.5567639032431415,4,67511,718604485290487
RIP2561_Suwannee_O3,2561,Suwannee,3,Family Forest,6,1.3343690599226927,4,36897,289515725489998
RIP2561_Suwannee_O4,2561,Suwannee,4,Corporate/Other Private,1,0.2223948433204488,1,48592,448940348489998
RIP2562_Baker_O3,2562,Baker,3,Family Forest,1,0.2223948433204488,1,23748,173002842010854
RIP2563_Baker_O3,2563,Baker,3,Family Forest,2,0.4447896866408976,1,67372,718603850290487
RIP2564_Suwannee_O3,2564,Suwannee,3,Family Forest,1,0.2223948433204488,1,36965,289516230489998
RIP2565_Suwannee_O3,2565,Suwannee,3,Family Forest,1,0.2223948433204488,1,45047,385730105489998
RIP2566_Columbia_O6,2566,Columbia,6,Federal,52,11.564531852663336,13,43151,374861300489998
RIP2567_Baker_O3,2567,Baker,3,Family Forest,2,0.4447896866408976,2,21259,140564077010478
RIP2568_Baker_O3,2568,Baker,3,Family Forest,1,0.2223948433204488,1,43151,374861300489998
RIP2569_Baker_O3,2569,Baker,3,Family Forest,20,4.447896866408976,8,43291,374861937489998
RIP2570_Baker_O3,2570,Baker,3,Family Forest,13,2.891132963165834,4,43291,374861937489998
RIP2571_Suwannee_O3,2571,Suwannee,3,Family Forest,3,0.6671845299613464,3,21259,140564077010478
RIP2572_Columbia_O6,2572,Columbia,6,Federal,1,0.2223948433204488,1,67279,718562372290487
RIP2573_Baker_O3,2573,Baker,3,Family Forest,2,0.4447896866408976,2,64452,638334742126144
RIP2574_Baker_O4,2574,Baker,4,Corporate/Other Private,1,0.2223948433204488,1,67541,718604892290487
RIP2575_Baker_O4,2575,Baker,4,Corporate/Other Private,1,0.2223948433204488,1,64454,638334746126144
RIP2576_Baker_O4,2576,Baker,4,Corporate/Other Private,3,0.6671845299613464,3,43151,374861300489998
RIP2577_Baker_O3,2577,Baker,3,Family Forest,31,6.894240142933913,9,43054,374860913489998
RIP2578_Suwannee_O3,2578,Suwannee,3,Family Forest,1,0.2223948433204488,1,36897,289515725489998
RIP2578_Suwannee_O4,2578,Suwannee,4,Corporate/Other Private,1,0.2223948433204488,1,67475,718604294290487
RIP2579_Suwannee_O3,2579,Suwannee,3,Family Forest,7,1.5567639032431415,5,64407,638334496126144
RIP2580_Suwannee_O3,2580,Suwannee,3,Family Forest,1,0.2223948433204488,1,35220,259083023010854
RIP2581_Columbia_O4,2581,Columbia,4,Corporate/Other Private,3,0.6671845299613464,3,35220,259083023010854
RIP2582_Baker_O3,2582,Baker,3,Family Forest,3,0.6671845299613464,1,64407,638334496126144
RIP2583_Baker_O4,2583,Baker,4,Corporate/Other Private,7,1.5567639032431415,5,64452,638334742126144
RIP2584_Suwannee_O3,2584,Suwannee,3,Family Forest,8,1.7791587465635903,3,35220,259083023010854
RIP2585_Columbia_O3,2585,Columbia,3,Family Forest,2,0.4447896866408976,2,48658,448940864489998
RIP2586_Baker_O3,2586,Baker,3,Family Forest,1,0.2223948433204488,1,64407,638334496126144
RIP2587_Baker_O4,2587,Baker,4,Corporate/Other Private,2,0.4447896866408976,2,48658,448940864489998
RIP2588_Baker_O3,2588,Baker,3,Family Forest,1,0.2223948433204488,1,48596,448940355489998
RIP2589_Baker_O3,2589,Baker,3,Family Forest,23,5.115081396370322,7,43291,374861937489998
RIP2590_Suwannee_O3,2590,Suwannee,3,Family Forest,18,4.003107179768078,8,35220,259083023010854
RIP2591_Columbia_O6,2591,Columbia,6,Federal,1,0.2223948433204488,1,67539,718604888290487
RIP2592_Columbia_O6,2592,Columbia,6,Federal,1,0.2223948433204488,1,50207,451136981489998
RIP2593_Columbia_O6,2593,Columbia,6,Federal,2,0.4447896866408976,2,36939,289515962489998
RIP2594_Columbia_O6,2594,Columbia,6,Federal,4,0.8895793732817951,3,43151,374861300489998
RIP2595_Columbia_O6,2595,Columbia,6,Federal,2,0.4447896866408976,2,23747,173002836010854
RIP2596_Baker_O3,2596,Baker,3,Family Forest,3,0.6671845299613464,2,64407,638334496126144
RIP2597_Suwannee_O3,2597,Suwannee,3,Family Forest,2,0.4447896866408976,2,64407,638334496126144
RIP2598_Columbia_O4,2598,Columbia,4,Corporate/Other Private,1,0.2223948433204488,1,64406,638334495126144
RIP2599_Columbia_O6,2599,Columbia,6,Federal,97,21.57229980208353,10,48445,448939642489998
RIP2600_Columbia_O6,2600,Columbia,6,Federal,1,0.2223948433204488,1,59213,533664592126144
RIP2601_Suwannee_O4,2601,Suwannee,4,Corporate/Other Private,16,3.5583174931271806,12,48429,448939593489998
RIP2602_Columbia_O3,2602,Columbia,3,Family Forest,9,2.001553589884039,7,35220,259083023010854
RIP2603_Baker_O3,2603,Baker,3,Family Forest,1,0.2223948433204488,1,36897,289515725489998
RIP2603_Baker_O4,2603,Baker,4,Corporate/Other Private,4,0.8895793732817951,2,48595,448940352489998
RIP2604_Baker_O3,2604,Baker,3,Family Forest,1,0.2223948433204488,1,36823,289515330489998
RIP2605_Suwannee_O3,2605,Suwannee,3,Family Forest,3,0.6671845299613464,1,36897,289515725489998
RIP2606_Columbia_O4,2606,Columbia,4,Corporate/Other Private,1,0.2223948433204488,1,64406,638334495126144
RIP2607_Suwannee_O3,2607,Suwannee,3,Family Forest,9,2.001553589884039,4,35220,259083023010854
RIP2608_Columbia_O6,2608,Columbia,6,Federal,2,0.4447896866408976,2,59421,533665369126144
RIP2609_Baker_O3,2609,Baker,3,Family Forest,1,0.2223948433204488,1,43291,374861937489998
RIP2610_Suwannee_O3,2610,Suwannee,3,Family Forest,3,0.6671845299613464,3,35220,259083023010854
RIP2611_Columbia_O4,2611,Columbia,4,Corporate/Other Private,2,0.4447896866408976,2,24316,176548896010854
RIP2612_Columbia_O6,2612,Columbia,6,Federal,1,0.2223948433204488,1,48597,448940360489998
RIP2613_Suwannee_O3,2613,Suwannee,3,Family Forest,13,2.891132963165834,8,36897,289515725489998
RIP2614_Baker_O3,2614,Baker,3,Family Forest,10,2.223948433204488,5,67511,718604485290487
RIP2615_Suwannee_O4,2615,Suwannee,4,Corporate/Other Private,1,0.2223948433204488,1,36965,289516230489998
RIP2616_Columbia_O6,2616,Columbia,6,Federal,4,0.8895793732817951,2,48445,448939642489998
RIP2617_Columbia_O6,2617,Columbia,6,Federal,11,2.446343276524937,6,48634,448940584489998
RIP2618_Suwannee_O3,2618,Suwannee,3,Family Forest,2,0.4447896866408976,2,64405,638334488126144
RIP2619_Columbia_O4,2619,Columbia,4,Corporate/Other Private,3,0.6671845299613464,3,32408,236497707010854
RIP2620_Columbia_O4,2620,Columbia,4,Corporate/Other Private,3,0.6671845299613464,2,36965,289516230489998
RIP2621_Columbia_O6,2621,Columbia,6,Federal,24,5.337476239690771,6,67279,718562372290487
RIP2622_Baker_O3,2622,Baker,3,Family Forest,8,1.7791587465635903,5,48634,448940584489998
RIP2623_Suwannee_O3,2623,Suwannee,3,Family Forest,5,1.111974216602244,4,36965,289516230489998
RIP2624_Columbia_O4,2624,Columbia,4,Corporate/Other Private,6,1.3343690599226927,3,35220,259083023010854
RIP2625_Columbia_O6,2625,Columbia,6,Federal,6,1.3343690599226927,3,59213,533664592126144
RIP2626_Columbia_O6,2626,Columbia,6,Federal,1,0.2223948433204488,1,59428,533665395126144
RIP2627_Baker_O3,2627,Baker,3,Family Forest,2,0.4447896866408976,2,24512,176860601010854
RIP2628_Suwannee_O3,2628,Suwannee,3,Family Forest,1,0.2223948433204488,1,36965,289516230489998
RIP2629_Columbia_O6,2629,Columbia,6,Federal,2,0.4447896866408976,2,67509,718604473290487
RIP2630_Suwannee_O3,2630,Suwannee,3,Family Forest,4,0.8895793732817951,3,45047,385730105489998
RIP2631_Suwannee_O3,2631,Suwannee,3,Family Forest,2,0.4447896866408976,1,36897,289515725489998
RIP2632_Columbia_O3,2632,Columbia,3,Family Forest,3,0.6671845299613464,3,35220,259083023010854
RIP2633_Columbia_O4,2633,Columbia,4,Corporate/Other Private,1,0.2223948433204488,1,67475,718604294290487
RIP2634_Columbia_O6,2634,Columbia,6,Federal,3,0.6671845299613464,3,43067,374860959489998
RIP2635_Baker_O3,2635,Baker,3,Family Forest,7,1.5567639032431415,2,59428,533665395126144
RIP2636_Baker_O3,2636,Baker,3,Family Forest,4,0.8895793732817951,3,43287,374861932489998
RIP2637_Suwannee_O3,2637,Suwannee,3,Family Forest,2,0.4447896866408976,1,32408,236497707010854
RIP2638_Suwannee_O3,2638,Suwannee,3,Family Forest,2,0.4447896866408976,2,35220,259083023010854
RIP2639_Baker_O3,2639,Baker,3,Family Forest,7,1.5567639032431415,5,36897,289515725489998
RIP2640_Suwannee_O3,2640,Suwannee,3,Family Forest,3,0.6671845299613464,3,21259,140564077010478
RIP2641_Suwannee_O3,2641,Suwannee,3,Family Forest,2,0.4447896866408976,1,24316,176548896010854
RIP2642_Suwannee_O3,2642,Suwannee,3,Family Forest,1,0.2223948433204488,1,35220,259083023010854
RIP2643_Suwannee_O3,2643,Suwannee,3,Family Forest,5,1.111974216602244,5,24515,176860754010854
RIP2644_Suwannee_O3,2644,Suwannee,3,Family Forest,1,0.2223948433204488,1,67461,718604231290487
RIP2645_Columbia_O3,2645,Columbia,3,Family Forest,14,3.113527806486283,9,36897,289515725489998
RIP2646_Columbia_O4,2646,Columbia,4,Corporate/Other Private,1,0.2223948433204488,1,31037,218218426020004
RIP2647_Columbia_O4,2647,Columbia,4,Corporate/Other Private,5,1.111974216602244,3,36939,289515962489998
RIP2648_Baker_O8,2648,Baker,8,Local,2,0.4447896866408976,2,36932,289515944489998
RIP2649_Baker_O4,2649,Baker,4,Corporate/Other Private,4,0.8895793732817951,2,64452,638334742126144
RIP2650_Suwannee_O3,2650,Suwannee,3,Family Forest,2,0.4447896866408976,1,35220,259083023010854
RIP2651_Columbia_O3,2651,Columbia,3,Family Forest,35,7.783819516215708,4,35220,259083023010854
RIP2651_Columbia_O4,2651,Columbia,4,Corporate/Other Private,6,1.3343690599226927,2,35220,259083023010854
RIP2652_Baker_O3,2652,Baker,3,Family Forest,3,0.6671845299613464,3,23747,173002836010854
RIP2653_Baker_O3,2653,Baker,3,Family Forest,74,16.45721840571321,14,64407,638334496126144
RIP2654_Suwannee_O3,2654,Suwannee,3,Family Forest,1,0.2223948433204488,1,64293,638333844126144
RIP2655_Suwannee_O3,2655,Suwannee,3,Family Forest,8,1.7791587465635903,4,36897,289515725489998
RIP2655_Suwannee_O4,2655,Suwannee,4,Corporate/Other Private,23,5.115081396370322,6,36897,289515725489998
RIP2656_Columbia_O6,2656,Columbia,6,Federal,3,0.6671845299613464,1,67509,718604473290487
RIP2657_Columbia_O6,2657,Columbia,6,Federal,1,0.2223948433204488,1,67371,718603849290487
RIP2658_Suwannee_O3,2658,Suwannee,3,Family Forest,4,0.8895793732817951,3,36897,289515725489998
RIP2659_Suwannee_O3,2659,Suwannee,3,Family Forest,23,5.115081396370322,8,36897,289515725489998
RIP2660_Baker_O3,2660,Baker,3,Family Forest,1,0.2223948433204488,1,67372,718603850290487
RIP2661_Suwannee_O3,2661,Suwannee,3,Family Forest,1,0.2223948433204488,1,21259,140564077010478
RIP2661_Suwannee_O4,2661,Suwannee,4,Corporate/Other Private,1,0.2223948433204488,1,21259,140564077010478
RIP2662_Suwannee_O3,2662,Suwannee,3,Family Forest,5,1.111974216602244,4,48658,448940864489998
RIP2663_Baker_O3,2663,Baker,3,Family Forest,1,0.2223948433204488,1,67541,718604892290487
RIP2664_Baker_O3,2664,Baker,3,Family Forest,2,0.4447896866408976,2,36940,289515963489998
RIP2665_Suwannee_O3,2665,Suwannee,3,Family Forest,4,0.8895793732817951,3,48596,448940355489998
RIP2666_Columbia_O6,2666,Columbia,6,Federal,1,0.2223948433204488,1,43067,374860959489998
RIP2667_Baker_O3,2667,Baker,3,Family Forest,4,0.8895793732817951,3,67372,718603850290487
RIP2668_Suwannee_O3,2668,Suwannee,3,Family Forest,4,0.8895793732817951,3,64219,635664906126144
RIP2669_Columbia_O4,2669,Columbia,4,Corporate/Other Private,8,1.7791587465635903,7,48596,448940355489998
RIP2670_Columbia_O6,2670,Columbia,6,Federal,44,9.785373106099748,9,48445,448939642489998
RIP2671_Baker_O4,2671,Baker,4,Corporate/Other Private,8,1.7791587465635903,5,67532,718604871290487
RIP2672_Baker_O3,2672,Baker,3,Family Forest,5,1.111974216602244,2,64452,638334742126144
RIP2673_Columbia_O6,2673,Columbia,6,Federal,6,1.3343690599226927,6,23749,173002845010854
RIP2674_Columbia_O6,2674,Columbia,6,Federal,3,0.6671845299613464,2,48632,448940577489998
RIP2675_Suwannee_O3,2675,Suwannee,3,Family Forest,1,0.2223948433204488,1,67541,718604892290487
RIP2676_Baker_O4,2676,Baker,4,Corporate/Other Private,1,0.2223948433204488,1,64452,638334742126144
RIP2677_Baker_O3,2677,Baker,3,Family Forest,11,2.446343276524937,4,48596,448940355489998
RIP2678_Suwannee_O3,2678,Suwannee,3,Family Forest,1,0.2223948433204488,1,67463,718604236290487
RIP2679_Columbia_O3,2679,Columbia,3,Family Forest,2,0.4447896866408976,1,36897,289515725489998
RIP2680_Columbia_O3,2680,Columbia,3,Family Forest,2,0.4447896866408976,2,24316,176548896010854
RIP2681_Suwannee_O3,2681,Suwannee,3,Family Forest,3,0.6671845299613464,2,50163,451136805489998
RIP2682_Columbia_O4,2682,Columbia,4,Corporate/Other Private,7,1.5567639032431415,4,35220,259083023010854
RIP2683_Suwannee_O3,2683,Suwannee,3,Family Forest,1,0.2223948433204488,1,36965,289516230489998
RIP2684_Columbia_O4,2684,Columbia,4,Corporate/Other Private,2,0.4447896866408976,2,36965,289516230489998
RIP2685_Columbia_O3,2685,Columbia,3,Family Forest,11,2.446343276524937,5,67461,718604231290487
RIP2685_Columbia_O6,2685,Columbia,6,Federal,9,2.001553589884039,4,48445,448939642489998
RIP2686_Columbia_O6,2686,Columbia,6,Federal,4,0.8895793732817951,2,48445,448939642489998
RIP2687_Baker_O3,2687,Baker,3,Family Forest,2,0.4447896866408976,2,36941,289515964489998
RIP2688_Baker_O3,2688,Baker,3,Family Forest,6,1.3343690599226927,5,45047,385730105489998
RIP2688_Baker_O4,2688,Baker,4,Corporate/Other Private,6,1.3343690599226927,3,48595,448940352489998
RIP2689_Columbia_O4,2689,Columbia,4,Corporate/Other Private,1,0.2223948433204488,1,36965,289516230489998
RIP2690_Columbia_O6,2690,Columbia,6,Federal,2,0.4447896866408976,1,48445,448939642489998
RIP2691_Baker_O4,2691,Baker,4,Corporate/Other Private,5,1.111974216602244,4,36939,289515962489998
RIP2692_Baker_O3,2692,Baker,3,Family Forest,13,2.891132963165834,6,36897,289515725489998
RIP2693_Baker_O3,2693,Baker,3,Family Forest,27,6.0046607696521175,6,48596,448940355489998
RIP2694_Suwannee_O3,2694,Suwannee,3,Family Forest,1,0.2223948433204488,1,67461,718604231290487
RIP2695_Suwannee_O3,2695,Suwannee,3,Family Forest,1,0.2223948433204488,1,64406,638334495126144
RIP2696_Columbia_O3,2696,Columbia,3,Family Forest,2,0.4447896866408976,1,36897,289515725489998
RIP2697_Columbia_O6,2697,Columbia,6,Federal,4,0.8895793732817951,3,59421,533665369126144
RIP2698_Suwannee_O3,2698,Suwannee,3,Family Forest,5,1.111974216602244,4,36897,289515725489998
RIP2699_Columbia_O3,2699,Columbia,3,Family Forest,35,7.783819516215708,6,35220,259083023010854
RIP2700_Columbia_O3,2700,Columbia,3,Family Forest,3,0.6671845299613464,2,67461,718604231290487
RIP2701_Columbia_O3,2701,Columbia,3,Family Forest,1,0.2223948433204488,1,36897,289515725489998
RIP2702_Suwannee_O3,2702,Suwannee,3,Family Forest,2,0.4447896866408976,2,64407,638334496126144
RIP2703_Suwannee_O3,2703,Suwannee,3,Family Forest,11,2.446343276524937,6,64407,638334496126144
RIP2704_Suwannee_O3,2704,Suwannee,3,Family Forest,3,0.6671845299613464,2,35220,259083023010854
RIP2705_Columbia_O6,2705,Columbia,6,Federal,1,0.2223948433204488,1,48634,448940584489998
RIP2706_Columbia_O6,2706,Columbia,6,Federal,4,0.8895793732817951,3,59428,533665395126144
RIP2707_Columbia_O4,2707,Columbia,4,Corporate/Other Private,1,0.2223948433204488,1,36897,289515725489998
RIP2708_Baker_O3,2708,Baker,3,Family Forest,14,3.113527806486283,7,16547,61264238010478
RIP2709_Suwannee_O3,2709,Suwannee,3,Family Forest,16,3.5583174931271806,5,64407,638334496126144
RIP2710_Suwannee_O3,2710,Suwannee,3,Family Forest,4,0.8895793732817951,3,36897,289515725489998
RIP2711_Suwannee_O3,2711,Suwannee,3,Family Forest,8,1.7791587465635903,4,67372,718603850290487
RIP2712_Columbia_O3,2712,Columbia,3,Family Forest,1,0.2223948433204488,1,64226,635664945126144
RIP2713_Baker_O4,2713,Baker,4,Corporate/Other Private,8,1.7791587465635903,4,50183,451136888489998
RIP2714_Baker_O3,2714,Baker,3,Family Forest,8,1.7791587465635903,3,48596,448940355489998
RIP2715_Suwannee_O3,2715,Suwannee,3,Family Forest,3,0.6671845299613464,2,21259,140564077010478
RIP2716_Columbia_O6,2716,Columbia,6,Federal,8,1.7791587465635903,3,48445,448939642489998
RIP2717_Columbia_O6,2717,Columbia,6,Federal,2,0.4447896866408976,2,23749,173002845010854
RIP2718_Baker_O3,2718,Baker,3,Family Forest,4,0.8895793732817951,3,67372,718603850290487
RIP2719_Columbia_O4,2719,Columbia,4,Corporate/Other Private,4,0.8895793732817951,3,36897,289515725489998
RIP2720_Columbia_O6,2720,Columbia,6,Federal,4,0.8895793732817951,3,50183,451136888489998
RIP2721_Suwannee_O3,2721,Suwannee,3,Family Forest,3,0.6671845299613464,3,21259,140564077010478
RIP2722_Baker_O3,2722,Baker,3,Family Forest,8,1.7791587465635903,5,16547,61264238010478
RIP2723_Suwannee_O3,2723,Suwannee,3,Family Forest,7,1.5567639032431415,2,67372,718603850290487
RIP2724_Suwannee_O3,2724,Suwannee,3,Family Forest,6,1.3343690599226927,5,48589,448940340489998
RIP2725_Suwannee_O3,2725,Suwannee,3,Family Forest,4,0.8895793732817951,1,35220,259083023010854
RIP2726_Suwannee_O3,2726,Suwannee,3,Family Forest,5,1.111974216602244,4,64406,638334495126144
RIP2727_Columbia_O6,2727,Columbia,6,Federal,53,11.786926695983786,9,43151,374861300489998
RIP2728_Baker_O3,2728,Baker,3,Family Forest,1,0.2223948433204488,1,67372,718603850290487
RIP2729_Baker_O4,2729,Baker,4,Corporate/Other Private,3,0.6671845299613464,3,16547,61264238010478
RIP2730_Suwannee_O3,2730,Suwannee,3,Family Forest,1,0.2223948433204488,1,24515,176860754010854
RIP2731_Suwannee_O3,2731,Suwannee,3,Family Forest,30,6.671845299613464,10,35220,259083023010854
RIP2732_Columbia_O6,2732,Columbia,6,Federal,7,1.5567639032431415,6,23747,173002836010854
RIP2733_Suwannee_O3,2733,Suwannee,3,Family Forest,3,0.6671845299613464,3,35220,259083023010854
RIP2734_Baker_O3,2734,Baker,3,Family Forest,3,0.6671845299613464,3,16547,61264238010478
RIP2735_Baker_O3,2735,Baker,3,Family Forest,2,0.4447896866408976,2,36897,289515725489998
RIP2736_Baker_O4,2736,Baker,4,Corporate/Other Private,2,0.4447896866408976,2,64383,638334339126144
RIP2737_Columbia_O6,2737,Columbia,6,Federal,2,0.4447896866408976,1,43067,374860959489998
RIP2738_Columbia_O6,2738,Columbia,6,Federal,3,0.6671845299613464,1,48634,448940584489998
RIP2739_Baker_O4,2739,Baker,4,Corporate/Other Private,1,0.2223948433204488,1,36870,289515560489998
RIP2740_Columbia_O6,2740,Columbia,6,Federal,4,0.8895793732817951,2,31048,218219125020004
RIP2741_Columbia_O6,2741,Columbia,6,Federal,4,0.8895793732817951,2,59213,533664592126144
RIP2742_Baker_O4,2742,Baker,4,Corporate/Other Private,4,0.8895793732817951,2,45395,386107026489998
RIP2743_Suwannee_O3,2743,Suwannee,3,Family Forest,10,2.223948433204488,5,67372,718603850290487
RIP2744_Columbia_O3,2744,Columbia,3,Family Forest,1,0.2223948433204488,1,64406,638334495126144
RIP2745_Baker_O4,2745,Baker,4,Corporate/Other Private,3,0.6671845299613464,2,43181,374861410489998
RIP2746_Suwannee_O3,2746,Suwannee,3,Family Forest,153,34.02641102802866,7,35220,259083023010854
RIP2746_Suwannee_O4,2746,Suwannee,4,Corporate/Other Private,20,4.447896866408976,7,35220,259083023010854
RIP2747_Suwannee_O3,2747,Suwannee,3,Family Forest,4,0.8895793732817951,3,35220,259083023010854
RIP2748_Columbia_O3,2748,Columbia,3,Family Forest,4,0.8895793732817951,4,31045,218218672020004
RIP2749_Baker_O4,2749,Baker,4,Corporate/Other Private,1,0.2223948433204488,1,64219,635664906126144
RIP2750_Suwannee_O3,2750,Suwannee,3,Family Forest,1,0.2223948433204488,1,21259,140564077010478
RIP2751_Suwannee_O3,2751,Suwannee,3,Family Forest,3,0.6671845299613464,2,36897,289515725489998
RIP2752_Columbia_O3,2752,Columbia,3,Family Forest,1,0.2223948433204488,1,67461,718604231290487
RIP2753_Columbia_O3,2753,Columbia,3,Family Forest,2,0.4447896866408976,2,35220,259083023010854
RIP2754_Baker_O3,2754,Baker,3,Family Forest,2,0.4447896866408976,2,53774,484311003489998
RIP2755_Baker_O3,2755,Baker,3,Family Forest,5,1.111974216602244,4,36897,289515725489998
RIP2755_Baker_O4,2755,Baker,4,Corporate/Other Private,3,0.6671845299613464,3,36897,289515725489998
RIP2756_Baker_O4,2756,Baker,4,Corporate/Other Private,1,0.2223948433204488,1,16547,61264238010478
RIP2757_Suwannee_O3,2757,Suwannee,3,Family Forest,1,0.2223948433204488,1,64407,638334496126144
RIP2758_Columbia_O8,2758,Columbia,8,Local,4,0.8895793732817951,4,24316,176548896010854
RIP2759_Baker_O4,2759,Baker,4,Corporate/Other Private,1,0.2223948433204488,1,43291,374861937489998
RIP2760_Columbia_O6,2760,Columbia,6,Federal,1,0.2223948433204488,1,23747,173002836010854
RIP2761_Baker_O4,2761,Baker,4,Corporate/Other Private,1,0.2223948433204488,1,48445,448939642489998
RIP2762_Baker_O3,2762,Baker,3,Family Forest,5,1.111974216602244,4,16547,61264238010478
RIP2763_Baker_O4,2763,Baker,4,Corporate/Other Private,4,0.8895793732817951,4,36939,289515962489998
RIP2764_Suwannee_O3,2764,Suwannee,3,Family Forest,2,0.4447896866408976,2,36897,289515725489998
RIP2765_Columbia_O4,2765,Columbia,4,Corporate/Other Private,1,0.2223948433204488,1,36932,289515944489998
RIP2766_Columbia_O3,2766,Columbia,3,Family Forest,1,0.2223948433204488,1,24316,176548896010854
RIP2767_Columbia_O6,2767,Columbia,6,Federal,7,1.5567639032431415,6,2743,20342987010478
RIP2768_Columbia_O6,2768,Columbia,6,Federal,1,0.2223948433204488,1,36935,289515947489998
RIP2769_Columbia_O6,2769,Columbia,6,Federal,3,0.6671845299613464,1,67279,718562372290487
RIP2770_Baker_O4,2770,Baker,4,Corporate/Other Private,3,0.6671845299613464,1,36939,289515962489998
RIP2771_Suwannee_O3,2771,Suwannee,3,Family Forest,4,0.8895793732817951,3,36897,289515725489998
RIP2772_Suwannee_O3,2772,Suwannee,3,Family Forest,49,10.897347322701991,10,35220,259083023010854
RIP2773_Columbia_O3,2773,Columbia,3,Family Forest,6,1.3343690599226927,6,24515,176860754010854
RIP2774_Columbia_O6,2774,Columbia,6,Federal,4,0.8895793732817951,2,2743,20342987010478
RIP2775_Baker_O3,2775,Baker,3,Family Forest,11,2.446343276524937,7,36823,289515330489998
RIP2776_Baker_O3,2776,Baker,3,Family Forest,4,0.8895793732817951,4,2743,20342987010478
RIP2777_Baker_O4,2777,Baker,4,Corporate/Other Private,6,1.3343690599226927,2,36939,289515962489998
RIP2778_Suwannee_O3,2778,Suwannee,3,Family Forest,1,0.2223948433204488,1,36965,289516230489998
RIP2779_Columbia_O6,2779,Columbia,6,Federal,5,1.111974216602244,5,31048,218219125020004
RIP2780_Baker_O3,2780,Baker,3,Family Forest,1,0.2223948433204488,1,43181,374861410489998
RIP2781_Suwannee_O3,2781,Suwannee,3,Family Forest,3,0.6671845299613464,3,36897,289515725489998
RIP2782_Baker_O3,2782,Baker,3,Family Forest,21,4.670291709729424,7,50183,451136888489998
RIP2783_Suwannee_O3,2783,Suwannee,3,Family Forest,1,0.2223948433204488,1,48658,448940864489998
RIP2784_Columbia_O4,2784,Columbia,4,Corporate/Other Private,2,0.4447896866408976,1,35220,259083023010854
RIP2785_Columbia_O6,2785,Columbia,6,Federal,2,0.4447896866408976,2,43067,374860959489998
RIP2786_Baker_O4,2786,Baker,4,Corporate/Other Private,1,0.2223948433204488,1,36829,289515364489998
RIP2787_Baker_O3,2787,Baker,3,Family Forest,11,2.446343276524937,5,43291,374861937489998
RIP2788_Baker_O4,2788,Baker,4,Corporate/Other Private,8,1.7791587465635903,6,36939,289515962489998
RIP2789_Baker_O4,2789,Baker,4,Corporate/Other Private,1,0.2223948433204488,1,36829,289515364489998
RIP2790_Suwannee_O3,2790,Suwannee,3,Family Forest,1,0.2223948433204488,1,48658,448940864489998
RIP2791_Columbia_O4,2791,Columbia,4,Corporate/Other Private,7,1.5567639032431415,6,35220,259083023010854
RIP2792_Baker_O3,2792,Baker,3,Family Forest,1,0.2223948433204488,1,48672,448941001489998
RIP2793_Baker_O4,2793,Baker,4,Corporate/Other Private,1,0.2223948433204488,1,67475,718604294290487
RIP2794_Baker_O4,2794,Baker,4,Corporate/Other Private,1,0.2223948433204488,1,36939,289515962489998
RIP2795_Suwannee_O3,2795,Suwannee,3,Family Forest,4,0.8895793732817951,4,45047,385730105489998
RIP2796_Columbia_O6,2796,Columbia,6,Federal,2,0.4447896866408976,1,48632,448940577489998
RIP2797_Baker_O3,2797,Baker,3,Family Forest,25,5.5598710830112195,11,68819,740826397290487
RIP2798_Columbia_O4,2798,Columbia,4,Corporate/Other Private,8,1.7791587465635903,5,36897,289515725489998
RIP2799_Columbia_O3,2799,Columbia,3,Family Forest,2,0.4447896866408976,2,35377,259178350010854
RIP2800_Baker_O3,2800,Baker,3,Family Forest,11,2.446343276524937,7,64219,635664906126144
RIP2801_Suwannee_O3,2801,Suwannee,3,Family Forest,3,0.6671845299613464,2,36897,289515725489998
RIP2802_Columbia_O4,2802,Columbia,4,Corporate/Other Private,1,0.2223948433204488,1,48592,448940348489998
RIP2803_Columbia_O4,2803,Columbia,4,Corporate/Other Private,2,0.4447896866408976,2,36897,289515725489998
RIP2804_Columbia_O6,2804,Columbia,6,Federal,4,0.8895793732817951,2,31048,218219125020004
RIP2805_Suwannee_O3,2805,Suwannee,3,Family Forest,7,1.5567639032431415,3,35220,259083023010854
RIP2805_Suwannee_O4,2805,Suwannee,4,Corporate/Other Private,1,0.2223948433204488,1,21259,140564077010478
RIP2806_Baker_O4,2806,Baker,4,Corporate/Other Private,2,0.4447896866408976,2,36897,289515725489998
RIP2807_Suwannee_O3,2807,Suwannee,3,Family Forest,2,0.4447896866408976,1,67461,718604231290487
RIP2808_Columbia_O3,2808,Columbia,3,Family Forest,3,0.6671845299613464,3,32408,236497707010854
RIP2809_Baker_O4,2809,Baker,4,Corporate/Other Private,12,2.6687381198453854,4,13447,43855332020004
RIP2810_Columbia_O3,2810,Columbia,3,Family Forest,2,0.4447896866408976,2,36897,289515725489998
RIP2811_Baker_O3,2811,Baker,3,Family Forest,2,0.4447896866408976,1,2743,20342987010478
RIP2812_Suwannee_O3,2812,Suwannee,3,Family Forest,7,1.5567639032431415,5,31037,218218426020004
RIP2813_Columbia_O3,2813,Columbia,3,Family Forest,1,0.2223948433204488,1,35220,259083023010854
RIP2813_Columbia_O4,2813,Columbia,4,Corporate/Other Private,4,0.8895793732817951,1,35220,259083023010854
RIP2814_Columbia_O4,2814,Columbia,4,Corporate/Other Private,1,0.2223948433204488,1,67475,718604294290487
RIP2815_Baker_O4,2815,Baker,4,Corporate/Other Private,9,2.001553589884039,5,13447,43855332020004
RIP2816_Suwannee_O3,2816,Suwannee,3,Family Forest,3,0.6671845299613464,3,67461,718604231290487
RIP2817_Columbia_O4,2817,Columbia,4,Corporate/Other Private,10,2.223948433204488,8,36897,289515725489998
RIP2818_Columbia_O4,2818,Columbia,4,Corporate/Other Private,3,0.6671845299613464,2,64406,638334495126144
RIP2819_Baker_O3,2819,Baker,3,Family Forest,9,2.001553589884039,3,16547,61264238010478
RIP2820_Columbia_O3,2820,Columbia,3,Family Forest,3,0.6671845299613464,2,36962,289516223489998
RIP2821_Baker_O3,2821,Baker,3,Family Forest,2,0.4447896866408976,2,64452,638334742126144
RIP2822_Baker_O3,2822,Baker,3,Family Forest,2,0.4447896866408976,2,64452,638334742126144
RIP2823_Suwannee_O3,2823,Suwannee,3,Family Forest,1,0.2223948433204488,1,48592,448940348489998
RIP2824_Suwannee_O3,2824,Suwannee,3,Family Forest,32,7.116634986254361,11,53774,484311003489998
RIP2824_Suwannee_O4,2824,Suwannee,4,Corporate/Other Private,10,2.223948433204488,5,35220,259083023010854
RIP2825_Columbia_O4,2825,Columbia,4,Corporate/Other Private,3,0.6671845299613464,2,64406,638334495126144
RIP2826_Baker_O3,2826,Baker,3,Family Forest,22,4.892686553049874,6,64219,635664906126144
RIP2827_Baker_O3,2827,Baker,3,Family Forest,1,0.2223948433204488,1,67372,718603850290487
RIP2828_Baker_O3,2828,Baker,3,Family Forest,3,0.6671845299613464,2,64452,638334742126144
RIP2829_Suwannee_O3,2829,Suwannee,3,Family Forest,1,0.2223948433204488,1,21259,140564077010478
RIP2830_Suwannee_O4,2830,Suwannee,4,Corporate/Other Private,5,1.111974216602244,2,67541,718604892290487
RIP2831_Columbia_O6,2831,Columbia,6,Federal,3,0.6671845299613464,1,48445,448939642489998
RIP2832_Baker_O3,2832,Baker,3,Family Forest,48,10.674952479381542,7,36938,289515961489998
RIP2833_Baker_O3,2833,Baker,3,Family Forest,5,1.111974216602244,3,13447,43855332020004
RIP2834_Baker_O3,2834,Baker,3,Family Forest,7,1.5567639032431415,4,48445,448939642489998
RIP2835_Baker_O3,2835,Baker,3,Family Forest,5,1.111974216602244,3,43291,374861937489998
RIP2836_Columbia_O3,2836,Columbia,3,Family Forest,1,0.2223948433204488,1,36962,289516223489998
RIP2837_Baker_O3,2837,Baker,3,Family Forest,3,0.6671845299613464,2,64452,638334742126144
RIP2837_Baker_O4,2837,Baker,4,Corporate/Other Private,2,0.4447896866408976,1,43291,374861937489998
RIP2838_Baker_O3,2838,Baker,3,Family Forest,1,0.2223948433204488,1,64452,638334742126144
RIP2839_Baker_O4,2839,Baker,4,Corporate/Other Private,1,0.2223948433204488,1,48658,448940864489998
RIP2840_Suwannee_O4,2840,Suwannee,4,Corporate/Other Private,1,0.2223948433204488,1,45047,385730105489998
RIP2841_Columbia_O4,2841,Columbia,4,Corporate/Other Private,1,0.2223948433204488,1,24316,176548896010854
RIP2842_Baker_O3,2842,Baker,3,Family Forest,1,0.2223948433204488,1,13447,43855332020004
RIP2843_Baker_O3,2843,Baker,3,Family Forest,3,0.6671845299613464,2,64452,638334742126144
RIP2844_Baker_O4,2844,Baker,4,Corporate/Other Private,1,0.2223948433204488,1,64452,638334742126144
RIP2845_Columbia_O3,2845,Columbia,3,Family Forest,2,0.4447896866408976,2,35220,259083023010854
RIP2846_Columbia_O6,2846,Columbia,6,Federal,1,0.2223948433204488,1,48632,448940577489998
RIP2847_Columbia_O6,2847,Columbia,6,Federal,3,0.6671845299613464,3,43067,374860959489998
RIP2848_Baker_O3,2848,Baker,3,Family Forest,2,0.4447896866408976,2,2743,20342987010478
RIP2849_Baker_O3,2849,Baker,3,Family Forest,2,0.4447896866408976,2,24515,176860754010854
RIP2850_Baker_O4,2850,Baker,4,Corporate/Other Private,2,0.4447896866408976,2,36962,289516223489998
RIP2851_Baker_O4,2851,Baker,4,Corporate/Other Private,2,0.4447896866408976,1,64226,635664945126144
RIP2852_Suwannee_O3,2852,Suwannee,3,Family Forest,2,0.4447896866408976,2,50155,451136792489998
RIP2853_Suwannee_O3,2853,Suwannee,3,Family Forest,2,0.4447896866408976,2,35220,259083023010854
RIP2854_Columbia_O3,2854,Columbia,3,Family Forest,1,0.2223948433204488,1,36965,289516230489998
RIP2855_Columbia_O3,2855,Columbia,3,Family Forest,1,0.2223948433204488,1,48607,448940384489998
RIP2856_Columbia_O3,2856,Columbia,3,Family Forest,1,0.2223948433204488,1,64165,635664709126144
RIP2857_Columbia_O3,2857,Columbia,3,Family Forest,1,0.2223948433204488,1,67457,718604224290487
RIP2858_Baker_O3,2858,Baker,3,Family Forest,1,0.2223948433204488,1,48634,448940584489998
RIP2859_Baker_O3,2859,Baker,3,Family Forest,1,0.2223948433204488,1,43326,374862340489998
RIP2860_Suwannee_O4,2860,Suwannee,4,Corporate/Other Private,1,0.2223948433204488,1,55429,495147823126144
RIP2861_Columbia_O3,2861,Columbia,3,Family Forest,17,3.780712336447629,6,36897,289515725489998
RIP2862_Columbia_O6,2862,Columbia,6,Federal,11,2.446343276524937,4,48634,448940584489998
RIP2863_Baker_O3,2863,Baker,3,Family Forest,6,1.3343690599226927,2,2743,20342987010478
RIP2864_Baker_O3,2864,Baker,3,Family Forest,1,0.2223948433204488,1,13447,43855332020004
RIP2864_Baker_O4,2864,Baker,4,Corporate/Other Private,3,0.6671845299613464,3,13447,43855332020004
RIP2865_Suwannee_O3,2865,Suwannee,3,Family Forest,3,0.6671845299613464,2,36897,289515725489998
RIP2866_Columbia_O3,2866,Columbia,3,Family Forest,1,0.2223948433204488,1,67461,718604231290487
RIP2866_Columbia_O4,2866,Columbia,4,Corporate/Other Private,1,0.2223948433204488,1,35378,259178355010854
RIP2867_Columbia_O3,2867,Columbia,3,Family Forest,3,0.6671845299613464,1,35220,259083023010854
RIP2868_Baker_O3,2868,Baker,3,Family Forest,2,0.4447896866408976,1,36938,289515961489998
RIP2869_Baker_O3,2869,Baker,3,Family Forest,16,3.5583174931271806,9,43291,374861937489998
RIP2870_Baker_O3,2870,Baker,3,Family Forest,5,1.111974216602244,3,64452,638334742126144
RIP2871_Suwannee_O3,2871,Suwannee,3,Family Forest,5,1.111974216602244,3,48592,448940348489998
RIP2872_Suwannee_O3,2872,Suwannee,3,Family Forest,2,0.4447896866408976,2,48658,448940864489998
RIP2873_Suwannee_O3,2873,Suwannee,3,Family Forest,9,2.001553589884039,9,2707,20282429010478
RIP2874_Baker_O3,2874,Baker,3,Family Forest,8,1.7791587465635903,5,67523,718604718290487
RIP2875_Baker_O3,2875,Baker,3,Family Forest,1,0.2223948433204488,1,67541,718604892290487
RIP2876_Baker_O4,2876,Baker,4,Corporate/Other Private,2,0.4447896866408976,2,48658,448940864489998
RIP2877_Baker_O4,2877,Baker,4,Corporate/Other Private,1,0.2223948433204488,1,35385,259178448010854
RIP2878_Columbia_O3,2878,Columbia,3,Family Forest,2,0.4447896866408976,2,48658,448940864489998
RIP2879_Baker_O3,2879,Baker,3,Family Forest,7,1.5567639032431415,4,36935,289515947489998
RIP2880_Baker_O4,2880,Baker,4,Corporate/Other Private,2,0.4447896866408976,2,36940,289515963489998
RIP2881_Suwannee_O4,2881,Suwannee,4,Corporate/Other Private,1,0.2223948433204488,1,59294,533664907126144
RIP2882_Suwannee_O3,2882,Suwannee,3,Family Forest,3,0.6671845299613464,2,36897,289515725489998
RIP2883_Columbia_O3,2883,Columbia,3,Family Forest,2,0.4447896866408976,2,35220,259083023010854
RIP2884_Baker_O3,2884,Baker,3,Family Forest,2,0.4447896866408976,2,16547,61264238010478
RIP2885_Baker_O3,2885,Baker,3,Family Forest,9,2.001553589884039,3,64219,635664906126144
RIP2886_Baker_O4,2886,Baker,4,Corporate/Other Private,1,0.2223948433204488,1,36940,289515963489998
RIP2887_Suwannee_O3,2887,Suwannee,3,Family Forest,1,0.2223948433204488,1,48592,448940348489998
RIP2888_Columbia_O3,2888,Columbia,3,Family Forest,1,0.2223948433204488,1,36897,289515725489998
RIP2889_Columbia_O3,2889,Columbia,3,Family Forest,1,0.2223948433204488,1,36897,289515725489998
RIP2890_Columbia_O3,2890,Columbia,3,Family Forest,1,0.2223948433204488,1,35220,259083023010854
RIP2891_Columbia_O6,2891,Columbia,6,Federal,1,0.2223948433204488,1,36939,289515962489998
RIP2892_Baker_O3,2892,Baker,3,Family Forest,1,0.2223948433204488,1,13447,43855332020004
RIP2893_Baker_O3,2893,Baker,3,Family Forest,28,6.227055612972566,5,67535,718604877290487
RIP2894_Columbia_O3,2894,Columbia,3,Family Forest,1,0.2223948433204488,1,36965,289516230489998
RIP2895_Columbia_O3,2895,Columbia,3,Family Forest,2,0.4447896866408976,1,67205,718562044290487
RIP2896_Baker_O3,2896,Baker,3,Family Forest,2,0.4447896866408976,2,43326,374862340489998
RIP2897_Baker_O3,2897,Baker,3,Family Forest,2,0.4447896866408976,1,67535,718604877290487
RIP2898_Suwannee_O3,2898,Suwannee,3,Family Forest,3,0.6671845299613464,1,35220,259083023010854
RIP2899_Suwannee_O3,2899,Suwannee,3,Family Forest,24,5.337476239690771,11,35220,259083023010854
RIP2900_Columbia_O3,2900,Columbia,3,Family Forest,3,0.6671845299613464,2,67457,718604224290487
RIP2901_Columbia_O6,2901,Columbia,6,Federal,3,0.6671845299613464,2,43151,374861300489998
RIP2902_Suwannee_O3,2902,Suwannee,3,Family Forest,1,0.2223948433204488,1,67461,718604231290487
RIP2903_Suwannee_O3,2903,Suwannee,3,Family Forest,3,0.6671845299613464,3,2731,20322920010478
RIP2904_Baker_O3,2904,Baker,3,Family Forest,3,0.6671845299613464,2,36938,289515961489998
RIP2905_Baker_O3,2905,Baker,3,Family Forest,5,1.111974216602244,3,2743,20342987010478
RIP2906_Baker_O3,2906,Baker,3,Family Forest,2,0.4447896866408976,2,16547,61264238010478
RIP2907_Baker_O3,2907,Baker,3,Family Forest,5,1.111974216602244,1,67535,718604877290487
RIP2908_Columbia_O6,2908,Columbia,6,Federal,1,0.2223948433204488,1,23747,173002836010854
RIP2909_Baker_O6,2909,Baker,6,Federal,18,4.003107179768078,4,23748,173002842010854
RIP2910_Baker_O3,2910,Baker,3,Family Forest,2,0.4447896866408976,1,67535,718604877290487
RIP2911_Columbia_O3,2911,Columbia,3,Family Forest,3,0.6671845299613464,3,31037,218218426020004
RIP2912_Columbia_O6,2912,Columbia,6,Federal,3,0.6671845299613464,1,67279,718562372290487
RIP2913_Suwannee_O3,2913,Suwannee,3,Family Forest,6,1.3343690599226927,3,35220,259083023010854
RIP2914_Columbia_O3,2914,Columbia,3,Family Forest,1,0.2223948433204488,1,36897,289515725489998
RIP2915_Baker_O3,2915,Baker,3,Family Forest,2,0.4447896866408976,2,36938,289515961489998
RIP2916_Baker_O3,2916,Baker,3,Family Forest,9,2.001553589884039,3,36938,289515961489998
RIP2917_Suwannee_O4,2917,Suwannee,4,Corporate/Other Private,1,0.2223948433204488,1,50155,451136792489998
RIP2918_Columbia_O6,2918,Columbia,6,Federal,4,0.8895793732817951,2,67535,718604877290487
RIP2919_Baker_O4,2919,Baker,4,Corporate/Other Private,1,0.2223948433204488,1,64383,638334339126144
RIP2920_Baker_O4,2920,Baker,4,Corporate/Other Private,2,0.4447896866408976,2,36840,289515419489998
RIP2921_Suwannee_O3,2921,Suwannee,3,Family Forest,1,0.2223948433204488,1,48596,448940355489998
RIP2922_Columbia_O3,2922,Columbia,3,Family Forest,4,0.8895793732817951,4,31045,218218672020004
RIP2923_Columbia_O6,2923,Columbia,6,Federal,3,0.6671845299613464,2,23747,173002836010854
RIP2924_Columbia_O6,2924,Columbia,6,Federal,1,0.2223948433204488,1,36971,289516357489998
RIP2925_Baker_O3,2925,Baker,3,Family Forest,2,0.4447896866408976,2,48445,448939642489998
RIP2926_Baker_O3,2926,Baker,3,Family Forest,8,1.7791587465635903,3,43151,374861300489998
RIP2927_Baker_O3,2927,Baker,3,Family Forest,4,0.8895793732817951,2,36897,289515725489998
RIP2928_Columbia_O3,2928,Columbia,3,Family Forest,10,2.223948433204488,2,35220,259083023010854
RIP2928_Columbia_O4,2928,Columbia,4,Corporate/Other Private,3,0.6671845299613464,1,35220,259083023010854
RIP2929_Baker_O3,2929,Baker,3,Family Forest,2,0.4447896866408976,2,64405,638334488126144
RIP2930_Baker_O4,2930,Baker,4,Corporate/Other Private,5,1.111974216602244,3,64221,635664926126144
RIP2931_Columbia_O6,2931,Columbia,6,Federal,3,0.6671845299613464,2,48445,448939642489998
RIP2932_Baker_O3,2932,Baker,3,Family Forest,8,1.7791587465635903,4,48634,448940584489998
RIP2933_Baker_O3,2933,Baker,3,Family Forest,1,0.2223948433204488,1,43294,374861940489998
RIP2934_Baker_O3,2934,Baker,3,Family Forest,6,1.3343690599226927,5,43294,374861940489998
RIP2935_Baker_O4,2935,Baker,4,Corporate/Other Private,5,1.111974216602244,2,45047,385730105489998
RIP2936_Baker_O3,2936,Baker,3,Family Forest,1,0.2223948433204488,1,21259,140564077010478
RIP2937_Baker_O3,2937,Baker,3,Family Forest,3,0.6671845299613464,3,13447,43855332020004
RIP2938_Suwannee_O4,2938,Suwannee,4,Corporate/Other Private,2,0.4447896866408976,1,43204,374861532489998
RIP2939_Suwannee_O4,2939,Suwannee,4,Corporate/Other Private,1,0.2223948433204488,1,67475,718604294290487
RIP2940_Suwannee_O4,2940,Suwannee,4,Corporate/Other Private,1,0.2223948433204488,1,67475,718604294290487
RIP2941_Suwannee_O3,2941,Suwannee,3,Family Forest,5,1.111974216602244,3,48596,448940355489998
RIP2942_Columbia_O3,2942,Columbia,3,Family Forest,3,0.6671845299613464,2,35220,259083023010854
RIP2943_Columbia_O6,2943,Columbia,6,Federal,1,0.2223948433204488,1,23747,173002836010854
RIP2944_Baker_O3,2944,Baker,3,Family Forest,1,0.2223948433204488,1,64452,638334742126144
RIP2945_Suwannee_O3,2945,Suwannee,3,Family Forest,2,0.4447896866408976,1,36897,289515725489998
RIP2946_Suwannee_O3,2946,Suwannee,3,Family Forest,1,0.2223948433204488,1,43204,374861532489998
RIP2947_Suwannee_O3,2947,Suwannee,3,Family Forest,2,0.4447896866408976,2,24515,176860754010854
RIP2948_Baker_O3,2948,Baker,3,Family Forest,2,0.4447896866408976,1,64452,638334742126144
RIP2949_Baker_O4,2949,Baker,4,Corporate/Other Private,3,0.6671845299613464,3,36829,289515364489998
RIP2950_Columbia_O3,2950,Columbia,3,Family Forest,1,0.2223948433204488,1,67338,718603673290487
RIP2951_Columbia_O3,2951,Columbia,3,Family Forest,12,2.6687381198453854,4,67205,718562044290487
RIP2952_Columbia_O6,2952,Columbia,6,Federal,2,0.4447896866408976,1,59213,533664592126144
RIP2953_Columbia_O6,2953,Columbia,6,Federal,1,0.2223948433204488,1,48634,448940584489998
RIP2954_Baker_O3,2954,Baker,3,Family Forest,14,3.113527806486283,6,43291,374861937489998
RIP2955_Suwannee_O4,2955,Suwannee,4,Corporate/Other Private,3,0.6671845299613464,3,45047,385730105489998
RIP2956_Columbia_O3,2956,Columbia,3,Family Forest,3,0.6671845299613464,1,48658,448940864489998
RIP2957_Columbia_O8,2957,Columbia,8,Local,1,0.2223948433204488,1,36965,289516230489998
RIP2958_Baker_O3,2958,Baker,3,Family Forest,12,2.6687381198453854,5,67541,718604892290487
RIP2959_Baker_O3,2959,Baker,3,Family Forest,14,3.113527806486283,7,64294,638333845126144
RIP2960_Suwannee_O3,2960,Suwannee,3,Family Forest,2,0.4447896866408976,2,43204,374861532489998
RIP2961_Columbia_O3,2961,Columbia,3,Family Forest,5,1.111974216602244,4,67541,718604892290487
RIP2962_Suwannee_O4,2962,Suwannee,4,Corporate/Other Private,2,0.4447896866408976,2,55429,495147823126144
RIP2963_Suwannee_O3,2963,Suwannee,3,Family Forest,132,29.35611931829924,31,64293,638333844126144
RIP2963_Suwannee_O4,2963,Suwannee,4,Corporate/Other Private,19,4.225502023088527,6,36962,289516223489998
RIP2964_Baker_O3,2964,Baker,3,Family Forest,4,0.8895793732817951,4,2743,20342987010478
RIP2965_Baker_O4,2965,Baker,4,Corporate/Other Private,11,2.446343276524937,8,36940,289515963489998
RIP2966_Suwannee_O3,2966,Suwannee,3,Family Forest,10,2.223948433204488,5,35220,259083023010854
RIP2967_Baker_O3,2967,Baker,3,Family Forest,27,6.0046607696521175,7,16547,61264238010478
RIP2968_Suwannee_O3,2968,Suwannee,3,Family Forest,5,1.111974216602244,2,36962,289516223489998
RIP2969_Baker_O3,2969,Baker,3,Family Forest,13,2.891132963165834,7,64219,635664906126144
RIP2970_Columbia_O3,2970,Columbia,3,Family Forest,3,0.6671845299613464,3,24316,176548896010854
RIP2971_Baker_O4,2971,Baker,4,Corporate/Other Private,16,3.5583174931271806,4,48596,448940355489998
RIP2972_Suwannee_O3,2972,Suwannee,3,Family Forest,42,9.340583419458849,14,67372,718603850290487
RIP2972_Suwannee_O4,2972,Suwannee,4,Corporate/Other Private,16,3.5583174931271806,7,43326,374862340489998
RIP2973_Columbia_O3,2973,Columbia,3,Family Forest,2,0.4447896866408976,2,21265,140568302010478
RIP2974_Columbia_O3,2974,Columbia,3,Family Forest,5,1.111974216602244,5,21265,140568302010478
RIP2975_Columbia_O6,2975,Columbia,6,Federal,2,0.4447896866408976,2,59421,533665369126144
RIP2976_Baker_O3,2976,Baker,3,Family Forest,24,5.337476239690771,6,64293,638333844126144
RIP2977_Columbia_O3,2977,Columbia,3,Family Forest,3,0.6671845299613464,2,67541,718604892290487
RIP2978_Baker_O3,2978,Baker,3,Family Forest,2,0.4447896866408976,2,2743,20342987010478
RIP2979_Baker_O3,2979,Baker,3,Family Forest,5,1.111974216602244,4,16547,61264238010478
RIP2980_Baker_O4,2980,Baker,4,Corporate/Other Private,1,0.2223948433204488,1,45047,385730105489998
RIP2981_Baker_O3,2981,Baker,3,Family Forest,3,0.6671845299613464,2,64452,638334742126144
RIP2982_Baker_O3,2982,Baker,3,Family Forest,1,0.2223948433204488,1,67475,718604294290487
RIP2983_Baker_O3,2983,Baker,3,Family Forest,1,0.2223948433204488,1,31051,218219354020004
RIP2984_Baker_O3,2984,Baker,3,Family Forest,1,0.2223948433204488,1,67538,718604885290487
RIP2985_Suwannee_O3,2985,Suwannee,3,Family Forest,3,0.6671845299613464,3,13445,43855313020004
RIP2986_Baker_O3,2986,Baker,3,Family Forest,11,2.446343276524937,4,45047,385730105489998
RIP2987_Columbia_O3,2987,Columbia,3,Family Forest,12,2.6687381198453854,8,48658,448940864489998
RIP2988_Columbia_O3,2988,Columbia,3,Family Forest,4,0.8895793732817951,3,64406,638334495126144
RIP2989_Columbia_O4,2989,Columbia,4,Corporate/Other Private,15,3.335922649806732,5,48571,448940206489998
RIP2990_Columbia_O3,2990,Columbia,3,Family Forest,2,0.4447896866408976,2,21265,140568302010478
RIP2991_Columbia_O6,2991,Columbia,6,Federal,2,0.4447896866408976,1,67279,718562372290487
RIP2992_Suwannee_O3,2992,Suwannee,3,Family Forest,7,1.5567639032431415,3,36962,289516223489998
RIP2993_Columbia_O3,2993,Columbia,3,Family Forest,4,0.8895793732817951,1,64219,635664906126144
RIP2994_Columbia_O3,2994,Columbia,3,Family Forest,2,0.4447896866408976,2,48658,448940864489998
RIP2995_Columbia_O6,2995,Columbia,6,Federal,30,6.671845299613464,8,48634,448940584489998
RIP2996_Suwannee_O3,2996,Suwannee,3,Family Forest,6,1.3343690599226927,4,31037,218218426020004
RIP2997_Suwannee_O3,2997,Suwannee,3,Family Forest,3,0.6671845299613464,2,36897,289515725489998
RIP2998_Baker_O3,2998,Baker,3,Family Forest,6,1.3343690599226927,4,43291,374861937489998
RIP2999_Suwannee_O3,2999,Suwannee,3,Family Forest,14,3.113527806486283,3,64293,638333844126144
RIP3000_Columbia_O3,3000,Columbia,3,Family Forest,1,0.2223948433204488,1,36897,289515725489998
RIP3001_Columbia_O3,3001,Columbia,3,Family Forest,9,2.001553589884039,4,36962,289516223489998
RIP3001_Columbia_O4,3001,Columbia,4,Corporate/Other Private,1,0.2223948433204488,1,45047,385730105489998
RIP3002_Columbia_O3,3002,Columbia,3,Family Forest,5,1.111974216602244,5,36932,289515944489998
RIP3003_Baker_O3,3003,Baker,3,Family Forest,1,0.2223948433204488,1,64383,638334339126144
RIP3004_Baker_O3,3004,Baker,3,Family Forest,6,1.3343690599226927,3,43291,374861937489998
RIP3005_Columbia_O3,3005,Columbia,3,Family Forest,4,0.8895793732817951,3,67541,718604892290487
RIP3006_Columbia_O6,3006,Columbia,6,Federal,1,0.2223948433204488,1,59428,533665395126144
RIP3007_Suwannee_O3,3007,Suwannee,3,Family Forest,2,0.4447896866408976,1,67372,718603850290487
RIP3007_Suwannee_O7,3007,Suwannee,7,State,6,1.3343690599226927,3,67462,718604233290487
RIP3008_Suwannee_O3,3008,Suwannee,3,Family Forest,1,0.2223948433204488,1,36961,289516222489998
RIP3009_Columbia_O3,3009,Columbia,3,Family Forest,1,0.2223948433204488,1,43326,374862340489998
RIP3010_Columbia_O3,3010,Columbia,3,Family Forest,2,0.4447896866408976,2,36932,289515944489998
RIP3011_Baker_O3,3011,Baker,3,Family Forest,1,0.2223948433204488,1,43291,374861937489998
RIP3012_Suwannee_O3,3012,Suwannee,3,Family Forest,12,2.6687381198453854,4,64293,638333844126144
RIP3013_Columbia_O3,3013,Columbia,3,Family Forest,23,5.115081396370322,9,36897,289515725489998
RIP3014_Columbia_O6,3014,Columbia,6,Federal,1,0.2223948433204488,1,31048,218219125020004
RIP3015_Baker_O3,3015,Baker,3,Family Forest,4,0.8895793732817951,2,36939,289515962489998
RIP3016_Suwannee_O3,3016,Suwannee,3,Family Forest,1,0.2223948433204488,1,48556,448940165489998
RIP3017_Columbia_O4,3017,Columbia,4,Corporate/Other Private,6,1.3343690599226927,4,36962,289516223489998
RIP3018_Columbia_O4,3018,Columbia,4,Corporate/Other Private,1,0.2223948433204488,1,35220,259083023010854
RIP3019_Columbia_O3,3019,Columbia,3,Family Forest,5,1.111974216602244,3,31037,218218426020004
RIP3019_Columbia_O4,3019,Columbia,4,Corporate/Other Private,3,0.6671845299613464,2,67461,718604231290487
RIP3020_Suwannee_O3,3020,Suwannee,3,Family Forest,46,10.230162792740645,8,32408,236497707010854
RIP3021_Baker_O3,3021,Baker,3,Family Forest,2,0.4447896866408976,2,48596,448940355489998
RIP3022_Baker_O3,3022,Baker,3,Family Forest,1,0.2223948433204488,1,43203,374861529489998
RIP3023_Columbia_O3,3023,Columbia,3,Family Forest,68,15.122849345790517,18,35220,259083023010854
RIP3024_Columbia_O3,3024,Columbia,3,Family Forest,1,0.2223948433204488,1,67461,718604231290487
RIP3025_Baker_O3,3025,Baker,3,Family Forest,5,1.111974216602244,3,36939,289515962489998
RIP3026_Columbia_O3,3026,Columbia,3,Family Forest,2,0.4447896866408976,1,43326,374862340489998
RIP3027_Columbia_O3,3027,Columbia,3,Family Forest,1,0.2223948433204488,1,48596,448940355489998
RIP3028_Baker_O3,3028,Baker,3,Family Forest,3,0.6671845299613464,2,43291,374861937489998
RIP3029_Baker_O3,3029,Baker,3,Family Forest,1,0.2223948433204488,1,43287,374861932489998
RIP3030_Columbia_O4,3030,Columbia,4,Corporate/Other Private,3,0.6671845299613464,2,35220,259083023010854
RIP3031_Columbia_O4,3031,Columbia,4,Corporate/Other Private,3,0.6671845299613464,2,36965,289516230489998
RIP3032_Baker_O3,3032,Baker,3,Family Forest,4,0.8895793732817951,3,67372,718603850290487
RIP3033_Baker_O3,3033,Baker,3,Family Forest,5,1.111974216602244,2,36938,289515961489998
RIP3034_Suwannee_O3,3034,Suwannee,3,Family Forest,14,3.113527806486283,3,35220,259083023010854
RIP3035_Columbia_O4,3035,Columbia,4,Corporate/Other Private,15,3.335922649806732,5,48571,448940206489998
RIP3036_Columbia_O4,3036,Columbia,4,Corporate/Other Private,2,0.4447896866408976,2,31037,218218426020004
RIP3037_Columbia_O6,3037,Columbia,6,Federal,2,0.4447896866408976,2,50179,451136876489998
RIP3038_Columbia_O6,3038,Columbia,6,Federal,3,0.6671845299613464,3,48634,448940584489998
RIP3039_Baker_O3,3039,Baker,3,Family Forest,36,8.006214359536155,6,48634,448940584489998
RIP3040_Suwannee_O3,3040,Suwannee,3,Family Forest,4,0.8895793732817951,2,24316,176548896010854
RIP3041_Suwannee_O3,3041,Suwannee,3,Family Forest,42,9.340583419458849,16,48596,448940355489998
RIP3041_Suwannee_O4,3041,Suwannee,4,Corporate/Other Private,7,1.5567639032431415,5,43326,374862340489998
RIP3042_Columbia_O3,3042,Columbia,3,Family Forest,1,0.2223948433204488,1,67461,718604231290487
RIP3043_Columbia_O4,3043,Columbia,4,Corporate/Other Private,3,0.6671845299613464,1,36897,289515725489998
RIP3044_Baker_O3,3044,Baker,3,Family Forest,9,2.001553589884039,4,31048,218219125020004
RIP3045_Baker_O3,3045,Baker,3,Family Forest,21,4.670291709729424,9,64452,638334742126144
RIP3046_Baker_O3,3046,Baker,3,Family Forest,3,0.6671845299613464,2,36940,289515963489998
RIP3047_Suwannee_O3,3047,Suwannee,3,Family Forest,11,2.446343276524937,6,67372,718603850290487
RIP3048_Suwannee_O3,3048,Suwannee,3,Family Forest,9,2.001553589884039,4,36962,289516223489998
RIP3048_Suwannee_O4,3048,Suwannee,4,Corporate/Other Private,4,0.8895793732817951,2,64407,638334496126144
RIP3049_Columbia_O4,3049,Columbia,4,Corporate/Other Private,1,0.2223948433204488,1,67372,718603850290487
RIP3050_Columbia_O3,3050,Columbia,3,Family Forest,2,0.4447896866408976,2,24316,176548896010854
RIP3051_Columbia_O3,3051,Columbia,3,Family Forest,2,0.4447896866408976,2,36962,289516223489998
RIP3052_Columbia_O4,3052,Columbia,4,Corporate/Other Private,2,0.4447896866408976,2,32408,236497707010854
RIP3053_Columbia_O3,3053,Columbia,3,Family Forest,8,1.7791587465635903,3,36897,289515725489998
RIP3054_Columbia_O3,3054,Columbia,3,Family Forest,32,7.116634986254361,7,35220,259083023010854
RIP3055_Columbia_O3,3055,Columbia,3,Family Forest,4,0.8895793732817951,3,36962,289516223489998
RIP3056_Columbia_O4,3056,Columbia,4,Corporate/Other Private,1,0.2223948433204488,1,67277,718562357290487
RIP3057_Suwannee_O3,3057,Suwannee,3,Family Forest,14,3.113527806486283,8,67461,718604231290487
RIP3058_Columbia_O3,3058,Columbia,3,Family Forest,3,0.6671845299613464,1,36897,289515725489998
RIP3059_Baker_O3,3059,Baker,3,Family Forest,28,6.227055612972566,7,67372,718603850290487
RIP3060_Baker_O3,3060,Baker,3,Family Forest,3,0.6671845299613464,1,43151,374861300489998
RIP3061_Columbia_O3,3061,Columbia,3,Family Forest,2,0.4447896866408976,2,35220,259083023010854
RIP3062_Columbia_O4,3062,Columbia,4,Corporate/Other Private,8,1.7791587465635903,5,64454,638334746126144
RIP3063_Columbia_O4,3063,Columbia,4,Corporate/Other Private,2,0.4447896866408976,2,36962,289516223489998
RIP3064_Columbia_O3,3064,Columbia,3,Family Forest,13,2.891132963165834,8,48596,448940355489998
RIP3065_Columbia_O3,3065,Columbia,3,Family Forest,1,0.2223948433204488,1,36897,289515725489998
RIP3066_Columbia_O3,3066,Columbia,3,Family Forest,15,3.335922649806732,6,48596,448940355489998
RIP3066_Columbia_O4,3066,Columbia,4,Corporate/Other Private,50,11.119742166022439,13,48571,448940206489998
RIP3066_Columbia_O8,3066,Columbia,8,Local,14,3.113527806486283,8,67238,718562171290487
RIP3067_Columbia_O3,3067,Columbia,3,Family Forest,1,0.2223948433204488,1,45047,385730105489998
RIP3068_Columbia_O4,3068,Columbia,4,Corporate/Other Private,6,1.3343690599226927,6,32408,236497707010854
RIP3069_Columbia_O3,3069,Columbia,3,Family Forest,23,5.115081396370322,7,35220,259083023010854
RIP3069_Columbia_O4,3069,Columbia,4,Corporate/Other Private,74,16.45721840571321,15,48596,448940355489998
RIP3069_Columbia_O8,3069,Columbia,8,Local,6,1.3343690599226927,4,64406,638334495126144
RIP3070_Baker_O3,3070,Baker,3,Family Forest,1,0.2223948433204488,1,43291,374861937489998
RIP3071_Columbia_O4,3071,Columbia,4,Corporate/Other Private,2,0.4447896866408976,2,35220,259083023010854
RIP3072_Columbia_O4,3072,Columbia,4,Corporate/Other Private,1,0.2223948433204488,1,16549,61280243010478
RIP3073_Columbia_O4,3073,Columbia,4,Corporate/Other Private,1,0.2223948433204488,1,48598,448940363489998
RIP3074_Columbia_O3,3074,Columbia,3,Family Forest,2,0.4447896866408976,1,64226,635664945126144
RIP3074_Columbia_O4,3074,Columbia,4,Corporate/Other Private,5,1.111974216602244,2,36962,289516223489998
RIP3075_Baker_O3,3075,Baker,3,Family Forest,2,0.4447896866408976,2,48636,448940596489998
RIP3076_Baker_O3,3076,Baker,3,Family Forest,1,0.2223948433204488,1,43225,374861608489998
RIP3077_Baker_O3,3077,Baker,3,Family Forest,17,3.780712336447629,7,43291,374861937489998
RIP3078_Columbia_O3,3078,Columbia,3,Family Forest,1,0.2223948433204488,1,48596,448940355489998
RIP3079_Baker_O3,3079,Baker,3,Family Forest,1,0.2223948433204488,1,64454,638334746126144
RIP3080_Columbia_O3,3080,Columbia,3,Family Forest,6,1.3343690599226927,5,64406,638334495126144
RIP3080_Columbia_O4,3080,Columbia,4,Corporate/Other Private,4,0.8895793732817951,3,48571,448940206489998
RIP3081_Columbia_O3,3081,Columbia,3,Family Forest,3,0.6671845299613464,2,48658,448940864489998
RIP3082_Columbia_O3,3082,Columbia,3,Family Forest,4,0.8895793732817951,2,35220,259083023010854
RIP3083_Suwannee_O3,3083,Suwannee,3,Family Forest,11,2.446343276524937,5,35220,259083023010854
RIP3084_Columbia_O3,3084,Columbia,3,Family Forest,13,2.891132963165834,5,35220,259083023010854
RIP3085_Columbia_O3,3085,Columbia,3,Family Forest,2,0.4447896866408976,2,36962,289516223489998
RIP3086_Baker_O3,3086,Baker,3,Family Forest,47,10.452557636061092,8,67539,718604888290487
RIP3087_Columbia_O4,3087,Columbia,4,Corporate/Other Private,3,0.6671845299613464,1,48596,448940355489998
RIP3088_Columbia_O6,3088,Columbia,6,Federal,23,5.115081396370322,6,50183,451136888489998
RIP3089_Columbia_O3,3089,Columbia,3,Family Forest,1,0.2223948433204488,1,36962,289516223489998
RIP3090_Columbia_O3,3090,Columbia,3,Family Forest,9,2.001553589884039,2,35220,259083023010854
RIP3091_Columbia_O4,3091,Columbia,4,Corporate/Other Private,6,1.3343690599226927,5,48571,448940206489998
RIP3092_Baker_O4,3092,Baker,4,Corporate/Other Private,3,0.6671845299613464,2,64219,635664906126144
RIP3093_Columbia_O3,3093,Columbia,3,Family Forest,15,3.335922649806732,7,36897,289515725489998
RIP3094_Columbia_O3,3094,Columbia,3,Family Forest,10,2.223948433204488,4,35220,259083023010854
RIP3095_Suwannee_O7,3095,Suwannee,7,State,1,0.2223948433204488,1,48588,448940337489998
RIP3096_Suwannee_O3,3096,Suwannee,3,Family Forest,6,1.3343690599226927,3,36897,289515725489998
RIP3097_Suwannee_O7,3097,Suwannee,7,State,2,0.4447896866408976,2,45047,385730105489998
RIP3098_Suwannee_O3,3098,Suwannee,3,Family Forest,2,0.4447896866408976,2,31037,218218426020004
RIP3099_Suwannee_O3,3099,Suwannee,3,Family Forest,34,7.561424672895258,8,35220,259083023010854
RIP3100_Columbia_O3,3100,Columbia,3,Family Forest,4,0.8895793732817951,3,35220,259083023010854
RIP3101_Columbia_O4,3101,Columbia,4,Corporate/Other Private,4,0.8895793732817951,4,24515,176860754010854
RIP3102_Suwannee_O3,3102,Suwannee,3,Family Forest,1,0.2223948433204488,1,36962,289516223489998
RIP3102_Suwannee_O4,3102,Suwannee,4,Corporate/Other Private,17,3.780712336447629,3,36962,289516223489998
RIP3103_Columbia_O4,3103,Columbia,4,Corporate/Other Private,3,0.6671845299613464,3,35378,259178355010854
RIP3104_Baker_O3,3104,Baker,3,Family Forest,12,2.6687381198453854,5,36939,289515962489998
RIP3105_Suwannee_O3,3105,Suwannee,3,Family Forest,68,15.122849345790517,9,35220,259083023010854
RIP3105_Suwannee_O4,3105,Suwannee,4,Corporate/Other Private,42,9.340583419458849,13,31037,218218426020004
RIP3106_Columbia_O3,3106,Columbia,3,Family Forest,10,2.223948433204488,3,36962,289516223489998
RIP3106_Columbia_O4,3106,Columbia,4,Corporate/Other Private,1,0.2223948433204488,1,45047,385730105489998
RIP3106_Columbia_O8,3106,Columbia,8,Local,33,7.33902982957481,6,36962,289516223489998
RIP3107_Suwannee_O4,3107,Suwannee,4,Corporate/Other Private,9,2.001553589884039,6,64407,638334496126144
RIP3108_Columbia_O3,3108,Columbia,3,Family Forest,5,1.111974216602244,3,36897,289515725489998
RIP3109_Columbia_O3,3109,Columbia,3,Family Forest,4,0.8895793732817951,3,36897,289515725489998
RIP3110_Columbia_O3,3110,Columbia,3,Family Forest,7,1.5567639032431415,7,35220,259083023010854
RIP3111_Columbia_O3,3111,Columbia,3,Family Forest,2,0.4447896866408976,1,35220,259083023010854
RIP3112_Columbia_O6,3112,Columbia,6,Federal,1,0.2223948433204488,1,50179,451136876489998
RIP3113_Columbia_O6,3113,Columbia,6,Federal,2,0.4447896866408976,2,35220,259083023010854
RIP3114_Columbia_O3,3114,Columbia,3,Family Forest,1,0.2223948433204488,1,64454,638334746126144
RIP3115_Baker_O3,3115,Baker,3,Family Forest,13,2.891132963165834,7,67372,718603850290487
RIP3116_Suwannee_O3,3116,Suwannee,3,Family Forest,3,0.6671845299613464,3,31037,218218426020004
RIP3117_Columbia_O3,3117,Columbia,3,Family Forest,5,1.111974216602244,4,36897,289515725489998
RIP3118_Columbia_O4,3118,Columbia,4,Corporate/Other Private,9,2.001553589884039,7,64406,638334495126144
RIP3119_Columbia_O6,3119,Columbia,6,Federal,3,0.6671845299613464,3,31048,218219125020004
RIP3120_Columbia_O6,3120,Columbia,6,Federal,14,3.113527806486283,7,36939,289515962489998
RIP3121_Baker_O3,3121,Baker,3,Family Forest,16,3.5583174931271806,5,50207,451136981489998
RIP3122_Columbia_O4,3122,Columbia,4,Corporate/Other Private,4,0.8895793732817951,4,64167,635664717126144
RIP3123_Columbia_O6,3123,Columbia,6,Federal,1,0.2223948433204488,1,48445,448939642489998
RIP3124_Suwannee_O4,3124,Suwannee,4,Corporate/Other Private,8,1.7791587465635903,4,67372,718603850290487
RIP3125_Columbia_O3,3125,Columbia,3,Family Forest,2,0.4447896866408976,2,36962,289516223489998
RIP3126_Suwannee_O3,3126,Suwannee,3,Family Forest,13,2.891132963165834,5,36897,289515725489998
RIP3126_Suwannee_O4,3126,Suwannee,4,Corporate/Other Private,1,0.2223948433204488,1,24515,176860754010854
RIP3127_Columbia_O3,3127,Columbia,3,Family Forest,5,1.111974216602244,4,48592,448940348489998
RIP3128_Columbia_O3,3128,Columbia,3,Family Forest,1,0.2223948433204488,1,36897,289515725489998
RIP3129_Columbia_O6,3129,Columbia,6,Federal,3,0.6671845299613464,3,48445,448939642489998
RIP3130_Baker_O3,3130,Baker,3,Family Forest,20,4.447896866408976,4,43151,374861300489998
RIP3131_Suwannee_O4,3131,Suwannee,4,Corporate/Other Private,2,0.4447896866408976,1,36821,289515327489998
RIP3132_Columbia_O3,3132,Columbia,3,Family Forest,14,3.113527806486283,5,67205,718562044290487
RIP3132_Columbia_O8,3132,Columbia,8,Local,2,0.4447896866408976,2,35220,259083023010854
RIP3133_Columbia_O6,3133,Columbia,6,Federal,1,0.2223948433204488,1,67279,718562372290487
RIP3134_Suwannee_O3,3134,Suwannee,3,Family Forest,5,1.111974216602244,4,45047,385730105489998
RIP3134_Suwannee_O4,3134,Suwannee,4,Corporate/Other Private,5,1.111974216602244,2,24515,176860754010854
RIP3135_Columbia_O8,3135,Columbia,8,Local,5,1.111974216602244,4,36897,289515725489998
RIP3136_Columbia_O3,3136,Columbia,3,Family Forest,2,0.4447896866408976,2,48445,448939642489998
RIP3136_Columbia_O6,3136,Columbia,6,Federal,1,0.2223948433204488,1,23749,173002845010854
RIP3137_Columbia_O6,3137,Columbia,6,Federal,2,0.4447896866408976,2,23749,173002845010854
RIP3138_Suwannee_O3,3138,Suwannee,3,Family Forest,4,0.8895793732817951,4,21259,140564077010478
RIP3138_Suwannee_O8,3138,Suwannee,8,Local,1,0.2223948433204488,1,48672,448941001489998
RIP3139_Columbia_O3,3139,Columbia,3,Family Forest,1,0.2223948433204488,1,45047,385730105489998
RIP3140_Columbia_O6,3140,Columbia,6,Federal,3,0.6671845299613464,2,23749,173002845010854
RIP3141_Baker_O3,3141,Baker,3,Family Forest,7,1.5567639032431415,4,64454,638334746126144
RIP3142_Columbia_O3,3142,Columbia,3,Family Forest,1,0.2223948433204488,1,67541,718604892290487
RIP3143_Columbia_O3,3143,Columbia,3,Family Forest,1,0.2223948433204488,1,67541,718604892290487
RIP3144_Baker_O3,3144,Baker,3,Family Forest,12,2.6687381198453854,3,64452,638334742126144
RIP3145_Baker_O3,3145,Baker,3,Family Forest,8,1.7791587465635903,5,43326,374862340489998
RIP3146_Columbia_O3,3146,Columbia,3,Family Forest,3,0.6671845299613464,1,36897,289515725489998
RIP3147_Baker_O3,3147,Baker,3,Family Forest,1,0.2223948433204488,1,64454,638334746126144
RIP3148_Suwannee_O3,3148,Suwannee,3,Family Forest,10,2.223948433204488,6,48592,448940348489998
RIP3149_Suwannee_O3,3149,Suwannee,3,Family Forest,10,2.223948433204488,6,35220,259083023010854
RIP3149_Suwannee_O4,3149,Suwannee,4,Corporate/Other Private,6,1.3343690599226927,4,31037,218218426020004
RIP3150_Suwannee_O3,3150,Suwannee,3,Family Forest,8,1.7791587465635903,5,64406,638334495126144
RIP3151_Suwannee_O3,3151,Suwannee,3,Family Forest,13,2.891132963165834,5,35220,259083023010854
RIP3152_Columbia_O8,3152,Columbia,8,Local,1,0.2223948433204488,1,43054,374860913489998
RIP3153_Columbia_O3,3153,Columbia,3,Family Forest,2,0.4447896866408976,2,48658,448940864489998
RIP3154_Columbia_O3,3154,Columbia,3,Family Forest,11,2.446343276524937,3,36962,289516223489998
RIP3155_Columbia_O3,3155,Columbia,3,Family Forest,2,0.4447896866408976,1,36897,289515725489998
RIP3156_Columbia_O6,3156,Columbia,6,Federal,12,2.6687381198453854,4,48445,448939642489998
RIP3157_Baker_O3,3157,Baker,3,Family Forest,4,0.8895793732817951,4,36938,289515961489998
RIP3158_Columbia_O3,3158,Columbia,3,Family Forest,1,0.2223948433204488,1,48658,448940864489998
RIP3159_Baker_O3,3159,Baker,3,Family Forest,1,0.2223948433204488,1,36941,289515964489998
RIP3160_Baker_O3,3160,Baker,3,Family Forest,3,0.6671845299613464,2,67372,718603850290487
RIP3161_Suwannee_O3,3161,Suwannee,3,Family Forest,2,0.4447896866408976,2,48658,448940864489998
RIP3162_Columbia_O3,3162,Columbia,3,Family Forest,5,1.111974216602244,3,36897,289515725489998
RIP3163_Columbia_O3,3163,Columbia,3,Family Forest,1,0.2223948433204488,1,43239,374861704489998
RIP3164_Columbia_O3,3164,Columbia,3,Family Forest,1,0.2223948433204488,1,67455,718604221290487
RIP3165_Columbia_O3,3165,Columbia,3,Family Forest,15,3.335922649806732,11,36962,289516223489998
RIP3165_Columbia_O8,3165,Columbia,8,Local,28,6.227055612972566,7,48571,448940206489998
RIP3166_Columbia_O3,3166,Columbia,3,Family Forest,3,0.6671845299613464,3,35220,259083023010854
RIP3167_Columbia_O8,3167,Columbia,8,Local,1,0.2223948433204488,1,36897,289515725489998
RIP3168_Baker_O3,3168,Baker,3,Family Forest,7,1.5567639032431415,5,48596,448940355489998
RIP3169_Baker_O3,3169,Baker,3,Family Forest,61,13.566085442547376,6,36938,289515961489998
RIP3170_Baker_O3,3170,Baker,3,Family Forest,9,2.001553589884039,3,43291,374861937489998
RIP3171_Columbia_O3,3171,Columbia,3,Family Forest,10,2.223948433204488,5,35220,259083023010854
RIP3172_Columbia_O3,3172,Columbia,3,Family Forest,13,2.891132963165834,6,36939,289515962489998
RIP3173_Columbia_O8,3173,Columbia,8,Local,1,0.2223948433204488,1,24316,176548896010854
RIP3174_Suwannee_O3,3174,Suwannee,3,Family Forest,1,0.2223948433204488,1,45047,385730105489998
RIP3175_Columbia_O4,3175,Columbia,4,Corporate/Other Private,1,0.2223948433204488,1,67205,718562044290487
RIP3176_Columbia_O3,3176,Columbia,3,Family Forest,9,2.001553589884039,5,35220,259083023010854
RIP3177_Baker_O4,3177,Baker,4,Corporate/Other Private,10,2.223948433204488,1,43054,374860913489998
RIP3178_Baker_O3,3178,Baker,3,Family Forest,5,1.111974216602244,4,43291,374861937489998
RIP3179_Baker_O3,3179,Baker,3,Family Forest,1,0.2223948433204488,1,64452,638334742126144
RIP3180_Baker_O3,3180,Baker,3,Family Forest,1,0.2223948433204488,1,67511,718604485290487
RIP3181_Suwannee_O3,3181,Suwannee,3,Family Forest,2,0.4447896866408976,2,21259,140564077010478
RIP3182_Columbia_O3,3182,Columbia,3,Family Forest,7,1.5567639032431415,4,35220,259083023010854
RIP3182_Columbia_O8,3182,Columbia,8,Local,1,0.2223948433204488,1,48571,448940206489998
RIP3183_Suwannee_O3,3183,Suwannee,3,Family Forest,6,1.3343690599226927,2,67462,718604233290487
RIP3184_Suwannee_O3,3184,Suwannee,3,Family Forest,80,17.791587465635903,11,35220,259083023010854
RIP3185_Columbia_O3,3185,Columbia,3,Family Forest,1,0.2223948433204488,1,67541,718604892290487
RIP3186_Columbia_O3,3186,Columbia,3,Family Forest,4,0.8895793732817951,2,35220,259083023010854
RIP3187_Columbia_O3,3187,Columbia,3,Family Forest,6,1.3343690599226927,3,32408,236497707010854
RIP3187_Columbia_O8,3187,Columbia,8,Local,30,6.671845299613464,5,35220,259083023010854
RIP3188_Suwannee_O4,3188,Suwannee,4,Corporate/Other Private,1,0.2223948433204488,1,48672,448941001489998
RIP3189_Columbia_O3,3189,Columbia,3,Family Forest,1,0.2223948433204488,1,36962,289516223489998
RIP3190_Columbia_O3,3190,Columbia,3,Family Forest,5,1.111974216602244,2,35220,259083023010854
RIP3191_Columbia_O3,3191,Columbia,3,Family Forest,6,1.3343690599226927,3,35220,259083023010854
RIP3192_Columbia_O3,3192,Columbia,3,Family Forest,1,0.2223948433204488,1,36897,289515725489998
RIP3193_Columbia_O6,3193,Columbia,6,Federal,3,0.6671845299613464,1,50179,451136876489998
RIP3194_Columbia_O6,3194,Columbia,6,Federal,4,0.8895793732817951,3,67279,718562372290487
RIP3195_Columbia_O4,3195,Columbia,4,Corporate/Other Private,1,0.2223948433204488,1,13432,43854936020004
RIP3196_Baker_O3,3196,Baker,3,Family Forest,6,1.3343690599226927,2,43291,374861937489998
RIP3197_Suwannee_O4,3197,Suwannee,4,Corporate/Other Private,10,2.223948433204488,9,36962,289516223489998
RIP3198_Suwannee_O4,3198,Suwannee,4,Corporate/Other Private,1,0.2223948433204488,1,67205,718562044290487
RIP3199_Columbia_O3,3199,Columbia,3,Family Forest,2,0.4447896866408976,2,13432,43854936020004
RIP3200_Columbia_O6,3200,Columbia,6,Federal,15,3.335922649806732,6,43067,374860959489998
RIP3201_Baker_O3,3201,Baker,3,Family Forest,9,2.001553589884039,1,48670,448940999489998
RIP3202_Columbia_O4,3202,Columbia,4,Corporate/Other Private,1,0.2223948433204488,1,24515,176860754010854
RIP3203_Columbia_O3,3203,Columbia,3,Family Forest,3,0.6671845299613464,3,31037,218218426020004
RIP3204_Columbia_O6,3204,Columbia,6,Federal,1,0.2223948433204488,1,36939,289515962489998
RIP3205_Suwannee_O4,3205,Suwannee,4,Corporate/Other Private,1,0.2223948433204488,1,67277,718562357290487
RIP3206_Columbia_O3,3206,Columbia,3,Family Forest,30,6.671845299613464,9,35220,259083023010854
RIP3207_Columbia_O3,3207,Columbia,3,Family Forest,1,0.2223948433204488,1,24515,176860754010854
RIP3208_Baker_O3,3208,Baker,3,Family Forest,9,2.001553589884039,4,43054,374860913489998
RIP3208_Baker_O4,3208,Baker,4,Corporate/Other Private,46,10.230162792740645,8,43054,374860913489998
RIP3209_Baker_O3,3209,Baker,3,Family Forest,1,0.2223948433204488,1,43291,374861937489998
RIP3210_Baker_O3,3210,Baker,3,Family Forest,3,0.6671845299613464,2,43291,374861937489998
RIP3211_Columbia_O3,3211,Columbia,3,Family Forest,2,0.4447896866408976,1,48671,448941000489998
RIP3212_Columbia_O3,3212,Columbia,3,Family Forest,2,0.4447896866408976,2,35220,259083023010854
RIP3213_Columbia_O3,3213,Columbia,3,Family Forest,6,1.3343690599226927,4,35220,259083023010854
RIP3214_Columbia_O3,3214,Columbia,3,Family Forest,3,0.6671845299613464,2,36939,289515962489998
RIP3214_Columbia_O4,3214,Columbia,4,Corporate/Other Private,5,1.111974216602244,4,35220,259083023010854
RIP3215_Columbia_O6,3215,Columbia,6,Federal,1,0.2223948433204488,1,43326,374862340489998
RIP3216_Baker_O3,3216,Baker,3,Family Forest,39,8.673398889497502,5,48596,448940355489998
RIP3217_Baker_O3,3217,Baker,3,Family Forest,1,0.2223948433204488,1,43291,374861937489998
RIP3218_Columbia_O6,3218,Columbia,6,Federal,1,0.2223948433204488,1,31045,218218672020004
RIP3219_Baker_O3,3219,Baker,3,Family Forest,2,0.4447896866408976,2,36939,289515962489998
RIP3220_Baker_O3,3220,Baker,3,Family Forest,1,0.2223948433204488,1,64452,638334742126144
RIP3221_Baker_O4,3221,Baker,4,Corporate/Other Private,4,0.8895793732817951,3,64407,638334496126144
RIP3222_Columbia_O3,3222,Columbia,3,Family Forest,1,0.2223948433204488,1,24515,176860754010854
RIP3223_Columbia_O3,3223,Columbia,3,Family Forest,5,1.111974216602244,2,48658,448940864489998
RIP3224_Columbia_O3,3224,Columbia,3,Family Forest,3,0.6671845299613464,2,36939,289515962489998
RIP3225_Columbia_O6,3225,Columbia,6,Federal,5,1.111974216602244,3,48632,448940577489998
RIP3226_Columbia_O6,3226,Columbia,6,Federal,4,0.8895793732817951,3,67534,718604873290487
RIP3227_Baker_O3,3227,Baker,3,Family Forest,22,4.892686553049874,8,68819,740826397290487
RIP3228_Baker_O3,3228,Baker,3,Family Forest,2,0.4447896866408976,1,48670,448940999489998
RIP3229_Baker_O4,3229,Baker,4,Corporate/Other Private,6,1.3343690599226927,3,64407,638334496126144
RIP3230_Columbia_O3,3230,Columbia,3,Family Forest,1,0.2223948433204488,1,67461,718604231290487
RIP3231_Columbia_O3,3231,Columbia,3,Family Forest,4,0.8895793732817951,3,36897,289515725489998
RIP3232_Baker_O3,3232,Baker,3,Family Forest,36,8.006214359536155,8,16547,61264238010478
RIP3233_Baker_O4,3233,Baker,4,Corporate/Other Private,1,0.2223948433204488,1,36941,289515964489998
RIP3234_Suwannee_O3,3234,Suwannee,3,Family Forest,6,1.3343690599226927,4,36897,289515725489998
RIP3234_Suwannee_O4,3234,Suwannee,4,Corporate/Other Private,6,1.3343690599226927,4,64407,638334496126144
RIP3235_Columbia_O6,3235,Columbia,6,Federal,4,0.8895793732817951,3,43067,374860959489998
RIP3236_Columbia_O6,3236,Columbia,6,Federal,4,0.8895793732817951,2,67372,718603850290487
RIP3237_Baker_O4,3237,Baker,4,Corporate/Other Private,1,0.2223948433204488,1,64407,638334496126144
RIP3238_Columbia_O3,3238,Columbia,3,Family Forest,11,2.446343276524937,4,35220,259083023010854
RIP3239_Baker_O4,3239,Baker,4,Corporate/Other Private,2,0.4447896866408976,1,36939,289515962489998
RIP3240_Columbia_O3,3240,Columbia,3,Family Forest,2,0.4447896866408976,2,35220,259083023010854
RIP3241_Columbia_O3,3241,Columbia,3,Family Forest,2,0.4447896866408976,2,13432,43854936020004
RIP3242_Baker_O4,3242,Baker,4,Corporate/Other Private,14,3.113527806486283,6,36939,289515962489998
RIP3243_Columbia_O3,3243,Columbia,3,Family Forest,3,0.6671845299613464,3,31045,218218672020004
RIP3244_Columbia_O3,3244,Columbia,3,Family Forest,6,1.3343690599226927,5,64406,638334495126144
RIP3245_Columbia_O3,3245,Columbia,3,Family Forest,2,0.4447896866408976,2,24316,176548896010854
RIP3246_Columbia_O6,3246,Columbia,6,Federal,15,3.335922649806732,8,48634,448940584489998
RIP3247_Columbia_O3,3247,Columbia,3,Family Forest,2,0.4447896866408976,1,36962,289516223489998
RIP3248_Columbia_O3,3248,Columbia,3,Family Forest,2,0.4447896866408976,2,36897,289515725489998
RIP3249_Columbia_O6,3249,Columbia,6,Federal,7,1.5567639032431415,3,64343,638334109126144
RIP3250_Baker_O3,3250,Baker,3,Family Forest,5,1.111974216602244,2,43291,374861937489998
RIP3251_Suwannee_O3,3251,Suwannee,3,Family Forest,7,1.5567639032431415,3,36962,289516223489998
RIP3252_Suwannee_O3,3252,Suwannee,3,Family Forest,1,0.2223948433204488,1,35220,259083023010854
RIP3253_Suwannee_O3,3253,Suwannee,3,Family Forest,2,0.4447896866408976,2,55429,495147823126144
RIP3254_Columbia_O6,3254,Columbia,6,Federal,10,2.223948433204488,5,50207,451136981489998
RIP3255_Columbia_O6,3255,Columbia,6,Federal,7,1.5567639032431415,4,31048,218219125020004
RIP3256_Columbia_O6,3256,Columbia,6,Federal,3,0.6671845299613464,2,31048,218219125020004
RIP3257_Columbia_O3,3257,Columbia,3,Family Forest,3,0.6671845299613464,3,36962,289516223489998
RIP3258_Columbia_O4,3258,Columbia,4,Corporate/Other Private,27,6.0046607696521175,5,35220,259083023010854
RIP3259_Columbia_O3,3259,Columbia,3,Family Forest,5,1.111974216602244,4,23748,173002842010854
RIP3260_Baker_O3,3260,Baker,3,Family Forest,15,3.335922649806732,7,21259,140564077010478
RIP3261_Columbia_O3,3261,Columbia,3,Family Forest,3,0.6671845299613464,3,36897,289515725489998
RIP3262_Columbia_O4,3262,Columbia,4,Corporate/Other Private,6,1.3343690599226927,4,35220,259083023010854
RIP3263_Columbia_O6,3263,Columbia,6,Federal,2,0.4447896866408976,1,67509,718604473290487
RIP3264_Columbia_O3,3264,Columbia,3,Family Forest,4,0.8895793732817951,3,35220,259083023010854
RIP3265_Columbia_O6,3265,Columbia,6,Federal,2,0.4447896866408976,2,48632,448940577489998
RIP3266_Columbia_O6,3266,Columbia,6,Federal,3,0.6671845299613464,2,31048,218219125020004
RIP3267_Baker_O3,3267,Baker,3,Family Forest,48,10.674952479381542,5,43054,374860913489998
RIP3267_Baker_O4,3267,Baker,4,Corporate/Other Private,38,8.451004046177054,9,48670,448940999489998
RIP3268_Columbia_O3,3268,Columbia,3,Family Forest,1,0.2223948433204488,1,36897,289515725489998
RIP3269_Columbia_O6,3269,Columbia,6,Federal,1,0.2223948433204488,1,23748,173002842010854
RIP3270_Columbia_O6,3270,Columbia,6,Federal,4,0.8895793732817951,2,48634,448940584489998
RIP3271_Suwannee_O3,3271,Suwannee,3,Family Forest,169,37.584728521155846,13,35220,259083023010854
RIP3271_Suwannee_O4,3271,Suwannee,4,Corporate/Other Private,52,11.564531852663336,20,35220,259083023010854
RIP3272_Columbia_O3,3272,Columbia,3,Family Forest,5,1.111974216602244,4,36897,289515725489998
RIP3273_Columbia_O3,3273,Columbia,3,Family Forest,2,0.4447896866408976,2,67458,718604225290487
RIP3274_Columbia_O3,3274,Columbia,3,Family Forest,7,1.5567639032431415,3,67461,718604231290487
RIP3275_Columbia_O6,3275,Columbia,6,Federal,5,1.111974216602244,2,23747,173002836010854
RIP3276_Baker_O3,3276,Baker,3,Family Forest,5,1.111974216602244,4,64452,638334742126144
RIP3277_Columbia_O3,3277,Columbia,3,Family Forest,6,1.3343690599226927,5,35220,259083023010854
RIP3278_Columbia_O3,3278,Columbia,3,Family Forest,2,0.4447896866408976,1,43151,374861300489998
RIP3278_Columbia_O4,3278,Columbia,4,Corporate/Other Private,3,0.6671845299613464,3,35220,259083023010854
RIP3279_Columbia_O6,3279,Columbia,6,Federal,8,1.7791587465635903,4,50183,451136888489998
RIP3280_Columbia_O3,3280,Columbia,3,Family Forest,4,0.8895793732817951,4,13432,43854936020004
RIP3281_Columbia_O3,3281,Columbia,3,Family Forest,2,0.4447896866408976,2,32408,236497707010854
RIP3282_Columbia_O3,3282,Columbia,3,Family Forest,2,0.4447896866408976,2,31045,218218672020004
RIP3283_Columbia_O4,3283,Columbia,4,Corporate/Other Private,1,0.2223948433204488,1,35220,259083023010854
RIP3284_Columbia_O3,3284,Columbia,3,Family Forest,1,0.2223948433204488,1,35220,259083023010854
RIP3285_Columbia_O6,3285,Columbia,6,Federal,9,2.001553589884039,4,59213,533664592126144
RIP3286_Columbia_O3,3286,Columbia,3,Family Forest,2,0.4447896866408976,2,36897,289515725489998
RIP3287_Columbia_O6,3287,Columbia,6,Federal,1,0.2223948433204488,1,23749,173002845010854
RIP3288_Baker_O3,3288,Baker,3,Family Forest,3,0.6671845299613464,3,36932,289515944489998
RIP3289_Baker_O3,3289,Baker,3,Family Forest,1,0.2223948433204488,1,48636,448940596489998
RIP3290_Columbia_O6,3290,Columbia,6,Federal,1,0.2223948433204488,1,67541,718604892290487
RIP3291_Baker_O3,3291,Baker,3,Family Forest,6,1.3343690599226927,4,31045,218218672020004
RIP3292_Baker_O3,3292,Baker,3,Family Forest,19,4.225502023088527,4,43291,374861937489998
RIP3293_Baker_O3,3293,Baker,3,Family Forest,15,3.335922649806732,7,13447,43855332020004
RIP3294_Suwannee_O3,3294,Suwannee,3,Family Forest,2,0.4447896866408976,2,35220,259083023010854
RIP3295_Columbia_O4,3295,Columbia,4,Corporate/Other Private,3,0.6671845299613464,3,31045,218218672020004
RIP3296_Columbia_O4,3296,Columbia,4,Corporate/Other Private,1,0.2223948433204488,1,31037,218218426020004
RIP3297_Columbia_O4,3297,Columbia,4,Corporate/Other Private,16,3.5583174931271806,4,36962,289516223489998
RIP3298_Columbia_O6,3298,Columbia,6,Federal,1,0.2223948433204488,1,48634,448940584489998
RIP3299_Columbia_O6,3299,Columbia,6,Federal,2,0.4447896866408976,2,48634,448940584489998
RIP3300_Columbia_O6,3300,Columbia,6,Federal,2,0.4447896866408976,2,24486,176859705010854
RIP3301_Columbia_O6,3301,Columbia,6,Federal,10,2.223948433204488,5,67509,718604473290487
RIP3302_Columbia_O4,3302,Columbia,4,Corporate/Other Private,7,1.5567639032431415,3,48571,448940206489998
RIP3303_Columbia_O3,3303,Columbia,3,Family Forest,1,0.2223948433204488,1,24515,176860754010854
RIP3304_Baker_O3,3304,Baker,3,Family Forest,9,2.001553589884039,3,36935,289515947489998
RIP3305_Suwannee_O3,3305,Suwannee,3,Family Forest,2,0.4447896866408976,2,21259,140564077010478
RIP3306_Columbia_O3,3306,Columbia,3,Family Forest,38,8.451004046177054,7,35220,259083023010854
RIP3307_Columbia_O3,3307,Columbia,3,Family Forest,5,1.111974216602244,2,36962,289516223489998
RIP3308_Columbia_O8,3308,Columbia,8,Local,2,0.4447896866408976,2,24515,176860754010854
RIP3309_Columbia_O6,3309,Columbia,6,Federal,1,0.2223948433204488,1,31048,218219125020004
RIP3310_Baker_O3,3310,Baker,3,Family Forest,1,0.2223948433204488,1,64219,635664906126144
RIP3311_Suwannee_O3,3311,Suwannee,3,Family Forest,1,0.2223948433204488,1,36965,289516230489998
RIP3312_Columbia_O4,3312,Columbia,4,Corporate/Other Private,2,0.4447896866408976,1,31045,218218672020004
RIP3313_Baker_O3,3313,Baker,3,Family Forest,3,0.6671845299613464,2,43151,374861300489998
RIP3314_Suwannee_O3,3314,Suwannee,3,Family Forest,15,3.335922649806732,6,21259,140564077010478
RIP3315_Baker_O3,3315,Baker,3,Family Forest,1,0.2223948433204488,1,36794,289515149489998
RIP3316_Baker_O3,3316,Baker,3,Family Forest,10,2.223948433204488,6,36932,289515944489998
RIP3317_Columbia_O3,3317,Columbia,3,Family Forest,2,0.4447896866408976,2,36897,289515725489998
RIP3318_Columbia_O8,3318,Columbia,8,Local,2,0.4447896866408976,2,24515,176860754010854
RIP3319_Columbia_O4,3319,Columbia,4,Corporate/Other Private,3,0.6671845299613464,3,24515,176860754010854
RIP3320_Columbia_O3,3320,Columbia,3,Family Forest,8,1.7791587465635903,3,36897,289515725489998
RIP3321_Columbia_O6,3321,Columbia,6,Federal,17,3.780712336447629,9,36932,289515944489998
RIP3322_Columbia_O6,3322,Columbia,6,Federal,1,0.2223948433204488,1,67161,718561923290487
RIP3323_Columbia_O8,3323,Columbia,8,Local,4,0.8895793732817951,3,36897,289515725489998
RIP3324_Columbia_O6,3324,Columbia,6,Federal,1,0.2223948433204488,1,67279,718562372290487
RIP3325_Columbia_O3,3325,Columbia,3,Family Forest,1,0.2223948433204488,1,36965,289516230489998
RIP3326_Columbia_O4,3326,Columbia,4,Corporate/Other Private,2,0.4447896866408976,2,36962,289516223489998
RIP3327_Columbia_O8,3327,Columbia,8,Local,2,0.4447896866408976,2,35220,259083023010854
RIP3328_Columbia_O6,3328,Columbia,6,Federal,1,0.2223948433204488,1,24486,176859705010854
RIP3329_Suwannee_O3,3329,Suwannee,3,Family Forest,2,0.4447896866408976,2,45047,385730105489998
RIP3330_Columbia_O3,3330,Columbia,3,Family Forest,11,2.446343276524937,4,36962,289516223489998
RIP3331_Baker_O3,3331,Baker,3,Family Forest,1,0.2223948433204488,1,53774,484311003489998
RIP3332_Baker_O3,3332,Baker,3,Family Forest,7,1.5567639032431415,5,43291,374861937489998
RIP3333_Columbia_O3,3333,Columbia,3,Family Forest,1,0.2223948433204488,1,48592,448940348489998
RIP3334_Columbia_O3,3334,Columbia,3,Family Forest,2,0.4447896866408976,2,36897,289515725489998
RIP3335_Columbia_O4,3335,Columbia,4,Corporate/Other Private,7,1.5567639032431415,3,67475,718604294290487
RIP3336_Columbia_O6,3336,Columbia,6,Federal,1,0.2223948433204488,1,64343,638334109126144
RIP3337_Columbia_O6,3337,Columbia,6,Federal,3,0.6671845299613464,1,23748,173002842010854
RIP3338_Columbia_O6,3338,Columbia,6,Federal,6,1.3343690599226927,4,48634,448940584489998
RIP3339_Columbia_O6,3339,Columbia,6,Federal,9,2.001553589884039,4,23747,173002836010854
RIP3340_Baker_O3,3340,Baker,3,Family Forest,5,1.111974216602244,2,64454,638334746126144
RIP3341_Columbia_O4,3341,Columbia,4,Corporate/Other Private,9,2.001553589884039,6,48592,448940348489998
RIP3342_Columbia_O8,3342,Columbia,8,Local,3,0.6671845299613464,2,35220,259083023010854
RIP3343_Columbia_O3,3343,Columbia,3,Family Forest,2,0.4447896866408976,2,32408,236497707010854
RIP3344_Columbia_O6,3344,Columbia,6,Federal,4,0.8895793732817951,2,67509,718604473290487
RIP3345_Columbia_O6,3345,Columbia,6,Federal,15,3.335922649806732,3,50207,451136981489998
RIP3346_Baker_O3,3346,Baker,3,Family Forest,14,3.113527806486283,6,43151,374861300489998
RIP3347_Baker_O3,3347,Baker,3,Family Forest,17,3.780712336447629,5,43326,374862340489998
RIP3348_Baker_O3,3348,Baker,3,Family Forest,1,0.2223948433204488,1,67475,718604294290487
RIP3349_Columbia_O6,3349,Columbia,6,Federal,13,2.891132963165834,5,48634,448940584489998
RIP3350_Columbia_O3,3350,Columbia,3,Family Forest,9,2.001553589884039,6,36939,289515962489998
RIP3351_Columbia_O4,3351,Columbia,4,Corporate/Other Private,2,0.4447896866408976,2,35220,259083023010854
RIP3352_Columbia_O6,3352,Columbia,6,Federal,7,1.5567639032431415,6,36897,289515725489998
RIP3353_Columbia_O3,3353,Columbia,3,Family Forest,2,0.4447896866408976,2,36897,289515725489998
RIP3354_Columbia_O3,3354,Columbia,3,Family Forest,1,0.2223948433204488,1,24515,176860754010854
RIP3355_Columbia_O3,3355,Columbia,3,Family Forest,4,0.8895793732817951,3,43054,374860913489998
RIP3356_Columbia_O3,3356,Columbia,3,Family Forest,6,1.3343690599226927,4,35220,259083023010854
RIP3357_Columbia_O6,3357,Columbia,6,Federal,6,1.3343690599226927,5,59428,533665395126144
RIP3358_Columbia_O3,3358,Columbia,3,Family Forest,3,0.6671845299613464,2,36897,289515725489998
RIP3359_Columbia_O3,3359,Columbia,3,Family Forest,4,0.8895793732817951,2,36897,289515725489998
RIP3360_Columbia_O3,3360,Columbia,3,Family Forest,1,0.2223948433204488,1,67475,718604294290487
RIP3361_Columbia_O8,3361,Columbia,8,Local,6,1.3343690599226927,5,48596,448940355489998
RIP3362_Columbia_O3,3362,Columbia,3,Family Forest,6,1.3343690599226927,4,35220,259083023010854
RIP3363_Columbia_O6,3363,Columbia,6,Federal,16,3.5583174931271806,5,24486,176859705010854
RIP3364_Columbia_O6,3364,Columbia,6,Federal,14,3.113527806486283,6,23749,173002845010854
RIP3365_Columbia_O6,3365,Columbia,6,Federal,47,10.452557636061092,5,31048,218219125020004
RIP3366_Baker_O3,3366,Baker,3,Family Forest,6,1.3343690599226927,3,23748,173002842010854
RIP3367_Baker_O3,3367,Baker,3,Family Forest,1,0.2223948433204488,1,43151,374861300489998
RIP3368_Columbia_O3,3368,Columbia,3,Family Forest,4,0.8895793732817951,3,35220,259083023010854
RIP3369_Columbia_O4,3369,Columbia,4,Corporate/Other Private,2,0.4447896866408976,2,48557,448940171489998
RIP3370_Columbia_O6,3370,Columbia,6,Federal,3,0.6671845299613464,2,45047,385730105489998
RIP3371_Baker_O3,3371,Baker,3,Family Forest,2,0.4447896866408976,2,36941,289515964489998
RIP3372_Suwannee_O3,3372,Suwannee,3,Family Forest,6,1.3343690599226927,4,24515,176860754010854
RIP3373_Suwannee_O3,3373,Suwannee,3,Family Forest,2,0.4447896866408976,2,64167,635664717126144
RIP3374_Suwannee_O3,3374,Suwannee,3,Family Forest,7,1.5567639032431415,4,64407,638334496126144
RIP3375_Columbia_O3,3375,Columbia,3,Family Forest,1,0.2223948433204488,1,36897,289515725489998
RIP3376_Columbia_O3,3376,Columbia,3,Family Forest,19,4.225502023088527,10,36897,289515725489998
RIP3376_Columbia_O8,3376,Columbia,8,Local,7,1.5567639032431415,6,48592,448940348489998
RIP3377_Columbia_O3,3377,Columbia,3,Family Forest,3,0.6671845299613464,3,32408,236497707010854
RIP3378_Columbia_O3,3378,Columbia,3,Family Forest,2,0.4447896866408976,2,35220,259083023010854
RIP3379_Baker_O3,3379,Baker,3,Family Forest,1,0.2223948433204488,1,67372,718603850290487
RIP3380_Baker_O3,3380,Baker,3,Family Forest,7,1.5567639032431415,4,43291,374861937489998
RIP3381_Suwannee_O3,3381,Suwannee,3,Family Forest,2,0.4447896866408976,2,36897,289515725489998
RIP3382_Columbia_O4,3382,Columbia,4,Corporate/Other Private,1,0.2223948433204488,1,48557,448940171489998
RIP3383_Columbia_O4,3383,Columbia,4,Corporate/Other Private,4,0.8895793732817951,3,67461,718604231290487
RIP3384_Columbia_O6,3384,Columbia,6,Federal,3,0.6671845299613464,2,23749,173002845010854
RIP3385_Columbia_O6,3385,Columbia,6,Federal,2,0.4447896866408976,2,23749,173002845010854
RIP3386_Baker_O7,3386,Baker,7,State,1,0.2223948433204488,1,67541,718604892290487
RIP3387_Columbia_O4,3387,Columbia,4,Corporate/Other Private,8,1.7791587465635903,3,67461,718604231290487
RIP3388_Suwannee_O3,3388,Suwannee,3,Family Forest,16,3.5583174931271806,8,67541,718604892290487
RIP3389_Columbia_O3,3389,Columbia,3,Family Forest,1,0.2223948433204488,1,36932,289515944489998
RIP3390_Columbia_O6,3390,Columbia,6,Federal,7,1.5567639032431415,5,36962,289516223489998
RIP3391_Columbia_O6,3391,Columbia,6,Federal,6,1.3343690599226927,3,48658,448940864489998
RIP3392_Columbia_O6,3392,Columbia,6,Federal,3,0.6671845299613464,3,45047,385730105489998
RIP3393_Baker_O3,3393,Baker,3,Family Forest,72,16.01242871907231,16,43151,374861300489998
RIP3394_Suwannee_O3,3394,Suwannee,3,Family Forest,2,0.4447896866408976,2,36897,289515725489998
RIP3395_Columbia_O3,3395,Columbia,3,Family Forest,1,0.2223948433204488,1,64407,638334496126144
RIP3395_Columbia_O8,3395,Columbia,8,Local,4,0.8895793732817951,2,35220,259083023010854
RIP3396_Columbia_O3,3396,Columbia,3,Family Forest,14,3.113527806486283,11,24515,176860754010854
RIP3397_Columbia_O3,3397,Columbia,3,Family Forest,17,3.780712336447629,9,67372,718603850290487
RIP3398_Baker_O3,3398,Baker,3,Family Forest,4,0.8895793732817951,3,43291,374861937489998
RIP3399_Baker_O3,3399,Baker,3,Family Forest,13,2.891132963165834,3,64407,638334496126144
RIP3400_Suwannee_O3,3400,Suwannee,3,Family Forest,3,0.6671845299613464,3,24515,176860754010854
RIP3401_Columbia_O3,3401,Columbia,3,Family Forest,1,0.2223948433204488,1,36897,289515725489998
RIP3402_Columbia_O6,3402,Columbia,6,Federal,2,0.4447896866408976,2,23749,173002845010854
RIP3403_Suwannee_O3,3403,Suwannee,3,Family Forest,4,0.8895793732817951,2,64407,638334496126144
RIP3403_Suwannee_O4,3403,Suwannee,4,Corporate/Other Private,11,2.446343276524937,5,67372,718603850290487
RIP3404_Columbia_O3,3404,Columbia,3,Family Forest,1,0.2223948433204488,1,48596,448940355489998
RIP3404_Columbia_O4,3404,Columbia,4,Corporate/Other Private,3,0.6671845299613464,3,31045,218218672020004
RIP3405_Columbia_O3,3405,Columbia,3,Family Forest,7,1.5567639032431415,3,35220,259083023010854
RIP3406_Columbia_O6,3406,Columbia,6,Federal,7,1.5567639032431415,3,59428,533665395126144
RIP3407_Columbia_O6,3407,Columbia,6,Federal,5,1.111974216602244,4,59428,533665395126144
RIP3408_Columbia_O6,3408,Columbia,6,Federal,3,0.6671845299613464,2,48658,448940864489998
RIP3409_Columbia_O6,3409,Columbia,6,Federal,7,1.5567639032431415,2,67523,718604718290487
RIP3410_Columbia_O4,3410,Columbia,4,Corporate/Other Private,3,0.6671845299613464,2,35220,259083023010854
RIP3411_Columbia_O6,3411,Columbia,6,Federal,2,0.4447896866408976,1,48445,448939642489998
RIP3412_Baker_O3,3412,Baker,3,Family Forest,1,0.2223948433204488,1,64452,638334742126144
RIP3413_Suwannee_O3,3413,Suwannee,3,Family Forest,36,8.006214359536155,11,48592,448940348489998
RIP3413_Suwannee_O4,3413,Suwannee,4,Corporate/Other Private,44,9.785373106099748,17,67535,718604877290487
RIP3414_Columbia_O3,3414,Columbia,3,Family Forest,1,0.2223948433204488,1,35220,259083023010854
RIP3415_Columbia_O6,3415,Columbia,6,Federal,12,2.6687381198453854,8,67279,718562372290487
RIP3416_Columbia_O6,3416,Columbia,6,Federal,6,1.3343690599226927,6,31045,218218672020004
RIP3417_Columbia_O6,3417,Columbia,6,Federal,4,0.8895793732817951,2,23749,173002845010854
RIP3418_Baker_O3,3418,Baker,3,Family Forest,2,0.4447896866408976,1,23748,173002842010854
RIP3419_Baker_O3,3419,Baker,3,Family Forest,1,0.2223948433204488,1,43151,374861300489998
RIP3420_Columbia_O3,3420,Columbia,3,Family Forest,3,0.6671845299613464,3,35220,259083023010854
RIP3421_Columbia_O3,3421,Columbia,3,Family Forest,1,0.2223948433204488,1,35220,259083023010854
RIP3422_Columbia_O8,3422,Columbia,8,Local,1,0.2223948433204488,1,35220,259083023010854
RIP3423_Columbia_O6,3423,Columbia,6,Federal,1,0.2223948433204488,1,48634,448940584489998
RIP3424_Suwannee_O3,3424,Suwannee,3,Family Forest,2,0.4447896866408976,2,67475,718604294290487
RIP3425_Columbia_O4,3425,Columbia,4,Corporate/Other Private,2,0.4447896866408976,2,36965,289516230489998
RIP3426_Columbia_O3,3426,Columbia,3,Family Forest,6,1.3343690599226927,4,35220,259083023010854
RIP3427_Columbia_O3,3427,Columbia,3,Family Forest,2,0.4447896866408976,2,35220,259083023010854
RIP3428_Columbia_O6,3428,Columbia,6,Federal,2,0.4447896866408976,2,31045,218218672020004
RIP3429_Baker_O3,3429,Baker,3,Family Forest,10,2.223948433204488,6,36939,289515962489998
RIP3429_Baker_O7,3429,Baker,7,State,11,2.446343276524937,8,43054,374860913489998
RIP3430_Columbia_O3,3430,Columbia,3,Family Forest,16,3.5583174931271806,7,35220,259083023010854
RIP3431_Columbia_O3,3431,Columbia,3,Family Forest,3,0.6671845299613464,2,48596,448940355489998
RIP3432_Columbia_O3,3432,Columbia,3,Family Forest,3,0.6671845299613464,2,36897,289515725489998
RIP3433_Columbia_O8,3433,Columbia,8,Local,9,2.001553589884039,1,35220,259083023010854
RIP3434_Columbia_O3,3434,Columbia,3,Family Forest,2,0.4447896866408976,2,36897,289515725489998
RIP3434_Columbia_O4,3434,Columbia,4,Corporate/Other Private,6,1.3343690599226927,4,35220,259083023010854
RIP3435_Columbia_O6,3435,Columbia,6,Federal,1,0.2223948433204488,1,43067,374860959489998
RIP3436_Baker_O3,3436,Baker,3,Family Forest,15,3.335922649806732,4,67205,718562044290487
RIP3437_Columbia_O3,3437,Columbia,3,Family Forest,8,1.7791587465635903,4,35220,259083023010854
RIP3438_Columbia_O4,3438,Columbia,4,Corporate/Other Private,2,0.4447896866408976,2,32408,236497707010854
RIP3439_Columbia_O6,3439,Columbia,6,Federal,1,0.2223948433204488,1,48634,448940584489998
RIP3440_Baker_O3,3440,Baker,3,Family Forest,2,0.4447896866408976,1,64219,635664906126144
RIP3441_Columbia_O3,3441,Columbia,3,Family Forest,9,2.001553589884039,3,32408,236497707010854
RIP3442_Columbia_O3,3442,Columbia,3,Family Forest,7,1.5567639032431415,4,35220,259083023010854
RIP3443_Columbia_O6,3443,Columbia,6,Federal,4,0.8895793732817951,3,23748,173002842010854
RIP3444_Baker_O3,3444,Baker,3,Family Forest,1,0.2223948433204488,1,48658,448940864489998
RIP3445_Columbia_O3,3445,Columbia,3,Family Forest,7,1.5567639032431415,4,35220,259083023010854
RIP3446_Columbia_O6,3446,Columbia,6,Federal,5,1.111974216602244,4,23749,173002845010854
RIP3447_Columbia_O6,3447,Columbia,6,Federal,2,0.4447896866408976,2,23749,173002845010854
RIP3448_Baker_O3,3448,Baker,3,Family Forest,1,0.2223948433204488,1,36941,289515964489998
RIP3449_Columbia_O3,3449,Columbia,3,Family Forest,2,0.4447896866408976,2,31037,218218426020004
RIP3449_Columbia_O4,3449,Columbia,4,Corporate/Other Private,1,0.2223948433204488,1,48596,448940355489998
RIP3450_Baker_O3,3450,Baker,3,Family Forest,1,0.2223948433204488,1,43151,374861300489998
RIP3451_Suwannee_O3,3451,Suwannee,3,Family Forest,4,0.8895793732817951,3,32408,236497707010854
RIP3452_Suwannee_O3,3452,Suwannee,3,Family Forest,41,9.118188576138401,11,35220,259083023010854
RIP3453_Columbia_O3,3453,Columbia,3,Family Forest,3,0.6671845299613464,2,36962,289516223489998
RIP3454_Columbia_O6,3454,Columbia,6,Federal,1,0.2223948433204488,1,67475,718604294290487
RIP3455_Baker_O3,3455,Baker,3,Family Forest,2,0.4447896866408976,2,48672,448941001489998
RIP3456_Columbia_O3,3456,Columbia,3,Family Forest,4,0.8895793732817951,2,35220,259083023010854
RIP3457_Baker_O3,3457,Baker,3,Family Forest,5,1.111974216602244,3,43151,374861300489998
RIP3458_Suwannee_O4,3458,Suwannee,4,Corporate/Other Private,4,0.8895793732817951,3,21259,140564077010478
RIP3459_Columbia_O4,3459,Columbia,4,Corporate/Other Private,11,2.446343276524937,5,43151,374861300489998
RIP3460_Columbia_O6,3460,Columbia,6,Federal,1,0.2223948433204488,1,23749,173002845010854
RIP3461_Columbia_O3,3461,Columbia,3,Family Forest,8,1.7791587465635903,2,36962,289516223489998
RIP3461_Columbia_O4,3461,Columbia,4,Corporate/Other Private,2,0.4447896866408976,2,36962,289516223489998
RIP3462_Columbia_O4,3462,Columbia,4,Corporate/Other Private,2,0.4447896866408976,1,35220,259083023010854
RIP3463_Columbia_O3,3463,Columbia,3,Family Forest,5,1.111974216602244,4,36897,289515725489998
RIP3463_Columbia_O6,3463,Columbia,6,Federal,1,0.2223948433204488,1,48632,448940577489998
RIP3464_Columbia_O6,3464,Columbia,6,Federal,3,0.6671845299613464,2,36934,289515946489998
RIP3465_Columbia_O3,3465,Columbia,3,Family Forest,2,0.4447896866408976,2,21604,153666119010854
RIP3465_Columbia_O8,3465,Columbia,8,Local,3,0.6671845299613464,2,24316,176548896010854
RIP3466_Baker_O7,3466,Baker,7,State,8,1.7791587465635903,5,67372,718603850290487
RIP3467_Columbia_O3,3467,Columbia,3,Family Forest,5,1.111974216602244,3,36897,289515725489998
RIP3467_Columbia_O4,3467,Columbia,4,Corporate/Other Private,3,0.6671845299613464,3,35220,259083023010854
RIP3468_Columbia_O3,3468,Columbia,3,Family Forest,5,1.111974216602244,2,64454,638334746126144
RIP3468_Columbia_O6,3468,Columbia,6,Federal,2,0.4447896866408976,2,59428,533665395126144
RIP3469_Columbia_O6,3469,Columbia,6,Federal,7,1.5567639032431415,3,48634,448940584489998
RIP3470_Suwannee_O4,3470,Suwannee,4,Corporate/Other Private,2,0.4447896866408976,2,21259,140564077010478
RIP3471_Columbia_O3,3471,Columbia,3,Family Forest,3,0.6671845299613464,3,35220,259083023010854
RIP3471_Columbia_O4,3471,Columbia,4,Corporate/Other Private,5,1.111974216602244,2,35220,259083023010854
RIP3472_Baker_O3,3472,Baker,3,Family Forest,9,2.001553589884039,2,64454,638334746126144
RIP3473_Baker_O3,3473,Baker,3,Family Forest,33,7.33902982957481,11,43151,374861300489998
RIP3474_Baker_O3,3474,Baker,3,Family Forest,8,1.7791587465635903,3,16547,61264238010478
RIP3475_Baker_O3,3475,Baker,3,Family Forest,2,0.4447896866408976,1,35385,259178448010854
RIP3476_Suwannee_O4,3476,Suwannee,4,Corporate/Other Private,1,0.2223948433204488,1,59294,533664907126144
RIP3477_Columbia_O6,3477,Columbia,6,Federal,17,3.780712336447629,5,48445,448939642489998
RIP3478_Suwannee_O4,3478,Suwannee,4,Corporate/Other Private,5,1.111974216602244,3,36897,289515725489998
RIP3479_Columbia_O3,3479,Columbia,3,Family Forest,2,0.4447896866408976,2,21259,140564077010478
RIP3480_Columbia_O6,3480,Columbia,6,Federal,11,2.446343276524937,3,48634,448940584489998
RIP3481_Suwannee_O4,3481,Suwannee,4,Corporate/Other Private,2,0.4447896866408976,2,21259,140564077010478
RIP3482_Columbia_O6,3482,Columbia,6,Federal,1,0.2223948433204488,1,23748,173002842010854
RIP3483_Baker_O3,3483,Baker,3,Family Forest,4,0.8895793732817951,2,13447,43855332020004
RIP3484_Suwannee_O3,3484,Suwannee,3,Family Forest,1,0.2223948433204488,1,21259,140564077010478
RIP3485_Columbia_O3,3485,Columbia,3,Family Forest,4,0.8895793732817951,3,36897,289515725489998
RIP3486_Columbia_O6,3486,Columbia,6,Federal,6,1.3343690599226927,2,48634,448940584489998
RIP3487_Columbia_O6,3487,Columbia,6,Federal,33,7.33902982957481,9,50207,451136981489998
RIP3488_Columbia_O6,3488,Columbia,6,Federal,10,2.223948433204488,7,2743,20342987010478
RIP3489_Columbia_O6,3489,Columbia,6,Federal,6,1.3343690599226927,3,23748,173002842010854
RIP3490_Suwannee_O3,3490,Suwannee,3,Family Forest,15,3.335922649806732,7,35220,259083023010854
RIP3491_Columbia_O4,3491,Columbia,4,Corporate/Other Private,1,0.2223948433204488,1,36965,289516230489998
RIP3492_Columbia_O6,3492,Columbia,6,Federal,5,1.111974216602244,2,48658,448940864489998
RIP3493_Columbia_O6,3493,Columbia,6,Federal,20,4.447896866408976,5,64343,638334109126144
RIP3494_Columbia_O4,3494,Columbia,4,Corporate/Other Private,1,0.2223948433204488,1,32408,236497707010854
RIP3495_Suwannee_O4,3495,Suwannee,4,Corporate/Other Private,6,1.3343690599226927,1,64407,638334496126144
RIP3496_Suwannee_O3,3496,Suwannee,3,Family Forest,3,0.6671845299613464,3,21259,140564077010478
RIP3497_Columbia_O3,3497,Columbia,3,Family Forest,6,1.3343690599226927,4,64407,638334496126144
RIP3498_Baker_O3,3498,Baker,3,Family Forest,3,0.6671845299613464,3,48562,448940184489998
RIP3499_Baker_O3,3499,Baker,3,Family Forest,7,1.5567639032431415,2,23748,173002842010854
RIP3500_Baker_O3,3500,Baker,3,Family Forest,11,2.446343276524937,6,16547,61264238010478
RIP3501_Columbia_O3,3501,Columbia,3,Family Forest,11,2.446343276524937,7,36897,289515725489998
RIP3502_Columbia_O4,3502,Columbia,4,Corporate/Other Private,1,0.2223948433204488,1,48607,448940384489998
RIP3503_Baker_O3,3503,Baker,3,Family Forest,16,3.5583174931271806,7,43151,374861300489998
RIP3504_Baker_O3,3504,Baker,3,Family Forest,9,2.001553589884039,4,64454,638334746126144
RIP3505_Baker_O3,3505,Baker,3,Family Forest,2,0.4447896866408976,2,13436,43855099020004
RIP3506_Columbia_O6,3506,Columbia,6,Federal,7,1.5567639032431415,4,48658,448940864489998
RIP3507_Columbia_O6,3507,Columbia,6,Federal,8,1.7791587465635903,5,48658,448940864489998
RIP3508_Columbia_O3,3508,Columbia,3,Family Forest,1,0.2223948433204488,1,67475,718604294290487
RIP3509_Columbia_O6,3509,Columbia,6,Federal,7,1.5567639032431415,3,48634,448940584489998
RIP3510_Suwannee_O4,3510,Suwannee,4,Corporate/Other Private,2,0.4447896866408976,1,64407,638334496126144
RIP3511_Columbia_O3,3511,Columbia,3,Family Forest,1,0.2223948433204488,1,36962,289516223489998
RIP3511_Columbia_O4,3511,Columbia,4,Corporate/Other Private,1,0.2223948433204488,1,36962,289516223489998
RIP3512_Columbia_O6,3512,Columbia,6,Federal,6,1.3343690599226927,6,21259,140564077010478
RIP3513_Columbia_O6,3513,Columbia,6,Federal,8,1.7791587465635903,3,50183,451136888489998
RIP3514_Columbia_O6,3514,Columbia,6,Federal,12,2.6687381198453854,6,48634,448940584489998
RIP3515_Baker_O3,3515,Baker,3,Family Forest,4,0.8895793732817951,3,36932,289515944489998
RIP3516_Baker_O3,3516,Baker,3,Family Forest,1,0.2223948433204488,1,23748,173002842010854
RIP3517_Baker_O3,3517,Baker,3,Family Forest,3,0.6671845299613464,3,23748,173002842010854
RIP3518_Suwannee_O3,3518,Suwannee,3,Family Forest,1,0.2223948433204488,1,21259,140564077010478
RIP3519_Suwannee_O4,3519,Suwannee,4,Corporate/Other Private,1,0.2223948433204488,1,21259,140564077010478
RIP3520_Suwannee_O4,3520,Suwannee,4,Corporate/Other Private,26,5.782265926331668,12,48589,448940340489998
RIP3521_Baker_O3,3521,Baker,3,Family Forest,60,13.343690599226928,12,43326,374862340489998
RIP3522_Baker_O3,3522,Baker,3,Family Forest,10,2.223948433204488,4,43151,374861300489998
RIP3523_Columbia_O6,3523,Columbia,6,Federal,1,0.2223948433204488,1,48634,448940584489998
RIP3524_Baker_O3,3524,Baker,3,Family Forest,5,1.111974216602244,4,23748,173002842010854
RIP3525_Suwannee_O4,3525,Suwannee,4,Corporate/Other Private,9,2.001553589884039,7,59294,533664907126144
RIP3526_Suwannee_O4,3526,Suwannee,4,Corporate/Other Private,2,0.4447896866408976,2,36965,289516230489998
RIP3527_Baker_O4,3527,Baker,4,Corporate/Other Private,6,1.3343690599226927,3,43151,374861300489998
RIP3528_Suwannee_O3,3528,Suwannee,3,Family Forest,20,4.447896866408976,7,35220,259083023010854
RIP3529_Baker_O3,3529,Baker,3,Family Forest,1,0.2223948433204488,1,67539,718604888290487
RIP3530_Columbia_O6,3530,Columbia,6,Federal,3,0.6671845299613464,2,67372,718603850290487
RIP3531_Baker_O3,3531,Baker,3,Family Forest,1,0.2223948433204488,1,67372,718603850290487
RIP3532_Suwannee_O3,3532,Suwannee,3,Family Forest,1,0.2223948433204488,1,67461,718604231290487
RIP3532_Suwannee_O4,3532,Suwannee,4,Corporate/Other Private,1,0.2223948433204488,1,48658,448940864489998
RIP3533_Baker_O3,3533,Baker,3,Family Forest,1,0.2223948433204488,1,2743,20342987010478
RIP3534_Suwannee_O3,3534,Suwannee,3,Family Forest,1,0.2223948433204488,1,48658,448940864489998
RIP3535_Suwannee_O4,3535,Suwannee,4,Corporate/Other Private,10,2.223948433204488,7,21259,140564077010478
RIP3536_Suwannee_O4,3536,Suwannee,4,Corporate/Other Private,12,2.6687381198453854,8,2623,17498047010478
RIP3537_Columbia_O6,3537,Columbia,6,Federal,6,1.3343690599226927,3,23748,173002842010854
RIP3538_Columbia_O6,3538,Columbia,6,Federal,1,0.2223948433204488,1,31048,218219125020004
RIP3539_Columbia_O6,3539,Columbia,6,Federal,1,0.2223948433204488,1,50183,451136888489998
RIP3540_Columbia_O3,3540,Columbia,3,Family Forest,1,0.2223948433204488,1,35220,259083023010854
RIP3540_Columbia_O6,3540,Columbia,6,Federal,1,0.2223948433204488,1,35220,259083023010854
RIP3541_Baker_O3,3541,Baker,3,Family Forest,19,4.225502023088527,2,23748,173002842010854
RIP3542_Baker_O4,3542,Baker,4,Corporate/Other Private,20,4.447896866408976,7,48670,448940999489998
RIP3543_Baker_O3,3543,Baker,3,Family Forest,22,4.892686553049874,6,43291,374861937489998
RIP3544_Columbia_O6,3544,Columbia,6,Federal,2,0.4447896866408976,1,48658,448940864489998
RIP3545_Baker_O4,3545,Baker,4,Corporate/Other Private,2,0.4447896866408976,2,23748,173002842010854
RIP3546_Suwannee_O3,3546,Suwannee,3,Family Forest,1,0.2223948433204488,1,55429,495147823126144
RIP3547_Columbia_O6,3547,Columbia,6,Federal,11,2.446343276524937,6,23748,173002842010854
RIP3548_Columbia_O6,3548,Columbia,6,Federal,3,0.6671845299613464,2,23748,173002842010854
RIP3549_Baker_O3,3549,Baker,3,Family Forest,1,0.2223948433204488,1,67538,718604885290487
RIP3550_Suwannee_O3,3550,Suwannee,3,Family Forest,4,0.8895793732817951,4,2699,20266493010478
RIP3551_Suwannee_O3,3551,Suwannee,3,Family Forest,1,0.2223948433204488,1,24515,176860754010854
RIP3551_Suwannee_O4,3551,Suwannee,4,Corporate/Other Private,4,0.8895793732817951,4,43151,374861300489998
RIP3552_Baker_O3,3552,Baker,3,Family Forest,1,0.2223948433204488,1,43151,374861300489998
RIP3553_Suwannee_O3,3553,Suwannee,3,Family Forest,9,2.001553589884039,5,35220,259083023010854
RIP3554_Suwannee_O3,3554,Suwannee,3,Family Forest,18,4.003107179768078,7,67372,718603850290487
RIP3554_Suwannee_O4,3554,Suwannee,4,Corporate/Other Private,36,8.006214359536155,7,35220,259083023010854
RIP3555_Baker_O3,3555,Baker,3,Family Forest,3,0.6671845299613464,3,13447,43855332020004
RIP3556_Baker_O3,3556,Baker,3,Family Forest,10,2.223948433204488,5,67372,718603850290487
RIP3557_Baker_O3,3557,Baker,3,Family Forest,1,0.2223948433204488,1,64452,638334742126144
RIP3558_Suwannee_O3,3558,Suwannee,3,Family Forest,3,0.6671845299613464,1,31045,218218672020004
RIP3559_Suwannee_O3,3559,Suwannee,3,Family Forest,9,2.001553589884039,3,36941,289515964489998
RIP3559_Suwannee_O4,3559,Suwannee,4,Corporate/Other Private,1,0.2223948433204488,1,36941,289515964489998
RIP3560_Baker_O3,3560,Baker,3,Family Forest,9,2.001553589884039,3,43151,374861300489998
RIP3561_Baker_O3,3561,Baker,3,Family Forest,2,0.4447896866408976,1,67512,718604486290487
RIP3562_Columbia_O3,3562,Columbia,3,Family Forest,1,0.2223948433204488,1,21604,153666119010854
RIP3563_Suwannee_O3,3563,Suwannee,3,Family Forest,7,1.5567639032431415,6,21259,140564077010478
RIP3564_Columbia_O3,3564,Columbia,3,Family Forest,4,0.8895793732817951,3,36962,289516223489998
RIP3565_Baker_O3,3565,Baker,3,Family Forest,24,5.337476239690771,4,43151,374861300489998
RIP3566_Baker_O3,3566,Baker,3,Family Forest,5,1.111974216602244,4,14309,46158741020004
RIP3567_Baker_O3,3567,Baker,3,Family Forest,1,0.2223948433204488,1,67512,718604486290487
RIP3568_Baker_O3,3568,Baker,3,Family Forest,4,0.8895793732817951,1,67512,718604486290487
RIP3569_Suwannee_O3,3569,Suwannee,3,Family Forest,18,4.003107179768078,6,36962,289516223489998
RIP3570_Baker_O4,3570,Baker,4,Corporate/Other Private,4,0.8895793732817951,1,48670,448940999489998
RIP3571_Suwannee_O3,3571,Suwannee,3,Family Forest,2,0.4447896866408976,2,21259,140564077010478
RIP3572_Columbia_O3,3572,Columbia,3,Family Forest,1,0.2223948433204488,1,64454,638334746126144
RIP3573_Suwannee_O3,3573,Suwannee,3,Family Forest,1,0.2223948433204488,1,64479,638335018126144
RIP3574_Columbia_O3,3574,Columbia,3,Family Forest,3,0.6671845299613464,2,24316,176548896010854
RIP3575_Columbia_O6,3575,Columbia,6,Federal,7,1.5567639032431415,3,64343,638334109126144
RIP3576_Columbia_O3,3576,Columbia,3,Family Forest,6,1.3343690599226927,3,24515,176860754010854
RIP3577_Columbia_O6,3577,Columbia,6,Federal,2,0.4447896866408976,1,23747,173002836010854
RIP3578_Columbia_O6,3578,Columbia,6,Federal,5,1.111974216602244,4,67372,718603850290487
RIP3579_Baker_O3,3579,Baker,3,Family Forest,6,1.3343690599226927,1,23748,173002842010854
RIP3580_Baker_O3,3580,Baker,3,Family Forest,10,2.223948433204488,3,67512,718604486290487
RIP3581_Columbia_O6,3581,Columbia,6,Federal,5,1.111974216602244,3,23747,173002836010854
RIP3582_Columbia_O6,3582,Columbia,6,Federal,1,0.2223948433204488,1,48632,448940577489998
RIP3583_Columbia_O6,3583,Columbia,6,Federal,8,1.7791587465635903,3,31048,218219125020004
RIP3584_Baker_O3,3584,Baker,3,Family Forest,9,2.001553589884039,3,67512,718604486290487
RIP3585_Suwannee_O3,3585,Suwannee,3,Family Forest,1,0.2223948433204488,1,24515,176860754010854
RIP3586_Baker_O4,3586,Baker,4,Corporate/Other Private,5,1.111974216602244,1,48670,448940999489998
RIP3587_Suwannee_O3,3587,Suwannee,3,Family Forest,3,0.6671845299613464,1,64293,638333844126144
RIP3588_Suwannee_O3,3588,Suwannee,3,Family Forest,23,5.115081396370322,9,36965,289516230489998
RIP3588_Suwannee_O4,3588,Suwannee,4,Corporate/Other Private,3,0.6671845299613464,2,36965,289516230489998
RIP3589_Columbia_O6,3589,Columbia,6,Federal,3,0.6671845299613464,1,48658,448940864489998
RIP3590_Suwannee_O3,3590,Suwannee,3,Family Forest,1,0.2223948433204488,1,24515,176860754010854
RIP3591_Columbia_O6,3591,Columbia,6,Federal,2,0.4447896866408976,2,23749,173002845010854
RIP3592_Baker_O3,3592,Baker,3,Family Forest,9,2.001553589884039,5,36847,289515438489998
RIP3593_Baker_O3,3593,Baker,3,Family Forest,1,0.2223948433204488,1,43151,374861300489998
RIP3594_Columbia_O4,3594,Columbia,4,Corporate/Other Private,3,0.6671845299613464,2,43151,374861300489998
RIP3595_Baker_O3,3595,Baker,3,Family Forest,20,4.447896866408976,3,23748,173002842010854
RIP3596_Columbia_O4,3596,Columbia,4,Corporate/Other Private,8,1.7791587465635903,8,31045,218218672020004
RIP3597_Baker_O3,3597,Baker,3,Family Forest,4,0.8895793732817951,3,67372,718603850290487
RIP3598_Baker_O3,3598,Baker,3,Family Forest,18,4.003107179768078,5,43151,374861300489998
RIP3599_Suwannee_O3,3599,Suwannee,3,Family Forest,1,0.2223948433204488,1,48658,448940864489998
RIP3600_Columbia_O6,3600,Columbia,6,Federal,4,0.8895793732817951,4,43336,374862361489998
RIP3601_Baker_O3,3601,Baker,3,Family Forest,1,0.2223948433204488,1,48670,448940999489998
RIP3601_Baker_O4,3601,Baker,4,Corporate/Other Private,10,2.223948433204488,3,48670,448940999489998
RIP3602_Columbia_O3,3602,Columbia,3,Family Forest,8,1.7791587465635903,3,67372,718603850290487
RIP3603_Columbia_O6,3603,Columbia,6,Federal,1,0.2223948433204488,1,23749,173002845010854
RIP3604_Suwannee_O3,3604,Suwannee,3,Family Forest,5,1.111974216602244,1,64407,638334496126144
RIP3604_Suwannee_O4,3604,Suwannee,4,Corporate/Other Private,46,10.230162792740645,15,64407,638334496126144
RIP3605_Baker_O3,3605,Baker,3,Family Forest,12,2.6687381198453854,6,36927,289515931489998
RIP3606_Baker_O3,3606,Baker,3,Family Forest,2,0.4447896866408976,1,2700,20267385010478
RIP3607_Columbia_O6,3607,Columbia,6,Federal,7,1.5567639032431415,4,31048,218219125020004
RIP3608_Baker_O3,3608,Baker,3,Family Forest,11,2.446343276524937,5,43151,374861300489998
RIP3609_Baker_O3,3609,Baker,3,Family Forest,2,0.4447896866408976,2,13447,43855332020004
RIP3610_Columbia_O6,3610,Columbia,6,Federal,5,1.111974216602244,2,23747,173002836010854
RIP3611_Baker_O3,3611,Baker,3,Family Forest,7,1.5567639032431415,2,13447,43855332020004
RIP3612_Baker_O3,3612,Baker,3,Family Forest,3,0.6671845299613464,3,43326,374862340489998
RIP3613_Columbia_O6,3613,Columbia,6,Federal,4,0.8895793732817951,4,43200,374861516489998
RIP3614_Baker_O3,3614,Baker,3,Family Forest,6,1.3343690599226927,3,23749,173002845010854
RIP3615_Columbia_O3,3615,Columbia,3,Family Forest,4,0.8895793732817951,4,24316,176548896010854
RIP3616_Baker_O3,3616,Baker,3,Family Forest,2,0.4447896866408976,2,36927,289515931489998
RIP3617_Baker_O4,3617,Baker,4,Corporate/Other Private,4,0.8895793732817951,2,2700,20267385010478
RIP3618_Baker_O3,3618,Baker,3,Family Forest,1,0.2223948433204488,1,48670,448940999489998
RIP3619_Columbia_O3,3619,Columbia,3,Family Forest,9,2.001553589884039,4,50179,451136876489998
RIP3620_Columbia_O6,3620,Columbia,6,Federal,6,1.3343690599226927,3,43200,374861516489998
RIP3621_Baker_O3,3621,Baker,3,Family Forest,23,5.115081396370322,7,67535,718604877290487
RIP3622_Baker_O4,3622,Baker,4,Corporate/Other Private,1,0.2223948433204488,1,48670,448940999489998
RIP3623_Columbia_O3,3623,Columbia,3,Family Forest,3,0.6671845299613464,3,36962,289516223489998
RIP3624_Columbia_O6,3624,Columbia,6,Federal,3,0.6671845299613464,2,48445,448939642489998
RIP3625_Baker_O3,3625,Baker,3,Family Forest,4,0.8895793732817951,3,23749,173002845010854
RIP3626_Baker_O4,3626,Baker,4,Corporate/Other Private,1,0.2223948433204488,1,48670,448940999489998
RIP3627_Baker_O4,3627,Baker,4,Corporate/Other Private,2,0.4447896866408976,1,48670,448940999489998
RIP3628_Columbia_O3,3628,Columbia,3,Family Forest,5,1.111974216602244,2,35220,259083023010854
RIP3629_Columbia_O6,3629,Columbia,6,Federal,10,2.223948433204488,2,23749,173002845010854
RIP3630_Baker_O3,3630,Baker,3,Family Forest,27,6.0046607696521175,7,16547,61264238010478
RIP3631_Columbia_O3,3631,Columbia,3,Family Forest,1,0.2223948433204488,1,48592,448940348489998
RIP3632_Columbia_O3,3632,Columbia,3,Family Forest,4,0.8895793732817951,2,67372,718603850290487
RIP3632_Columbia_O4,3632,Columbia,4,Corporate/Other Private,2,0.4447896866408976,1,36962,289516223489998
RIP3633_Suwannee_O4,3633,Suwannee,4,Corporate/Other Private,13,2.891132963165834,11,36962,289516223489998
RIP3634_Baker_O3,3634,Baker,3,Family Forest,1,0.2223948433204488,1,36847,289515438489998
RIP3635_Baker_O4,3635,Baker,4,Corporate/Other Private,2,0.4447896866408976,1,48670,448940999489998
RIP3636_Baker_O3,3636,Baker,3,Family Forest,4,0.8895793732817951,3,36932,289515944489998
RIP3637_Columbia_O6,3637,Columbia,6,Federal,1,0.2223948433204488,1,48445,448939642489998
RIP3638_Columbia_O6,3638,Columbia,6,Federal,4,0.8895793732817951,4,48445,448939642489998
RIP3639_Baker_O3,3639,Baker,3,Family Forest,1,0.2223948433204488,1,48632,448940577489998
RIP3640_Baker_O4,3640,Baker,4,Corporate/Other Private,21,4.670291709729424,5,67372,718603850290487
RIP3641_Suwannee_O3,3641,Suwannee,3,Family Forest,5,1.111974216602244,4,64293,638333844126144
RIP3641_Suwannee_O4,3641,Suwannee,4,Corporate/Other Private,47,10.452557636061092,16,64407,638334496126144
RIP3642_Suwannee_O3,3642,Suwannee,3,Family Forest,1,0.2223948433204488,1,67235,718562165290487
RIP3643_Columbia_O6,3643,Columbia,6,Federal,1,0.2223948433204488,1,23749,173002845010854
RIP3644_Suwannee_O3,3644,Suwannee,3,Family Forest,3,0.6671845299613464,2,68819,740826397290487
RIP3645_Columbia_O3,3645,Columbia,3,Family Forest,6,1.3343690599226927,4,35220,259083023010854
RIP3646_Columbia_O6,3646,Columbia,6,Federal,1,0.2223948433204488,1,48634,448940584489998
RIP3647_Columbia_O6,3647,Columbia,6,Federal,10,2.223948433204488,4,43175,374861391489998
RIP3648_Baker_O3,3648,Baker,3,Family Forest,1,0.2223948433204488,1,43181,374861410489998
RIP3649_Baker_O4,3649,Baker,4,Corporate/Other Private,10,2.223948433204488,5,48670,448940999489998
RIP3650_Baker_O4,3650,Baker,4,Corporate/Other Private,16,3.5583174931271806,3,64407,638334496126144
RIP3651_Columbia_O3,3651,Columbia,3,Family Forest,7,1.5567639032431415,5,43151,374861300489998
RIP3652_Columbia_O6,3652,Columbia,6,Federal,2,0.4447896866408976,2,23749,173002845010854
RIP3653_Baker_O3,3653,Baker,3,Family Forest,6,1.3343690599226927,4,43201,374861518489998
RIP3654_Columbia_O4,3654,Columbia,4,Corporate/Other Private,7,1.5567639032431415,2,50179,451136876489998
RIP3655_Baker_O3,3655,Baker,3,Family Forest,23,5.115081396370322,5,43151,374861300489998
RIP3656_Columbia_O6,3656,Columbia,6,Federal,1,0.2223948433204488,1,43175,374861391489998
RIP3657_Baker_O3,3657,Baker,3,Family Forest,29,6.449450456293015,5,67535,718604877290487
RIP3658_Columbia_O3,3658,Columbia,3,Family Forest,7,1.5567639032431415,3,35220,259083023010854
RIP3659_Columbia_O3,3659,Columbia,3,Family Forest,4,0.8895793732817951,4,2700,20267385010478
RIP3659_Columbia_O4,3659,Columbia,4,Corporate/Other Private,2,0.4447896866408976,1,2700,20267385010478
RIP3660_Columbia_O6,3660,Columbia,6,Federal,1,0.2223948433204488,1,59213,533664592126144
RIP3661_Columbia_O6,3661,Columbia,6,Federal,1,0.2223948433204488,1,36794,289515149489998
RIP3662_Columbia_O3,3662,Columbia,3,Family Forest,6,1.3343690599226927,3,43192,374861495489998
RIP3662_Columbia_O6,3662,Columbia,6,Federal,22,4.892686553049874,12,48634,448940584489998
RIP3663_Columbia_O6,3663,Columbia,6,Federal,3,0.6671845299613464,3,43067,374860959489998
RIP3664_Columbia_O6,3664,Columbia,6,Federal,6,1.3343690599226927,3,36794,289515149489998
RIP3665_Baker_O3,3665,Baker,3,Family Forest,14,3.113527806486283,5,36927,289515931489998
RIP3666_Baker_O3,3666,Baker,3,Family Forest,5,1.111974216602244,3,67512,718604486290487
RIP3667_Columbia_O6,3667,Columbia,6,Federal,1,0.2223948433204488,1,67211,718562060290487
RIP3668_Columbia_O6,3668,Columbia,6,Federal,2,0.4447896866408976,2,43192,374861495489998
RIP3669_Baker_O4,3669,Baker,4,Corporate/Other Private,2,0.4447896866408976,1,48670,448940999489998
RIP3670_Columbia_O4,3670,Columbia,4,Corporate/Other Private,3,0.6671845299613464,2,36962,289516223489998
RIP3671_Columbia_O6,3671,Columbia,6,Federal,9,2.001553589884039,7,23747,173002836010854
RIP3672_Columbia_O6,3672,Columbia,6,Federal,4,0.8895793732817951,3,23749,173002845010854
RIP3673_Baker_O3,3673,Baker,3,Family Forest,6,1.3343690599226927,5,14309,46158741020004
RIP3674_Columbia_O6,3674,Columbia,6,Federal,7,1.5567639032431415,4,31045,218218672020004
RIP3675_Baker_O4,3675,Baker,4,Corporate/Other Private,3,0.6671845299613464,1,48670,448940999489998
RIP3676_Columbia_O3,3676,Columbia,3,Family Forest,6,1.3343690599226927,4,2718,20303487010478
RIP3677_Columbia_O4,3677,Columbia,4,Corporate/Other Private,1,0.2223948433204488,1,36962,289516223489998
RIP3678_Columbia_O6,3678,Columbia,6,Federal,5,1.111974216602244,3,23749,173002845010854
RIP3679_Columbia_O6,3679,Columbia,6,Federal,5,1.111974216602244,2,23749,173002845010854
RIP3680_Columbia_O8,3680,Columbia,8,Local,3,0.6671845299613464,1,48557,448940171489998
RIP3681_Columbia_O8,3681,Columbia,8,Local,7,1.5567639032431415,5,43326,374862340489998
RIP3682_Columbia_O4,3682,Columbia,4,Corporate/Other Private,1,0.2223948433204488,1,36962,289516223489998
RIP3683_Baker_O4,3683,Baker,4,Corporate/Other Private,6,1.3343690599226927,1,48670,448940999489998
RIP3684_Columbia_O6,3684,Columbia,6,Federal,1,0.2223948433204488,1,43192,374861495489998
RIP3685_Columbia_O4,3685,Columbia,4,Corporate/Other Private,5,1.111974216602244,2,36962,289516223489998
RIP3686_Columbia_O6,3686,Columbia,6,Federal,4,0.8895793732817951,2,36847,289515438489998
RIP3687_Baker_O4,3687,Baker,4,Corporate/Other Private,7,1.5567639032431415,3,64407,638334496126144
RIP3688_Suwannee_O3,3688,Suwannee,3,Family Forest,10,2.223948433204488,3,36962,289516223489998
RIP3689_Columbia_O3,3689,Columbia,3,Family Forest,6,1.3343690599226927,6,13432,43854936020004
RIP3690_Columbia_O3,3690,Columbia,3,Family Forest,16,3.5583174931271806,6,48596,448940355489998
RIP3691_Columbia_O6,3691,Columbia,6,Federal,5,1.111974216602244,2,23749,173002845010854
RIP3692_Baker_O3,3692,Baker,3,Family Forest,1,0.2223948433204488,1,67372,718603850290487
RIP3693_Baker_O4,3693,Baker,4,Corporate/Other Private,3,0.6671845299613464,2,48670,448940999489998
RIP3694_Columbia_O8,3694,Columbia,8,Local,1,0.2223948433204488,1,35378,259178355010854
RIP3695_Suwannee_O4,3695,Suwannee,4,Corporate/Other Private,1,0.2223948433204488,1,24512,176860601010854
RIP3696_Columbia_O8,3696,Columbia,8,Local,6,1.3343690599226927,4,36962,289516223489998
RIP3697_Baker_O4,3697,Baker,4,Corporate/Other Private,1,0.2223948433204488,1,43151,374861300489998
RIP3698_Baker_O3,3698,Baker,3,Family Forest,2,0.4447896866408976,2,36939,289515962489998
RIP3699_Baker_O3,3699,Baker,3,Family Forest,1,0.2223948433204488,1,43291,374861937489998
RIP3700_Columbia_O3,3700,Columbia,3,Family Forest,18,4.003107179768078,5,67372,718603850290487
RIP3701_Columbia_O3,3701,Columbia,3,Family Forest,16,3.5583174931271806,7,36897,289515725489998
RIP3702_Baker_O3,3702,Baker,3,Family Forest,16,3.5583174931271806,4,67427,718604085290487
RIP3702_Baker_O4,3702,Baker,4,Corporate/Other Private,9,2.001553589884039,3,64407,638334496126144
RIP3703_Columbia_O8,3703,Columbia,8,Local,6,1.3343690599226927,2,36962,289516223489998
RIP3704_Columbia_O6,3704,Columbia,6,Federal,1,0.2223948433204488,1,23747,173002836010854
RIP3705_Columbia_O6,3705,Columbia,6,Federal,3,0.6671845299613464,3,23747,173002836010854
RIP3706_Suwannee_O3,3706,Suwannee,3,Family Forest,2,0.4447896866408976,2,21259,140564077010478
RIP3707_Columbia_O6,3707,Columbia,6,Federal,2,0.4447896866408976,2,36847,289515438489998
RIP3708_Columbia_O6,3708,Columbia,6,Federal,2,0.4447896866408976,1,23749,173002845010854
RIP3709_Columbia_O6,3709,Columbia,6,Federal,7,1.5567639032431415,5,23749,173002845010854
RIP3710_Baker_O3,3710,Baker,3,Family Forest,7,1.5567639032431415,4,43151,374861300489998
RIP3711_Baker_O3,3711,Baker,3,Family Forest,6,1.3343690599226927,2,43291,374861937489998
RIP3712_Baker_O3,3712,Baker,3,Family Forest,30,6.671845299613464,7,43291,374861937489998
RIP3713_Suwannee_O3,3713,Suwannee,3,Family Forest,4,0.8895793732817951,2,67462,718604233290487
RIP3714_Columbia_O6,3714,Columbia,6,Federal,1,0.2223948433204488,1,48634,448940584489998
RIP3715_Baker_O3,3715,Baker,3,Family Forest,13,2.891132963165834,5,48672,448941001489998
RIP3716_Baker_O3,3716,Baker,3,Family Forest,9,2.001553589884039,7,2700,20267385010478
RIP3716_Baker_O7,3716,Baker,7,State,1,0.2223948433204488,1,67475,718604294290487
RIP3717_Suwannee_O3,3717,Suwannee,3,Family Forest,5,1.111974216602244,3,36962,289516223489998
RIP3718_Columbia_O3,3718,Columbia,3,Family Forest,1,0.2223948433204488,1,36962,289516223489998
RIP3719_Baker_O3,3719,Baker,3,Family Forest,1,0.2223948433204488,1,43151,374861300489998
RIP3720_Columbia_O3,3720,Columbia,3,Family Forest,3,0.6671845299613464,2,67541,718604892290487
RIP3721_Columbia_O6,3721,Columbia,6,Federal,1,0.2223948433204488,1,50207,451136981489998
RIP3722_Columbia_O6,3722,Columbia,6,Federal,3,0.6671845299613464,2,48632,448940577489998
RIP3723_Columbia_O8,3723,Columbia,8,Local,2,0.4447896866408976,2,36962,289516223489998
RIP3724_Baker_O3,3724,Baker,3,Family Forest,8,1.7791587465635903,4,48672,448941001489998
RIP3725_Columbia_O6,3725,Columbia,6,Federal,4,0.8895793732817951,3,64167,635664717126144
RIP3726_Columbia_O6,3726,Columbia,6,Federal,3,0.6671845299613464,2,59213,533664592126144
RIP3727_Baker_O3,3727,Baker,3,Family Forest,10,2.223948433204488,4,13447,43855332020004
RIP3728_Columbia_O3,3728,Columbia,3,Family Forest,2,0.4447896866408976,2,36962,289516223489998
RIP3728_Columbia_O8,3728,Columbia,8,Local,1,0.2223948433204488,1,36962,289516223489998
RIP3729_Suwannee_O3,3729,Suwannee,3,Family Forest,8,1.7791587465635903,3,48596,448940355489998
RIP3730_Suwannee_O3,3730,Suwannee,3,Family Forest,3,0.6671845299613464,2,36962,289516223489998
RIP3731_Baker_O3,3731,Baker,3,Family Forest,1,0.2223948433204488,1,67535,718604877290487
RIP3732_Baker_O4,3732,Baker,4,Corporate/Other Private,4,0.8895793732817951,1,2700,20267385010478
RIP3733_Suwannee_O3,3733,Suwannee,3,Family Forest,6,1.3343690599226927,5,35220,259083023010854
RIP3734_Suwannee_O3,3734,Suwannee,3,Family Forest,1,0.2223948433204488,1,35220,259083023010854
RIP3735_Columbia_O3,3735,Columbia,3,Family Forest,3,0.6671845299613464,3,16547,61264238010478
RIP3736_Suwannee_O3,3736,Suwannee,3,Family Forest,14,3.113527806486283,9,48588,448940337489998
RIP3737_Columbia_O6,3737,Columbia,6,Federal,1,0.2223948433204488,1,67534,718604873290487
RIP3738_Baker_O3,3738,Baker,3,Family Forest,1,0.2223948433204488,1,2700,20267385010478
RIP3739_Columbia_O6,3739,Columbia,6,Federal,3,0.6671845299613464,3,23749,173002845010854
RIP3740_Suwannee_O3,3740,Suwannee,3,Family Forest,3,0.6671845299613464,3,36897,289515725489998
RIP3741_Columbia_O3,3741,Columbia,3,Family Forest,4,0.8895793732817951,2,21604,153666119010854
RIP3742_Suwannee_O3,3742,Suwannee,3,Family Forest,3,0.6671845299613464,3,36897,289515725489998
RIP3743_Suwannee_O3,3743,Suwannee,3,Family Forest,3,0.6671845299613464,2,48592,448940348489998
RIP3744_Suwannee_O3,3744,Suwannee,3,Family Forest,7,1.5567639032431415,3,36962,289516223489998
RIP3745_Columbia_O3,3745,Columbia,3,Family Forest,3,0.6671845299613464,1,64483,638335132126144
RIP3746_Baker_O4,3746,Baker,4,Corporate/Other Private,2,0.4447896866408976,1,36939,289515962489998
RIP3747_Suwannee_O3,3747,Suwannee,3,Family Forest,1,0.2223948433204488,1,35220,259083023010854
RIP3748_Suwannee_O3,3748,Suwannee,3,Family Forest,2,0.4447896866408976,2,36962,289516223489998
RIP3749_Columbia_O3,3749,Columbia,3,Family Forest,14,3.113527806486283,1,36962,289516223489998
RIP3750_Columbia_O6,3750,Columbia,6,Federal,5,1.111974216602244,3,48445,448939642489998
RIP3751_Columbia_O6,3751,Columbia,6,Federal,8,1.7791587465635903,5,43067,374860959489998
RIP3752_Columbia_O6,3752,Columbia,6,Federal,1,0.2223948433204488,1,67211,718562060290487
RIP3753_Baker_O3,3753,Baker,3,Family Forest,80,17.791587465635903,9,67535,718604877290487
RIP3754_Suwannee_O3,3754,Suwannee,3,Family Forest,34,7.561424672895258,12,48592,448940348489998
RIP3755_Columbia_O3,3755,Columbia,3,Family Forest,1,0.2223948433204488,1,24486,176859705010854
RIP3756_Columbia_O6,3756,Columbia,6,Federal,3,0.6671845299613464,2,48634,448940584489998
RIP3757_Suwannee_O4,3757,Suwannee,4,Corporate/Other Private,5,1.111974216602244,3,35220,259083023010854
RIP3758_Columbia_O8,3758,Columbia,8,Local,3,0.6671845299613464,2,36962,289516223489998
RIP3759_Columbia_O8,3759,Columbia,8,Local,3,0.6671845299613464,1,36962,289516223489998
RIP3760_Columbia_O8,3760,Columbia,8,Local,6,1.3343690599226927,2,36962,289516223489998
RIP3761_Columbia_O3,3761,Columbia,3,Family Forest,3,0.6671845299613464,2,36939,289515962489998
RIP3762_Columbia_O6,3762,Columbia,6,Federal,5,1.111974216602244,2,64454,638334746126144
RIP3763_Baker_O3,3763,Baker,3,Family Forest,11,2.446343276524937,4,67535,718604877290487
RIP3764_Suwannee_O4,3764,Suwannee,4,Corporate/Other Private,1,0.2223948433204488,1,36965,289516230489998
RIP3765_Columbia_O3,3765,Columbia,3,Family Forest,1,0.2223948433204488,1,24316,176548896010854
RIP3766_Columbia_O6,3766,Columbia,6,Federal,3,0.6671845299613464,2,64167,635664717126144
RIP3767_Suwannee_O3,3767,Suwannee,3,Family Forest,2,0.4447896866408976,2,36771,289515061489998
RIP3768_Suwannee_O3,3768,Suwannee,3,Family Forest,2,0.4447896866408976,2,36897,289515725489998
RIP3769_Columbia_O3,3769,Columbia,3,Family Forest,5,1.111974216602244,4,36962,289516223489998
RIP3770_Columbia_O6,3770,Columbia,6,Federal,6,1.3343690599226927,3,23748,173002842010854
RIP3771_Columbia_O6,3771,Columbia,6,Federal,4,0.8895793732817951,1,48658,448940864489998
RIP3772_Suwannee_O4,3772,Suwannee,4,Corporate/Other Private,3,0.6671845299613464,2,48592,448940348489998
RIP3773_Columbia_O3,3773,Columbia,3,Family Forest,1,0.2223948433204488,1,24486,176859705010854
RIP3774_Columbia_O3,3774,Columbia,3,Family Forest,12,2.6687381198453854,3,43151,374861300489998
RIP3775_Suwannee_O3,3775,Suwannee,3,Family Forest,6,1.3343690599226927,3,48596,448940355489998
RIP3776_Columbia_O8,3776,Columbia,8,Local,1,0.2223948433204488,1,36962,289516223489998
RIP3777_Columbia_O8,3777,Columbia,8,Local,1,0.2223948433204488,1,35378,259178355010854
RIP3778_Columbia_O8,3778,Columbia,8,Local,1,0.2223948433204488,1,64479,638335018126144
RIP3779_Columbia_O3,3779,Columbia,3,Family Forest,3,0.6671845299613464,1,36962,289516223489998
RIP3780_Columbia_O6,3780,Columbia,6,Federal,4,0.8895793732817951,1,23749,173002845010854
RIP3781_Columbia_O8,3781,Columbia,8,Local,2,0.4447896866408976,2,21259,140564077010478
RIP3782_Columbia_O3,3782,Columbia,3,Family Forest,3,0.6671845299613464,2,36897,289515725489998
RIP3783_Columbia_O8,3783,Columbia,8,Local,3,0.6671845299613464,3,21259,140564077010478
RIP3784_Columbia_O3,3784,Columbia,3,Family Forest,11,2.446343276524937,3,2700,20267385010478
RIP3785_Baker_O4,3785,Baker,4,Corporate/Other Private,6,1.3343690599226927,5,36939,289515962489998
RIP3786_Columbia_O6,3786,Columbia,6,Federal,2,0.4447896866408976,1,48658,448940864489998
RIP3787_Columbia_O3,3787,Columbia,3,Family Forest,4,0.8895793732817951,3,36962,289516223489998
RIP3788_Suwannee_O3,3788,Suwannee,3,Family Forest,1,0.2223948433204488,1,35375,259178255010854
RIP3789_Columbia_O3,3789,Columbia,3,Family Forest,2,0.4447896866408976,2,45047,385730105489998
RIP3790_Baker_O4,3790,Baker,4,Corporate/Other Private,1,0.2223948433204488,1,43151,374861300489998
RIP3791_Suwannee_O3,3791,Suwannee,3,Family Forest,4,0.8895793732817951,2,48596,448940355489998
RIP3792_Columbia_O3,3792,Columbia,3,Family Forest,1,0.2223948433204488,1,48592,448940348489998
RIP3793_Columbia_O6,3793,Columbia,6,Federal,2,0.4447896866408976,1,67541,718604892290487
RIP3794_Baker_O3,3794,Baker,3,Family Forest,1,0.2223948433204488,1,36939,289515962489998
RIP3795_Suwannee_O3,3795,Suwannee,3,Family Forest,1,0.2223948433204488,1,48592,448940348489998
RIP3796_Columbia_O3,3796,Columbia,3,Family Forest,1,0.2223948433204488,1,67372,718603850290487
RIP3796_Columbia_O4,3796,Columbia,4,Corporate/Other Private,1,0.2223948433204488,1,67372,718603850290487
RIP3797_Columbia_O3,3797,Columbia,3,Family Forest,2,0.4447896866408976,2,67372,718603850290487
RIP3798_Baker_O3,3798,Baker,3,Family Forest,2,0.4447896866408976,2,36939,289515962489998
RIP3799_Baker_O3,3799,Baker,3,Family Forest,4,0.8895793732817951,2,43151,374861300489998
RIP3799_Baker_O4,3799,Baker,4,Corporate/Other Private,4,0.8895793732817951,2,36939,289515962489998
RIP3800_Suwannee_O3,3800,Suwannee,3,Family Forest,3,0.6671845299613464,3,36897,289515725489998
RIP3801_Suwannee_O3,3801,Suwannee,3,Family Forest,3,0.6671845299613464,2,48596,448940355489998
RIP3802_Suwannee_O3,3802,Suwannee,3,Family Forest,3,0.6671845299613464,2,35220,259083023010854
RIP3802_Suwannee_O4,3802,Suwannee,4,Corporate/Other Private,1,0.2223948433204488,1,35220,259083023010854
RIP3803_Columbia_O3,3803,Columbia,3,Family Forest,3,0.6671845299613464,1,36962,289516223489998
RIP3804_Columbia_O3,3804,Columbia,3,Family Forest,3,0.6671845299613464,1,67475,718604294290487
RIP3805_Baker_O4,3805,Baker,4,Corporate/Other Private,8,1.7791587465635903,5,43151,374861300489998
RIP3806_Baker_O3,3806,Baker,3,Family Forest,8,1.7791587465635903,2,43291,374861937489998
RIP3806_Union_O3,3806,Union,3,Family Forest,11,2.446343276524937,4,67372,718603850290487
RIP3807_Columbia_O3,3807,Columbia,3,Family Forest,3,0.6671845299613464,2,43151,374861300489998
RIP3808_Columbia_O3,3808,Columbia,3,Family Forest,3,0.6671845299613464,1,36962,289516223489998
RIP3809_Baker_O3,3809,Baker,3,Family Forest,3,0.6671845299613464,1,43151,374861300489998
RIP3810_Baker_O4,3810,Baker,4,Corporate/Other Private,2,0.4447896866408976,1,43151,374861300489998
RIP3811_Suwannee_O3,3811,Suwannee,3,Family Forest,2,0.4447896866408976,2,35220,259083023010854
RIP3811_Suwannee_O8,3811,Suwannee,8,Local,6,1.3343690599226927,4,36897,289515725489998
RIP3812_Suwannee_O4,3812,Suwannee,4,Corporate/Other Private,1,0.2223948433204488,1,64226,635664945126144
RIP3813_Baker_O3,3813,Baker,3,Family Forest,1,0.2223948433204488,1,23748,173002842010854
RIP3814_Baker_O4,3814,Baker,4,Corporate/Other Private,3,0.6671845299613464,2,36939,289515962489998
RIP3815_Suwannee_O8,3815,Suwannee,8,Local,7,1.5567639032431415,4,35220,259083023010854
RIP3816_Columbia_O3,3816,Columbia,3,Family Forest,2,0.4447896866408976,2,48658,448940864489998
RIP3816_Columbia_O4,3816,Columbia,4,Corporate/Other Private,1,0.2223948433204488,1,64454,638334746126144
RIP3817_Baker_O4,3817,Baker,4,Corporate/Other Private,3,0.6671845299613464,3,43151,374861300489998
RIP3818_Suwannee_O3,3818,Suwannee,3,Family Forest,6,1.3343690599226927,4,35220,259083023010854
RIP3819_Suwannee_O4,3819,Suwannee,4,Corporate/Other Private,5,1.111974216602244,4,36962,289516223489998
RIP3820_Baker_O3,3820,Baker,3,Family Forest,1,0.2223948433204488,1,64454,638334746126144
RIP3821_Baker_O4,3821,Baker,4,Corporate/Other Private,2,0.4447896866408976,1,36939,289515962489998
RIP3822_Suwannee_O3,3822,Suwannee,3,Family Forest,1,0.2223948433204488,1,48596,448940355489998
RIP3823_Columbia_O4,3823,Columbia,4,Corporate/Other Private,2,0.4447896866408976,2,24515,176860754010854
RIP3824_Suwannee_O3,3824,Suwannee,3,Family Forest,4,0.8895793732817951,2,36897,289515725489998
RIP3825_Suwannee_O3,3825,Suwannee,3,Family Forest,5,1.111974216602244,3,48596,448940355489998
RIP3826_Columbia_O3,3826,Columbia,3,Family Forest,13,2.891132963165834,4,23748,173002842010854
RIP3827_Columbia_O3,3827,Columbia,3,Family Forest,1,0.2223948433204488,1,23748,173002842010854
RIP3828_Columbia_O3,3828,Columbia,3,Family Forest,6,1.3343690599226927,4,50179,451136876489998
RIP3829_Baker_O3,3829,Baker,3,Family Forest,1,0.2223948433204488,1,64454,638334746126144
RIP3830_Suwannee_O3,3830,Suwannee,3,Family Forest,4,0.8895793732817951,2,64293,638333844126144
RIP3831_Suwannee_O3,3831,Suwannee,3,Family Forest,6,1.3343690599226927,1,64293,638333844126144
RIP3832_Baker_O4,3832,Baker,4,Corporate/Other Private,6,1.3343690599226927,4,43326,374862340489998
RIP3833_Baker_O3,3833,Baker,3,Family Forest,6,1.3343690599226927,4,36932,289515944489998
RIP3833_Baker_O4,3833,Baker,4,Corporate/Other Private,1,0.2223948433204488,1,64407,638334496126144
RIP3834_Suwannee_O3,3834,Suwannee,3,Family Forest,2,0.4447896866408976,1,35220,259083023010854
RIP3835_Suwannee_O4,3835,Suwannee,4,Corporate/Other Private,2,0.4447896866408976,2,36897,289515725489998
RIP3836_Suwannee_O3,3836,Suwannee,3,Family Forest,1,0.2223948433204488,1,64293,638333844126144
RIP3837_Baker_O3,3837,Baker,3,Family Forest,4,0.8895793732817951,3,64454,638334746126144
RIP3838_Baker_O3,3838,Baker,3,Family Forest,8,1.7791587465635903,2,23748,173002842010854
RIP3839_Suwannee_O4,3839,Suwannee,4,Corporate/Other Private,2,0.4447896866408976,2,13432,43854936020004
RIP3840_Suwannee_O4,3840,Suwannee,4,Corporate/Other Private,2,0.4447896866408976,2,24515,176860754010854
RIP3841_Suwannee_O4,3841,Suwannee,4,Corporate/Other Private,6,1.3343690599226927,3,64407,638334496126144
RIP3842_Baker_O3,3842,Baker,3,Family Forest,1,0.2223948433204488,1,43151,374861300489998
RIP3843_Suwannee_O3,3843,Suwannee,3,Family Forest,1,0.2223948433204488,1,2724,20306534010478
RIP3844_Suwannee_O3,3844,Suwannee,3,Family Forest,1,0.2223948433204488,1,36962,289516223489998
RIP3844_Suwannee_O8,3844,Suwannee,8,Local,2,0.4447896866408976,1,67427,718604085290487
RIP3845_Baker_O3,3845,Baker,3,Family Forest,2,0.4447896866408976,1,43151,374861300489998
RIP3846_Baker_O3,3846,Baker,3,Family Forest,30,6.671845299613464,5,16547,61264238010478
RIP3847_Suwannee_O3,3847,Suwannee,3,Family Forest,1,0.2223948433204488,1,24515,176860754010854
RIP3847_Suwannee_O8,3847,Suwannee,8,Local,6,1.3343690599226927,5,36962,289516223489998
RIP3848_Union_O3,3848,Union,3,Family Forest,2,0.4447896866408976,2,21259,140564077010478
RIP3849_Union_O3,3849,Union,3,Family Forest,4,0.8895793732817951,1,2739,20336120010478
RIP3850_Suwannee_O3,3850,Suwannee,3,Family Forest,2,0.4447896866408976,1,64293,638333844126144
RIP3851_Suwannee_O3,3851,Suwannee,3,Family Forest,1,0.2223948433204488,1,2724,20306534010478
RIP3852_Columbia_O3,3852,Columbia,3,Family Forest,3,0.6671845299613464,3,43326,374862340489998
RIP3853_Baker_O4,3853,Baker,4,Corporate/Other Private,2,0.4447896866408976,1,67372,718603850290487
RIP3854_Columbia_O3,3854,Columbia,3,Family Forest,1,0.2223948433204488,1,64167,635664717126144
RIP3855_Baker_O3,3855,Baker,3,Family Forest,1,0.2223948433204488,1,43151,374861300489998
RIP3856_Baker_O3,3856,Baker,3,Family Forest,4,0.8895793732817951,3,43291,374861937489998
RIP3857_Suwannee_O4,3857,Suwannee,4,Corporate/Other Private,2,0.4447896866408976,2,64407,638334496126144
RIP3858_Columbia_O3,3858,Columbia,3,Family Forest,4,0.8895793732817951,3,23748,173002842010854
RIP3859_Baker_O4,3859,Baker,4,Corporate/Other Private,3,0.6671845299613464,2,2700,20267385010478
RIP3860_Suwannee_O3,3860,Suwannee,3,Family Forest,6,1.3343690599226927,5,64293,638333844126144
RIP3861_Suwannee_O4,3861,Suwannee,4,Corporate/Other Private,7,1.5567639032431415,4,36962,289516223489998
RIP3862_Baker_O3,3862,Baker,3,Family Forest,2,0.4447896866408976,2,23748,173002842010854
RIP3863_Columbia_O3,3863,Columbia,3,Family Forest,1,0.2223948433204488,1,67538,718604885290487
RIP3864_Columbia_O3,3864,Columbia,3,Family Forest,1,0.2223948433204488,1,67372,718603850290487
RIP3865_Baker_O3,3865,Baker,3,Family Forest,2,0.4447896866408976,2,23748,173002842010854
RIP3866_Baker_O4,3866,Baker,4,Corporate/Other Private,2,0.4447896866408976,1,67372,718603850290487
RIP3867_Union_O3,3867,Union,3,Family Forest,3,0.6671845299613464,3,13447,43855332020004
RIP3868_Baker_O4,3868,Baker,4,Corporate/Other Private,4,0.8895793732817951,1,67372,718603850290487
RIP3869_Union_O3,3869,Union,3,Family Forest,3,0.6671845299613464,2,13436,43855099020004
RIP3870_Union_O3,3870,Union,3,Family Forest,3,0.6671845299613464,3,43288,374861934489998
RIP3871_Union_O3,3871,Union,3,Family Forest,3,0.6671845299613464,2,13447,43855332020004
RIP3872_Columbia_O3,3872,Columbia,3,Family Forest,5,1.111974216602244,3,36934,289515946489998
RIP3873_Union_O3,3873,Union,3,Family Forest,3,0.6671845299613464,2,43291,374861937489998
RIP3874_Union_O3,3874,Union,3,Family Forest,2,0.4447896866408976,1,2739,20336120010478
RIP3875_Union_O3,3875,Union,3,Family Forest,8,1.7791587465635903,4,64380,638334324126144
RIP3875_Union_O4,3875,Union,4,Corporate/Other Private,13,2.891132963165834,4,67427,718604085290487
RIP3876_Baker_O3,3876,Baker,3,Family Forest,1,0.2223948433204488,1,43151,374861300489998
RIP3877_Suwannee_O4,3877,Suwannee,4,Corporate/Other Private,3,0.6671845299613464,3,24515,176860754010854
RIP3878_Suwannee_O4,3878,Suwannee,4,Corporate/Other Private,4,0.8895793732817951,4,43151,374861300489998
RIP3879_Columbia_O3,3879,Columbia,3,Family Forest,10,2.223948433204488,8,24515,176860754010854
RIP3880_Suwannee_O4,3880,Suwannee,4,Corporate/Other Private,1,0.2223948433204488,1,64407,638334496126144
RIP3881_Suwannee_O4,3881,Suwannee,4,Corporate/Other Private,3,0.6671845299613464,2,48588,448940337489998
RIP3882_Baker_O3,3882,Baker,3,Family Forest,1,0.2223948433204488,1,64167,635664717126144
RIP3883_Baker_O3,3883,Baker,3,Family Forest,2,0.4447896866408976,2,2700,20267385010478
RIP3884_Union_O3,3884,Union,3,Family Forest,6,1.3343690599226927,1,48670,448940999489998
RIP3885_Suwannee_O4,3885,Suwannee,4,Corporate/Other Private,3,0.6671845299613464,3,36962,289516223489998
RIP3886_Baker_O3,3886,Baker,3,Family Forest,1,0.2223948433204488,1,23748,173002842010854
RIP3887_Baker_O4,3887,Baker,4,Corporate/Other Private,4,0.8895793732817951,1,67372,718603850290487
RIP3888_Union_O3,3888,Union,3,Family Forest,12,2.6687381198453854,2,43291,374861937489998
RIP3889_Suwannee_O3,3889,Suwannee,3,Family Forest,12,2.6687381198453854,4,64483,638335132126144
RIP3890_Columbia_O3,3890,Columbia,3,Family Forest,5,1.111974216602244,3,23748,173002842010854
RIP3891_Columbia_O3,3891,Columbia,3,Family Forest,4,0.8895793732817951,3,43151,374861300489998
RIP3892_Suwannee_O3,3892,Suwannee,3,Family Forest,2,0.4447896866408976,1,64293,638333844126144
RIP3893_Suwannee_O4,3893,Suwannee,4,Corporate/Other Private,45,10.007767949420195,12,67372,718603850290487
RIP3894_Columbia_O3,3894,Columbia,3,Family Forest,5,1.111974216602244,4,64167,635664717126144
RIP3895_Baker_O3,3895,Baker,3,Family Forest,1,0.2223948433204488,1,48668,448940993489998
RIP3896_Union_O3,3896,Union,3,Family Forest,9,2.001553589884039,5,67512,718604486290487
RIP3897_Suwannee_O3,3897,Suwannee,3,Family Forest,11,2.446343276524937,5,64483,638335132126144
RIP3898_Baker_O3,3898,Baker,3,Family Forest,10,2.223948433204488,3,67372,718603850290487
RIP3899_Baker_O3,3899,Baker,3,Family Forest,1,0.2223948433204488,1,43151,374861300489998
RIP3900_Columbia_O3,3900,Columbia,3,Family Forest,2,0.4447896866408976,1,23748,173002842010854
RIP3901_Columbia_O3,3901,Columbia,3,Family Forest,1,0.2223948433204488,1,67541,718604892290487
RIP3902_Baker_O3,3902,Baker,3,Family Forest,5,1.111974216602244,2,43151,374861300489998
RIP3903_Columbia_O8,3903,Columbia,8,Local,3,0.6671845299613464,3,2700,20267385010478
RIP3904_Columbia_O3,3904,Columbia,3,Family Forest,1,0.2223948433204488,1,23748,173002842010854
RIP3905_Baker_O4,3905,Baker,4,Corporate/Other Private,4,0.8895793732817951,3,67372,718603850290487
RIP3906_Columbia_O8,3906,Columbia,8,Local,11,2.446343276524937,7,64167,635664717126144
RIP3907_Suwannee_O3,3907,Suwannee,3,Family Forest,1,0.2223948433204488,1,64483,638335132126144
RIP3908_Columbia_O3,3908,Columbia,3,Family Forest,2,0.4447896866408976,1,24486,176859705010854
RIP3909_Columbia_O3,3909,Columbia,3,Family Forest,2,0.4447896866408976,2,48672,448941001489998
RIP3910_Columbia_O3,3910,Columbia,3,Family Forest,3,0.6671845299613464,3,23748,173002842010854
RIP3911_Baker_O4,3911,Baker,4,Corporate/Other Private,1,0.2223948433204488,1,36932,289515944489998
RIP3912_Baker_O3,3912,Baker,3,Family Forest,2,0.4447896866408976,2,23748,173002842010854
RIP3913_Suwannee_O3,3913,Suwannee,3,Family Forest,3,0.6671845299613464,3,64483,638335132126144
RIP3914_Columbia_O8,3914,Columbia,8,Local,9,2.001553589884039,7,2700,20267385010478
RIP3915_Columbia_O3,3915,Columbia,3,Family Forest,2,0.4447896866408976,2,23748,173002842010854
RIP3916_Baker_O3,3916,Baker,3,Family Forest,13,2.891132963165834,2,67535,718604877290487
RIP3917_Columbia_O8,3917,Columbia,8,Local,4,0.8895793732817951,4,36932,289515944489998
RIP3918_Columbia_O3,3918,Columbia,3,Family Forest,4,0.8895793732817951,4,23748,173002842010854
RIP3919_Baker_O3,3919,Baker,3,Family Forest,8,1.7791587465635903,2,43151,374861300489998
RIP3920_Suwannee_O3,3920,Suwannee,3,Family Forest,2,0.4447896866408976,2,48672,448941001489998
RIP3921_Columbia_O8,3921,Columbia,8,Local,7,1.5567639032431415,6,67372,718603850290487
RIP3922_Columbia_O8,3922,Columbia,8,Local,2,0.4447896866408976,2,23748,173002842010854
RIP3923_Columbia_O3,3923,Columbia,3,Family Forest,5,1.111974216602244,5,23748,173002842010854
RIP3924_Columbia_O3,3924,Columbia,3,Family Forest,4,0.8895793732817951,2,23748,173002842010854
RIP3925_Baker_O4,3925,Baker,4,Corporate/Other Private,1,0.2223948433204488,1,67372,718603850290487
RIP3926_Baker_O4,3926,Baker,4,Corporate/Other Private,3,0.6671845299613464,2,43326,374862340489998
RIP3927_Suwannee_O3,3927,Suwannee,3,Family Forest,7,1.5567639032431415,6,64407,638334496126144
RIP3928_Columbia_O3,3928,Columbia,3,Family Forest,14,3.113527806486283,8,67372,718603850290487
RIP3929_Baker_O3,3929,Baker,3,Family Forest,1,0.2223948433204488,1,64454,638334746126144
RIP3930_Suwannee_O3,3930,Suwannee,3,Family Forest,5,1.111974216602244,4,64407,638334496126144
RIP3931_Suwannee_O3,3931,Suwannee,3,Family Forest,14,3.113527806486283,8,64479,638335018126144
RIP3932_Baker_O4,3932,Baker,4,Corporate/Other Private,5,1.111974216602244,2,67372,718603850290487
RIP3933_Columbia_O8,3933,Columbia,8,Local,2,0.4447896866408976,2,36934,289515946489998
RIP3934_Suwannee_O4,3934,Suwannee,4,Corporate/Other Private,1,0.2223948433204488,1,64293,638333844126144
RIP3935_Suwannee_O4,3935,Suwannee,4,Corporate/Other Private,2,0.4447896866408976,2,50161,451136803489998
RIP3936_Columbia_O8,3936,Columbia,8,Local,5,1.111974216602244,4,67538,718604885290487
RIP3937_Columbia_O3,3937,Columbia,3,Family Forest,30,6.671845299613464,12,43151,374861300489998
RIP3938_Baker_O3,3938,Baker,3,Family Forest,5,1.111974216602244,2,43151,374861300489998
RIP3939_Suwannee_O4,3939,Suwannee,4,Corporate/Other Private,2,0.4447896866408976,2,24515,176860754010854
RIP3940_Columbia_O3,3940,Columbia,3,Family Forest,1,0.2223948433204488,1,36962,289516223489998
RIP3941_Suwannee_O3,3941,Suwannee,3,Family Forest,1,0.2223948433204488,1,36962,289516223489998
RIP3942_Suwannee_O4,3942,Suwannee,4,Corporate/Other Private,1,0.2223948433204488,1,23748,173002842010854
RIP3943_Suwannee_O4,3943,Suwannee,4,Corporate/Other Private,9,2.001553589884039,6,31045,218218672020004
RIP3944_Baker_O4,3944,Baker,4,Corporate/Other Private,7,1.5567639032431415,2,67372,718603850290487
RIP3945_Suwannee_O4,3945,Suwannee,4,Corporate/Other Private,1,0.2223948433204488,1,64483,638335132126144
RIP3946_Suwannee_O3,3946,Suwannee,3,Family Forest,1,0.2223948433204488,1,64407,638334496126144
RIP3947_Union_O3,3947,Union,3,Family Forest,11,2.446343276524937,5,67427,718604085290487
RIP3947_Union_O7,3947,Union,7,State,9,2.001553589884039,3,67427,718604085290487
RIP3948_Suwannee_O4,3948,Suwannee,4,Corporate/Other Private,41,9.118188576138401,15,64479,638335018126144
RIP3949_Suwannee_O4,3949,Suwannee,4,Corporate/Other Private,4,0.8895793732817951,3,59294,533664907126144
RIP3950_Suwannee_O3,3950,Suwannee,3,Family Forest,7,1.5567639032431415,5,67475,718604294290487
RIP3951_Columbia_O3,3951,Columbia,3,Family Forest,5,1.111974216602244,3,23748,173002842010854
RIP3951_Columbia_O8,3951,Columbia,8,Local,1,0.2223948433204488,1,64454,638334746126144
RIP3952_Union_O3,3952,Union,3,Family Forest,17,3.780712336447629,5,43291,374861937489998
RIP3953_Suwannee_O4,3953,Suwannee,4,Corporate/Other Private,2,0.4447896866408976,2,43151,374861300489998
RIP3954_Suwannee_O3,3954,Suwannee,3,Family Forest,4,0.8895793732817951,3,36962,289516223489998
RIP3955_Columbia_O4,3955,Columbia,4,Corporate/Other Private,3,0.6671845299613464,2,24316,176548896010854
RIP3956_Columbia_O8,3956,Columbia,8,Local,4,0.8895793732817951,2,24486,176859705010854
RIP3957_Columbia_O3,3957,Columbia,3,Family Forest,9,2.001553589884039,4,24316,176548896010854
RIP3958_Baker_O3,3958,Baker,3,Family Forest,5,1.111974216602244,4,43326,374862340489998
RIP3959_Suwannee_O3,3959,Suwannee,3,Family Forest,2,0.4447896866408976,2,48592,448940348489998
RIP3960_Columbia_O3,3960,Columbia,3,Family Forest,1,0.2223948433204488,1,67372,718603850290487
RIP3960_Columbia_O8,3960,Columbia,8,Local,3,0.6671845299613464,2,36962,289516223489998
RIP3961_Columbia_O8,3961,Columbia,8,Local,1,0.2223948433204488,1,23748,173002842010854
RIP3962_Columbia_O8,3962,Columbia,8,Local,2,0.4447896866408976,1,23748,173002842010854
RIP3963_Baker_O3,3963,Baker,3,Family Forest,3,0.6671845299613464,3,36939,289515962489998
RIP3964_Columbia_O3,3964,Columbia,3,Family Forest,1,0.2223948433204488,1,64479,638335018126144
RIP3965_Columbia_O8,3965,Columbia,8,Local,1,0.2223948433204488,1,64454,638334746126144
RIP3966_Baker_O3,3966,Baker,3,Family Forest,6,1.3343690599226927,4,23748,173002842010854
RIP3967_Suwannee_O3,3967,Suwannee,3,Family Forest,2,0.4447896866408976,2,48588,448940337489998
RIP3968_Suwannee_O3,3968,Suwannee,3,Family Forest,1,0.2223948433204488,1,21259,140564077010478
RIP3969_Columbia_O3,3969,Columbia,3,Family Forest,8,1.7791587465635903,4,48658,448940864489998
RIP3970_Baker_O3,3970,Baker,3,Family Forest,1,0.2223948433204488,1,67427,718604085290487
RIP3971_Suwannee_O3,3971,Suwannee,3,Family Forest,2,0.4447896866408976,1,36962,289516223489998
RIP3972_Columbia_O8,3972,Columbia,8,Local,6,1.3343690599226927,5,64454,638334746126144
RIP3973_Suwannee_O3,3973,Suwannee,3,Family Forest,1,0.2223948433204488,1,64407,638334496126144
RIP3974_Suwannee_O3,3974,Suwannee,3,Family Forest,7,1.5567639032431415,5,64479,638335018126144
RIP3975_Baker_O3,3975,Baker,3,Family Forest,2,0.4447896866408976,2,36962,289516223489998
RIP3976_Baker_O3,3976,Baker,3,Family Forest,3,0.6671845299613464,2,23748,173002842010854
RIP3977_Union_O3,3977,Union,3,Family Forest,4,0.8895793732817951,2,43291,374861937489998
RIP3978_Suwannee_O3,3978,Suwannee,3,Family Forest,3,0.6671845299613464,2,67372,718603850290487
RIP3979_Columbia_O3,3979,Columbia,3,Family Forest,26,5.782265926331668,9,36962,289516223489998
RIP3980_Columbia_O8,3980,Columbia,8,Local,11,2.446343276524937,7,67541,718604892290487
RIP3981_Baker_O3,3981,Baker,3,Family Forest,27,6.0046607696521175,9,43326,374862340489998
RIP3982_Union_O3,3982,Union,3,Family Forest,1,0.2223948433204488,1,13447,43855332020004
RIP3983_Columbia_O3,3983,Columbia,3,Family Forest,1,0.2223948433204488,1,36962,289516223489998
RIP3984_Columbia_O3,3984,Columbia,3,Family Forest,16,3.5583174931271806,6,21259,140564077010478
RIP3984_Columbia_O8,3984,Columbia,8,Local,3,0.6671845299613464,2,2700,20267385010478
RIP3985_Suwannee_O3,3985,Suwannee,3,Family Forest,4,0.8895793732817951,3,36962,289516223489998
RIP3986_Columbia_O3,3986,Columbia,3,Family Forest,1,0.2223948433204488,1,48592,448940348489998
RIP3987_Columbia_O3,3987,Columbia,3,Family Forest,2,0.4447896866408976,2,2700,20267385010478
RIP3988_Columbia_O8,3988,Columbia,8,Local,2,0.4447896866408976,1,24486,176859705010854
RIP3989_Columbia_O3,3989,Columbia,3,Family Forest,2,0.4447896866408976,2,24486,176859705010854
RIP3990_Columbia_O8,3990,Columbia,8,Local,1,0.2223948433204488,1,48658,448940864489998
RIP3991_Baker_O3,3991,Baker,3,Family Forest,1,0.2223948433204488,1,36939,289515962489998
RIP3992_Baker_O4,3992,Baker,4,Corporate/Other Private,6,1.3343690599226927,2,67372,718603850290487
RIP3993_Suwannee_O3,3993,Suwannee,3,Family Forest,3,0.6671845299613464,3,2693,20250670010478
RIP3994_Columbia_O8,3994,Columbia,8,Local,3,0.6671845299613464,2,36965,289516230489998
RIP3995_Columbia_O3,3995,Columbia,3,Family Forest,6,1.3343690599226927,3,67427,718604085290487
RIP3996_Columbia_O8,3996,Columbia,8,Local,2,0.4447896866408976,2,2700,20267385010478
RIP3997_Columbia_O4,3997,Columbia,4,Corporate/Other Private,1,0.2223948433204488,1,67538,718604885290487
RIP3998_Union_O4,3998,Union,4,Corporate/Other Private,1,0.2223948433204488,1,43291,374861937489998
RIP3999_Columbia_O8,3999,Columbia,8,Local,3,0.6671845299613464,3,36965,289516230489998
RIP4000_Columbia_O4,4000,Columbia,4,Corporate/Other Private,1,0.2223948433204488,1,67475,718604294290487
RIP4001_Columbia_O8,4001,Columbia,8,Local,5,1.111974216602244,5,23748,173002842010854
RIP4002_Suwannee_O3,4002,Suwannee,3,Family Forest,7,1.5567639032431415,4,67372,718603850290487
RIP4003_Columbia_O3,4003,Columbia,3,Family Forest,6,1.3343690599226927,2,36962,289516223489998
RIP4004_Columbia_O4,4004,Columbia,4,Corporate/Other Private,3,0.6671845299613464,2,67537,718604880290487
RIP4005_Baker_O3,4005,Baker,3,Family Forest,1,0.2223948433204488,1,67372,718603850290487
RIP4006_Columbia_O4,4006,Columbia,4,Corporate/Other Private,1,0.2223948433204488,1,48658,448940864489998
RIP4006_Columbia_O8,4006,Columbia,8,Local,1,0.2223948433204488,1,35378,259178355010854
RIP4007_Columbia_O8,4007,Columbia,8,Local,1,0.2223948433204488,1,24515,176860754010854
RIP4008_Columbia_O3,4008,Columbia,3,Family Forest,9,2.001553589884039,4,23748,173002842010854
RIP4009_Baker_O3,4009,Baker,3,Family Forest,37,8.228609202856605,9,43326,374862340489998
RIP4010_Columbia_O3,4010,Columbia,3,Family Forest,9,2.001553589884039,6,24316,176548896010854
RIP4011_Columbia_O3,4011,Columbia,3,Family Forest,9,2.001553589884039,5,67372,718603850290487
RIP4011_Columbia_O4,4011,Columbia,4,Corporate/Other Private,29,6.449450456293015,11,2739,20336120010478
RIP4012_Columbia_O3,4012,Columbia,3,Family Forest,1,0.2223948433204488,1,64454,638334746126144
RIP4013_Baker_O3,4013,Baker,3,Family Forest,28,6.227055612972566,9,23748,173002842010854
RIP4014_Union_O4,4014,Union,4,Corporate/Other Private,1,0.2223948433204488,1,35385,259178448010854
RIP4015_Columbia_O8,4015,Columbia,8,Local,3,0.6671845299613464,2,23748,173002842010854
RIP4016_Columbia_O4,4016,Columbia,4,Corporate/Other Private,3,0.6671845299613464,2,36962,289516223489998
RIP4017_Baker_O3,4017,Baker,3,Family Forest,1,0.2223948433204488,1,67513,718604487290487
RIP4017_Union_O3,4017,Union,3,Family Forest,6,1.3343690599226927,3,23748,173002842010854
RIP4018_Suwannee_O3,4018,Suwannee,3,Family Forest,1,0.2223948433204488,1,36962,289516223489998
RIP4019_Columbia_O8,4019,Columbia,8,Local,1,0.2223948433204488,1,48588,448940337489998
RIP4020_Columbia_O3,4020,Columbia,3,Family Forest,2,0.4447896866408976,2,24316,176548896010854
RIP4021_Suwannee_O3,4021,Suwannee,3,Family Forest,2,0.4447896866408976,2,36962,289516223489998
RIP4022_Columbia_O4,4022,Columbia,4,Corporate/Other Private,2,0.4447896866408976,1,48588,448940337489998
RIP4022_Columbia_O8,4022,Columbia,8,Local,4,0.8895793732817951,4,36962,289516223489998
RIP4023_Columbia_O8,4023,Columbia,8,Local,4,0.8895793732817951,3,24316,176548896010854
RIP4024_Union_O3,4024,Union,3,Family Forest,20,4.447896866408976,6,43151,374861300489998
RIP4025_Columbia_O8,4025,Columbia,8,Local,2,0.4447896866408976,1,24486,176859705010854
RIP4026_Columbia_O8,4026,Columbia,8,Local,1,0.2223948433204488,1,24486,176859705010854
RIP4027_Columbia_O8,4027,Columbia,8,Local,1,0.2223948433204488,1,23748,173002842010854
RIP4028_Columbia_O3,4028,Columbia,3,Family Forest,1,0.2223948433204488,1,36962,289516223489998
RIP4028_Columbia_O8,4028,Columbia,8,Local,8,1.7791587465635903,5,43239,374861704489998
RIP4029_Columbia_O8,4029,Columbia,8,Local,1,0.2223948433204488,1,67372,718603850290487
RIP4030_Baker_O3,4030,Baker,3,Family Forest,29,6.449450456293015,8,64454,638334746126144
RIP4031_Suwannee_O3,4031,Suwannee,3,Family Forest,5,1.111974216602244,5,23748,173002842010854
RIP4032_Columbia_O8,4032,Columbia,8,Local,1,0.2223948433204488,1,67541,718604892290487
RIP4033_Suwannee_O3,4033,Suwannee,3,Family Forest,2,0.4447896866408976,2,45047,385730105489998
RIP4034_Suwannee_O3,4034,Suwannee,3,Family Forest,1,0.2223948433204488,1,67372,718603850290487
RIP4035_Baker_O3,4035,Baker,3,Family Forest,3,0.6671845299613464,2,43151,374861300489998
RIP4036_Union_O4,4036,Union,4,Corporate/Other Private,2,0.4447896866408976,2,43291,374861937489998
RIP4037_Suwannee_O4,4037,Suwannee,4,Corporate/Other Private,2,0.4447896866408976,2,48596,448940355489998
RIP4038_Suwannee_O4,4038,Suwannee,4,Corporate/Other Private,25,5.5598710830112195,8,48592,448940348489998
RIP4039_Suwannee_O3,4039,Suwannee,3,Family Forest,5,1.111974216602244,4,67541,718604892290487
RIP4040_Suwannee_O3,4040,Suwannee,3,Family Forest,2,0.4447896866408976,1,48557,448940171489998
RIP4041_Columbia_O4,4041,Columbia,4,Corporate/Other Private,2,0.4447896866408976,2,36962,289516223489998
RIP4041_Columbia_O7,4041,Columbia,7,State,1,0.2223948433204488,1,24515,176860754010854
RIP4041_Columbia_O8,4041,Columbia,8,Local,1,0.2223948433204488,1,43239,374861704489998
RIP4042_Union_O3,4042,Union,3,Family Forest,5,1.111974216602244,2,67372,718603850290487
RIP4043_Suwannee_O4,4043,Suwannee,4,Corporate/Other Private,6,1.3343690599226927,5,64479,638335018126144
RIP4044_Baker_O3,4044,Baker,3,Family Forest,14,3.113527806486283,2,43151,374861300489998
RIP4045_Union_O4,4045,Union,4,Corporate/Other Private,2,0.4447896866408976,1,67512,718604486290487
RIP4046_Suwannee_O3,4046,Suwannee,3,Family Forest,1,0.2223948433204488,1,45047,385730105489998
RIP4046_Suwannee_O4,4046,Suwannee,4,Corporate/Other Private,4,0.8895793732817951,3,31045,218218672020004
RIP4047_Suwannee_O4,4047,Suwannee,4,Corporate/Other Private,15,3.335922649806732,12,48596,448940355489998
RIP4048_Columbia_O8,4048,Columbia,8,Local,5,1.111974216602244,5,2700,20267385010478
RIP4049_Baker_O3,4049,Baker,3,Family Forest,3,0.6671845299613464,2,43151,374861300489998
RIP4050_Baker_O3,4050,Baker,3,Family Forest,2,0.4447896866408976,2,2700,20267385010478
RIP4051_Union_O3,4051,Union,3,Family Forest,1,0.2223948433204488,1,2700,20267385010478
RIP4052_Union_O7,4052,Union,7,State,10,2.223948433204488,2,67427,718604085290487
RIP4053_Suwannee_O4,4053,Suwannee,4,Corporate/Other Private,4,0.8895793732817951,3,48592,448940348489998
RIP4054_Columbia_O8,4054,Columbia,8,Local,3,0.6671845299613464,2,64454,638334746126144
RIP4055_Baker_O3,4055,Baker,3,Family Forest,9,2.001553589884039,7,2700,20267385010478
RIP4056_Columbia_O4,4056,Columbia,4,Corporate/Other Private,6,1.3343690599226927,3,36962,289516223489998
RIP4056_Columbia_O8,4056,Columbia,8,Local,4,0.8895793732817951,4,36962,289516223489998
RIP4057_Columbia_O8,4057,Columbia,8,Local,2,0.4447896866408976,2,43239,374861704489998
RIP4058_Baker_O3,4058,Baker,3,Family Forest,1,0.2223948433204488,1,64454,638334746126144
RIP4059_Union_O3,4059,Union,3,Family Forest,4,0.8895793732817951,2,43151,374861300489998
RIP4060_Union_O3,4060,Union,3,Family Forest,1,0.2223948433204488,1,43291,374861937489998
RIP4061_Suwannee_O4,4061,Suwannee,4,Corporate/Other Private,1,0.2223948433204488,1,31045,218218672020004
RIP4062_Suwannee_O3,4062,Suwannee,3,Family Forest,1,0.2223948433204488,1,50155,451136792489998
RIP4063_Columbia_O8,4063,Columbia,8,Local,1,0.2223948433204488,1,67541,718604892290487
RIP4064_Suwannee_O4,4064,Suwannee,4,Corporate/Other Private,4,0.8895793732817951,3,31045,218218672020004
RIP4065_Suwannee_O3,4065,Suwannee,3,Family Forest,2,0.4447896866408976,2,48557,448940171489998
RIP4066_Suwannee_O4,4066,Suwannee,4,Corporate/Other Private,2,0.4447896866408976,2,36962,289516223489998
RIP4067_Suwannee_O4,4067,Suwannee,4,Corporate/Other Private,7,1.5567639032431415,4,48589,448940340489998
RIP4068_Suwannee_O3,4068,Suwannee,3,Family Forest,1,0.2223948433204488,1,23748,173002842010854
RIP4069_Columbia_O8,4069,Columbia,8,Local,1,0.2223948433204488,1,48658,448940864489998
RIP4070_Baker_O3,4070,Baker,3,Family Forest,1,0.2223948433204488,1,64167,635664717126144
RIP4071_Suwannee_O4,4071,Suwannee,4,Corporate/Other Private,4,0.8895793732817951,2,31045,218218672020004
RIP4072_Columbia_O8,4072,Columbia,8,Local,2,0.4447896866408976,2,2700,20267385010478
RIP4073_Columbia_O8,4073,Columbia,8,Local,9,2.001553589884039,4,43239,374861704489998
RIP4074_Baker_O3,4074,Baker,3,Family Forest,3,0.6671845299613464,2,43151,374861300489998
RIP4075_Baker_O3,4075,Baker,3,Family Forest,3,0.6671845299613464,3,64293,638333844126144
RIP4076_Union_O3,4076,Union,3,Family Forest,1,0.2223948433204488,1,23748,173002842010854
RIP4077_Suwannee_O4,4077,Suwannee,4,Corporate/Other Private,6,1.3343690599226927,5,43151,374861300489998
RIP4078_Suwannee_O3,4078,Suwannee,3,Family Forest,2,0.4447896866408976,1,67372,718603850290487
RIP4079_Union_O3,4079,Union,3,Family Forest,6,1.3343690599226927,1,23748,173002842010854
RIP4080_Union_O3,4080,Union,3,Family Forest,3,0.6671845299613464,1,23748,173002842010854
RIP4081_Suwannee_O4,4081,Suwannee,4,Corporate/Other Private,5,1.111974216602244,2,36962,289516223489998
RIP4082_Columbia_O3,4082,Columbia,3,Family Forest,12,2.6687381198453854,10,35378,259178355010854
RIP4082_Columbia_O8,4082,Columbia,8,Local,10,2.223948433204488,6,64479,638335018126144
RIP4083_Columbia_O4,4083,Columbia,4,Corporate/Other Private,5,1.111974216602244,4,67372,718603850290487
RIP4084_Columbia_O8,4084,Columbia,8,Local,1,0.2223948433204488,1,24515,176860754010854
RIP4085_Columbia_O4,4085,Columbia,4,Corporate/Other Private,2,0.4447896866408976,2,31045,218218672020004
RIP4086_Suwannee_O4,4086,Suwannee,4,Corporate/Other Private,2,0.4447896866408976,2,36962,289516223489998
RIP4087_Columbia_O8,4087,Columbia,8,Local,2,0.4447896866408976,2,2700,20267385010478
RIP4088_Suwannee_O3,4088,Suwannee,3,Family Forest,4,0.8895793732817951,2,64407,638334496126144
RIP4089_Columbia_O8,4089,Columbia,8,Local,22,4.892686553049874,10,36962,289516223489998
RIP4090_Suwannee_O4,4090,Suwannee,4,Corporate/Other Private,2,0.4447896866408976,1,36962,289516223489998
RIP4091_Baker_O3,4091,Baker,3,Family Forest,6,1.3343690599226927,3,43151,374861300489998
RIP4092_Suwannee_O4,4092,Suwannee,4,Corporate/Other Private,2,0.4447896866408976,2,36965,289516230489998
RIP4093_Baker_O3,4093,Baker,3,Family Forest,1,0.2223948433204488,1,64293,638333844126144
RIP4094_Columbia_O3,4094,Columbia,3,Family Forest,1,0.2223948433204488,1,48588,448940337489998
RIP4094_Columbia_O8,4094,Columbia,8,Local,3,0.6671845299613464,2,48588,448940337489998
RIP4095_Suwannee_O4,4095,Suwannee,4,Corporate/Other Private,6,1.3343690599226927,2,36962,289516223489998
RIP4096_Suwannee_O4,4096,Suwannee,4,Corporate/Other Private,6,1.3343690599226927,4,64479,638335018126144
RIP4097_Columbia_O8,4097,Columbia,8,Local,4,0.8895793732817951,2,43239,374861704489998
RIP4098_Columbia_O4,4098,Columbia,4,Corporate/Other Private,1,0.2223948433204488,1,36932,289515944489998
RIP4099_Baker_O3,4099,Baker,3,Family Forest,2,0.4447896866408976,1,23748,173002842010854
RIP4100_Suwannee_O3,4100,Suwannee,3,Family Forest,7,1.5567639032431415,4,64479,638335018126144
RIP4101_Columbia_O8,4101,Columbia,8,Local,2,0.4447896866408976,2,36939,289515962489998
RIP4102_Columbia_O8,4102,Columbia,8,Local,1,0.2223948433204488,1,48572,448940207489998
RIP4103_Suwannee_O4,4103,Suwannee,4,Corporate/Other Private,8,1.7791587465635903,1,36962,289516223489998
RIP4104_Columbia_O4,4104,Columbia,4,Corporate/Other Private,15,3.335922649806732,9,35378,259178355010854
RIP4105_Suwannee_O4,4105,Suwannee,4,Corporate/Other Private,12,2.6687381198453854,2,36962,289516223489998
RIP4106_Baker_O3,4106,Baker,3,Family Forest,3,0.6671845299613464,2,43151,374861300489998
RIP4107_Columbia_O8,4107,Columbia,8,Local,1,0.2223948433204488,1,67475,718604294290487
RIP4108_Columbia_O8,4108,Columbia,8,Local,18,4.003107179768078,10,64453,638334743126144
RIP4109_Suwannee_O4,4109,Suwannee,4,Corporate/Other Private,2,0.4447896866408976,1,64407,638334496126144
RIP4110_Columbia_O3,4110,Columbia,3,Family Forest,6,1.3343690599226927,5,67338,718603673290487
RIP4111_Columbia_O4,4111,Columbia,4,Corporate/Other Private,1,0.2223948433204488,1,48588,448940337489998
RIP4112_Columbia_O4,4112,Columbia,4,Corporate/Other Private,1,0.2223948433204488,1,67372,718603850290487
RIP4113_Columbia_O4,4113,Columbia,4,Corporate/Other Private,2,0.4447896866408976,1,64479,638335018126144
RIP4114_Columbia_O8,4114,Columbia,8,Local,9,2.001553589884039,6,36962,289516223489998
RIP4115_Columbia_O4,4115,Columbia,4,Corporate/Other Private,3,0.6671845299613464,2,64479,638335018126144
RIP4116_Columbia_O8,4116,Columbia,8,Local,4,0.8895793732817951,4,36939,289515962489998
RIP4117_Baker_O3,4117,Baker,3,Family Forest,4,0.8895793732817951,1,67427,718604085290487
RIP4118_Suwannee_O4,4118,Suwannee,4,Corporate/Other Private,3,0.6671845299613464,3,31045,218218672020004
RIP4119_Columbia_O3,4119,Columbia,3,Family Forest,2,0.4447896866408976,2,67337,718603672290487
RIP4120_Suwannee_O4,4120,Suwannee,4,Corporate/Other Private,5,1.111974216602244,3,64407,638334496126144
RIP4121_Columbia_O4,4121,Columbia,4,Corporate/Other Private,5,1.111974216602244,4,67372,718603850290487
RIP4122_Union_O7,4122,Union,7,State,2,0.4447896866408976,2,64380,638334324126144
RIP4123_Suwannee_O4,4123,Suwannee,4,Corporate/Other Private,3,0.6671845299613464,1,64479,638335018126144
RIP4124_Suwannee_O3,4124,Suwannee,3,Family Forest,1,0.2223948433204488,1,64167,635664717126144
RIP4125_Columbia_O4,4125,Columbia,4,Corporate/Other Private,2,0.4447896866408976,1,67372,718603850290487
RIP4126_Columbia_O4,4126,Columbia,4,Corporate/Other Private,3,0.6671845299613464,2,67372,718603850290487
RIP4127_Columbia_O4,4127,Columbia,4,Corporate/Other Private,2,0.4447896866408976,2,36932,289515944489998
RIP4128_Columbia_O8,4128,Columbia,8,Local,2,0.4447896866408976,2,36965,289516230489998
RIP4129_Columbia_O4,4129,Columbia,4,Corporate/Other Private,1,0.2223948433204488,1,23748,173002842010854
RIP4130_Columbia_O8,4130,Columbia,8,Local,1,0.2223948433204488,1,36939,289515962489998
RIP4131_Suwannee_O4,4131,Suwannee,4,Corporate/Other Private,5,1.111974216602244,3,23748,173002842010854
RIP4132_Suwannee_O3,4132,Suwannee,3,Family Forest,2,0.4447896866408976,2,36965,289516230489998
RIP4132_Suwannee_O4,4132,Suwannee,4,Corporate/Other Private,7,1.5567639032431415,3,43151,374861300489998
RIP4133_Suwannee_O3,4133,Suwannee,3,Family Forest,4,0.8895793732817951,3,64407,638334496126144
RIP4134_Columbia_O3,4134,Columbia,3,Family Forest,27,6.0046607696521175,11,2700,20267385010478
RIP4135_Baker_O3,4135,Baker,3,Family Forest,13,2.891132963165834,6,43151,374861300489998
RIP4136_Union_O7,4136,Union,7,State,34,7.561424672895258,4,67427,718604085290487
RIP4137_Columbia_O8,4137,Columbia,8,Local,1,0.2223948433204488,1,67541,718604892290487
RIP4138_Baker_O3,4138,Baker,3,Family Forest,5,1.111974216602244,3,43151,374861300489998
RIP4139_Suwannee_O3,4139,Suwannee,3,Family Forest,1,0.2223948433204488,1,2699,20266493010478
RIP4140_Columbia_O3,4140,Columbia,3,Family Forest,6,1.3343690599226927,4,21259,140564077010478
RIP4141_Columbia_O8,4141,Columbia,8,Local,1,0.2223948433204488,1,67372,718603850290487
RIP4142_Columbia_O3,4142,Columbia,3,Family Forest,1,0.2223948433204488,1,67541,718604892290487
RIP4143_Columbia_O8,4143,Columbia,8,Local,2,0.4447896866408976,2,35378,259178355010854
RIP4144_Columbia_O3,4144,Columbia,3,Family Forest,27,6.0046607696521175,8,36962,289516223489998
RIP4144_Columbia_O8,4144,Columbia,8,Local,7,1.5567639032431415,5,2700,20267385010478
RIP4145_Columbia_O3,4145,Columbia,3,Family Forest,5,1.111974216602244,4,67372,718603850290487
RIP4146_Columbia_O8,4146,Columbia,8,Local,1,0.2223948433204488,1,23748,173002842010854
RIP4147_Columbia_O8,4147,Columbia,8,Local,2,0.4447896866408976,1,23748,173002842010854
RIP4148_Baker_O3,4148,Baker,3,Family Forest,2,0.4447896866408976,1,67427,718604085290487
RIP4149_Baker_O3,4149,Baker,3,Family Forest,2,0.4447896866408976,2,16547,61264238010478
RIP4150_Suwannee_O3,4150,Suwannee,3,Family Forest,5,1.111974216602244,2,36962,289516223489998
RIP4151_Suwannee_O3,4151,Suwannee,3,Family Forest,4,0.8895793732817951,3,48557,448940171489998
RIP4152_Suwannee_O3,4152,Suwannee,3,Family Forest,8,1.7791587465635903,6,2724,20306534010478
RIP4153_Columbia_O8,4153,Columbia,8,Local,5,1.111974216602244,3,23748,173002842010854
RIP4154_Suwannee_O3,4154,Suwannee,3,Family Forest,3,0.6671845299613464,3,36818,289515324489998
RIP4155_Baker_O3,4155,Baker,3,Family Forest,2,0.4447896866408976,1,67427,718604085290487
RIP4156_Columbia_O8,4156,Columbia,8,Local,1,0.2223948433204488,1,64454,638334746126144
RIP4157_Columbia_O3,4157,Columbia,3,Family Forest,2,0.4447896866408976,2,43326,374862340489998
RIP4158_Columbia_O8,4158,Columbia,8,Local,1,0.2223948433204488,1,24486,176859705010854
RIP4159_Union_O7,4159,Union,7,State,1,0.2223948433204488,1,67512,718604486290487
RIP4160_Suwannee_O3,4160,Suwannee,3,Family Forest,2,0.4447896866408976,2,64407,638334496126144
RIP4161_Suwannee_O3,4161,Suwannee,3,Family Forest,3,0.6671845299613464,2,67372,718603850290487
RIP4162_Baker_O3,4162,Baker,3,Family Forest,2,0.4447896866408976,1,67427,718604085290487
RIP4163_Suwannee_O3,4163,Suwannee,3,Family Forest,3,0.6671845299613464,1,36962,289516223489998
RIP4164_Columbia_O8,4164,Columbia,8,Local,1,0.2223948433204488,1,64454,638334746126144
RIP4165_Columbia_O8,4165,Columbia,8,Local,1,0.2223948433204488,1,24486,176859705010854
RIP4166_Union_O7,4166,Union,7,State,7,1.5567639032431415,2,43291,374861937489998
RIP4167_Suwannee_O3,4167,Suwannee,3,Family Forest,6,1.3343690599226927,5,64454,638334746126144
RIP4168_Columbia_O3,4168,Columbia,3,Family Forest,1,0.2223948433204488,1,23748,173002842010854
RIP4168_Columbia_O8,4168,Columbia,8,Local,2,0.4447896866408976,1,24486,176859705010854
RIP4169_Columbia_O4,4169,Columbia,4,Corporate/Other Private,4,0.8895793732817951,3,64454,638334746126144
RIP4169_Columbia_O8,4169,Columbia,8,Local,3,0.6671845299613464,2,23748,173002842010854
RIP4170_Suwannee_O3,4170,Suwannee,3,Family Forest,6,1.3343690599226927,2,64219,635664906126144
RIP4171_Suwannee_O3,4171,Suwannee,3,Family Forest,6,1.3343690599226927,5,64479,638335018126144
RIP4172_Suwannee_O4,4172,Suwannee,4,Corporate/Other Private,2,0.4447896866408976,2,64479,638335018126144
RIP4173_Baker_O3,4173,Baker,3,Family Forest,4,0.8895793732817951,2,36962,289516223489998
RIP4174_Union_O3,4174,Union,3,Family Forest,4,0.8895793732817951,2,43326,374862340489998
RIP4175_Suwannee_O3,4175,Suwannee,3,Family Forest,7,1.5567639032431415,5,36962,289516223489998
RIP4176_Suwannee_O3,4176,Suwannee,3,Family Forest,4,0.8895793732817951,2,64479,638335018126144
RIP4177_Union_O3,4177,Union,3,Family Forest,3,0.6671845299613464,3,36939,289515962489998
RIP4178_Union_O7,4178,Union,7,State,5,1.111974216602244,3,35385,259178448010854
RIP4179_Suwannee_O3,4179,Suwannee,3,Family Forest,6,1.3343690599226927,2,36962,289516223489998
RIP4180_Suwannee_O3,4180,Suwannee,3,Family Forest,1,0.2223948433204488,1,36963,289516224489998
RIP4181_Suwannee_O3,4181,Suwannee,3,Family Forest,5,1.111974216602244,5,36961,289516222489998
RIP4182_Suwannee_O3,4182,Suwannee,3,Family Forest,12,2.6687381198453854,6,48592,448940348489998
RIP4183_Suwannee_O3,4183,Suwannee,3,Family Forest,2,0.4447896866408976,2,48596,448940355489998
RIP4184_Suwannee_O3,4184,Suwannee,3,Family Forest,18,4.003107179768078,7,36962,289516223489998
RIP4185_Columbia_O4,4185,Columbia,4,Corporate/Other Private,2,0.4447896866408976,1,23748,173002842010854
RIP4185_Columbia_O8,4185,Columbia,8,Local,1,0.2223948433204488,1,24486,176859705010854
RIP4186_Suwannee_O3,4186,Suwannee,3,Family Forest,1,0.2223948433204488,1,67277,718562357290487
RIP4187_Union_O7,4187,Union,7,State,1,0.2223948433204488,1,36939,289515962489998
RIP4188_Suwannee_O4,4188,Suwannee,4,Corporate/Other Private,1,0.2223948433204488,1,36965,289516230489998
RIP4189_Columbia_O8,4189,Columbia,8,Local,1,0.2223948433204488,1,23748,173002842010854
RIP4190_Union_O7,4190,Union,7,State,1,0.2223948433204488,1,43291,374861937489998
RIP4191_Suwannee_O3,4191,Suwannee,3,Family Forest,1,0.2223948433204488,1,36941,289515964489998
RIP4192_Suwannee_O3,4192,Suwannee,3,Family Forest,17,3.780712336447629,7,36962,289516223489998
RIP4192_Suwannee_O4,4192,Suwannee,4,Corporate/Other Private,24,5.337476239690771,8,36962,289516223489998
RIP4193_Suwannee_O3,4193,Suwannee,3,Family Forest,1,0.2223948433204488,1,36961,289516222489998
RIP4194_Suwannee_O3,4194,Suwannee,3,Family Forest,1,0.2223948433204488,1,64215,635664892126144
RIP4195_Suwannee_O3,4195,Suwannee,3,Family Forest,9,2.001553589884039,6,48592,448940348489998
RIP4196_Suwannee_O4,4196,Suwannee,4,Corporate/Other Private,1,0.2223948433204488,1,24515,176860754010854
RIP4197_Columbia_O8,4197,Columbia,8,Local,1,0.2223948433204488,1,67427,718604085290487
RIP4198_Suwannee_O3,4198,Suwannee,3,Family Forest,1,0.2223948433204488,1,24515,176860754010854
RIP4199_Union_O3,4199,Union,3,Family Forest,1,0.2223948433204488,1,36939,289515962489998
RIP4200_Columbia_O3,4200,Columbia,3,Family Forest,3,0.6671845299613464,3,24486,176859705010854
RIP4201_Union_O3,4201,Union,3,Family Forest,3,0.6671845299613464,2,67372,718603850290487
RIP4202_Suwannee_O3,4202,Suwannee,3,Family Forest,4,0.8895793732817951,3,48557,448940171489998
RIP4203_Suwannee_O4,4203,Suwannee,4,Corporate/Other Private,1,0.2223948433204488,1,48658,448940864489998
RIP4204_Union_O3,4204,Union,3,Family Forest,1,0.2223948433204488,1,23748,173002842010854
RIP4205_Suwannee_O3,4205,Suwannee,3,Family Forest,12,2.6687381198453854,6,36934,289515946489998
RIP4206_Columbia_O4,4206,Columbia,4,Corporate/Other Private,3,0.6671845299613464,2,36962,289516223489998
RIP4207_Suwannee_O4,4207,Suwannee,4,Corporate/Other Private,1,0.2223948433204488,1,67541,718604892290487
RIP4208_Columbia_O3,4208,Columbia,3,Family Forest,5,1.111974216602244,4,2700,20267385010478
RIP4209_Columbia_O8,4209,Columbia,8,Local,1,0.2223948433204488,1,36939,289515962489998
RIP4210_Suwannee_O3,4210,Suwannee,3,Family Forest,5,1.111974216602244,4,36962,289516223489998
RIP4211_Columbia_O3,4211,Columbia,3,Family Forest,5,1.111974216602244,3,36962,289516223489998
RIP4212_Columbia_O3,4212,Columbia,3,Family Forest,9,2.001553589884039,5,2700,20267385010478
RIP4213_Union_O3,4213,Union,3,Family Forest,3,0.6671845299613464,2,43151,374861300489998
RIP4214_Union_O3,4214,Union,3,Family Forest,1,0.2223948433204488,1,36939,289515962489998
RIP4215_Union_O7,4215,Union,7,State,1,0.2223948433204488,1,67427,718604085290487
RIP4216_Columbia_O8,4216,Columbia,8,Local,4,0.8895793732817951,3,35378,259178355010854
RIP4217_Columbia_O4,4217,Columbia,4,Corporate/Other Private,6,1.3343690599226927,4,36962,289516223489998
RIP4218_Baker_O3,4218,Baker,3,Family Forest,4,0.8895793732817951,3,43151,374861300489998
RIP4218_Union_O3,4218,Union,3,Family Forest,2,0.4447896866408976,1,43151,374861300489998
RIP4219_Union_O7,4219,Union,7,State,1,0.2223948433204488,1,43201,374861518489998
RIP4220_Suwannee_O3,4220,Suwannee,3,Family Forest,2,0.4447896866408976,2,36897,289515725489998
RIP4220_Suwannee_O4,4220,Suwannee,4,Corporate/Other Private,4,0.8895793732817951,2,45047,385730105489998
RIP4221_Columbia_O3,4221,Columbia,3,Family Forest,51,11.342137009342888,7,36962,289516223489998
RIP4221_Columbia_O4,4221,Columbia,4,Corporate/Other Private,2,0.4447896866408976,2,2700,20267385010478
RIP4222_Columbia_O8,4222,Columbia,8,Local,3,0.6671845299613464,2,43151,374861300489998
RIP4223_Union_O3,4223,Union,3,Family Forest,11,2.446343276524937,4,64293,638333844126144
RIP4224_Union_O7,4224,Union,7,State,1,0.2223948433204488,1,36939,289515962489998
RIP4225_Union_O7,4225,Union,7,State,4,0.8895793732817951,2,43291,374861937489998
RIP4226_Union_O7,4226,Union,7,State,6,1.3343690599226927,3,67427,718604085290487
RIP4227_Suwannee_O3,4227,Suwannee,3,Family Forest,1,0.2223948433204488,1,48658,448940864489998
RIP4228_Union_O3,4228,Union,3,Family Forest,4,0.8895793732817951,1,43151,374861300489998
RIP4229_Suwannee_O3,4229,Suwannee,3,Family Forest,4,0.8895793732817951,2,36962,289516223489998
RIP4230_Suwannee_O3,4230,Suwannee,3,Family Forest,54,12.009321539304235,9,36962,289516223489998
RIP4231_Suwannee_O3,4231,Suwannee,3,Family Forest,1,0.2223948433204488,1,48658,448940864489998
RIP4232_Union_O3,4232,Union,3,Family Forest,1,0.2223948433204488,1,2700,20267385010478
RIP4233_Union_O7,4233,Union,7,State,5,1.111974216602244,5,13447,43855332020004
RIP4234_Suwannee_O3,4234,Suwannee,3,Family Forest,2,0.4447896866408976,2,45047,385730105489998
RIP4235_Suwannee_O3,4235,Suwannee,3,Family Forest,1,0.2223948433204488,1,48592,448940348489998
RIP4236_Columbia_O3,4236,Columbia,3,Family Forest,10,2.223948433204488,3,36962,289516223489998
RIP4237_Suwannee_O3,4237,Suwannee,3,Family Forest,3,0.6671845299613464,2,21259,140564077010478
RIP4238_Columbia_O3,4238,Columbia,3,Family Forest,33,7.33902982957481,11,35378,259178355010854
RIP4238_Columbia_O8,4238,Columbia,8,Local,24,5.337476239690771,6,36736,289514938489998
RIP4239_Columbia_O4,4239,Columbia,4,Corporate/Other Private,1,0.2223948433204488,1,36962,289516223489998
RIP4240_Columbia_O4,4240,Columbia,4,Corporate/Other Private,2,0.4447896866408976,2,36962,289516223489998
RIP4241_Columbia_O4,4241,Columbia,4,Corporate/Other Private,2,0.4447896866408976,2,36962,289516223489998
RIP4242_Columbia_O4,4242,Columbia,4,Corporate/Other Private,1,0.2223948433204488,1,36962,289516223489998
RIP4243_Columbia_O4,4243,Columbia,4,Corporate/Other Private,10,2.223948433204488,5,36939,289515962489998
RIP4244_Union_O3,4244,Union,3,Family Forest,15,3.335922649806732,5,67372,718603850290487
RIP4245_Suwannee_O3,4245,Suwannee,3,Family Forest,6,1.3343690599226927,3,48596,448940355489998
RIP4246_Suwannee_O3,4246,Suwannee,3,Family Forest,3,0.6671845299613464,1,48592,448940348489998
RIP4247_Suwannee_O3,4247,Suwannee,3,Family Forest,4,0.8895793732817951,4,45047,385730105489998
RIP4248_Columbia_O4,4248,Columbia,4,Corporate/Other Private,2,0.4447896866408976,2,36962,289516223489998
RIP4248_Columbia_O8,4248,Columbia,8,Local,2,0.4447896866408976,2,64167,635664717126144
RIP4249_Columbia_O4,4249,Columbia,4,Corporate/Other Private,4,0.8895793732817951,2,36962,289516223489998
RIP4250_Columbia_O3,4250,Columbia,3,Family Forest,2,0.4447896866408976,2,36941,289515964489998
RIP4251_Columbia_O8,4251,Columbia,8,Local,1,0.2223948433204488,1,24486,176859705010854
RIP4252_Columbia_O3,4252,Columbia,3,Family Forest,1,0.2223948433204488,1,43326,374862340489998
RIP4253_Union_O3,4253,Union,3,Family Forest,3,0.6671845299613464,3,23748,173002842010854
RIP4254_Union_O3,4254,Union,3,Family Forest,2,0.4447896866408976,2,36927,289515931489998
RIP4255_Suwannee_O3,4255,Suwannee,3,Family Forest,7,1.5567639032431415,5,24316,176548896010854
RIP4256_Columbia_O3,4256,Columbia,3,Family Forest,1,0.2223948433204488,1,47617,443867435489998
RIP4256_Columbia_O8,4256,Columbia,8,Local,18,4.003107179768078,7,35378,259178355010854
RIP4257_Suwannee_O3,4257,Suwannee,3,Family Forest,3,0.6671845299613464,3,36897,289515725489998
RIP4258_Columbia_O3,4258,Columbia,3,Family Forest,11,2.446343276524937,4,36962,289516223489998
RIP4258_Columbia_O4,4258,Columbia,4,Corporate/Other Private,13,2.891132963165834,4,36962,289516223489998
RIP4258_Columbia_O8,4258,Columbia,8,Local,21,4.670291709729424,6,36962,289516223489998
RIP4259_Columbia_O8,4259,Columbia,8,Local,2,0.4447896866408976,1,43151,374861300489998
RIP4260_Suwannee_O3,4260,Suwannee,3,Family Forest,8,1.7791587465635903,4,36965,289516230489998
RIP4261_Columbia_O8,4261,Columbia,8,Local,1,0.2223948433204488,1,36736,289514938489998
RIP4262_Columbia_O4,4262,Columbia,4,Corporate/Other Private,1,0.2223948433204488,1,67475,718604294290487
RIP4263_Columbia_O8,4263,Columbia,8,Local,3,0.6671845299613464,3,36962,289516223489998
RIP4264_Union_O3,4264,Union,3,Family Forest,3,0.6671845299613464,2,43151,374861300489998
RIP4265_Union_O3,4265,Union,3,Family Forest,3,0.6671845299613464,3,24316,176548896010854
RIP4266_Columbia_O3,4266,Columbia,3,Family Forest,7,1.5567639032431415,5,48658,448940864489998
RIP4267_Columbia_O4,4267,Columbia,4,Corporate/Other Private,6,1.3343690599226927,2,36962,289516223489998
RIP4268_Union_O3,4268,Union,3,Family Forest,7,1.5567639032431415,4,43151,374861300489998
RIP4269_Columbia_O3,4269,Columbia,3,Family Forest,14,3.113527806486283,3,36962,289516223489998
RIP4269_Columbia_O8,4269,Columbia,8,Local,2,0.4447896866408976,2,36962,289516223489998
RIP4270_Columbia_O4,4270,Columbia,4,Corporate/Other Private,4,0.8895793732817951,3,23748,173002842010854
RIP4271_Columbia_O8,4271,Columbia,8,Local,1,0.2223948433204488,1,2739,20336120010478
RIP4272_Suwannee_O3,4272,Suwannee,3,Family Forest,1,0.2223948433204488,1,36897,289515725489998
RIP4273_Columbia_O4,4273,Columbia,4,Corporate/Other Private,1,0.2223948433204488,1,48658,448940864489998
RIP4274_Union_O3,4274,Union,3,Family Forest,10,2.223948433204488,5,43151,374861300489998
RIP4275_Union_O3,4275,Union,3,Family Forest,4,0.8895793732817951,2,23748,173002842010854
RIP4276_Union_O3,4276,Union,3,Family Forest,40,8.895793732817951,9,43151,374861300489998
RIP4277_Columbia_O3,4277,Columbia,3,Family Forest,9,2.001553589884039,4,64479,638335018126144
RIP4277_Columbia_O4,4277,Columbia,4,Corporate/Other Private,2,0.4447896866408976,2,31045,218218672020004
RIP4278_Suwannee_O3,4278,Suwannee,3,Family Forest,6,1.3343690599226927,4,36962,289516223489998
RIP4279_Union_O3,4279,Union,3,Family Forest,1,0.2223948433204488,1,67372,718603850290487
RIP4280_Columbia_O8,4280,Columbia,8,Local,1,0.2223948433204488,1,23748,173002842010854
RIP4281_Union_O3,4281,Union,3,Family Forest,11,2.446343276524937,6,48672,448941001489998
RIP4282_Union_O3,4282,Union,3,Family Forest,11,2.446343276524937,4,43151,374861300489998
RIP4283_Suwannee_O3,4283,Suwannee,3,Family Forest,1,0.2223948433204488,1,36962,289516223489998
RIP4284_Columbia_O4,4284,Columbia,4,Corporate/Other Private,1,0.2223948433204488,1,36958,289516188489998
RIP4285_Columbia_O3,4285,Columbia,3,Family Forest,4,0.8895793732817951,4,24316,176548896010854
RIP4285_Columbia_O4,4285,Columbia,4,Corporate/Other Private,5,1.111974216602244,4,64479,638335018126144
RIP4286_Columbia_O4,4286,Columbia,4,Corporate/Other Private,5,1.111974216602244,3,35378,259178355010854
RIP4287_Columbia_O3,4287,Columbia,3,Family Forest,11,2.446343276524937,6,36962,289516223489998
RIP4287_Columbia_O4,4287,Columbia,4,Corporate/Other Private,1,0.2223948433204488,1,36962,289516223489998
RIP4288_Columbia_O4,4288,Columbia,4,Corporate/Other Private,1,0.2223948433204488,1,67427,718604085290487
RIP4289_Union_O3,4289,Union,3,Family Forest,6,1.3343690599226927,3,43151,374861300489998
RIP4290_Columbia_O4,4290,Columbia,4,Corporate/Other Private,2,0.4447896866408976,2,64479,638335018126144
RIP4291_Columbia_O8,4291,Columbia,8,Local,6,1.3343690599226927,2,48672,448941001489998
RIP4292_Suwannee_O3,4292,Suwannee,3,Family Forest,2,0.4447896866408976,2,36962,289516223489998
RIP4293_Suwannee_O3,4293,Suwannee,3,Family Forest,3,0.6671845299613464,3,36965,289516230489998
RIP4294_Suwannee_O3,4294,Suwannee,3,Family Forest,3,0.6671845299613464,2,48596,448940355489998
RIP4295_Columbia_O4,4295,Columbia,4,Corporate/Other Private,6,1.3343690599226927,5,23748,173002842010854
RIP4296_Columbia_O4,4296,Columbia,4,Corporate/Other Private,3,0.6671845299613464,2,36962,289516223489998
RIP4297_Columbia_O4,4297,Columbia,4,Corporate/Other Private,2,0.4447896866408976,2,2739,20336120010478
RIP4298_Union_O3,4298,Union,3,Family Forest,3,0.6671845299613464,2,43151,374861300489998
RIP4299_Columbia_O4,4299,Columbia,4,Corporate/Other Private,3,0.6671845299613464,2,48658,448940864489998
RIP4300_Columbia_O8,4300,Columbia,8,Local,3,0.6671845299613464,1,64293,638333844126144
RIP4301_Union_O3,4301,Union,3,Family Forest,5,1.111974216602244,3,43326,374862340489998
RIP4302_Suwannee_O3,4302,Suwannee,3,Family Forest,10,2.223948433204488,7,36962,289516223489998
RIP4303_Columbia_O4,4303,Columbia,4,Corporate/Other Private,3,0.6671845299613464,2,36962,289516223489998
RIP4304_Columbia_O8,4304,Columbia,8,Local,3,0.6671845299613464,3,23748,173002842010854
RIP4305_Columbia_O4,4305,Columbia,4,Corporate/Other Private,2,0.4447896866408976,1,36962,289516223489998
RIP4306_Suwannee_O3,4306,Suwannee,3,Family Forest,4,0.8895793732817951,3,33346,249673610010854
RIP4307_Suwannee_O3,4307,Suwannee,3,Family Forest,2,0.4447896866408976,1,36962,289516223489998
RIP4308_Columbia_O4,4308,Columbia,4,Corporate/Other Private,1,0.2223948433204488,1,48557,448940171489998
RIP4309_Columbia_O4,4309,Columbia,4,Corporate/Other Private,5,1.111974216602244,5,24515,176860754010854
RIP4310_Union_O3,4310,Union,3,Family Forest,16,3.5583174931271806,3,43151,374861300489998
RIP4311_Union_O3,4311,Union,3,Family Forest,4,0.8895793732817951,2,43151,374861300489998
RIP4312_Union_O3,4312,Union,3,Family Forest,5,1.111974216602244,3,43151,374861300489998
RIP4313_Union_O3,4313,Union,3,Family Forest,1,0.2223948433204488,1,43291,374861937489998
RIP4314_Suwannee_O3,4314,Suwannee,3,Family Forest,1,0.2223948433204488,1,48557,448940171489998
RIP4315_Columbia_O4,4315,Columbia,4,Corporate/Other Private,1,0.2223948433204488,1,31045,218218672020004
RIP4316_Union_O3,4316,Union,3,Family Forest,4,0.8895793732817951,3,64454,638334746126144
RIP4317_Columbia_O4,4317,Columbia,4,Corporate/Other Private,4,0.8895793732817951,3,36965,289516230489998
RIP4318_Columbia_O4,4318,Columbia,4,Corporate/Other Private,1,0.2223948433204488,1,67541,718604892290487
RIP4319_Union_O3,4319,Union,3,Family Forest,6,1.3343690599226927,5,64454,638334746126144
RIP4320_Suwannee_O3,4320,Suwannee,3,Family Forest,7,1.5567639032431415,7,24316,176548896010854
RIP4321_Suwannee_O3,4321,Suwannee,3,Family Forest,22,4.892686553049874,7,36962,289516223489998
RIP4322_Columbia_O4,4322,Columbia,4,Corporate/Other Private,12,2.6687381198453854,7,36962,289516223489998
RIP4323_Union_O7,4323,Union,7,State,17,3.780712336447629,2,36939,289515962489998
RIP4324_Columbia_O4,4324,Columbia,4,Corporate/Other Private,4,0.8895793732817951,3,43151,374861300489998
RIP4324_Columbia_O8,4324,Columbia,8,Local,2,0.4447896866408976,2,36932,289515944489998
RIP4325_Union_O3,4325,Union,3,Family Forest,1,0.2223948433204488,1,36962,289516223489998
RIP4326_Union_O3,4326,Union,3,Family Forest,8,1.7791587465635903,2,23748,173002842010854
RIP4327_Suwannee_O3,4327,Suwannee,3,Family Forest,2,0.4447896866408976,2,36962,289516223489998
RIP4328_Columbia_O8,4328,Columbia,8,Local,5,1.111974216602244,4,67372,718603850290487
RIP4329_Union_O3,4329,Union,3,Family Forest,2,0.4447896866408976,1,64454,638334746126144
RIP4330_Union_O3,4330,Union,3,Family Forest,6,1.3343690599226927,3,23748,173002842010854
RIP4331_Union_O3,4331,Union,3,Family Forest,2,0.4447896866408976,2,43151,374861300489998
RIP4332_Suwannee_O3,4332,Suwannee,3,Family Forest,4,0.8895793732817951,3,36965,289516230489998
RIP4333_Columbia_O4,4333,Columbia,4,Corporate/Other Private,1,0.2223948433204488,1,24486,176859705010854
RIP4334_Union_O3,4334,Union,3,Family Forest,3,0.6671845299613464,3,23748,173002842010854
RIP4335_Union_O3,4335,Union,3,Family Forest,26,5.782265926331668,9,23748,173002842010854
RIP4336_Union_O7,4336,Union,7,State,3,0.6671845299613464,1,64380,638334324126144
RIP4337_Union_O3,4337,Union,3,Family Forest,1,0.2223948433204488,1,23748,173002842010854
RIP4338_Union_O3,4338,Union,3,Family Forest,8,1.7791587465635903,4,67372,718603850290487
RIP4339_Union_O3,4339,Union,3,Family Forest,13,2.891132963165834,3,43151,374861300489998
RIP4340_Union_O3,4340,Union,3,Family Forest,2,0.4447896866408976,2,23748,173002842010854
RIP4341_Union_O7,4341,Union,7,State,3,0.6671845299613464,3,36962,289516223489998
RIP4342_Suwannee_O3,4342,Suwannee,3,Family Forest,6,1.3343690599226927,3,64479,638335018126144
RIP4343_Union_O3,4343,Union,3,Family Forest,5,1.111974216602244,3,23748,173002842010854
RIP4344_Union_O3,4344,Union,3,Family Forest,1,0.2223948433204488,1,64454,638334746126144
RIP4345_Union_O3,4345,Union,3,Family Forest,4,0.8895793732817951,3,43151,374861300489998
RIP4346_Columbia_O4,4346,Columbia,4,Corporate/Other Private,2,0.4447896866408976,2,43151,374861300489998
RIP4347_Union_O3,4347,Union,3,Family Forest,2,0.4447896866408976,1,43151,374861300489998
RIP4348_Union_O7,4348,Union,7,State,2,0.4447896866408976,2,50098,451136592489998
RIP4349_Columbia_O4,4349,Columbia,4,Corporate/Other Private,12,2.6687381198453854,6,2739,20336120010478
RIP4350_Union_O3,4350,Union,3,Family Forest,1,0.2223948433204488,1,23748,173002842010854
RIP4351_Union_O3,4351,Union,3,Family Forest,1,0.2223948433204488,1,23748,173002842010854
RIP4352_Union_O3,4352,Union,3,Family Forest,7,1.5567639032431415,3,43151,374861300489998
RIP4353_Union_O3,4353,Union,3,Family Forest,2,0.4447896866408976,2,2739,20336120010478
RIP4354_Union_O3,4354,Union,3,Family Forest,7,1.5567639032431415,2,43151,374861300489998
RIP4355_Union_O3,4355,Union,3,Family Forest,2,0.4447896866408976,2,36939,289515962489998
RIP4356_Union_O3,4356,Union,3,Family Forest,14,3.113527806486283,4,43151,374861300489998
RIP4357_Union_O3,4357,Union,3,Family Forest,3,0.6671845299613464,3,43151,374861300489998
RIP4358_Union_O3,4358,Union,3,Family Forest,4,0.8895793732817951,3,23748,173002842010854
RIP4359_Union_O3,4359,Union,3,Family Forest,16,3.5583174931271806,8,43151,374861300489998
RIP4360_Columbia_O4,4360,Columbia,4,Corporate/Other Private,8,1.7791587465635903,3,2739,20336120010478
RIP4360_Columbia_O8,4360,Columbia,8,Local,15,3.335922649806732,8,67427,718604085290487
RIP4361_Union_O3,4361,Union,3,Family Forest,1,0.2223948433204488,1,24316,176548896010854
RIP4362_Union_O3,4362,Union,3,Family Forest,1,0.2223948433204488,1,64454,638334746126144
RIP4363_Union_O3,4363,Union,3,Family Forest,2,0.4447896866408976,2,23748,173002842010854
RIP4364_Columbia_O4,4364,Columbia,4,Corporate/Other Private,1,0.2223948433204488,1,43239,374861704489998
RIP4365_Columbia_O3,4365,Columbia,3,Family Forest,1,0.2223948433204488,1,64454,638334746126144
RIP4366_Union_O7,4366,Union,7,State,8,1.7791587465635903,2,67427,718604085290487
RIP4367_Suwannee_O3,4367,Suwannee,3,Family Forest,8,1.7791587465635903,4,35378,259178355010854
RIP4368_Columbia_O3,4368,Columbia,3,Family Forest,2,0.4447896866408976,2,48596,448940355489998
RIP4368_Columbia_O8,4368,Columbia,8,Local,2,0.4447896866408976,2,48658,448940864489998
RIP4369_Columbia_O3,4369,Columbia,3,Family Forest,4,0.8895793732817951,2,2700,20267385010478
RIP4370_Columbia_O4,4370,Columbia,4,Corporate/Other Private,2,0.4447896866408976,1,36962,289516223489998
RIP4371_Union_O3,4371,Union,3,Family Forest,5,1.111974216602244,4,67538,718604885290487
RIP4372_Union_O3,4372,Union,3,Family Forest,2,0.4447896866408976,1,23748,173002842010854
RIP4373_Union_O3,4373,Union,3,Family Forest,1,0.2223948433204488,1,48636,448940596489998
RIP4374_Columbia_O4,4374,Columbia,4,Corporate/Other Private,4,0.8895793732817951,3,64293,638333844126144
RIP4375_Union_O3,4375,Union,3,Family Forest,24,5.337476239690771,4,23748,173002842010854
RIP4376_Columbia_O3,4376,Columbia,3,Family Forest,3,0.6671845299613464,2,48596,448940355489998
RIP4377_Columbia_O3,4377,Columbia,3,Family Forest,3,0.6671845299613464,1,64479,638335018126144
RIP4377_Columbia_O8,4377,Columbia,8,Local,2,0.4447896866408976,2,36965,289516230489998
RIP4378_Union_O3,4378,Union,3,Family Forest,2,0.4447896866408976,2,23748,173002842010854
RIP4379_Columbia_O3,4379,Columbia,3,Family Forest,3,0.6671845299613464,2,48596,448940355489998
RIP4380_Columbia_O4,4380,Columbia,4,Corporate/Other Private,5,1.111974216602244,3,36823,289515330489998
RIP4381_Union_O3,4381,Union,3,Family Forest,2,0.4447896866408976,1,23748,173002842010854
RIP4382_Columbia_O4,4382,Columbia,4,Corporate/Other Private,2,0.4447896866408976,1,67427,718604085290487
RIP4383_Union_O3,4383,Union,3,Family Forest,3,0.6671845299613464,3,23748,173002842010854
RIP4384_Union_O3,4384,Union,3,Family Forest,4,0.8895793732817951,2,23748,173002842010854
RIP4385_Union_O3,4385,Union,3,Family Forest,3,0.6671845299613464,2,64454,638334746126144
RIP4386_Union_O3,4386,Union,3,Family Forest,7,1.5567639032431415,5,43151,374861300489998
RIP4387_Union_O3,4387,Union,3,Family Forest,4,0.8895793732817951,2,36939,289515962489998
RIP4388_Columbia_O8,4388,Columbia,8,Local,2,0.4447896866408976,2,21265,140568302010478
RIP4389_Union_O3,4389,Union,3,Family Forest,11,2.446343276524937,5,64293,638333844126144
RIP4390_Suwannee_O3,4390,Suwannee,3,Family Forest,4,0.8895793732817951,2,36962,289516223489998
RIP4391_Columbia_O4,4391,Columbia,4,Corporate/Other Private,16,3.5583174931271806,4,36962,289516223489998
RIP4392_Union_O3,4392,Union,3,Family Forest,1,0.2223948433204488,1,64454,638334746126144
RIP4393_Union_O7,4393,Union,7,State,4,0.8895793732817951,3,48525,448939977489998
RIP4394_Columbia_O3,4394,Columbia,3,Family Forest,7,1.5567639032431415,5,64479,638335018126144
RIP4395_Columbia_O3,4395,Columbia,3,Family Forest,3,0.6671845299613464,2,24486,176859705010854
RIP4396_Columbia_O3,4396,Columbia,3,Family Forest,3,0.6671845299613464,1,36962,289516223489998
RIP4397_Columbia_O4,4397,Columbia,4,Corporate/Other Private,5,1.111974216602244,3,36823,289515330489998
RIP4398_Columbia_O4,4398,Columbia,4,Corporate/Other Private,1,0.2223948433204488,1,67427,718604085290487
RIP4399_Union_O3,4399,Union,3,Family Forest,10,2.223948433204488,3,43151,374861300489998
RIP4400_Union_O3,4400,Union,3,Family Forest,1,0.2223948433204488,1,36823,289515330489998
RIP4401_Columbia_O4,4401,Columbia,4,Corporate/Other Private,5,1.111974216602244,4,64479,638335018126144
RIP4402_Union_O3,4402,Union,3,Family Forest,1,0.2223948433204488,1,64454,638334746126144
RIP4403_Columbia_O4,4403,Columbia,4,Corporate/Other Private,1,0.2223948433204488,1,36962,289516223489998
RIP4404_Union_O7,4404,Union,7,State,8,1.7791587465635903,2,36939,289515962489998
RIP4405_Suwannee_O3,4405,Suwannee,3,Family Forest,1,0.2223948433204488,1,67541,718604892290487
RIP4406_Columbia_O3,4406,Columbia,3,Family Forest,3,0.6671845299613464,1,24486,176859705010854
RIP4407_Union_O3,4407,Union,3,Family Forest,4,0.8895793732817951,4,23748,173002842010854
RIP4408_Union_O3,4408,Union,3,Family Forest,10,2.223948433204488,3,2739,20336120010478
RIP4409_Suwannee_O3,4409,Suwannee,3,Family Forest,1,0.2223948433204488,1,67541,718604892290487
RIP4410_Union_O3,4410,Union,3,Family Forest,6,1.3343690599226927,3,36823,289515330489998
RIP4411_Union_O3,4411,Union,3,Family Forest,26,5.782265926331668,10,43151,374861300489998
RIP4412_Columbia_O3,4412,Columbia,3,Family Forest,3,0.6671845299613464,1,2700,20267385010478
RIP4413_Union_O3,4413,Union,3,Family Forest,3,0.6671845299613464,3,23748,173002842010854
RIP4414_Union_O3,4414,Union,3,Family Forest,1,0.2223948433204488,1,67475,718604294290487
RIP4415_Union_O3,4415,Union,3,Family Forest,7,1.5567639032431415,4,36967,289516234489998
RIP4416_Union_O3,4416,Union,3,Family Forest,20,4.447896866408976,7,43151,374861300489998
RIP4417_Union_O3,4417,Union,3,Family Forest,5,1.111974216602244,5,23748,173002842010854
RIP4418_Suwannee_O3,4418,Suwannee,3,Family Forest,3,0.6671845299613464,3,48550,448940136489998
RIP4419_Suwannee_O3,4419,Suwannee,3,Family Forest,7,1.5567639032431415,4,48596,448940355489998
RIP4420_Columbia_O3,4420,Columbia,3,Family Forest,4,0.8895793732817951,1,43239,374861704489998
RIP4421_Union_O3,4421,Union,3,Family Forest,6,1.3343690599226927,6,36823,289515330489998
RIP4422_Union_O3,4422,Union,3,Family Forest,59,13.121295755906479,12,23748,173002842010854
RIP4423_Union_O3,4423,Union,3,Family Forest,17,3.780712336447629,6,67372,718603850290487
RIP4424_Union_O3,4424,Union,3,Family Forest,1,0.2223948433204488,1,43151,374861300489998
RIP4425_Union_O3,4425,Union,3,Family Forest,3,0.6671845299613464,3,43291,374861937489998
RIP4426_Columbia_O3,4426,Columbia,3,Family Forest,4,0.8895793732817951,3,48596,448940355489998
RIP4427_Columbia_O3,4427,Columbia,3,Family Forest,1,0.2223948433204488,1,2700,20267385010478
RIP4428_Union_O3,4428,Union,3,Family Forest,17,3.780712336447629,8,2739,20336120010478
RIP4429_Union_O3,4429,Union,3,Family Forest,5,1.111974216602244,3,43151,374861300489998
RIP4430_Suwannee_O3,4430,Suwannee,3,Family Forest,31,6.894240142933913,8,36962,289516223489998
RIP4431_Columbia_O3,4431,Columbia,3,Family Forest,27,6.0046607696521175,5,36962,289516223489998
RIP4432_Columbia_O3,4432,Columbia,3,Family Forest,6,1.3343690599226927,1,2700,20267385010478
RIP4433_Union_O3,4433,Union,3,Family Forest,1,0.2223948433204488,1,36967,289516234489998
RIP4434_Union_O3,4434,Union,3,Family Forest,6,1.3343690599226927,3,2739,20336120010478
RIP4435_Union_O3,4435,Union,3,Family Forest,6,1.3343690599226927,3,64454,638334746126144
RIP4436_Union_O3,4436,Union,3,Family Forest,1,0.2223948433204488,1,64454,638334746126144
RIP4437_Union_O3,4437,Union,3,Family Forest,1,0.2223948433204488,1,67512,718604486290487
RIP4438_Columbia_O3,4438,Columbia,3,Family Forest,12,2.6687381198453854,7,23748,173002842010854
RIP4439_Columbia_O3,4439,Columbia,3,Family Forest,1,0.2223948433204488,1,2700,20267385010478
RIP4440_Columbia_O3,4440,Columbia,3,Family Forest,1,0.2223948433204488,1,67463,718604236290487
RIP4441_Columbia_O3,4441,Columbia,3,Family Forest,4,0.8895793732817951,1,64293,638333844126144
RIP4442_Union_O3,4442,Union,3,Family Forest,1,0.2223948433204488,1,2739,20336120010478
RIP4443_Union_O3,4443,Union,3,Family Forest,2,0.4447896866408976,1,64167,635664717126144
RIP4444_Union_O3,4444,Union,3,Family Forest,3,0.6671845299613464,3,36939,289515962489998
RIP4444_Union_O7,4444,Union,7,State,1,0.2223948433204488,1,43291,374861937489998
RIP4445_Union_O3,4445,Union,3,Family Forest,8,1.7791587465635903,4,2739,20336120010478
RIP4446_Columbia_O3,4446,Columbia,3,Family Forest,2,0.4447896866408976,2,36941,289515964489998
RIP4447_Columbia_O3,4447,Columbia,3,Family Forest,4,0.8895793732817951,3,24515,176860754010854
RIP4448_Union_O7,4448,Union,7,State,1,0.2223948433204488,1,36939,289515962489998
RIP4449_Columbia_O3,4449,Columbia,3,Family Forest,1,0.2223948433204488,1,48658,448940864489998
RIP4450_Columbia_O3,4450,Columbia,3,Family Forest,1,0.2223948433204488,1,31045,218218672020004
RIP4450_Columbia_O4,4450,Columbia,4,Corporate/Other Private,3,0.6671845299613464,3,24486,176859705010854
RIP4451_Columbia_O4,4451,Columbia,4,Corporate/Other Private,9,2.001553589884039,5,64293,638333844126144
RIP4452_Suwannee_O3,4452,Suwannee,3,Family Forest,3,0.6671845299613464,1,64407,638334496126144
RIP4453_Columbia_O3,4453,Columbia,3,Family Forest,2,0.4447896866408976,2,64479,638335018126144
RIP4454_Columbia_O3,4454,Columbia,3,Family Forest,2,0.4447896866408976,2,64454,638334746126144
RIP4455_Columbia_O4,4455,Columbia,4,Corporate/Other Private,7,1.5567639032431415,3,64293,638333844126144
RIP4456_Columbia_O4,4456,Columbia,4,Corporate/Other Private,1,0.2223948433204488,1,43326,374862340489998
RIP4457_Columbia_O8,4457,Columbia,8,Local,1,0.2223948433204488,1,23748,173002842010854
RIP4458_Union_O3,4458,Union,3,Family Forest,1,0.2223948433204488,1,43151,374861300489998
RIP4459_Union_O3,4459,Union,3,Family Forest,1,0.2223948433204488,1,43151,374861300489998
RIP4460_Union_O3,4460,Union,3,Family Forest,1,0.2223948433204488,1,23748,173002842010854
RIP4461_Union_O3,4461,Union,3,Family Forest,4,0.8895793732817951,3,64483,638335132126144
RIP4462_Columbia_O3,4462,Columbia,3,Family Forest,2,0.4447896866408976,2,48596,448940355489998
RIP4463_Columbia_O3,4463,Columbia,3,Family Forest,2,0.4447896866408976,2,47617,443867435489998
RIP4464_Columbia_O4,4464,Columbia,4,Corporate/Other Private,2,0.4447896866408976,2,24486,176859705010854
RIP4464_Columbia_O8,4464,Columbia,8,Local,10,2.223948433204488,6,23748,173002842010854
RIP4465_Union_O3,4465,Union,3,Family Forest,3,0.6671845299613464,2,43151,374861300489998
RIP4466_Union_O3,4466,Union,3,Family Forest,11,2.446343276524937,6,67372,718603850290487
RIP4467_Columbia_O3,4467,Columbia,3,Family Forest,6,1.3343690599226927,4,35378,259178355010854
RIP4468_Union_O3,4468,Union,3,Family Forest,3,0.6671845299613464,2,64293,638333844126144
RIP4469_Union_O7,4469,Union,7,State,1,0.2223948433204488,1,43291,374861937489998
RIP4470_Union_O7,4470,Union,7,State,3,0.6671845299613464,3,2700,20267385010478
RIP4471_Columbia_O3,4471,Columbia,3,Family Forest,2,0.4447896866408976,2,24316,176548896010854
RIP4472_Columbia_O3,4472,Columbia,3,Family Forest,5,1.111974216602244,3,36965,289516230489998
RIP4473_Columbia_O3,4473,Columbia,3,Family Forest,20,4.447896866408976,9,64483,638335132126144
RIP4474_Union_O3,4474,Union,3,Family Forest,31,6.894240142933913,4,23748,173002842010854
RIP4475_Union_O7,4475,Union,7,State,7,1.5567639032431415,2,43291,374861937489998
RIP4476_Union_O7,4476,Union,7,State,4,0.8895793732817951,4,2700,20267385010478
RIP4477_Suwannee_O3,4477,Suwannee,3,Family Forest,16,3.5583174931271806,8,64407,638334496126144
RIP4478_Columbia_O3,4478,Columbia,3,Family Forest,5,1.111974216602244,4,36962,289516223489998
RIP4478_Columbia_O4,4478,Columbia,4,Corporate/Other Private,55,12.231716382624683,13,36736,289514938489998
RIP4479_Columbia_O3,4479,Columbia,3,Family Forest,4,0.8895793732817951,3,64479,638335018126144
RIP4479_Columbia_O4,4479,Columbia,4,Corporate/Other Private,2,0.4447896866408976,2,36736,289514938489998
RIP4479_Columbia_O8,4479,Columbia,8,Local,1,0.2223948433204488,1,48596,448940355489998
RIP4480_Union_O3,4480,Union,3,Family Forest,1,0.2223948433204488,1,36847,289515438489998
RIP4481_Union_O3,4481,Union,3,Family Forest,3,0.6671845299613464,1,43151,374861300489998
RIP4482_Union_O3,4482,Union,3,Family Forest,1,0.2223948433204488,1,24515,176860754010854
RIP4483_Union_O3,4483,Union,3,Family Forest,1,0.2223948433204488,1,64454,638334746126144
RIP4484_Columbia_O3,4484,Columbia,3,Family Forest,3,0.6671845299613464,3,13436,43855099020004
RIP4485_Columbia_O4,4485,Columbia,4,Corporate/Other Private,26,5.782265926331668,12,36962,289516223489998
RIP4486_Union_O3,4486,Union,3,Family Forest,1,0.2223948433204488,1,48636,448940596489998
RIP4487_Union_O3,4487,Union,3,Family Forest,2,0.4447896866408976,2,48668,448940993489998
RIP4488_Union_O3,4488,Union,3,Family Forest,5,1.111974216602244,2,43291,374861937489998
RIP4488_Union_O7,4488,Union,7,State,9,2.001553589884039,2,43291,374861937489998
RIP4489_Union_O7,4489,Union,7,State,65,14.455664815829172,10,43291,374861937489998
RIP4490_Suwannee_O3,4490,Suwannee,3,Family Forest,6,1.3343690599226927,3,48592,448940348489998
RIP4491_Columbia_O3,4491,Columbia,3,Family Forest,4,0.8895793732817951,4,36962,289516223489998
RIP4492_Union_O3,4492,Union,3,Family Forest,1,0.2223948433204488,1,64454,638334746126144
RIP4493_Union_O3,4493,Union,3,Family Forest,2,0.4447896866408976,2,23748,173002842010854
RIP4494_Union_O3,4494,Union,3,Family Forest,1,0.2223948433204488,1,23748,173002842010854
RIP4495_Columbia_O3,4495,Columbia,3,Family Forest,3,0.6671845299613464,3,13432,43854936020004
RIP4496_Union_O3,4496,Union,3,Family Forest,1,0.2223948433204488,1,48658,448940864489998
RIP4497_Union_O3,4497,Union,3,Family Forest,1,0.2223948433204488,1,36823,289515330489998
RIP4498_Union_O3,4498,Union,3,Family Forest,2,0.4447896866408976,2,23748,173002842010854
RIP4499_Union_O3,4499,Union,3,Family Forest,4,0.8895793732817951,4,43151,374861300489998
RIP4500_Columbia_O3,4500,Columbia,3,Family Forest,2,0.4447896866408976,2,36965,289516230489998
RIP4501_Union_O3,4501,Union,3,Family Forest,2,0.4447896866408976,2,23748,173002842010854
RIP4502_Union_O3,4502,Union,3,Family Forest,45,10.007767949420195,10,67372,718603850290487
RIP4503_Union_O3,4503,Union,3,Family Forest,6,1.3343690599226927,3,24316,176548896010854
RIP4504_Suwannee_O3,4504,Suwannee,3,Family Forest,10,2.223948433204488,6,36962,289516223489998
RIP4505_Columbia_O3,4505,Columbia,3,Family Forest,2,0.4447896866408976,2,48596,448940355489998
RIP4506_Union_O3,4506,Union,3,Family Forest,4,0.8895793732817951,2,43151,374861300489998
RIP4507_Columbia_O4,4507,Columbia,4,Corporate/Other Private,2,0.4447896866408976,2,64479,638335018126144
RIP4508_Columbia_O4,4508,Columbia,4,Corporate/Other Private,4,0.8895793732817951,3,36962,289516223489998
RIP4509_Columbia_O3,4509,Columbia,3,Family Forest,1,0.2223948433204488,1,64479,638335018126144
RIP4510_Columbia_O3,4510,Columbia,3,Family Forest,32,7.116634986254361,10,35378,259178355010854
RIP4511_Union_O7,4511,Union,7,State,14,3.113527806486283,3,50098,451136592489998
RIP4512_Columbia_O3,4512,Columbia,3,Family Forest,1,0.2223948433204488,1,48596,448940355489998
RIP4513_Union_O3,4513,Union,3,Family Forest,1,0.2223948433204488,1,67512,718604486290487
RIP4514_Suwannee_O3,4514,Suwannee,3,Family Forest,2,0.4447896866408976,2,35378,259178355010854
RIP4515_Suwannee_O3,4515,Suwannee,3,Family Forest,13,2.891132963165834,4,36962,289516223489998
RIP4516_Columbia_O3,4516,Columbia,3,Family Forest,1,0.2223948433204488,1,67475,718604294290487
RIP4517_Suwannee_O3,4517,Suwannee,3,Family Forest,2,0.4447896866408976,1,48592,448940348489998
RIP4518_Suwannee_O3,4518,Suwannee,3,Family Forest,1,0.2223948433204488,1,48592,448940348489998
RIP4519_Union_O3,4519,Union,3,Family Forest,1,0.2223948433204488,1,43151,374861300489998
RIP4520_Suwannee_O3,4520,Suwannee,3,Family Forest,1,0.2223948433204488,1,48658,448940864489998
RIP4521_Columbia_O3,4521,Columbia,3,Family Forest,2,0.4447896866408976,2,35378,259178355010854
RIP4522_Union_O3,4522,Union,3,Family Forest,35,7.783819516215708,7,43151,374861300489998
RIP4523_Union_O3,4523,Union,3,Family Forest,7,1.5567639032431415,4,43151,374861300489998
RIP4524_Columbia_O3,4524,Columbia,3,Family Forest,1,0.2223948433204488,1,36962,289516223489998
RIP4525_Union_O7,4525,Union,7,State,5,1.111974216602244,2,43291,374861937489998
RIP4526_Suwannee_O3,4526,Suwannee,3,Family Forest,4,0.8895793732817951,4,2718,20303487010478
RIP4527_Suwannee_O3,4527,Suwannee,3,Family Forest,1,0.2223948433204488,1,36962,289516223489998
RIP4528_Union_O3,4528,Union,3,Family Forest,5,1.111974216602244,4,67538,718604885290487
RIP4529_Union_O7,4529,Union,7,State,5,1.111974216602244,2,36939,289515962489998
RIP4530_Union_O7,4530,Union,7,State,6,1.3343690599226927,4,43291,374861937489998
RIP4531_Union_O7,4531,Union,7,State,4,0.8895793732817951,2,36939,289515962489998
RIP4532_Union_O3,4532,Union,3,Family Forest,5,1.111974216602244,2,43151,374861300489998
RIP4533_Union_O3,4533,Union,3,Family Forest,34,7.561424672895258,9,43054,374860913489998
RIP4534_Suwannee_O3,4534,Suwannee,3,Family Forest,1,0.2223948433204488,1,53774,484311003489998
RIP4535_Columbia_O4,4535,Columbia,4,Corporate/Other Private,2,0.4447896866408976,2,36932,289515944489998
RIP4536_Union_O3,4536,Union,3,Family Forest,2,0.4447896866408976,2,23748,173002842010854
RIP4537_Union_O7,4537,Union,7,State,1,0.2223948433204488,1,13447,43855332020004
RIP4538_Union_O3,4538,Union,3,Family Forest,1,0.2223948433204488,1,67372,718603850290487
RIP4539_Union_O7,4539,Union,7,State,2,0.4447896866408976,2,16549,61280243010478
RIP4540_Suwannee_O3,4540,Suwannee,3,Family Forest,2,0.4447896866408976,1,48658,448940864489998
RIP4541_Columbia_O4,4541,Columbia,4,Corporate/Other Private,2,0.4447896866408976,2,2739,20336120010478
RIP4542_Union_O3,4542,Union,3,Family Forest,3,0.6671845299613464,3,23748,173002842010854
RIP4543_Union_O3,4543,Union,3,Family Forest,3,0.6671845299613464,2,43151,374861300489998
RIP4544_Union_O3,4544,Union,3,Family Forest,4,0.8895793732817951,3,64454,638334746126144
RIP4545_Union_O7,4545,Union,7,State,1,0.2223948433204488,1,36939,289515962489998
RIP4546_Union_O7,4546,Union,7,State,5,1.111974216602244,3,50098,451136592489998
RIP4547_Suwannee_O3,4547,Suwannee,3,Family Forest,2,0.4447896866408976,2,23748,173002842010854
RIP4548_Union_O3,4548,Union,3,Family Forest,7,1.5567639032431415,2,43151,374861300489998
RIP4549_Union_O3,4549,Union,3,Family Forest,1,0.2223948433204488,1,36939,289515962489998
RIP4550_Union_O7,4550,Union,7,State,8,1.7791587465635903,3,67512,718604486290487
RIP4551_Union_O7,4551,Union,7,State,5,1.111974216602244,3,48525,448939977489998
RIP4552_Columbia_O4,4552,Columbia,4,Corporate/Other Private,13,2.891132963165834,6,67427,718604085290487
RIP4553_Union_O3,4553,Union,3,Family Forest,4,0.8895793732817951,2,23748,173002842010854
RIP4554_Union_O3,4554,Union,3,Family Forest,94,20.905115272122185,16,2739,20336120010478
RIP4555_Union_O3,4555,Union,3,Family Forest,17,3.780712336447629,6,23748,173002842010854
RIP4556_Suwannee_O3,4556,Suwannee,3,Family Forest,4,0.8895793732817951,3,2700,20267385010478
RIP4557_Union_O3,4557,Union,3,Family Forest,2,0.4447896866408976,2,23748,173002842010854
RIP4558_Union_O3,4558,Union,3,Family Forest,2,0.4447896866408976,1,48566,448940190489998
RIP4559_Union_O3,4559,Union,3,Family Forest,1,0.2223948433204488,1,43151,374861300489998
RIP4560_Columbia_O3,4560,Columbia,3,Family Forest,3,0.6671845299613464,3,36965,289516230489998
RIP4561_Suwannee_O3,4561,Suwannee,3,Family Forest,37,8.228609202856605,13,36962,289516223489998
RIP4562_Columbia_O3,4562,Columbia,3,Family Forest,16,3.5583174931271806,3,36736,289514938489998
RIP4562_Columbia_O4,4562,Columbia,4,Corporate/Other Private,10,2.223948433204488,3,36736,289514938489998
RIP4563_Union_O3,4563,Union,3,Family Forest,12,2.6687381198453854,9,2739,20336120010478
RIP4564_Union_O3,4564,Union,3,Family Forest,13,2.891132963165834,5,36823,289515330489998
RIP4565_Union_O3,4565,Union,3,Family Forest,1,0.2223948433204488,1,24316,176548896010854
RIP4566_Union_O3,4566,Union,3,Family Forest,2,0.4447896866408976,1,43151,374861300489998
RIP4567_Union_O3,4567,Union,3,Family Forest,23,5.115081396370322,7,67372,718603850290487
RIP4568_Suwannee_O3,4568,Suwannee,3,Family Forest,7,1.5567639032431415,4,36962,289516223489998
RIP4568_Suwannee_O4,4568,Suwannee,4,Corporate/Other Private,5,1.111974216602244,3,43193,374861498489998
RIP4569_Union_O3,4569,Union,3,Family Forest,2,0.4447896866408976,2,43151,374861300489998
RIP4570_Columbia_O3,4570,Columbia,3,Family Forest,1,0.2223948433204488,1,24515,176860754010854
RIP4571_Columbia_O4,4571,Columbia,4,Corporate/Other Private,8,1.7791587465635903,4,36962,289516223489998
RIP4572_Columbia_O3,4572,Columbia,3,Family Forest,4,0.8895793732817951,3,36962,289516223489998
RIP4573_Union_O3,4573,Union,3,Family Forest,2,0.4447896866408976,2,23748,173002842010854
RIP4574_Union_O3,4574,Union,3,Family Forest,12,2.6687381198453854,6,23748,173002842010854
RIP4575_Union_O3,4575,Union,3,Family Forest,1,0.2223948433204488,1,23748,173002842010854
RIP4576_Union_O7,4576,Union,7,State,2,0.4447896866408976,2,2739,20336120010478
RIP4577_Columbia_O3,4577,Columbia,3,Family Forest,10,2.223948433204488,4,31045,218218672020004
RIP4578_Columbia_O4,4578,Columbia,4,Corporate/Other Private,31,6.894240142933913,4,36962,289516223489998
RIP4579_Union_O3,4579,Union,3,Family Forest,2,0.4447896866408976,2,23748,173002842010854
RIP4580_Union_O3,4580,Union,3,Family Forest,2,0.4447896866408976,1,43151,374861300489998
RIP4581_Union_O3,4581,Union,3,Family Forest,37,8.228609202856605,8,23748,173002842010854
RIP4582_Union_O3,4582,Union,3,Family Forest,12,2.6687381198453854,9,2700,20267385010478
RIP4582_Union_O4,4582,Union,4,Corporate/Other Private,1,0.2223948433204488,1,67475,718604294290487
RIP4583_Union_O3,4583,Union,3,Family Forest,2,0.4447896866408976,2,23748,173002842010854
RIP4584_Union_O7,4584,Union,7,State,1,0.2223948433204488,1,43291,374861937489998
RIP4585_Union_O7,4585,Union,7,State,5,1.111974216602244,3,43294,374861940489998
RIP4586_Columbia_O4,4586,Columbia,4,Corporate/Other Private,5,1.111974216602244,4,48636,448940596489998
RIP4587_Union_O3,4587,Union,3,Family Forest,1,0.2223948433204488,1,43151,374861300489998
RIP4588_Union_O7,4588,Union,7,State,2,0.4447896866408976,2,50098,451136592489998
RIP4589_Union_O3,4589,Union,3,Family Forest,2,0.4447896866408976,2,48672,448941001489998
RIP4590_Union_O3,4590,Union,3,Family Forest,5,1.111974216602244,2,43151,374861300489998
RIP4591_Columbia_O4,4591,Columbia,4,Corporate/Other Private,3,0.6671845299613464,3,2700,20267385010478
RIP4592_Union_O7,4592,Union,7,State,1,0.2223948433204488,1,67512,718604486290487
RIP4593_Union_O3,4593,Union,3,Family Forest,6,1.3343690599226927,6,48596,448940355489998
RIP4594_Union_O7,4594,Union,7,State,2,0.4447896866408976,2,50098,451136592489998
RIP4595_Union_O3,4595,Union,3,Family Forest,9,2.001553589884039,4,64167,635664717126144
RIP4596_Suwannee_O3,4596,Suwannee,3,Family Forest,3,0.6671845299613464,2,2700,20267385010478
RIP4597_Columbia_O7,4597,Columbia,7,State,1,0.2223948433204488,1,35378,259178355010854
RIP4598_Columbia_O3,4598,Columbia,3,Family Forest,2,0.4447896866408976,1,2739,20336120010478
RIP4598_Columbia_O4,4598,Columbia,4,Corporate/Other Private,3,0.6671845299613464,1,2739,20336120010478
RIP4598_Union_O3,4598,Union,3,Family Forest,29,6.449450456293015,8,2739,20336120010478
RIP4598_Union_O4,4598,Union,4,Corporate/Other Private,15,3.335922649806732,4,2739,20336120010478
RIP4599_Union_O3,4599,Union,3,Family Forest,2,0.4447896866408976,1,64293,638333844126144
RIP4600_Union_O3,4600,Union,3,Family Forest,11,2.446343276524937,7,36939,289515962489998
RIP4601_Columbia_O3,4601,Columbia,3,Family Forest,1,0.2223948433204488,1,64479,638335018126144
RIP4601_Columbia_O4,4601,Columbia,4,Corporate/Other Private,5,1.111974216602244,5,2700,20267385010478
RIP4602_Columbia_O3,4602,Columbia,3,Family Forest,6,1.3343690599226927,6,2700,20267385010478
RIP4603_Union_O3,4603,Union,3,Family Forest,1,0.2223948433204488,1,23748,173002842010854
RIP4604_Union_O3,4604,Union,3,Family Forest,1,0.2223948433204488,1,2700,20267385010478
RIP4605_Union_O3,4605,Union,3,Family Forest,1,0.2223948433204488,1,36823,289515330489998
RIP4606_Columbia_O7,4606,Columbia,7,State,1,0.2223948433204488,1,45047,385730105489998
RIP4607_Columbia_O4,4607,Columbia,4,Corporate/Other Private,2,0.4447896866408976,2,64454,638334746126144
RIP4608_Union_O3,4608,Union,3,Family Forest,7,1.5567639032431415,5,43151,374861300489998
RIP4609_Union_O3,4609,Union,3,Family Forest,2,0.4447896866408976,2,43151,374861300489998
RIP4610_Union_O3,4610,Union,3,Family Forest,1,0.2223948433204488,1,23748,173002842010854
RIP4611_Columbia_O3,4611,Columbia,3,Family Forest,10,2.223948433204488,6,36896,289515723489998
RIP4612_Union_O7,4612,Union,7,State,4,0.8895793732817951,3,43291,374861937489998
RIP4613_Union_O3,4613,Union,3,Family Forest,7,1.5567639032431415,2,64454,638334746126144
RIP4614_Union_O3,4614,Union,3,Family Forest,2,0.4447896866408976,2,36736,289514938489998
RIP4615_Union_O3,4615,Union,3,Family Forest,5,1.111974216602244,3,36939,289515962489998
RIP4616_Union_O3,4616,Union,3,Family Forest,2,0.4447896866408976,2,23748,173002842010854
RIP4617_Union_O3,4617,Union,3,Family Forest,12,2.6687381198453854,3,23748,173002842010854
RIP4618_Union_O3,4618,Union,3,Family Forest,4,0.8895793732817951,2,43326,374862340489998
RIP4619_Columbia_O3,4619,Columbia,3,Family Forest,23,5.115081396370322,11,48596,448940355489998
RIP4619_Columbia_O4,4619,Columbia,4,Corporate/Other Private,3,0.6671845299613464,3,13436,43855099020004
RIP4620_Union_O3,4620,Union,3,Family Forest,1,0.2223948433204488,1,13436,43855099020004
RIP4621_Union_O3,4621,Union,3,Family Forest,47,10.452557636061092,7,43151,374861300489998
RIP4622_Union_O3,4622,Union,3,Family Forest,1,0.2223948433204488,1,43151,374861300489998
RIP4623_Columbia_O4,4623,Columbia,4,Corporate/Other Private,1,0.2223948433204488,1,36962,289516223489998
RIP4624_Union_O7,4624,Union,7,State,2,0.4447896866408976,1,64479,638335018126144
RIP4625_Columbia_O4,4625,Columbia,4,Corporate/Other Private,23,5.115081396370322,4,36962,289516223489998
RIP4626_Union_O3,4626,Union,3,Family Forest,1,0.2223948433204488,1,64479,638335018126144
RIP4627_Union_O3,4627,Union,3,Family Forest,2,0.4447896866408976,2,23748,173002842010854
RIP4628_Union_O3,4628,Union,3,Family Forest,3,0.6671845299613464,3,36941,289515964489998
RIP4629_Union_O3,4629,Union,3,Family Forest,2,0.4447896866408976,2,43151,374861300489998
RIP4630_Union_O3,4630,Union,3,Family Forest,4,0.8895793732817951,3,36962,289516223489998
RIP4631_Columbia_O3,4631,Columbia,3,Family Forest,3,0.6671845299613464,3,35378,259178355010854
RIP4632_Columbia_O4,4632,Columbia,4,Corporate/Other Private,1,0.2223948433204488,1,48596,448940355489998
RIP4633_Columbia_O3,4633,Columbia,3,Family Forest,4,0.8895793732817951,3,31045,218218672020004
RIP4634_Union_O3,4634,Union,3,Family Forest,3,0.6671845299613464,2,23748,173002842010854
RIP4635_Union_O3,4635,Union,3,Family Forest,2,0.4447896866408976,2,23748,173002842010854
RIP4636_Union_O3,4636,Union,3,Family Forest,4,0.8895793732817951,3,43151,374861300489998
RIP4637_Union_O3,4637,Union,3,Family Forest,6,1.3343690599226927,4,43151,374861300489998
RIP4638_Columbia_O4,4638,Columbia,4,Corporate/Other Private,5,1.111974216602244,3,36965,289516230489998
RIP4639_Union_O3,4639,Union,3,Family Forest,3,0.6671845299613464,2,43151,374861300489998
RIP4640_Columbia_O3,4640,Columbia,3,Family Forest,1,0.2223948433204488,1,43225,374861608489998
RIP4641_Union_O3,4641,Union,3,Family Forest,3,0.6671845299613464,3,43151,374861300489998
RIP4642_Union_O3,4642,Union,3,Family Forest,1,0.2223948433204488,1,43151,374861300489998
RIP4643_Union_O3,4643,Union,3,Family Forest,4,0.8895793732817951,3,43151,374861300489998
RIP4644_Suwannee_O3,4644,Suwannee,3,Family Forest,55,12.231716382624683,9,36736,289514938489998
RIP4645_Union_O3,4645,Union,3,Family Forest,5,1.111974216602244,1,43151,374861300489998
RIP4646_Columbia_O3,4646,Columbia,3,Family Forest,5,1.111974216602244,2,36962,289516223489998
RIP4647_Columbia_O3,4647,Columbia,3,Family Forest,21,4.670291709729424,6,36962,289516223489998
RIP4648_Union_O3,4648,Union,3,Family Forest,2,0.4447896866408976,2,23748,173002842010854
RIP4649_Columbia_O3,4649,Columbia,3,Family Forest,7,1.5567639032431415,4,36962,289516223489998
RIP4650_Columbia_O3,4650,Columbia,3,Family Forest,3,0.6671845299613464,3,35378,259178355010854
RIP4651_Union_O7,4651,Union,7,State,33,7.33902982957481,4,36939,289515962489998
RIP4652_Columbia_O4,4652,Columbia,4,Corporate/Other Private,1,0.2223948433204488,1,67475,718604294290487
RIP4653_Columbia_O3,4653,Columbia,3,Family Forest,1,0.2223948433204488,1,64479,638335018126144
RIP4654_Columbia_O4,4654,Columbia,4,Corporate/Other Private,2,0.4447896866408976,1,67427,718604085290487
RIP4655_Union_O3,4655,Union,3,Family Forest,14,3.113527806486283,11,48658,448940864489998
RIP4655_Union_O4,4655,Union,4,Corporate/Other Private,2,0.4447896866408976,2,36736,289514938489998
RIP4656_Union_O3,4656,Union,3,Family Forest,4,0.8895793732817951,2,23748,173002842010854
RIP4657_Union_O3,4657,Union,3,Family Forest,1,0.2223948433204488,1,23748,173002842010854
RIP4658_Columbia_O3,4658,Columbia,3,Family Forest,1,0.2223948433204488,1,67427,718604085290487
RIP4659_Columbia_O3,4659,Columbia,3,Family Forest,7,1.5567639032431415,3,36962,289516223489998
RIP4660_Union_O3,4660,Union,3,Family Forest,2,0.4447896866408976,1,23748,173002842010854
RIP4661_Union_O3,4661,Union,3,Family Forest,1,0.2223948433204488,1,43151,374861300489998
RIP4662_Union_O3,4662,Union,3,Family Forest,3,0.6671845299613464,2,64454,638334746126144
RIP4663_Union_O3,4663,Union,3,Family Forest,2,0.4447896866408976,2,23748,173002842010854
RIP4664_Union_O3,4664,Union,3,Family Forest,1,0.2223948433204488,1,43326,374862340489998
RIP4665_Union_O3,4665,Union,3,Family Forest,2,0.4447896866408976,2,36927,289515931489998
RIP4666_Union_O3,4666,Union,3,Family Forest,3,0.6671845299613464,2,64293,638333844126144
RIP4667_Union_O3,4667,Union,3,Family Forest,2,0.4447896866408976,1,48658,448940864489998
RIP4668_Union_O3,4668,Union,3,Family Forest,12,2.6687381198453854,1,43151,374861300489998
RIP4669_Union_O3,4669,Union,3,Family Forest,10,2.223948433204488,4,13447,43855332020004
RIP4670_Union_O3,4670,Union,3,Family Forest,23,5.115081396370322,5,43151,374861300489998
RIP4671_Columbia_O3,4671,Columbia,3,Family Forest,11,2.446343276524937,7,35378,259178355010854
RIP4672_Columbia_O3,4672,Columbia,3,Family Forest,33,7.33902982957481,9,36962,289516223489998
RIP4673_Union_O3,4673,Union,3,Family Forest,1,0.2223948433204488,1,23748,173002842010854
RIP4674_Union_O3,4674,Union,3,Family Forest,2,0.4447896866408976,2,36939,289515962489998
RIP4675_Columbia_O4,4675,Columbia,4,Corporate/Other Private,2,0.4447896866408976,2,35378,259178355010854
RIP4676_Union_O3,4676,Union,3,Family Forest,1,0.2223948433204488,1,43151,374861300489998
RIP4677_Union_O3,4677,Union,3,Family Forest,3,0.6671845299613464,1,23748,173002842010854
RIP4678_Union_O3,4678,Union,3,Family Forest,2,0.4447896866408976,2,43151,374861300489998
RIP4679_Columbia_O3,4679,Columbia,3,Family Forest,2,0.4447896866408976,1,36736,289514938489998
RIP4680_Union_O3,4680,Union,3,Family Forest,1,0.2223948433204488,1,48658,448940864489998
RIP4680_Union_O4,4680,Union,4,Corporate/Other Private,1,0.2223948433204488,1,45047,385730105489998
RIP4681_Union_O3,4681,Union,3,Family Forest,5,1.111974216602244,4,64454,638334746126144
RIP4682_Union_O3,4682,Union,3,Family Forest,2,0.4447896866408976,2,43151,374861300489998
RIP4683_Columbia_O4,4683,Columbia,4,Corporate/Other Private,5,1.111974216602244,3,67427,718604085290487
RIP4683_Union_O3,4683,Union,3,Family Forest,17,3.780712336447629,3,67427,718604085290487
RIP4683_Union_O4,4683,Union,4,Corporate/Other Private,10,2.223948433204488,3,67427,718604085290487
RIP4684_Union_O3,4684,Union,3,Family Forest,17,3.780712336447629,7,2739,20336120010478
RIP4685_Union_O3,4685,Union,3,Family Forest,1,0.2223948433204488,1,67541,718604892290487
RIP4686_Union_O3,4686,Union,3,Family Forest,1,0.2223948433204488,1,64167,635664717126144
RIP4687_Union_O3,4687,Union,3,Family Forest,10,2.223948433204488,5,64479,638335018126144
RIP4688_Columbia_O3,4688,Columbia,3,Family Forest,9,2.001553589884039,6,35378,259178355010854
RIP4689_Union_O3,4689,Union,3,Family Forest,1,0.2223948433204488,1,43151,374861300489998
RIP4689_Union_O4,4689,Union,4,Corporate/Other Private,1,0.2223948433204488,1,43151,374861300489998
RIP4690_Union_O3,4690,Union,3,Family Forest,1,0.2223948433204488,1,64454,638334746126144
RIP4691_Union_O3,4691,Union,3,Family Forest,3,0.6671845299613464,3,43326,374862340489998
RIP4692_Union_O7,4692,Union,7,State,2,0.4447896866408976,2,43291,374861937489998
RIP4693_Union_O3,4693,Union,3,Family Forest,6,1.3343690599226927,2,23748,173002842010854
RIP4694_Union_O7,4694,Union,7,State,1,0.2223948433204488,1,67512,718604486290487
RIP4695_Columbia_O4,4695,Columbia,4,Corporate/Other Private,2,0.4447896866408976,2,24515,176860754010854
RIP4696_Union_O3,4696,Union,3,Family Forest,2,0.4447896866408976,2,23748,173002842010854
RIP4697_Union_O3,4697,Union,3,Family Forest,1,0.2223948433204488,1,23748,173002842010854
RIP4698_Columbia_O4,4698,Columbia,4,Corporate/Other Private,5,1.111974216602244,3,35378,259178355010854
RIP4698_Columbia_O7,4698,Columbia,7,State,1,0.2223948433204488,1,67475,718604294290487
RIP4699_Columbia_O3,4699,Columbia,3,Family Forest,5,1.111974216602244,4,23748,173002842010854
RIP4700_Union_O3,4700,Union,3,Family Forest,5,1.111974216602244,4,64483,638335132126144
RIP4701_Union_O3,4701,Union,3,Family Forest,3,0.6671845299613464,2,43151,374861300489998
RIP4702_Union_O3,4702,Union,3,Family Forest,5,1.111974216602244,2,43151,374861300489998
RIP4703_Union_O3,4703,Union,3,Family Forest,4,0.8895793732817951,3,23748,173002842010854
RIP4704_Union_O3,4704,Union,3,Family Forest,2,0.4447896866408976,1,43151,374861300489998
RIP4705_Union_O3,4705,Union,3,Family Forest,8,1.7791587465635903,7,67372,718603850290487
RIP4706_Union_O7,4706,Union,7,State,6,1.3343690599226927,4,2739,20336120010478
RIP4707_Union_O3,4707,Union,3,Family Forest,2,0.4447896866408976,1,43151,374861300489998
RIP4708_Union_O7,4708,Union,7,State,5,1.111974216602244,2,43291,374861937489998
RIP4709_Columbia_O4,4709,Columbia,4,Corporate/Other Private,1,0.2223948433204488,1,67372,718603850290487
RIP4710_Union_O3,4710,Union,3,Family Forest,1,0.2223948433204488,1,67372,718603850290487
RIP4711_Union_O3,4711,Union,3,Family Forest,1,0.2223948433204488,1,64167,635664717126144
RIP4712_Union_O3,4712,Union,3,Family Forest,5,1.111974216602244,3,43151,374861300489998
RIP4713_Columbia_O4,4713,Columbia,4,Corporate/Other Private,4,0.8895793732817951,4,67372,718603850290487
RIP4714_Columbia_O3,4714,Columbia,3,Family Forest,29,6.449450456293015,4,67427,718604085290487
RIP4715_Union_O3,4715,Union,3,Family Forest,16,3.5583174931271806,3,43151,374861300489998
RIP4716_Union_O3,4716,Union,3,Family Forest,2,0.4447896866408976,2,23748,173002842010854
RIP4717_Union_O3,4717,Union,3,Family Forest,20,4.447896866408976,2,23748,173002842010854
RIP4718_Union_O3,4718,Union,3,Family Forest,1,0.2223948433204488,1,23748,173002842010854
RIP4719_Union_O3,4719,Union,3,Family Forest,1,0.2223948433204488,1,64454,638334746126144
RIP4720_Union_O3,4720,Union,3,Family Forest,1,0.2223948433204488,1,23748,173002842010854
RIP4721_Union_O3,4721,Union,3,Family Forest,5,1.111974216602244,2,23748,173002842010854
RIP4722_Columbia_O3,4722,Columbia,3,Family Forest,7,1.5567639032431415,4,24486,176859705010854
RIP4723_Columbia_O3,4723,Columbia,3,Family Forest,8,1.7791587465635903,7,67427,718604085290487
RIP4724_Union_O3,4724,Union,3,Family Forest,3,0.6671845299613464,2,48672,448941001489998
RIP4725_Union_O3,4725,Union,3,Family Forest,2,0.4447896866408976,2,48636,448940596489998
RIP4726_Union_O3,4726,Union,3,Family Forest,1,0.2223948433204488,1,64407,638334496126144
RIP4727_Union_O7,4727,Union,7,State,8,1.7791587465635903,2,43291,374861937489998
RIP4728_Union_O7,4728,Union,7,State,2,0.4447896866408976,1,67512,718604486290487
RIP4729_Union_O3,4729,Union,3,Family Forest,1,0.2223948433204488,1,64483,638335132126144
RIP4730_Union_O3,4730,Union,3,Family Forest,6,1.3343690599226927,4,23748,173002842010854
RIP4731_Union_O7,4731,Union,7,State,4,0.8895793732817951,1,13447,43855332020004
RIP4732_Columbia_O3,4732,Columbia,3,Family Forest,7,1.5567639032431415,4,48658,448940864489998
RIP4733_Columbia_O3,4733,Columbia,3,Family Forest,5,1.111974216602244,3,35378,259178355010854
RIP4734_Union_O3,4734,Union,3,Family Forest,24,5.337476239690771,9,64454,638334746126144
RIP4735_Union_O3,4735,Union,3,Family Forest,2,0.4447896866408976,2,43151,374861300489998
RIP4736_Union_O3,4736,Union,3,Family Forest,7,1.5567639032431415,2,23748,173002842010854
RIP4737_Union_O3,4737,Union,3,Family Forest,5,1.111974216602244,3,23748,173002842010854
RIP4738_Union_O3,4738,Union,3,Family Forest,75,16.679613249033657,14,36939,289515962489998
RIP4738_Union_O4,4738,Union,4,Corporate/Other Private,1,0.2223948433204488,1,48596,448940355489998
RIP4739_Union_O7,4739,Union,7,State,2,0.4447896866408976,2,13447,43855332020004
RIP4740_Union_O3,4740,Union,3,Family Forest,4,0.8895793732817951,3,36736,289514938489998
RIP4741_Union_O3,4741,Union,3,Family Forest,17,3.780712336447629,5,43151,374861300489998
RIP4742_Union_O3,4742,Union,3,Family Forest,1,0.2223948433204488,1,43151,374861300489998
RIP4743_Suwannee_O4,4743,Suwannee,4,Corporate/Other Private,1,0.2223948433204488,1,24515,176860754010854
RIP4744_Columbia_O4,4744,Columbia,4,Corporate/Other Private,7,1.5567639032431415,4,36939,289515962489998
RIP4745_Union_O3,4745,Union,3,Family Forest,1,0.2223948433204488,1,43151,374861300489998
RIP4746_Union_O3,4746,Union,3,Family Forest,1,0.2223948433204488,1,43151,374861300489998
RIP4747_Columbia_O3,4747,Columbia,3,Family Forest,10,2.223948433204488,6,67475,718604294290487
RIP4748_Union_O3,4748,Union,3,Family Forest,1,0.2223948433204488,1,23748,173002842010854
RIP4749_Columbia_O4,4749,Columbia,4,Corporate/Other Private,5,1.111974216602244,2,36736,289514938489998
RIP4749_Union_O3,4749,Union,3,Family Forest,21,4.670291709729424,5,67427,718604085290487
RIP4749_Union_O4,4749,Union,4,Corporate/Other Private,14,3.113527806486283,3,67427,718604085290487
RIP4750_Union_O3,4750,Union,3,Family Forest,2,0.4447896866408976,2,23748,173002842010854
RIP4751_Suwannee_O3,4751,Suwannee,3,Family Forest,10,2.223948433204488,3,36736,289514938489998
RIP4752_Columbia_O3,4752,Columbia,3,Family Forest,57,12.676506069265582,9,35378,259178355010854
RIP4753_Union_O3,4753,Union,3,Family Forest,6,1.3343690599226927,2,43151,374861300489998
RIP4754_Union_O3,4754,Union,3,Family Forest,1,0.2223948433204488,1,67372,718603850290487
RIP4755_Union_O3,4755,Union,3,Family Forest,1,0.2223948433204488,1,23748,173002842010854
RIP4756_Union_O3,4756,Union,3,Family Forest,10,2.223948433204488,4,43151,374861300489998
RIP4757_Union_O7,4757,Union,7,State,1,0.2223948433204488,1,35385,259178448010854
RIP4758_Union_O3,4758,Union,3,Family Forest,5,1.111974216602244,2,23748,173002842010854
RIP4759_Union_O3,4759,Union,3,Family Forest,1,0.2223948433204488,1,23748,173002842010854
RIP4760_Suwannee_O3,4760,Suwannee,3,Family Forest,16,3.5583174931271806,8,36736,289514938489998
RIP4761_Union_O3,4761,Union,3,Family Forest,1,0.2223948433204488,1,43151,374861300489998
RIP4762_Union_O3,4762,Union,3,Family Forest,11,2.446343276524937,3,23748,173002842010854
RIP4763_Columbia_O3,4763,Columbia,3,Family Forest,2,0.4447896866408976,2,36736,289514938489998
RIP4764_Union_O3,4764,Union,3,Family Forest,1,0.2223948433204488,1,23748,173002842010854
RIP4765_Union_O3,4765,Union,3,Family Forest,1,0.2223948433204488,1,43151,374861300489998
RIP4766_Union_O3,4766,Union,3,Family Forest,1,0.2223948433204488,1,43294,374861940489998
RIP4767_Columbia_O3,4767,Columbia,3,Family Forest,33,7.33902982957481,8,36736,289514938489998
RIP4768_Union_O3,4768,Union,3,Family Forest,1,0.2223948433204488,1,43151,374861300489998
RIP4769_Union_O3,4769,Union,3,Family Forest,1,0.2223948433204488,1,23748,173002842010854
RIP4770_Columbia_O4,4770,Columbia,4,Corporate/Other Private,3,0.6671845299613464,2,67513,718604487290487
RIP4771_Columbia_O3,4771,Columbia,3,Family Forest,18,4.003107179768078,7,67427,718604085290487
RIP4772_Union_O3,4772,Union,3,Family Forest,7,1.5567639032431415,4,23748,173002842010854
RIP4773_Union_O3,4773,Union,3,Family Forest,1,0.2223948433204488,1,43151,374861300489998
RIP4774_Union_O3,4774,Union,3,Family Forest,1,0.2223948433204488,1,67372,718603850290487
RIP4775_Union_O3,4775,Union,3,Family Forest,1,0.2223948433204488,1,36823,289515330489998
RIP4776_Union_O3,4776,Union,3,Family Forest,7,1.5567639032431415,3,23748,173002842010854
RIP4777_Union_O3,4777,Union,3,Family Forest,1,0.2223948433204488,1,67512,718604486290487
RIP4778_Suwannee_O3,4778,Suwannee,3,Family Forest,1,0.2223948433204488,1,45047,385730105489998
RIP4779_Columbia_O4,4779,Columbia,4,Corporate/Other Private,3,0.6671845299613464,3,36932,289515944489998
RIP4780_Union_O3,4780,Union,3,Family Forest,3,0.6671845299613464,3,23748,173002842010854
RIP4781_Union_O3,4781,Union,3,Family Forest,5,1.111974216602244,3,23748,173002842010854
RIP4782_Columbia_O4,4782,Columbia,4,Corporate/Other Private,1,0.2223948433204488,1,67378,718603881290487
RIP4783_Union_O3,4783,Union,3,Family Forest,24,5.337476239690771,3,43151,374861300489998
RIP4784_Union_O3,4784,Union,3,Family Forest,9,2.001553589884039,6,43151,374861300489998
RIP4785_Union_O3,4785,Union,3,Family Forest,1,0.2223948433204488,1,64454,638334746126144
RIP4786_Union_O3,4786,Union,3,Family Forest,7,1.5567639032431415,4,23748,173002842010854
RIP4787_Columbia_O4,4787,Columbia,4,Corporate/Other Private,1,0.2223948433204488,1,2718,20303487010478
RIP4788_Union_O3,4788,Union,3,Family Forest,2,0.4447896866408976,2,23748,173002842010854
RIP4789_Union_O3,4789,Union,3,Family Forest,1,0.2223948433204488,1,67541,718604892290487
RIP4790_Union_O3,4790,Union,3,Family Forest,1,0.2223948433204488,1,23748,173002842010854
RIP4791_Columbia_O3,4791,Columbia,3,Family Forest,13,2.891132963165834,4,36962,289516223489998
RIP4791_Columbia_O7,4791,Columbia,7,State,1,0.2223948433204488,1,35379,259178358010854
RIP4792_Columbia_O3,4792,Columbia,3,Family Forest,5,1.111974216602244,3,35379,259178358010854
RIP4793_Union_O3,4793,Union,3,Family Forest,11,2.446343276524937,6,48658,448940864489998
RIP4794_Suwannee_O3,4794,Suwannee,3,Family Forest,6,1.3343690599226927,5,36736,289514938489998
RIP4795_Columbia_O3,4795,Columbia,3,Family Forest,40,8.895793732817951,11,36962,289516223489998
RIP4795_Columbia_O4,4795,Columbia,4,Corporate/Other Private,1,0.2223948433204488,1,67475,718604294290487
RIP4796_Union_O3,4796,Union,3,Family Forest,1,0.2223948433204488,1,67538,718604885290487
RIP4797_Union_O3,4797,Union,3,Family Forest,3,0.6671845299613464,2,23748,173002842010854
RIP4798_Union_O3,4798,Union,3,Family Forest,3,0.6671845299613464,3,43225,374861608489998
RIP4799_Columbia_O3,4799,Columbia,3,Family Forest,24,5.337476239690771,5,67427,718604085290487
RIP4799_Union_O3,4799,Union,3,Family Forest,41,9.118188576138401,11,67427,718604085290487
RIP4800_Union_O3,4800,Union,3,Family Forest,2,0.4447896866408976,2,23748,173002842010854
RIP4801_Union_O3,4801,Union,3,Family Forest,3,0.6671845299613464,3,23748,173002842010854
RIP4802_Union_O3,4802,Union,3,Family Forest,1,0.2223948433204488,1,48595,448940352489998
RIP4803_Union_O4,4803,Union,4,Corporate/Other Private,1,0.2223948433204488,1,48658,448940864489998
RIP4804_Union_O4,4804,Union,4,Corporate/Other Private,2,0.4447896866408976,2,13447,43855332020004
RIP4805_Suwannee_O3,4805,Suwannee,3,Family Forest,43,9.562978262779298,13,36962,289516223489998
RIP4806_Union_O3,4806,Union,3,Family Forest,1,0.2223948433204488,1,23748,173002842010854
RIP4807_Union_O3,4807,Union,3,Family Forest,1,0.2223948433204488,1,23748,173002842010854
RIP4808_Union_O3,4808,Union,3,Family Forest,4,0.8895793732817951,3,64479,638335018126144
RIP4809_Union_O3,4809,Union,3,Family Forest,4,0.8895793732817951,3,36823,289515330489998
RIP4810_Union_O3,4810,Union,3,Family Forest,8,1.7791587465635903,2,23748,173002842010854
RIP4811_Columbia_O3,4811,Columbia,3,Family Forest,2,0.4447896866408976,2,36736,289514938489998
RIP4812_Union_O3,4812,Union,3,Family Forest,3,0.6671845299613464,2,43151,374861300489998
RIP4813_Union_O3,4813,Union,3,Family Forest,2,0.4447896866408976,1,67372,718603850290487
RIP4814_Union_O3,4814,Union,3,Family Forest,1,0.2223948433204488,1,13445,43855313020004
RIP4815_Union_O3,4815,Union,3,Family Forest,4,0.8895793732817951,4,43151,374861300489998
RIP4816_Columbia_O3,4816,Columbia,3,Family Forest,17,3.780712336447629,7,36736,289514938489998
RIP4817_Union_O3,4817,Union,3,Family Forest,2,0.4447896866408976,1,23748,173002842010854
RIP4818_Union_O3,4818,Union,3,Family Forest,3,0.6671845299613464,2,13447,43855332020004
RIP4819_Union_O3,4819,Union,3,Family Forest,2,0.4447896866408976,2,64483,638335132126144
RIP4820_Union_O3,4820,Union,3,Family Forest,1,0.2223948433204488,1,48525,448939977489998
RIP4821_Union_O7,4821,Union,7,State,5,1.111974216602244,2,67427,718604085290487
RIP4822_Union_O3,4822,Union,3,Family Forest,2,0.4447896866408976,1,23748,173002842010854
RIP4823_Union_O3,4823,Union,3,Family Forest,52,11.564531852663336,13,36962,289516223489998
RIP4824_Union_O3,4824,Union,3,Family Forest,1,0.2223948433204488,1,43151,374861300489998
RIP4825_Columbia_O3,4825,Columbia,3,Family Forest,1,0.2223948433204488,1,24515,176860754010854
RIP4826_Union_O3,4826,Union,3,Family Forest,4,0.8895793732817951,3,64454,638334746126144
RIP4827_Columbia_O3,4827,Columbia,3,Family Forest,10,2.223948433204488,7,24316,176548896010854
RIP4827_Columbia_O4,4827,Columbia,4,Corporate/Other Private,18,4.003107179768078,8,35379,259178358010854
RIP4828_Union_O3,4828,Union,3,Family Forest,1,0.2223948433204488,1,67541,718604892290487
RIP4829_Union_O3,4829,Union,3,Family Forest,8,1.7791587465635903,5,23748,173002842010854
RIP4830_Union_O3,4830,Union,3,Family Forest,5,1.111974216602244,3,36788,289515121489998
RIP4831_Union_O3,4831,Union,3,Family Forest,5,1.111974216602244,5,2739,20336120010478
RIP4832_Union_O3,4832,Union,3,Family Forest,5,1.111974216602244,3,36788,289515121489998
RIP4833_Union_O3,4833,Union,3,Family Forest,3,0.6671845299613464,3,23748,173002842010854
RIP4834_Union_O3,4834,Union,3,Family Forest,1,0.2223948433204488,1,24316,176548896010854
RIP4835_Union_O3,4835,Union,3,Family Forest,4,0.8895793732817951,3,64293,638333844126144
RIP4836_Union_O3,4836,Union,3,Family Forest,10,2.223948433204488,5,64293,638333844126144
RIP4837_Union_O3,4837,Union,3,Family Forest,4,0.8895793732817951,3,36939,289515962489998
RIP4838_Columbia_O3,4838,Columbia,3,Family Forest,4,0.8895793732817951,4,24515,176860754010854
RIP4839_Union_O3,4839,Union,3,Family Forest,1,0.2223948433204488,1,67538,718604885290487
RIP4840_Union_O3,4840,Union,3,Family Forest,5,1.111974216602244,4,36927,289515931489998
RIP4841_Union_O3,4841,Union,3,Family Forest,2,0.4447896866408976,1,64293,638333844126144
RIP4842_Union_O3,4842,Union,3,Family Forest,4,0.8895793732817951,2,36939,289515962489998
RIP4843_Union_O3,4843,Union,3,Family Forest,30,6.671845299613464,19,48636,448940596489998
RIP4844_Columbia_O3,4844,Columbia,3,Family Forest,2,0.4447896866408976,2,48658,448940864489998
RIP4845_Union_O3,4845,Union,3,Family Forest,9,2.001553589884039,3,43151,374861300489998
RIP4846_Union_O4,4846,Union,4,Corporate/Other Private,1,0.2223948433204488,1,64454,638334746126144
RIP4847_Union_O4,4847,Union,4,Corporate/Other Private,1,0.2223948433204488,1,67372,718603850290487
RIP4848_Columbia_O3,4848,Columbia,3,Family Forest,5,1.111974216602244,5,24515,176860754010854
RIP4849_Union_O3,4849,Union,3,Family Forest,1,0.2223948433204488,1,23748,173002842010854
RIP4850_Union_O3,4850,Union,3,Family Forest,3,0.6671845299613464,2,43151,374861300489998
RIP4851_Union_O3,4851,Union,3,Family Forest,2,0.4447896866408976,2,43151,374861300489998
RIP4852_Union_O3,4852,Union,3,Family Forest,20,4.447896866408976,7,23748,173002842010854
RIP4853_Union_O3,4853,Union,3,Family Forest,3,0.6671845299613464,3,31051,218219354020004
RIP4854_Union_O3,4854,Union,3,Family Forest,3,0.6671845299613464,3,23748,173002842010854
RIP4855_Union_O3,4855,Union,3,Family Forest,4,0.8895793732817951,3,43201,374861518489998
RIP4856_Union_O3,4856,Union,3,Family Forest,64,14.233269972508722,8,67427,718604085290487
RIP4857_Columbia_O3,4857,Columbia,3,Family Forest,3,0.6671845299613464,2,36962,289516223489998
RIP4858_Union_O3,4858,Union,3,Family Forest,4,0.8895793732817951,2,43151,374861300489998
RIP4859_Union_O3,4859,Union,3,Family Forest,2,0.4447896866408976,2,43151,374861300489998
RIP4860_Union_O3,4860,Union,3,Family Forest,5,1.111974216602244,4,43294,374861940489998
RIP4861_Union_O3,4861,Union,3,Family Forest,2,0.4447896866408976,1,48672,448941001489998
RIP4862_Union_O3,4862,Union,3,Family Forest,1,0.2223948433204488,1,23748,173002842010854
RIP4863_Columbia_O3,4863,Columbia,3,Family Forest,10,2.223948433204488,4,36736,289514938489998
RIP4864_Union_O4,4864,Union,4,Corporate/Other Private,3,0.6671845299613464,2,64454,638334746126144
RIP4865_Union_O3,4865,Union,3,Family Forest,8,1.7791587465635903,3,43151,374861300489998
RIP4866_Union_O3,4866,Union,3,Family Forest,1,0.2223948433204488,1,64454,638334746126144
RIP4867_Columbia_O3,4867,Columbia,3,Family Forest,13,2.891132963165834,7,43151,374861300489998
RIP4867_Columbia_O4,4867,Columbia,4,Corporate/Other Private,38,8.451004046177054,14,48596,448940355489998
RIP4867_Union_O3,4867,Union,3,Family Forest,47,10.452557636061092,12,36736,289514938489998
RIP4867_Union_O4,4867,Union,4,Corporate/Other Private,15,3.335922649806732,5,67427,718604085290487
RIP4868_Union_O3,4868,Union,3,Family Forest,3,0.6671845299613464,2,13445,43855313020004
RIP4869_Union_O7,4869,Union,7,State,7,1.5567639032431415,2,50098,451136592489998
RIP4870_Union_O3,4870,Union,3,Family Forest,1,0.2223948433204488,1,48658,448940864489998
RIP4871_Union_O4,4871,Union,4,Corporate/Other Private,2,0.4447896866408976,1,43151,374861300489998
RIP4872_Union_O3,4872,Union,3,Family Forest,2,0.4447896866408976,2,43239,374861704489998
RIP4873_Union_O3,4873,Union,3,Family Forest,3,0.6671845299613464,3,23748,173002842010854
RIP4874_Union_O3,4874,Union,3,Family Forest,1,0.2223948433204488,1,48636,448940596489998
RIP4875_Union_O3,4875,Union,3,Family Forest,13,2.891132963165834,3,23748,173002842010854
RIP4876_Columbia_O3,4876,Columbia,3,Family Forest,36,8.006214359536155,8,36736,289514938489998
RIP4877_Union_O3,4877,Union,3,Family Forest,3,0.6671845299613464,2,23748,173002842010854
RIP4878_Union_O4,4878,Union,4,Corporate/Other Private,2,0.4447896866408976,1,64454,638334746126144
RIP4879_Suwannee_O3,4879,Suwannee,3,Family Forest,31,6.894240142933913,7,36736,289514938489998
RIP4879_Suwannee_O7,4879,Suwannee,7,State,1,0.2223948433204488,1,48592,448940348489998
RIP4880_Union_O3,4880,Union,3,Family Forest,1,0.2223948433204488,1,16549,61280243010478
RIP4881_Columbia_O3,4881,Columbia,3,Family Forest,12,2.6687381198453854,5,67372,718603850290487
RIP4881_Columbia_O4,4881,Columbia,4,Corporate/Other Private,2,0.4447896866408976,2,36965,289516230489998
RIP4882_Union_O7,4882,Union,7,State,13,2.891132963165834,4,67427,718604085290487
RIP4883_Union_O3,4883,Union,3,Family Forest,18,4.003107179768078,6,64454,638334746126144
RIP4884_Union_O3,4884,Union,3,Family Forest,6,1.3343690599226927,2,23748,173002842010854
RIP4885_Union_O3,4885,Union,3,Family Forest,2,0.4447896866408976,2,43151,374861300489998
RIP4886_Union_O3,4886,Union,3,Family Forest,9,2.001553589884039,5,35220,259083023010854
RIP4886_Union_O4,4886,Union,4,Corporate/Other Private,10,2.223948433204488,6,67427,718604085290487
RIP4887_Union_O3,4887,Union,3,Family Forest,1,0.2223948433204488,1,23748,173002842010854
RIP4888_Union_O3,4888,Union,3,Family Forest,2,0.4447896866408976,2,23748,173002842010854
RIP4889_Union_O3,4889,Union,3,Family Forest,1,0.2223948433204488,1,43151,374861300489998
RIP4890_Union_O3,4890,Union,3,Family Forest,4,0.8895793732817951,1,64293,638333844126144
RIP4891_Union_O3,4891,Union,3,Family Forest,6,1.3343690599226927,3,23748,173002842010854
RIP4892_Union_O3,4892,Union,3,Family Forest,1,0.2223948433204488,1,43151,374861300489998
RIP4892_Union_O4,4892,Union,4,Corporate/Other Private,1,0.2223948433204488,1,64454,638334746126144
RIP4893_Union_O3,4893,Union,3,Family Forest,1,0.2223948433204488,1,64454,638334746126144
RIP4894_Union_O3,4894,Union,3,Family Forest,2,0.4447896866408976,2,23748,173002842010854
RIP4895_Union_O3,4895,Union,3,Family Forest,2,0.4447896866408976,2,64454,638334746126144
RIP4896_Union_O3,4896,Union,3,Family Forest,1,0.2223948433204488,1,64454,638334746126144
RIP4897_Union_O3,4897,Union,3,Family Forest,9,2.001553589884039,4,67512,718604486290487
RIP4898_Union_O7,4898,Union,7,State,11,2.446343276524937,3,50098,451136592489998
RIP4899_Union_O4,4899,Union,4,Corporate/Other Private,1,0.2223948433204488,1,23748,173002842010854
RIP4900_Union_O3,4900,Union,3,Family Forest,2,0.4447896866408976,2,43151,374861300489998
RIP4901_Columbia_O3,4901,Columbia,3,Family Forest,1,0.2223948433204488,1,13432,43854936020004
RIP4902_Columbia_O3,4902,Columbia,3,Family Forest,4,0.8895793732817951,3,64479,638335018126144
RIP4903_Columbia_O3,4903,Columbia,3,Family Forest,6,1.3343690599226927,4,36736,289514938489998
RIP4904_Union_O3,4904,Union,3,Family Forest,1,0.2223948433204488,1,43151,374861300489998
RIP4905_Union_O3,4905,Union,3,Family Forest,3,0.6671845299613464,3,36736,289514938489998
RIP4906_Union_O3,4906,Union,3,Family Forest,4,0.8895793732817951,3,43151,374861300489998
RIP4907_Columbia_O3,4907,Columbia,3,Family Forest,2,0.4447896866408976,1,48658,448940864489998
RIP4908_Union_O3,4908,Union,3,Family Forest,1,0.2223948433204488,1,64329,638333977126144
RIP4909_Union_O3,4909,Union,3,Family Forest,2,0.4447896866408976,2,43151,374861300489998
RIP4910_Columbia_O3,4910,Columbia,3,Family Forest,2,0.4447896866408976,1,36736,289514938489998
RIP4911_Union_O3,4911,Union,3,Family Forest,6,1.3343690599226927,2,36962,289516223489998
RIP4912_Union_O3,4912,Union,3,Family Forest,4,0.8895793732817951,3,36736,289514938489998
RIP4913_Union_O3,4913,Union,3,Family Forest,18,4.003107179768078,7,67538,718604885290487
RIP4914_Union_O3,4914,Union,3,Family Forest,4,0.8895793732817951,2,43151,374861300489998
RIP4915_Union_O3,4915,Union,3,Family Forest,3,0.6671845299613464,2,64293,638333844126144
RIP4916_Union_O3,4916,Union,3,Family Forest,2,0.4447896866408976,2,23748,173002842010854
RIP4917_Columbia_O3,4917,Columbia,3,Family Forest,2,0.4447896866408976,1,36736,289514938489998
RIP4918_Columbia_O3,4918,Columbia,3,Family Forest,9,2.001553589884039,5,35378,259178355010854
RIP4919_Union_O3,4919,Union,3,Family Forest,18,4.003107179768078,9,36932,289515944489998
RIP4920_Union_O3,4920,Union,3,Family Forest,5,1.111974216602244,2,67538,718604885290487
RIP4921_Union_O3,4921,Union,3,Family Forest,1,0.2223948433204488,1,64454,638334746126144
RIP4922_Columbia_O3,4922,Columbia,3,Family Forest,3,0.6671845299613464,3,35378,259178355010854
RIP4923_Union_O3,4923,Union,3,Family Forest,1,0.2223948433204488,1,64293,638333844126144
RIP4924_Union_O3,4924,Union,3,Family Forest,1,0.2223948433204488,1,64454,638334746126144
RIP4925_Union_O3,4925,Union,3,Family Forest,2,0.4447896866408976,1,43151,374861300489998
RIP4926_Union_O3,4926,Union,3,Family Forest,7,1.5567639032431415,2,43151,374861300489998
RIP4927_Union_O3,4927,Union,3,Family Forest,3,0.6671845299613464,3,2739,20336120010478
RIP4927_Union_O4,4927,Union,4,Corporate/Other Private,1,0.2223948433204488,1,36927,289515931489998
RIP4928_Union_O3,4928,Union,3,Family Forest,2,0.4447896866408976,1,36962,289516223489998
RIP4929_Union_O3,4929,Union,3,Family Forest,14,3.113527806486283,4,23748,173002842010854
RIP4930_Union_O3,4930,Union,3,Family Forest,1,0.2223948433204488,1,64293,638333844126144
RIP4931_Union_O3,4931,Union,3,Family Forest,6,1.3343690599226927,4,64454,638334746126144
RIP4932_Union_O3,4932,Union,3,Family Forest,4,0.8895793732817951,3,43151,374861300489998
RIP4933_Union_O3,4933,Union,3,Family Forest,10,2.223948433204488,3,36962,289516223489998
RIP4934_Union_O3,4934,Union,3,Family Forest,4,0.8895793732817951,2,36939,289515962489998
RIP4935_Union_O3,4935,Union,3,Family Forest,3,0.6671845299613464,2,36939,289515962489998
RIP4935_Union_O4,4935,Union,4,Corporate/Other Private,2,0.4447896866408976,2,23748,173002842010854
RIP4936_Union_O3,4936,Union,3,Family Forest,2,0.4447896866408976,1,48658,448940864489998
RIP4937_Union_O3,4937,Union,3,Family Forest,1,0.2223948433204488,1,13447,43855332020004
RIP4938_Union_O3,4938,Union,3,Family Forest,9,2.001553589884039,3,43239,374861704489998
RIP4939_Union_O3,4939,Union,3,Family Forest,2,0.4447896866408976,2,36736,289514938489998
RIP4940_Union_O3,4940,Union,3,Family Forest,3,0.6671845299613464,3,23748,173002842010854
RIP4941_Union_O3,4941,Union,3,Family Forest,1,0.2223948433204488,1,43151,374861300489998
RIP4942_Union_O3,4942,Union,3,Family Forest,3,0.6671845299613464,2,24515,176860754010854
RIP4943_Union_O3,4943,Union,3,Family Forest,6,1.3343690599226927,3,43151,374861300489998
RIP4944_Union_O3,4944,Union,3,Family Forest,2,0.4447896866408976,1,43239,374861704489998
RIP4945_Columbia_O4,4945,Columbia,4,Corporate/Other Private,1,0.2223948433204488,1,35378,259178355010854
RIP4946_Columbia_O3,4946,Columbia,3,Family Forest,1,0.2223948433204488,1,36736,289514938489998
RIP4947_Union_O3,4947,Union,3,Family Forest,1,0.2223948433204488,1,2707,20282429010478
RIP4948_Union_O3,4948,Union,3,Family Forest,1,0.2223948433204488,1,43151,374861300489998
RIP4949_Union_O3,4949,Union,3,Family Forest,1,0.2223948433204488,1,48672,448941001489998
RIP4950_Columbia_O4,4950,Columbia,4,Corporate/Other Private,7,1.5567639032431415,2,36965,289516230489998
RIP4951_Columbia_O3,4951,Columbia,3,Family Forest,1,0.2223948433204488,1,47617,443867435489998
RIP4952_Union_O3,4952,Union,3,Family Forest,2,0.4447896866408976,2,43151,374861300489998
RIP4953_Union_O3,4953,Union,3,Family Forest,5,1.111974216602244,4,48668,448940993489998
RIP4954_Union_O3,4954,Union,3,Family Forest,1,0.2223948433204488,1,36939,289515962489998
RIP4955_Union_O3,4955,Union,3,Family Forest,1,0.2223948433204488,1,67512,718604486290487
RIP4956_Union_O3,4956,Union,3,Family Forest,7,1.5567639032431415,5,13447,43855332020004
RIP4957_Columbia_O4,4957,Columbia,4,Corporate/Other Private,1,0.2223948433204488,1,35378,259178355010854
RIP4958_Union_O3,4958,Union,3,Family Forest,1,0.2223948433204488,1,43151,374861300489998
RIP4959_Union_O3,4959,Union,3,Family Forest,3,0.6671845299613464,3,43151,374861300489998
RIP4960_Union_O3,4960,Union,3,Family Forest,1,0.2223948433204488,1,64454,638334746126144
RIP4961_Union_O3,4961,Union,3,Family Forest,5,1.111974216602244,5,35220,259083023010854
RIP4962_Union_O3,4962,Union,3,Family Forest,2,0.4447896866408976,2,43201,374861518489998
RIP4963_Union_O3,4963,Union,3,Family Forest,11,2.446343276524937,8,36932,289515944489998
RIP4964_Union_O3,4964,Union,3,Family Forest,4,0.8895793732817951,4,2683,20220154010478
RIP4965_Union_O3,4965,Union,3,Family Forest,5,1.111974216602244,2,13445,43855313020004
RIP4966_Union_O3,4966,Union,3,Family Forest,7,1.5567639032431415,5,13447,43855332020004
RIP4967_Union_O3,4967,Union,3,Family Forest,5,1.111974216602244,4,36941,289515964489998
RIP4968_Union_O3,4968,Union,3,Family Forest,1,0.2223948433204488,1,36788,289515121489998
RIP4969_Union_O3,4969,Union,3,Family Forest,5,1.111974216602244,3,36939,289515962489998
RIP4970_Union_O3,4970,Union,3,Family Forest,3,0.6671845299613464,1,23748,173002842010854
RIP4971_Union_O3,4971,Union,3,Family Forest,4,0.8895793732817951,3,67512,718604486290487
RIP4972_Union_O3,4972,Union,3,Family Forest,1,0.2223948433204488,1,24316,176548896010854
RIP4973_Union_O3,4973,Union,3,Family Forest,1,0.2223948433204488,1,36939,289515962489998
RIP4974_Union_O3,4974,Union,3,Family Forest,1,0.2223948433204488,1,23748,173002842010854
RIP4975_Union_O3,4975,Union,3,Family Forest,5,1.111974216602244,2,64380,638334324126144
RIP4976_Union_O3,4976,Union,3,Family Forest,2,0.4447896866408976,2,48636,448940596489998
RIP4977_Union_O3,4977,Union,3,Family Forest,1,0.2223948433204488,1,67541,718604892290487
RIP4978_Union_O3,4978,Union,3,Family Forest,3,0.6671845299613464,2,36736,289514938489998
RIP4979_Union_O3,4979,Union,3,Family Forest,4,0.8895793732817951,2,13447,43855332020004
RIP4980_Union_O3,4980,Union,3,Family Forest,4,0.8895793732817951,3,43151,374861300489998
RIP4981_Union_O3,4981,Union,3,Family Forest,1,0.2223948433204488,1,48658,448940864489998
RIP4982_Union_O3,4982,Union,3,Family Forest,1,0.2223948433204488,1,48668,448940993489998
RIP4983_Union_O3,4983,Union,3,Family Forest,45,10.007767949420195,15,43151,374861300489998
RIP4984_Suwannee_O3,4984,Suwannee,3,Family Forest,1,0.2223948433204488,1,48592,448940348489998
RIP4985_Union_O3,4985,Union,3,Family Forest,26,5.782265926331668,10,64167,635664717126144
RIP4986_Union_O3,4986,Union,3,Family Forest,2,0.4447896866408976,2,43294,374861940489998
RIP4987_Union_O3,4987,Union,3,Family Forest,19,4.225502023088527,9,43151,374861300489998
RIP4988_Union_O3,4988,Union,3,Family Forest,15,3.335922649806732,7,43151,374861300489998
RIP4989_Union_O3,4989,Union,3,Family Forest,29,6.449450456293015,9,2739,20336120010478
RIP4990_Union_O3,4990,Union,3,Family Forest,9,2.001553589884039,5,23748,173002842010854
RIP4991_Union_O3,4991,Union,3,Family Forest,1,0.2223948433204488,1,36823,289515330489998
RIP4992_Union_O3,4992,Union,3,Family Forest,11,2.446343276524937,7,43151,374861300489998
RIP4993_Suwannee_O7,4993,Suwannee,7,State,2,0.4447896866408976,2,36736,289514938489998
RIP4994_Columbia_O4,4994,Columbia,4,Corporate/Other Private,1,0.2223948433204488,1,64479,638335018126144
RIP4995_Union_O3,4995,Union,3,Family Forest,1,0.2223948433204488,1,64380,638334324126144
RIP4996_Union_O3,4996,Union,3,Family Forest,18,4.003107179768078,8,43151,374861300489998
RIP4997_Union_O3,4997,Union,3,Family Forest,3,0.6671845299613464,2,64454,638334746126144
RIP4998_Union_O3,4998,Union,3,Family Forest,2,0.4447896866408976,2,23748,173002842010854
RIP4999_Union_O3,4999,Union,3,Family Forest,1,0.2223948433204488,1,43294,374861940489998
RIP5000_Union_O3,5000,Union,3,Family Forest,52,11.564531852663336,6,43151,374861300489998
RIP5001_Union_O3,5001,Union,3,Family Forest,3,0.6671845299613464,2,43151,374861300489998
RIP5002_Union_O3,5002,Union,3,Family Forest,5,1.111974216602244,2,36939,289515962489998
RIP5003_Union_O3,5003,Union,3,Family Forest,2,0.4447896866408976,1,67538,718604885290487
RIP5004_Union_O3,5004,Union,3,Family Forest,2,0.4447896866408976,2,36941,289515964489998
RIP5005_Union_O3,5005,Union,3,Family Forest,2,0.4447896866408976,2,64380,638334324126144
RIP5006_Union_O3,5006,Union,3,Family Forest,23,5.115081396370322,10,48596,448940355489998
RIP5007_Columbia_O3,5007,Columbia,3,Family Forest,3,0.6671845299613464,2,64479,638335018126144
RIP5008_Union_O3,5008,Union,3,Family Forest,4,0.8895793732817951,4,24316,176548896010854
RIP5009_Union_O4,5009,Union,4,Corporate/Other Private,1,0.2223948433204488,1,36939,289515962489998
RIP5010_Union_O3,5010,Union,3,Family Forest,8,1.7791587465635903,4,23748,173002842010854
RIP5011_Union_O3,5011,Union,3,Family Forest,15,3.335922649806732,4,43151,374861300489998
RIP5012_Union_O3,5012,Union,3,Family Forest,5,1.111974216602244,2,43151,374861300489998
RIP5013_Union_O4,5013,Union,4,Corporate/Other Private,3,0.6671845299613464,3,2739,20336120010478
RIP5014_Union_O3,5014,Union,3,Family Forest,1,0.2223948433204488,1,43151,374861300489998
RIP5015_Union_O3,5015,Union,3,Family Forest,3,0.6671845299613464,3,13436,43855099020004
RIP5016_Suwannee_O3,5016,Suwannee,3,Family Forest,3,0.6671845299613464,2,36736,289514938489998
RIP5017_Columbia_O3,5017,Columbia,3,Family Forest,9,2.001553589884039,7,35378,259178355010854
RIP5018_Union_O3,5018,Union,3,Family Forest,16,3.5583174931271806,6,43151,374861300489998
RIP5019_Union_O3,5019,Union,3,Family Forest,4,0.8895793732817951,3,67372,718603850290487
RIP5020_Union_O3,5020,Union,3,Family Forest,19,4.225502023088527,9,2739,20336120010478
RIP5021_Union_O3,5021,Union,3,Family Forest,19,4.225502023088527,4,43151,374861300489998
RIP5022_Union_O3,5022,Union,3,Family Forest,8,1.7791587465635903,4,64454,638334746126144
RIP5023_Columbia_O3,5023,Columbia,3,Family Forest,42,9.340583419458849,5,13436,43855099020004
RIP5024_Union_O3,5024,Union,3,Family Forest,13,2.891132963165834,2,43151,374861300489998
RIP5025_Union_O3,5025,Union,3,Family Forest,1,0.2223948433204488,1,23748,173002842010854
RIP5026_Columbia_O3,5026,Columbia,3,Family Forest,4,0.8895793732817951,3,64479,638335018126144
RIP5027_Columbia_O3,5027,Columbia,3,Family Forest,13,2.891132963165834,6,2739,20336120010478
RIP5027_Columbia_O4,5027,Columbia,4,Corporate/Other Private,21,4.670291709729424,11,64293,638333844126144
RIP5027_Union_O3,5027,Union,3,Family Forest,24,5.337476239690771,9,2700,20267385010478
RIP5027_Union_O4,5027,Union,4,Corporate/Other Private,48,10.674952479381542,16,67427,718604085290487
RIP5028_Union_O3,5028,Union,3,Family Forest,5,1.111974216602244,5,23748,173002842010854
RIP5029_Union_O3,5029,Union,3,Family Forest,5,1.111974216602244,3,23748,173002842010854
RIP5030_Suwannee_O3,5030,Suwannee,3,Family Forest,6,1.3343690599226927,3,36962,289516223489998
RIP5031_Union_O3,5031,Union,3,Family Forest,5,1.111974216602244,3,23748,173002842010854
RIP5032_Union_O3,5032,Union,3,Family Forest,6,1.3343690599226927,4,43151,374861300489998
RIP5033_Union_O3,5033,Union,3,Family Forest,10,2.223948433204488,5,43151,374861300489998
RIP5034_Union_O4,5034,Union,4,Corporate/Other Private,2,0.4447896866408976,1,48596,448940355489998
RIP5035_Columbia_O3,5035,Columbia,3,Family Forest,24,5.337476239690771,9,35379,259178358010854
RIP5036_Union_O3,5036,Union,3,Family Forest,1,0.2223948433204488,1,64454,638334746126144
RIP5037_Union_O3,5037,Union,3,Family Forest,17,3.780712336447629,7,36927,289515931489998
RIP5038_Union_O3,5038,Union,3,Family Forest,1,0.2223948433204488,1,48525,448939977489998
RIP5039_Union_O3,5039,Union,3,Family Forest,1,0.2223948433204488,1,64454,638334746126144
RIP5040_Union_O3,5040,Union,3,Family Forest,2,0.4447896866408976,1,23748,173002842010854
RIP5041_Union_O3,5041,Union,3,Family Forest,3,0.6671845299613464,1,43151,374861300489998
RIP5041_Union_O4,5041,Union,4,Corporate/Other Private,4,0.8895793732817951,3,43151,374861300489998
RIP5042_Union_O3,5042,Union,3,Family Forest,1,0.2223948433204488,1,67512,718604486290487
RIP5043_Union_O3,5043,Union,3,Family Forest,6,1.3343690599226927,4,64479,638335018126144
RIP5044_Union_O3,5044,Union,3,Family Forest,11,2.446343276524937,8,43151,374861300489998
RIP5045_Union_O3,5045,Union,3,Family Forest,6,1.3343690599226927,4,43151,374861300489998
RIP5046_Union_O3,5046,Union,3,Family Forest,1,0.2223948433204488,1,64454,638334746126144
RIP5047_Suwannee_O3,5047,Suwannee,3,Family Forest,3,0.6671845299613464,2,36962,289516223489998
RIP5048_Union_O3,5048,Union,3,Family Forest,2,0.4447896866408976,2,23748,173002842010854
RIP5049_Union_O3,5049,Union,3,Family Forest,9,2.001553589884039,3,23748,173002842010854
RIP5050_Union_O3,5050,Union,3,Family Forest,1,0.2223948433204488,1,23748,173002842010854
RIP5050_Union_O4,5050,Union,4,Corporate/Other Private,23,5.115081396370322,8,36962,289516223489998
RIP5051_Union_O4,5051,Union,4,Corporate/Other Private,1,0.2223948433204488,1,64454,638334746126144
RIP5052_Union_O3,5052,Union,3,Family Forest,1,0.2223948433204488,1,23748,173002842010854
RIP5053_Union_O3,5053,Union,3,Family Forest,1,0.2223948433204488,1,64454,638334746126144
RIP5054_Union_O3,5054,Union,3,Family Forest,2,0.4447896866408976,2,36939,289515962489998
RIP5055_Union_O3,5055,Union,3,Family Forest,2,0.4447896866408976,1,36965,289516230489998
RIP5056_Union_O3,5056,Union,3,Family Forest,3,0.6671845299613464,3,2739,20336120010478
RIP5057_Union_O3,5057,Union,3,Family Forest,1,0.2223948433204488,1,23748,173002842010854
RIP5058_Union_O3,5058,Union,3,Family Forest,1,0.2223948433204488,1,24508,176860474010854
RIP5059_Union_O3,5059,Union,3,Family Forest,3,0.6671845299613464,2,64479,638335018126144
RIP5060_Union_O3,5060,Union,3,Family Forest,1,0.2223948433204488,1,43151,374861300489998
RIP5061_Suwannee_O3,5061,Suwannee,3,Family Forest,1,0.2223948433204488,1,36962,289516223489998
RIP5062_Union_O3,5062,Union,3,Family Forest,62,13.788480285867825,8,2739,20336120010478
RIP5063_Union_O3,5063,Union,3,Family Forest,3,0.6671845299613464,3,36823,289515330489998
RIP5064_Union_O3,5064,Union,3,Family Forest,17,3.780712336447629,7,43239,374861704489998
RIP5065_Suwannee_O3,5065,Suwannee,3,Family Forest,2,0.4447896866408976,2,13436,43855099020004
RIP5066_Union_O3,5066,Union,3,Family Forest,2,0.4447896866408976,1,64454,638334746126144
RIP5067_Union_O3,5067,Union,3,Family Forest,3,0.6671845299613464,3,43290,374861936489998
RIP5068_Union_O3,5068,Union,3,Family Forest,3,0.6671845299613464,3,48525,448939977489998
RIP5069_Union_O4,5069,Union,4,Corporate/Other Private,8,1.7791587465635903,6,35378,259178355010854
RIP5070_Union_O3,5070,Union,3,Family Forest,2,0.4447896866408976,2,48668,448940993489998
RIP5071_Suwannee_O3,5071,Suwannee,3,Family Forest,2,0.4447896866408976,2,13436,43855099020004
RIP5072_Columbia_O3,5072,Columbia,3,Family Forest,15,3.335922649806732,6,35379,259178358010854
RIP5073_Union_O3,5073,Union,3,Family Forest,6,1.3343690599226927,5,36823,289515330489998
RIP5074_Union_O3,5074,Union,3,Family Forest,2,0.4447896866408976,1,23748,173002842010854
RIP5075_Union_O3,5075,Union,3,Family Forest,52,11.564531852663336,22,13447,43855332020004
RIP5076_Union_O3,5076,Union,3,Family Forest,1,0.2223948433204488,1,48668,448940993489998
RIP5077_Union_O3,5077,Union,3,Family Forest,2,0.4447896866408976,1,43225,374861608489998
RIP5078_Union_O3,5078,Union,3,Family Forest,3,0.6671845299613464,3,2739,20336120010478
RIP5079_Union_O3,5079,Union,3,Family Forest,4,0.8895793732817951,3,48668,448940993489998
RIP5080_Suwannee_O3,5080,Suwannee,3,Family Forest,6,1.3343690599226927,4,13436,43855099020004
RIP5081_Union_O3,5081,Union,3,Family Forest,37,8.228609202856605,9,67427,718604085290487
RIP5082_Union_O3,5082,Union,3,Family Forest,4,0.8895793732817951,4,36823,289515330489998
RIP5083_Union_O3,5083,Union,3,Family Forest,1,0.2223948433204488,1,64293,638333844126144
RIP5084_Union_O3,5084,Union,3,Family Forest,2,0.4447896866408976,1,36736,289514938489998
RIP5085_Union_O3,5085,Union,3,Family Forest,1,0.2223948433204488,1,67541,718604892290487
RIP5086_Union_O3,5086,Union,3,Family Forest,2,0.4447896866408976,2,2700,20267385010478
RIP5087_Union_O3,5087,Union,3,Family Forest,1,0.2223948433204488,1,43225,374861608489998
RIP5088_Union_O3,5088,Union,3,Family Forest,1,0.2223948433204488,1,45047,385730105489998
RIP5089_Union_O3,5089,Union,3,Family Forest,11,2.446343276524937,3,67427,718604085290487
RIP5090_Union_O3,5090,Union,3,Family Forest,34,7.561424672895258,13,23748,173002842010854
RIP5091_Union_O3,5091,Union,3,Family Forest,1,0.2223948433204488,1,24316,176548896010854
RIP5092_Union_O3,5092,Union,3,Family Forest,2,0.4447896866408976,2,23748,173002842010854
RIP5093_Union_O3,5093,Union,3,Family Forest,1,0.2223948433204488,1,48636,448940596489998
RIP5094_Union_O3,5094,Union,3,Family Forest,28,6.227055612972566,6,2739,20336120010478
RIP5095_Union_O3,5095,Union,3,Family Forest,4,0.8895793732817951,2,64479,638335018126144
RIP5096_Union_O3,5096,Union,3,Family Forest,1,0.2223948433204488,1,48596,448940355489998
RIP5097_Union_O3,5097,Union,3,Family Forest,5,1.111974216602244,5,23748,173002842010854
RIP5098_Union_O3,5098,Union,3,Family Forest,1,0.2223948433204488,1,48658,448940864489998
RIP5099_Suwannee_O3,5099,Suwannee,3,Family Forest,3,0.6671845299613464,2,36962,289516223489998
RIP5100_Union_O3,5100,Union,3,Family Forest,1,0.2223948433204488,1,2700,20267385010478
RIP5101_Union_O3,5101,Union,3,Family Forest,2,0.4447896866408976,2,23748,173002842010854
RIP5102_Union_O3,5102,Union,3,Family Forest,1,0.2223948433204488,1,36939,289515962489998
RIP5103_Union_O3,5103,Union,3,Family Forest,2,0.4447896866408976,2,23748,173002842010854
RIP5104_Union_O3,5104,Union,3,Family Forest,7,1.5567639032431415,3,67427,718604085290487
RIP5105_Columbia_O3,5105,Columbia,3,Family Forest,30,6.671845299613464,9,35379,259178358010854
RIP5105_Columbia_O4,5105,Columbia,4,Corporate/Other Private,1,0.2223948433204488,1,36896,289515723489998
RIP5106_Union_O3,5106,Union,3,Family Forest,4,0.8895793732817951,3,36939,289515962489998
RIP5107_Columbia_O3,5107,Columbia,3,Family Forest,11,2.446343276524937,7,48596,448940355489998
RIP5108_Union_O3,5108,Union,3,Family Forest,7,1.5567639032431415,4,48566,448940190489998
RIP5109_Union_O3,5109,Union,3,Family Forest,11,2.446343276524937,8,36823,289515330489998
RIP5110_Union_O3,5110,Union,3,Family Forest,12,2.6687381198453854,4,48525,448939977489998
RIP5111_Suwannee_O3,5111,Suwannee,3,Family Forest,1,0.2223948433204488,1,64479,638335018126144
RIP5112_Union_O3,5112,Union,3,Family Forest,5,1.111974216602244,3,23748,173002842010854
RIP5113_Union_O3,5113,Union,3,Family Forest,1,0.2223948433204488,1,36824,289515345489998
RIP5114_Suwannee_O3,5114,Suwannee,3,Family Forest,4,0.8895793732817951,4,36736,289514938489998
RIP5115_Union_O3,5115,Union,3,Family Forest,2,0.4447896866408976,2,23748,173002842010854
RIP5116_Union_O3,5116,Union,3,Family Forest,1,0.2223948433204488,1,64380,638334324126144
RIP5117_Union_O3,5117,Union,3,Family Forest,2,0.4447896866408976,1,50098,451136592489998
RIP5118_Union_O3,5118,Union,3,Family Forest,1,0.2223948433204488,1,48525,448939977489998
RIP5119_Union_O3,5119,Union,3,Family Forest,3,0.6671845299613464,3,36788,289515121489998
RIP5120_Columbia_O3,5120,Columbia,3,Family Forest,3,0.6671845299613464,3,48596,448940355489998
RIP5121_Union_O3,5121,Union,3,Family Forest,26,5.782265926331668,11,2739,20336120010478
RIP5122_Union_O3,5122,Union,3,Family Forest,2,0.4447896866408976,1,64293,638333844126144
RIP5123_Suwannee_O3,5123,Suwannee,3,Family Forest,1,0.2223948433204488,1,48594,448940350489998
RIP5124_Columbia_O3,5124,Columbia,3,Family Forest,1,0.2223948433204488,1,48658,448940864489998
RIP5125_Columbia_O3,5125,Columbia,3,Family Forest,2,0.4447896866408976,2,23748,173002842010854
RIP5126_Union_O3,5126,Union,3,Family Forest,2,0.4447896866408976,2,64454,638334746126144
RIP5127_Union_O3,5127,Union,3,Family Forest,1,0.2223948433204488,1,64380,638334324126144
RIP5128_Suwannee_O3,5128,Suwannee,3,Family Forest,8,1.7791587465635903,5,36962,289516223489998
RIP5129_Columbia_O3,5129,Columbia,3,Family Forest,2,0.4447896866408976,2,23748,173002842010854
RIP5130_Union_O3,5130,Union,3,Family Forest,31,6.894240142933913,10,64293,638333844126144
RIP5131_Union_O3,5131,Union,3,Family Forest,12,2.6687381198453854,4,36736,289514938489998
RIP5132_Columbia_O3,5132,Columbia,3,Family Forest,3,0.6671845299613464,2,48596,448940355489998
RIP5133_Union_O3,5133,Union,3,Family Forest,1,0.2223948433204488,1,48658,448940864489998
RIP5134_Union_O3,5134,Union,3,Family Forest,4,0.8895793732817951,3,36736,289514938489998
RIP5135_Union_O3,5135,Union,3,Family Forest,1,0.2223948433204488,1,64293,638333844126144
RIP5136_Union_O3,5136,Union,3,Family Forest,5,1.111974216602244,1,64293,638333844126144
RIP5137_Columbia_O3,5137,Columbia,3,Family Forest,99,22.01708948872443,17,36962,289516223489998
RIP5138_Columbia_O3,5138,Columbia,3,Family Forest,7,1.5567639032431415,4,36971,289516357489998
RIP5139_Columbia_O3,5139,Columbia,3,Family Forest,2,0.4447896866408976,2,2700,20267385010478
RIP5140_Columbia_O3,5140,Columbia,3,Family Forest,2,0.4447896866408976,1,43315,374862210489998
RIP5141_Columbia_O3,5141,Columbia,3,Family Forest,2,0.4447896866408976,1,36962,289516223489998
RIP5142_Union_O3,5142,Union,3,Family Forest,9,2.001553589884039,2,43151,374861300489998
RIP5143_Columbia_O4,5143,Columbia,4,Corporate/Other Private,1,0.2223948433204488,1,24316,176548896010854
RIP5144_Columbia_O3,5144,Columbia,3,Family Forest,1,0.2223948433204488,1,67504,718604453290487
RIP5145_Union_O3,5145,Union,3,Family Forest,4,0.8895793732817951,3,23748,173002842010854
RIP5146_Union_O3,5146,Union,3,Family Forest,6,1.3343690599226927,3,67512,718604486290487
RIP5147_Columbia_O3,5147,Columbia,3,Family Forest,2,0.4447896866408976,1,43315,374862210489998
RIP5148_Columbia_O3,5148,Columbia,3,Family Forest,5,1.111974216602244,3,43315,374862210489998
RIP5149_Union_O3,5149,Union,3,Family Forest,1,0.2223948433204488,1,2739,20336120010478
RIP5150_Suwannee_O3,5150,Suwannee,3,Family Forest,24,5.337476239690771,9,36962,289516223489998
RIP5151_Union_O3,5151,Union,3,Family Forest,2,0.4447896866408976,2,23748,173002842010854
RIP5152_Union_O3,5152,Union,3,Family Forest,5,1.111974216602244,4,23748,173002842010854
RIP5153_Union_O3,5153,Union,3,Family Forest,1,0.2223948433204488,1,2700,20267385010478
RIP5154_Union_O3,5154,Union,3,Family Forest,139,30.91288322154238,13,2739,20336120010478
RIP5155_Columbia_O3,5155,Columbia,3,Family Forest,4,0.8895793732817951,4,36736,289514938489998
RIP5156_Union_O3,5156,Union,3,Family Forest,1,0.2223948433204488,1,48566,448940190489998
RIP5157_Union_O3,5157,Union,3,Family Forest,4,0.8895793732817951,2,23748,173002842010854
RIP5158_Union_O3,5158,Union,3,Family Forest,1,0.2223948433204488,1,23748,173002842010854
RIP5159_Union_O3,5159,Union,3,Family Forest,2,0.4447896866408976,2,24515,176860754010854
RIP5160_Union_O3,5160,Union,3,Family Forest,8,1.7791587465635903,3,43151,374861300489998
RIP5161_Union_O3,5161,Union,3,Family Forest,3,0.6671845299613464,2,43151,374861300489998
RIP5162_Union_O3,5162,Union,3,Family Forest,5,1.111974216602244,4,36932,289515944489998
RIP5163_Union_O3,5163,Union,3,Family Forest,1,0.2223948433204488,1,67372,718603850290487
RIP5163_Union_O4,5163,Union,4,Corporate/Other Private,2,0.4447896866408976,2,36736,289514938489998
RIP5164_Union_O3,5164,Union,3,Family Forest,14,3.113527806486283,6,13447,43855332020004
RIP5165_Union_O3,5165,Union,3,Family Forest,5,1.111974216602244,4,67372,718603850290487
RIP5166_Columbia_O3,5166,Columbia,3,Family Forest,1,0.2223948433204488,1,48594,448940350489998
RIP5167_Columbia_O3,5167,Columbia,3,Family Forest,2,0.4447896866408976,2,2739,20336120010478
RIP5168_Columbia_O3,5168,Columbia,3,Family Forest,30,6.671845299613464,5,36962,289516223489998
RIP5168_Columbia_O4,5168,Columbia,4,Corporate/Other Private,11,2.446343276524937,6,35378,259178355010854
RIP5169_Columbia_O3,5169,Columbia,3,Family Forest,2,0.4447896866408976,2,24488,176859781010854
RIP5170_Union_O3,5170,Union,3,Family Forest,19,4.225502023088527,7,2739,20336120010478
RIP5171_Union_O3,5171,Union,3,Family Forest,5,1.111974216602244,4,43151,374861300489998
RIP5172_Union_O3,5172,Union,3,Family Forest,4,0.8895793732817951,3,48636,448940596489998
RIP5173_Union_O3,5173,Union,3,Family Forest,9,2.001553589884039,4,43151,374861300489998
RIP5173_Union_O4,5173,Union,4,Corporate/Other Private,4,0.8895793732817951,2,43151,374861300489998
RIP5174_Columbia_O3,5174,Columbia,3,Family Forest,5,1.111974216602244,4,36736,289514938489998
RIP5175_Columbia_O3,5175,Columbia,3,Family Forest,10,2.223948433204488,9,36965,289516230489998
RIP5176_Union_O3,5176,Union,3,Family Forest,2,0.4447896866408976,2,23748,173002842010854
RIP5177_Union_O3,5177,Union,3,Family Forest,5,1.111974216602244,2,43151,374861300489998
RIP5178_Columbia_O4,5178,Columbia,4,Corporate/Other Private,3,0.6671845299613464,2,36962,289516223489998
RIP5178_Union_O4,5178,Union,4,Corporate/Other Private,3,0.6671845299613464,2,36962,289516223489998
RIP5179_Union_O3,5179,Union,3,Family Forest,4,0.8895793732817951,2,23748,173002842010854
RIP5180_Union_O4,5180,Union,4,Corporate/Other Private,6,1.3343690599226927,3,64479,638335018126144
RIP5181_Union_O4,5181,Union,4,Corporate/Other Private,3,0.6671845299613464,2,36823,289515330489998
RIP5182_Union_O3,5182,Union,3,Family Forest,6,1.3343690599226927,4,13447,43855332020004
RIP5183_Union_O3,5183,Union,3,Family Forest,5,1.111974216602244,3,23748,173002842010854
RIP5184_Union_O3,5184,Union,3,Family Forest,2,0.4447896866408976,2,36965,289516230489998
RIP5185_Columbia_O3,5185,Columbia,3,Family Forest,22,4.892686553049874,3,36962,289516223489998
RIP5185_Columbia_O4,5185,Columbia,4,Corporate/Other Private,11,2.446343276524937,10,43239,374861704489998
RIP5186_Union_O3,5186,Union,3,Family Forest,2,0.4447896866408976,1,43151,374861300489998
RIP5187_Union_O3,5187,Union,3,Family Forest,66,14.67805965914962,12,43151,374861300489998
RIP5188_Columbia_O3,5188,Columbia,3,Family Forest,5,1.111974216602244,2,36736,289514938489998
RIP5188_Columbia_O4,5188,Columbia,4,Corporate/Other Private,9,2.001553589884039,3,36736,289514938489998
RIP5189_Union_O3,5189,Union,3,Family Forest,17,3.780712336447629,9,2700,20267385010478
RIP5190_Union_O3,5190,Union,3,Family Forest,8,1.7791587465635903,3,23748,173002842010854
RIP5191_Union_O3,5191,Union,3,Family Forest,1,0.2223948433204488,1,64483,638335132126144
RIP5192_Union_O4,5192,Union,4,Corporate/Other Private,4,0.8895793732817951,2,43151,374861300489998
RIP5193_Union_O3,5193,Union,3,Family Forest,1,0.2223948433204488,1,48607,448940384489998
RIP5194_Union_O3,5194,Union,3,Family Forest,3,0.6671845299613464,2,36962,289516223489998
RIP5194_Union_O4,5194,Union,4,Corporate/Other Private,1,0.2223948433204488,1,45047,385730105489998
RIP5195_Union_O3,5195,Union,3,Family Forest,2,0.4447896866408976,2,2707,20282429010478
RIP5196_Union_O3,5196,Union,3,Family Forest,5,1.111974216602244,2,23748,173002842010854
RIP5197_Suwannee_O3,5197,Suwannee,3,Family Forest,17,3.780712336447629,6,36962,289516223489998
RIP5198_Union_O3,5198,Union,3,Family Forest,7,1.5567639032431415,3,2700,20267385010478
RIP5198_Union_O4,5198,Union,4,Corporate/Other Private,4,0.8895793732817951,3,2700,20267385010478
RIP5199_Union_O3,5199,Union,3,Family Forest,1,0.2223948433204488,1,36823,289515330489998
RIP5200_Union_O4,5200,Union,4,Corporate/Other Private,2,0.4447896866408976,2,18437,90825681010478
RIP5201_Union_O4,5201,Union,4,Corporate/Other Private,1,0.2223948433204488,1,43291,374861937489998
RIP5202_Columbia_O3,5202,Columbia,3,Family Forest,3,0.6671845299613464,2,24486,176859705010854
RIP5203_Union_O3,5203,Union,3,Family Forest,2,0.4447896866408976,1,48596,448940355489998
RIP5204_Union_O3,5204,Union,3,Family Forest,1,0.2223948433204488,1,64454,638334746126144
RIP5205_Union_O3,5205,Union,3,Family Forest,3,0.6671845299613464,3,43151,374861300489998
RIP5206_Union_O4,5206,Union,4,Corporate/Other Private,7,1.5567639032431415,4,36736,289514938489998
RIP5207_Union_O4,5207,Union,4,Corporate/Other Private,1,0.2223948433204488,1,48658,448940864489998
RIP5208_Union_O4,5208,Union,4,Corporate/Other Private,1,0.2223948433204488,1,45047,385730105489998
RIP5209_Union_O3,5209,Union,3,Family Forest,39,8.673398889497502,9,36736,289514938489998
RIP5210_Union_O3,5210,Union,3,Family Forest,34,7.561424672895258,3,67427,718604085290487
RIP5210_Union_O4,5210,Union,4,Corporate/Other Private,2,0.4447896866408976,2,2739,20336120010478
RIP5211_Columbia_O3,5211,Columbia,3,Family Forest,2,0.4447896866408976,2,36965,289516230489998
RIP5212_Union_O4,5212,Union,4,Corporate/Other Private,5,1.111974216602244,3,36962,289516223489998
RIP5213_Union_O3,5213,Union,3,Family Forest,31,6.894240142933913,12,43239,374861704489998
RIP5214_Union_O3,5214,Union,3,Family Forest,4,0.8895793732817951,2,64293,638333844126144
RIP5215_Union_O3,5215,Union,3,Family Forest,1,0.2223948433204488,1,23748,173002842010854
RIP5216_Union_O3,5216,Union,3,Family Forest,1,0.2223948433204488,1,64454,638334746126144
RIP5217_Columbia_O3,5217,Columbia,3,Family Forest,3,0.6671845299613464,1,24486,176859705010854
RIP5218_Union_O3,5218,Union,3,Family Forest,9,2.001553589884039,3,43151,374861300489998
RIP5219_Union_O3,5219,Union,3,Family Forest,1,0.2223948433204488,1,64454,638334746126144
RIP5220_Union_O3,5220,Union,3,Family Forest,9,2.001553589884039,5,23748,173002842010854
RIP5221_Union_O3,5221,Union,3,Family Forest,3,0.6671845299613464,2,2739,20336120010478
RIP5222_Suwannee_O3,5222,Suwannee,3,Family Forest,19,4.225502023088527,6,36736,289514938489998
RIP5222_Suwannee_O4,5222,Suwannee,4,Corporate/Other Private,7,1.5567639032431415,4,36962,289516223489998
RIP5223_Union_O3,5223,Union,3,Family Forest,1,0.2223948433204488,1,36736,289514938489998
RIP5223_Union_O4,5223,Union,4,Corporate/Other Private,4,0.8895793732817951,1,36736,289514938489998
RIP5224_Union_O3,5224,Union,3,Family Forest,1,0.2223948433204488,1,2700,20267385010478
RIP5224_Union_O4,5224,Union,4,Corporate/Other Private,2,0.4447896866408976,1,36932,289515944489998
RIP5225_Union_O3,5225,Union,3,Family Forest,1,0.2223948433204488,1,23748,173002842010854
RIP5226_Union_O4,5226,Union,4,Corporate/Other Private,1,0.2223948433204488,1,64454,638334746126144
RIP5227_Union_O4,5227,Union,4,Corporate/Other Private,1,0.2223948433204488,1,48658,448940864489998
RIP5228_Union_O3,5228,Union,3,Family Forest,2,0.4447896866408976,2,23748,173002842010854
RIP5228_Union_O4,5228,Union,4,Corporate/Other Private,3,0.6671845299613464,3,36941,289515964489998
RIP5229_Union_O4,5229,Union,4,Corporate/Other Private,1,0.2223948433204488,1,36962,289516223489998
RIP5230_Columbia_O3,5230,Columbia,3,Family Forest,1,0.2223948433204488,1,67427,718604085290487
RIP5230_Union_O3,5230,Union,3,Family Forest,5,1.111974216602244,4,35378,259178355010854
RIP5231_Union_O3,5231,Union,3,Family Forest,3,0.6671845299613464,3,36938,289515961489998
RIP5232_Union_O3,5232,Union,3,Family Forest,5,1.111974216602244,3,36736,289514938489998
RIP5233_Union_O3,5233,Union,3,Family Forest,11,2.446343276524937,3,43151,374861300489998
RIP5234_Union_O3,5234,Union,3,Family Forest,6,1.3343690599226927,3,43151,374861300489998
RIP5235_Union_O4,5235,Union,4,Corporate/Other Private,7,1.5567639032431415,2,36939,289515962489998
RIP5236_Union_O3,5236,Union,3,Family Forest,6,1.3343690599226927,1,64293,638333844126144
RIP5237_Union_O3,5237,Union,3,Family Forest,1,0.2223948433204488,1,23748,173002842010854
RIP5238_Union_O3,5238,Union,3,Family Forest,2,0.4447896866408976,2,23748,173002842010854
RIP5239_Union_O3,5239,Union,3,Family Forest,2,0.4447896866408976,2,24515,176860754010854
RIP5240_Suwannee_O3,5240,Suwannee,3,Family Forest,35,7.783819516215708,8,48594,448940350489998
RIP5241_Columbia_O3,5241,Columbia,3,Family Forest,17,3.780712336447629,6,64293,638333844126144
RIP5241_Columbia_O4,5241,Columbia,4,Corporate/Other Private,13,2.891132963165834,5,36736,289514938489998
RIP5241_Union_O3,5241,Union,3,Family Forest,9,2.001553589884039,5,35378,259178355010854
RIP5241_Union_O4,5241,Union,4,Corporate/Other Private,12,2.6687381198453854,4,36736,289514938489998
RIP5242_Union_O3,5242,Union,3,Family Forest,16,3.5583174931271806,8,48636,448940596489998
RIP5243_Union_O3,5243,Union,3,Family Forest,1,0.2223948433204488,1,64479,638335018126144
RIP5244_Union_O3,5244,Union,3,Family Forest,7,1.5567639032431415,3,36736,289514938489998
RIP5245_Union_O3,5245,Union,3,Family Forest,7,1.5567639032431415,3,64454,638334746126144
RIP5246_Union_O3,5246,Union,3,Family Forest,3,0.6671845299613464,2,13436,43855099020004
RIP5246_Union_O4,5246,Union,4,Corporate/Other Private,1,0.2223948433204488,1,43151,374861300489998
RIP5247_Union_O3,5247,Union,3,Family Forest,7,1.5567639032431415,6,36962,289516223489998
RIP5248_Union_O4,5248,Union,4,Corporate/Other Private,1,0.2223948433204488,1,64329,638333977126144
RIP5249_Union_O3,5249,Union,3,Family Forest,4,0.8895793732817951,3,43151,374861300489998
RIP5250_Union_O3,5250,Union,3,Family Forest,5,1.111974216602244,5,35379,259178358010854
RIP5251_Union_O3,5251,Union,3,Family Forest,11,2.446343276524937,6,36932,289515944489998
RIP5252_Union_O4,5252,Union,4,Corporate/Other Private,3,0.6671845299613464,3,35382,259178386010854
RIP5253_Union_O3,5253,Union,3,Family Forest,2,0.4447896866408976,2,36932,289515944489998
RIP5254_Union_O3,5254,Union,3,Family Forest,1,0.2223948433204488,1,64454,638334746126144
RIP5255_Union_O3,5255,Union,3,Family Forest,2,0.4447896866408976,2,43151,374861300489998
RIP5256_Union_O3,5256,Union,3,Family Forest,7,1.5567639032431415,2,35382,259178386010854
RIP5257_Union_O3,5257,Union,3,Family Forest,2,0.4447896866408976,2,36964,289516229489998
RIP5258_Union_O3,5258,Union,3,Family Forest,8,1.7791587465635903,6,43151,374861300489998
RIP5259_Union_O3,5259,Union,3,Family Forest,15,3.335922649806732,5,35382,259178386010854
RIP5259_Union_O4,5259,Union,4,Corporate/Other Private,13,2.891132963165834,7,18437,90825681010478
RIP5260_Union_O4,5260,Union,4,Corporate/Other Private,5,1.111974216602244,1,43291,374861937489998
RIP5261_Union_O3,5261,Union,3,Family Forest,1,0.2223948433204488,1,35378,259178355010854
RIP5262_Union_O3,5262,Union,3,Family Forest,28,6.227055612972566,9,35378,259178355010854
RIP5263_Union_O3,5263,Union,3,Family Forest,2,0.4447896866408976,1,64454,638334746126144
RIP5264_Union_O3,5264,Union,3,Family Forest,1,0.2223948433204488,1,13447,43855332020004
RIP5265_Suwannee_O3,5265,Suwannee,3,Family Forest,2,0.4447896866408976,2,48658,448940864489998
RIP5266_Union_O3,5266,Union,3,Family Forest,5,1.111974216602244,2,43151,374861300489998
RIP5267_Union_O3,5267,Union,3,Family Forest,2,0.4447896866408976,2,36939,289515962489998
RIP5268_Union_O3,5268,Union,3,Family Forest,9,2.001553589884039,4,43151,374861300489998
RIP5269_Union_O3,5269,Union,3,Family Forest,8,1.7791587465635903,5,2739,20336120010478
RIP5270_Union_O3,5270,Union,3,Family Forest,89,19.793141055519943,10,2739,20336120010478
RIP5271_Union_O3,5271,Union,3,Family Forest,6,1.3343690599226927,3,64454,638334746126144
RIP5272_Union_O3,5272,Union,3,Family Forest,5,1.111974216602244,2,43151,374861300489998
RIP5273_Columbia_O3,5273,Columbia,3,Family Forest,1,0.2223948433204488,1,24486,176859705010854
RIP5273_Columbia_O4,5273,Columbia,4,Corporate/Other Private,2,0.4447896866408976,1,36965,289516230489998
RIP5274_Union_O3,5274,Union,3,Family Forest,2,0.4447896866408976,1,2739,20336120010478
RIP5275_Union_O3,5275,Union,3,Family Forest,1,0.2223948433204488,1,48672,448941001489998
RIP5276_Union_O3,5276,Union,3,Family Forest,3,0.6671845299613464,2,36939,289515962489998
RIP5276_Union_O4,5276,Union,4,Corporate/Other Private,3,0.6671845299613464,2,36939,289515962489998
RIP5277_Union_O3,5277,Union,3,Family Forest,5,1.111974216602244,2,36966,289516233489998
RIP5278_Union_O3,5278,Union,3,Family Forest,1,0.2223948433204488,1,2700,20267385010478
RIP5279_Union_O4,5279,Union,4,Corporate/Other Private,2,0.4447896866408976,2,36939,289515962489998
RIP5280_Union_O3,5280,Union,3,Family Forest,4,0.8895793732817951,3,36962,289516223489998
RIP5280_Union_O4,5280,Union,4,Corporate/Other Private,12,2.6687381198453854,5,48525,448939977489998
RIP5281_Union_O4,5281,Union,4,Corporate/Other Private,1,0.2223948433204488,1,64454,638334746126144
RIP5282_Columbia_O3,5282,Columbia,3,Family Forest,4,0.8895793732817951,4,24486,176859705010854
RIP5283_Union_O3,5283,Union,3,Family Forest,14,3.113527806486283,12,36966,289516233489998
RIP5284_Union_O4,5284,Union,4,Corporate/Other Private,5,1.111974216602244,2,43291,374861937489998
RIP5285_Union_O4,5285,Union,4,Corporate/Other Private,10,2.223948433204488,4,43291,374861937489998
RIP5286_Union_O3,5286,Union,3,Family Forest,1,0.2223948433204488,1,23748,173002842010854
RIP5287_Union_O4,5287,Union,4,Corporate/Other Private,1,0.2223948433204488,1,43151,374861300489998
RIP5288_Union_O3,5288,Union,3,Family Forest,4,0.8895793732817951,2,35382,259178386010854
RIP5289_Union_O4,5289,Union,4,Corporate/Other Private,8,1.7791587465635903,5,35382,259178386010854
RIP5290_Columbia_O3,5290,Columbia,3,Family Forest,1,0.2223948433204488,1,67535,718604877290487
RIP5291_Columbia_O3,5291,Columbia,3,Family Forest,11,2.446343276524937,8,24486,176859705010854
RIP5292_Union_O3,5292,Union,3,Family Forest,3,0.6671845299613464,3,2739,20336120010478
RIP5293_Union_O3,5293,Union,3,Family Forest,1,0.2223948433204488,1,35378,259178355010854
RIP5294_Columbia_O3,5294,Columbia,3,Family Forest,1,0.2223948433204488,1,67475,718604294290487
RIP5295_Union_O3,5295,Union,3,Family Forest,18,4.003107179768078,9,2739,20336120010478
RIP5296_Union_O4,5296,Union,4,Corporate/Other Private,4,0.8895793732817951,3,2739,20336120010478
RIP5296_Union_O8,5296,Union,8,Local,1,0.2223948433204488,1,36823,289515330489998
RIP5297_Columbia_O3,5297,Columbia,3,Family Forest,9,2.001553589884039,2,2700,20267385010478
RIP5298_Union_O3,5298,Union,3,Family Forest,2,0.4447896866408976,1,64329,638333977126144
RIP5299_Columbia_O3,5299,Columbia,3,Family Forest,1,0.2223948433204488,1,48552,448940142489998
RIP5300_Union_O3,5300,Union,3,Family Forest,1,0.2223948433204488,1,36823,289515330489998
RIP5301_Union_O4,5301,Union,4,Corporate/Other Private,2,0.4447896866408976,2,18437,90825681010478
RIP5302_Union_O3,5302,Union,3,Family Forest,88,19.570746212199495,23,36939,289515962489998
RIP5302_Union_O7,5302,Union,7,State,2,0.4447896866408976,2,35382,259178386010854
RIP5303_Union_O3,5303,Union,3,Family Forest,1,0.2223948433204488,1,64456,638334749126144
RIP5304_Columbia_O3,5304,Columbia,3,Family Forest,1,0.2223948433204488,1,48552,448940142489998
RIP5305_Union_O3,5305,Union,3,Family Forest,2,0.4447896866408976,2,24316,176548896010854
RIP5306_Union_O3,5306,Union,3,Family Forest,5,1.111974216602244,3,43291,374861937489998
RIP5307_Union_O4,5307,Union,4,Corporate/Other Private,4,0.8895793732817951,2,43291,374861937489998
RIP5308_Union_O3,5308,Union,3,Family Forest,1,0.2223948433204488,1,67378,718603881290487
RIP5309_Columbia_O3,5309,Columbia,3,Family Forest,2,0.4447896866408976,2,43151,374861300489998
RIP5310_Union_O3,5310,Union,3,Family Forest,3,0.6671845299613464,2,64456,638334749126144
RIP5311_Union_O3,5311,Union,3,Family Forest,1,0.2223948433204488,1,13447,43855332020004
RIP5312_Union_O3,5312,Union,3,Family Forest,2,0.4447896866408976,2,24316,176548896010854
RIP5313_Union_O3,5313,Union,3,Family Forest,7,1.5567639032431415,5,36965,289516230489998
RIP5314_Union_O3,5314,Union,3,Family Forest,4,0.8895793732817951,4,36736,289514938489998
RIP5315_Suwannee_O3,5315,Suwannee,3,Family Forest,96,21.349904958763084,9,36736,289514938489998
RIP5316_Union_O4,5316,Union,4,Corporate/Other Private,1,0.2223948433204488,1,36736,289514938489998
RIP5317_Union_O3,5317,Union,3,Family Forest,1,0.2223948433204488,1,43294,374861940489998
RIP5318_Union_O3,5318,Union,3,Family Forest,3,0.6671845299613464,2,48596,448940355489998
RIP5319_Union_O4,5319,Union,4,Corporate/Other Private,1,0.2223948433204488,1,35382,259178386010854
RIP5320_Union_O4,5320,Union,4,Corporate/Other Private,2,0.4447896866408976,2,2739,20336120010478
RIP5321_Union_O3,5321,Union,3,Family Forest,16,3.5583174931271806,10,48552,448940142489998
RIP5322_Union_O3,5322,Union,3,Family Forest,1,0.2223948433204488,1,35379,259178358010854
RIP5323_Union_O3,5323,Union,3,Family Forest,18,4.003107179768078,10,36736,289514938489998
RIP5324_Union_O3,5324,Union,3,Family Forest,3,0.6671845299613464,3,35379,259178358010854
RIP5325_Union_O4,5325,Union,4,Corporate/Other Private,18,4.003107179768078,4,23748,173002842010854
RIP5326_Union_O3,5326,Union,3,Family Forest,1,0.2223948433204488,1,36932,289515944489998
RIP5327_Union_O3,5327,Union,3,Family Forest,1,0.2223948433204488,1,35382,259178386010854
RIP5328_Union_O3,5328,Union,3,Family Forest,3,0.6671845299613464,2,64456,638334749126144
RIP5329_Union_O3,5329,Union,3,Family Forest,1,0.2223948433204488,1,23748,173002842010854
RIP5330_Union_O3,5330,Union,3,Family Forest,1,0.2223948433204488,1,2739,20336120010478
RIP5331_Union_O3,5331,Union,3,Family Forest,1,0.2223948433204488,1,35382,259178386010854
RIP5332_Union_O4,5332,Union,4,Corporate/Other Private,1,0.2223948433204488,1,43201,374861518489998
RIP5333_Columbia_O4,5333,Columbia,4,Corporate/Other Private,1,0.2223948433204488,1,36736,289514938489998
RIP5334_Union_O3,5334,Union,3,Family Forest,8,1.7791587465635903,3,43151,374861300489998
RIP5335_Columbia_O3,5335,Columbia,3,Family Forest,10,2.223948433204488,3,2700,20267385010478
RIP5336_Union_O3,5336,Union,3,Family Forest,2,0.4447896866408976,2,36823,289515330489998
RIP5337_Union_O4,5337,Union,4,Corporate/Other Private,6,1.3343690599226927,6,18437,90825681010478
RIP5338_Union_O4,5338,Union,4,Corporate/Other Private,6,1.3343690599226927,4,43291,374861937489998
RIP5339_Columbia_O4,5339,Columbia,4,Corporate/Other Private,2,0.4447896866408976,1,36736,289514938489998
RIP5339_Union_O4,5339,Union,4,Corporate/Other Private,2,0.4447896866408976,1,36736,289514938489998
RIP5340_Union_O3,5340,Union,3,Family Forest,14,3.113527806486283,6,23748,173002842010854
RIP5341_Union_O3,5341,Union,3,Family Forest,36,8.006214359536155,11,2739,20336120010478
RIP5341_Union_O4,5341,Union,4,Corporate/Other Private,31,6.894240142933913,10,2739,20336120010478
RIP5342_Columbia_O3,5342,Columbia,3,Family Forest,1,0.2223948433204488,1,48596,448940355489998
RIP5343_Union_O3,5343,Union,3,Family Forest,41,9.118188576138401,5,2739,20336120010478
RIP5344_Union_O3,5344,Union,3,Family Forest,27,6.0046607696521175,8,36736,289514938489998
RIP5345_Union_O3,5345,Union,3,Family Forest,18,4.003107179768078,8,67379,718603887290487
RIP5346_Union_O3,5346,Union,3,Family Forest,6,1.3343690599226927,5,43291,374861937489998
RIP5347_Union_O3,5347,Union,3,Family Forest,3,0.6671845299613464,2,67427,718604085290487
RIP5348_Columbia_O3,5348,Columbia,3,Family Forest,3,0.6671845299613464,1,48596,448940355489998
RIP5349_Union_O3,5349,Union,3,Family Forest,2,0.4447896866408976,2,23748,173002842010854
RIP5350_Union_O3,5350,Union,3,Family Forest,3,0.6671845299613464,3,36823,289515330489998
RIP5351_Columbia_O3,5351,Columbia,3,Family Forest,8,1.7791587465635903,4,35379,259178358010854
RIP5351_Columbia_O4,5351,Columbia,4,Corporate/Other Private,11,2.446343276524937,6,35378,259178355010854
RIP5351_Union_O3,5351,Union,3,Family Forest,14,3.113527806486283,7,36736,289514938489998
RIP5351_Union_O4,5351,Union,4,Corporate/Other Private,10,2.223948433204488,3,36736,289514938489998
RIP5352_Union_O3,5352,Union,3,Family Forest,3,0.6671845299613464,3,36965,289516230489998
RIP5353_Union_O3,5353,Union,3,Family Forest,1,0.2223948433204488,1,64454,638334746126144
RIP5354_Union_O3,5354,Union,3,Family Forest,3,0.6671845299613464,2,67538,718604885290487
RIP5355_Union_O3,5355,Union,3,Family Forest,1,0.2223948433204488,1,35382,259178386010854
RIP5356_Union_O3,5356,Union,3,Family Forest,3,0.6671845299613464,2,67427,718604085290487
RIP5357_Columbia_O3,5357,Columbia,3,Family Forest,2,0.4447896866408976,2,2700,20267385010478
RIP5358_Union_O4,5358,Union,4,Corporate/Other Private,4,0.8895793732817951,2,24515,176860754010854
RIP5359_Union_O3,5359,Union,3,Family Forest,2,0.4447896866408976,2,36965,289516230489998
RIP5360_Columbia_O3,5360,Columbia,3,Family Forest,6,1.3343690599226927,4,48596,448940355489998
RIP5361_Columbia_O3,5361,Columbia,3,Family Forest,6,1.3343690599226927,2,2700,20267385010478
RIP5362_Union_O3,5362,Union,3,Family Forest,11,2.446343276524937,4,36962,289516223489998
RIP5363_Union_O3,5363,Union,3,Family Forest,7,1.5567639032431415,2,2700,20267385010478
RIP5364_Union_O3,5364,Union,3,Family Forest,12,2.6687381198453854,4,48672,448941001489998
RIP5365_Union_O3,5365,Union,3,Family Forest,1,0.2223948433204488,1,2739,20336120010478
RIP5366_Columbia_O3,5366,Columbia,3,Family Forest,1,0.2223948433204488,1,43225,374861608489998
RIP5367_Union_O3,5367,Union,3,Family Forest,1,0.2223948433204488,1,36736,289514938489998
RIP5368_Union_O3,5368,Union,3,Family Forest,1,0.2223948433204488,1,67372,718603850290487
RIP5369_Union_O3,5369,Union,3,Family Forest,2,0.4447896866408976,2,35382,259178386010854
RIP5370_Union_O3,5370,Union,3,Family Forest,10,2.223948433204488,2,67379,718603887290487
RIP5371_Union_O3,5371,Union,3,Family Forest,1,0.2223948433204488,1,13447,43855332020004
RIP5372_Union_O3,5372,Union,3,Family Forest,2,0.4447896866408976,2,2739,20336120010478
RIP5373_Union_O3,5373,Union,3,Family Forest,4,0.8895793732817951,2,67373,718603852290487
RIP5374_Union_O4,5374,Union,4,Corporate/Other Private,1,0.2223948433204488,1,67541,718604892290487
RIP5375_Columbia_O3,5375,Columbia,3,Family Forest,1,0.2223948433204488,1,36965,289516230489998
RIP5376_Union_O3,5376,Union,3,Family Forest,4,0.8895793732817951,3,36823,289515330489998
RIP5377_Union_O3,5377,Union,3,Family Forest,2,0.4447896866408976,2,43151,374861300489998
RIP5378_Union_O3,5378,Union,3,Family Forest,48,10.674952479381542,15,36736,289514938489998
RIP5379_Union_O3,5379,Union,3,Family Forest,74,16.45721840571321,14,43151,374861300489998
RIP5380_Union_O3,5380,Union,3,Family Forest,11,2.446343276524937,5,2739,20336120010478
RIP5381_Columbia_O3,5381,Columbia,3,Family Forest,2,0.4447896866408976,1,35378,259178355010854
RIP5382_Union_O3,5382,Union,3,Family Forest,1,0.2223948433204488,1,67373,718603852290487
RIP5383_Union_O3,5383,Union,3,Family Forest,3,0.6671845299613464,3,35382,259178386010854
RIP5384_Columbia_O3,5384,Columbia,3,Family Forest,3,0.6671845299613464,2,64479,638335018126144
RIP5385_Union_O3,5385,Union,3,Family Forest,1,0.2223948433204488,1,64293,638333844126144
RIP5386_Union_O3,5386,Union,3,Family Forest,8,1.7791587465635903,3,35382,259178386010854
RIP5387_Union_O3,5387,Union,3,Family Forest,2,0.4447896866408976,1,36736,289514938489998
RIP5388_Union_O4,5388,Union,4,Corporate/Other Private,13,2.891132963165834,6,35378,259178355010854
RIP5389_Union_O3,5389,Union,3,Family Forest,20,4.447896866408976,9,36736,289514938489998
RIP5390_Union_O3,5390,Union,3,Family Forest,2,0.4447896866408976,2,43291,374861937489998
RIP5391_Union_O3,5391,Union,3,Family Forest,3,0.6671845299613464,2,64456,638334749126144
RIP5392_Union_O3,5392,Union,3,Family Forest,9,2.001553589884039,3,67373,718603852290487
RIP5393_Union_O3,5393,Union,3,Family Forest,4,0.8895793732817951,2,43291,374861937489998
RIP5394_Columbia_O3,5394,Columbia,3,Family Forest,4,0.8895793732817951,3,35378,259178355010854
RIP5395_Union_O3,5395,Union,3,Family Forest,9,2.001553589884039,5,2700,20267385010478
RIP5396_Suwannee_O4,5396,Suwannee,4,Corporate/Other Private,1,0.2223948433204488,1,43315,374862210489998
RIP5397_Columbia_O3,5397,Columbia,3,Family Forest,4,0.8895793732817951,4,13436,43855099020004
RIP5398_Union_O3,5398,Union,3,Family Forest,4,0.8895793732817951,4,35382,259178386010854
RIP5399_Union_O3,5399,Union,3,Family Forest,31,6.894240142933913,10,43291,374861937489998
RIP5399_Union_O7,5399,Union,7,State,15,3.335922649806732,7,43291,374861937489998
RIP5400_Union_O3,5400,Union,3,Family Forest,3,0.6671845299613464,3,21183,134677819010854
RIP5401_Suwannee_O4,5401,Suwannee,4,Corporate/Other Private,1,0.2223948433204488,1,48594,448940350489998
RIP5402_Union_O3,5402,Union,3,Family Forest,6,1.3343690599226927,5,43294,374861940489998
RIP5403_Union_O3,5403,Union,3,Family Forest,1,0.2223948433204488,1,43291,374861937489998
RIP5404_Union_O3,5404,Union,3,Family Forest,14,3.113527806486283,9,43291,374861937489998
RIP5405_Union_O3,5405,Union,3,Family Forest,2,0.4447896866408976,1,36736,289514938489998
RIP5406_Union_O3,5406,Union,3,Family Forest,14,3.113527806486283,6,43291,374861937489998
RIP5407_Union_O3,5407,Union,3,Family Forest,3,0.6671845299613464,2,67427,718604085290487
RIP5408_Union_O3,5408,Union,3,Family Forest,3,0.6671845299613464,1,35382,259178386010854
RIP5409_Union_O3,5409,Union,3,Family Forest,3,0.6671845299613464,2,43291,374861937489998
RIP5410_Union_O3,5410,Union,3,Family Forest,5,1.111974216602244,4,48530,448940015489998
RIP5411_Union_O3,5411,Union,3,Family Forest,1,0.2223948433204488,1,67372,718603850290487
RIP5412_Union_O3,5412,Union,3,Family Forest,12,2.6687381198453854,4,43151,374861300489998
RIP5413_Union_O3,5413,Union,3,Family Forest,2,0.4447896866408976,2,48530,448940015489998
RIP5414_Union_O3,5414,Union,3,Family Forest,3,0.6671845299613464,2,2739,20336120010478
RIP5415_Union_O3,5415,Union,3,Family Forest,18,4.003107179768078,6,43151,374861300489998
RIP5416_Union_O3,5416,Union,3,Family Forest,3,0.6671845299613464,2,18437,90825681010478
RIP5417_Union_O3,5417,Union,3,Family Forest,6,1.3343690599226927,2,36736,289514938489998
RIP5418_Union_O3,5418,Union,3,Family Forest,4,0.8895793732817951,1,48636,448940596489998
RIP5419_Union_O3,5419,Union,3,Family Forest,1,0.2223948433204488,1,43291,374861937489998
RIP5420_Union_O3,5420,Union,3,Family Forest,2,0.4447896866408976,1,43291,374861937489998
RIP5421_Columbia_O3,5421,Columbia,3,Family Forest,9,2.001553589884039,4,35378,259178355010854
RIP5421_Union_O3,5421,Union,3,Family Forest,8,1.7791587465635903,7,35378,259178355010854
RIP5422_Union_O3,5422,Union,3,Family Forest,9,2.001553589884039,4,35382,259178386010854
RIP5423_Union_O3,5423,Union,3,Family Forest,3,0.6671845299613464,3,36912,289515793489998
RIP5424_Union_O3,5424,Union,3,Family Forest,11,2.446343276524937,5,64293,638333844126144
RIP5425_Union_O3,5425,Union,3,Family Forest,4,0.8895793732817951,2,67527,718604764290487
RIP5426_Union_O3,5426,Union,3,Family Forest,4,0.8895793732817951,1,43151,374861300489998
RIP5427_Union_O3,5427,Union,3,Family Forest,3,0.6671845299613464,3,2739,20336120010478
RIP5428_Union_O3,5428,Union,3,Family Forest,4,0.8895793732817951,3,64483,638335132126144
RIP5429_Union_O3,5429,Union,3,Family Forest,55,12.231716382624683,14,23748,173002842010854
RIP5430_Union_O8,5430,Union,8,Local,13,2.891132963165834,6,67373,718603852290487
RIP5431_Union_O3,5431,Union,3,Family Forest,1,0.2223948433204488,1,18437,90825681010478
RIP5432_Union_O3,5432,Union,3,Family Forest,3,0.6671845299613464,2,18437,90825681010478
RIP5433_Union_O3,5433,Union,3,Family Forest,6,1.3343690599226927,2,67373,718603852290487
RIP5434_Union_O8,5434,Union,8,Local,1,0.2223948433204488,1,48668,448940993489998
RIP5435_Union_O3,5435,Union,3,Family Forest,16,3.5583174931271806,8,64293,638333844126144
RIP5436_Union_O3,5436,Union,3,Family Forest,9,2.001553589884039,3,67427,718604085290487
RIP5437_Union_O8,5437,Union,8,Local,1,0.2223948433204488,1,64479,638335018126144
RIP5438_Union_O3,5438,Union,3,Family Forest,7,1.5567639032431415,6,64479,638335018126144
RIP5439_Union_O3,5439,Union,3,Family Forest,16,3.5583174931271806,7,43239,374861704489998
RIP5440_Union_O3,5440,Union,3,Family Forest,4,0.8895793732817951,3,64456,638334749126144
RIP5441_Union_O3,5441,Union,3,Family Forest,69,15.345244189110966,18,2739,20336120010478
RIP5442_Union_O3,5442,Union,3,Family Forest,2,0.4447896866408976,2,35378,259178355010854
RIP5443_Union_O3,5443,Union,3,Family Forest,93,20.682720428801737,10,2739,20336120010478
RIP5444_Union_O3,5444,Union,3,Family Forest,12,2.6687381198453854,5,43291,374861937489998
RIP5445_Union_O3,5445,Union,3,Family Forest,3,0.6671845299613464,1,64479,638335018126144
RIP5446_Union_O3,5446,Union,3,Family Forest,1,0.2223948433204488,1,64454,638334746126144
RIP5447_Union_O3,5447,Union,3,Family Forest,1,0.2223948433204488,1,67541,718604892290487
RIP5448_Union_O3,5448,Union,3,Family Forest,2,0.4447896866408976,2,43291,374861937489998
RIP5449_Union_O3,5449,Union,3,Family Forest,1,0.2223948433204488,1,43291,374861937489998
RIP5450_Union_O3,5450,Union,3,Family Forest,5,1.111974216602244,2,64293,638333844126144
RIP5451_Union_O3,5451,Union,3,Family Forest,1,0.2223948433204488,1,43151,374861300489998
RIP5452_Union_O8,5452,Union,8,Local,2,0.4447896866408976,2,43163,374861344489998
RIP5453_Union_O3,5453,Union,3,Family Forest,2,0.4447896866408976,1,67541,718604892290487
RIP5454_Union_O3,5454,Union,3,Family Forest,2,0.4447896866408976,1,43291,374861937489998
RIP5454_Union_O4,5454,Union,4,Corporate/Other Private,6,1.3343690599226927,3,67379,718603887290487
RIP5455_Columbia_O3,5455,Columbia,3,Family Forest,6,1.3343690599226927,3,35379,259178358010854
RIP5455_Union_O3,5455,Union,3,Family Forest,2,0.4447896866408976,2,36965,289516230489998
RIP5456_Union_O3,5456,Union,3,Family Forest,1,0.2223948433204488,1,43151,374861300489998
RIP5457_Union_O3,5457,Union,3,Family Forest,2,0.4447896866408976,2,35382,259178386010854
RIP5458_Union_O3,5458,Union,3,Family Forest,1,0.2223948433204488,1,48503,448939827489998
RIP5459_Union_O3,5459,Union,3,Family Forest,8,1.7791587465635903,7,43239,374861704489998
RIP5460_Union_O3,5460,Union,3,Family Forest,1,0.2223948433204488,1,36896,289515723489998
RIP5461_Union_O3,5461,Union,3,Family Forest,6,1.3343690599226927,3,36939,289515962489998
RIP5462_Union_O3,5462,Union,3,Family Forest,2,0.4447896866408976,1,64293,638333844126144
RIP5463_Union_O3,5463,Union,3,Family Forest,14,3.113527806486283,11,36823,289515330489998
RIP5463_Union_O8,5463,Union,8,Local,3,0.6671845299613464,3,43326,374862340489998
RIP5464_Union_O3,5464,Union,3,Family Forest,1,0.2223948433204488,1,48636,448940596489998
RIP5465_Union_O3,5465,Union,3,Family Forest,2,0.4447896866408976,1,64293,638333844126144
RIP5466_Union_O3,5466,Union,3,Family Forest,5,1.111974216602244,3,36962,289516223489998
RIP5467_Columbia_O8,5467,Columbia,8,Local,1,0.2223948433204488,1,21262,140566167010478
RIP5468_Union_O3,5468,Union,3,Family Forest,2,0.4447896866408976,2,43151,374861300489998
RIP5469_Union_O8,5469,Union,8,Local,4,0.8895793732817951,3,64479,638335018126144
RIP5470_Columbia_O8,5470,Columbia,8,Local,3,0.6671845299613464,2,35378,259178355010854
RIP5471_Union_O3,5471,Union,3,Family Forest,1,0.2223948433204488,1,43225,374861608489998
RIP5472_Union_O3,5472,Union,3,Family Forest,4,0.8895793732817951,2,43291,374861937489998
RIP5473_Union_O3,5473,Union,3,Family Forest,2,0.4447896866408976,2,36823,289515330489998
RIP5474_Union_O3,5474,Union,3,Family Forest,2,0.4447896866408976,1,35378,259178355010854
RIP5475_Union_O3,5475,Union,3,Family Forest,16,3.5583174931271806,7,2700,20267385010478
RIP5476_Union_O3,5476,Union,3,Family Forest,2,0.4447896866408976,1,43291,374861937489998
RIP5477_Union_O3,5477,Union,3,Family Forest,16,3.5583174931271806,5,36736,289514938489998
RIP5478_Columbia_O3,5478,Columbia,3,Family Forest,4,0.8895793732817951,3,48594,448940350489998
RIP5478_Columbia_O8,5478,Columbia,8,Local,3,0.6671845299613464,3,35378,259178355010854
RIP5479_Columbia_O3,5479,Columbia,3,Family Forest,18,4.003107179768078,7,24316,176548896010854
RIP5479_Columbia_O4,5479,Columbia,4,Corporate/Other Private,1,0.2223948433204488,1,67427,718604085290487
RIP5479_Union_O3,5479,Union,3,Family Forest,15,3.335922649806732,5,35379,259178358010854
RIP5479_Union_O4,5479,Union,4,Corporate/Other Private,26,5.782265926331668,6,35379,259178358010854
RIP5480_Union_O3,5480,Union,3,Family Forest,3,0.6671845299613464,3,48596,448940355489998
RIP5481_Union_O3,5481,Union,3,Family Forest,1,0.2223948433204488,1,43294,374861940489998
RIP5482_Union_O3,5482,Union,3,Family Forest,2,0.4447896866408976,2,36965,289516230489998
RIP5483_Union_O3,5483,Union,3,Family Forest,140,31.13527806486283,23,2739,20336120010478
RIP5483_Union_O4,5483,Union,4,Corporate/Other Private,24,5.337476239690771,8,2739,20336120010478
RIP5484_Union_O3,5484,Union,3,Family Forest,4,0.8895793732817951,3,31039,218218532020004
RIP5485_Union_O3,5485,Union,3,Family Forest,14,3.113527806486283,10,36830,289515366489998
RIP5486_Union_O3,5486,Union,3,Family Forest,12,2.6687381198453854,3,23748,173002842010854
RIP5487_Columbia_O3,5487,Columbia,3,Family Forest,1,0.2223948433204488,1,67541,718604892290487
RIP5488_Union_O3,5488,Union,3,Family Forest,2,0.4447896866408976,2,36788,289515121489998
RIP5489_Columbia_O3,5489,Columbia,3,Family Forest,2,0.4447896866408976,2,36962,289516223489998
RIP5490_Union_O3,5490,Union,3,Family Forest,2,0.4447896866408976,2,36965,289516230489998
RIP5491_Union_O3,5491,Union,3,Family Forest,4,0.8895793732817951,3,67372,718603850290487
RIP5492_Union_O3,5492,Union,3,Family Forest,2,0.4447896866408976,2,35382,259178386010854
RIP5493_Union_O3,5493,Union,3,Family Forest,2,0.4447896866408976,1,36788,289515121489998
RIP5494_Union_O8,5494,Union,8,Local,1,0.2223948433204488,1,67373,718603852290487
RIP5495_Union_O3,5495,Union,3,Family Forest,5,1.111974216602244,2,43291,374861937489998
RIP5496_Union_O7,5496,Union,7,State,16,3.5583174931271806,10,2700,20267385010478
RIP5497_Union_O3,5497,Union,3,Family Forest,14,3.113527806486283,5,2739,20336120010478
RIP5497_Union_O4,5497,Union,4,Corporate/Other Private,4,0.8895793732817951,2,67427,718604085290487
RIP5498_Union_O3,5498,Union,3,Family Forest,52,11.564531852663336,13,43151,374861300489998
RIP5499_Union_O4,5499,Union,4,Corporate/Other Private,12,2.6687381198453854,8,35382,259178386010854
RIP5500_Union_O3,5500,Union,3,Family Forest,1,0.2223948433204488,1,43291,374861937489998
RIP5501_Union_O3,5501,Union,3,Family Forest,3,0.6671845299613464,2,48608,448940387489998
RIP5502_Union_O3,5502,Union,3,Family Forest,1,0.2223948433204488,1,18437,90825681010478
RIP5503_Union_O3,5503,Union,3,Family Forest,2,0.4447896866408976,1,67541,718604892290487
RIP5504_Union_O3,5504,Union,3,Family Forest,1,0.2223948433204488,1,48668,448940993489998
RIP5505_Union_O3,5505,Union,3,Family Forest,7,1.5567639032431415,5,35382,259178386010854
RIP5506_Union_O3,5506,Union,3,Family Forest,7,1.5567639032431415,4,43291,374861937489998
RIP5507_Union_O3,5507,Union,3,Family Forest,2,0.4447896866408976,1,31039,218218532020004
RIP5508_Union_O3,5508,Union,3,Family Forest,1,0.2223948433204488,1,48596,448940355489998
RIP5509_Union_O3,5509,Union,3,Family Forest,3,0.6671845299613464,2,43151,374861300489998
RIP5510_Union_O3,5510,Union,3,Family Forest,11,2.446343276524937,5,43151,374861300489998
RIP5511_Union_O4,5511,Union,4,Corporate/Other Private,1,0.2223948433204488,1,43291,374861937489998
RIP5512_Union_O3,5512,Union,3,Family Forest,1,0.2223948433204488,1,36932,289515944489998
RIP5513_Union_O3,5513,Union,3,Family Forest,5,1.111974216602244,4,2739,20336120010478
RIP5514_Union_O3,5514,Union,3,Family Forest,4,0.8895793732817951,3,64293,638333844126144
RIP5515_Union_O4,5515,Union,4,Corporate/Other Private,1,0.2223948433204488,1,67427,718604085290487
RIP5516_Suwannee_O8,5516,Suwannee,8,Local,1,0.2223948433204488,1,2739,20336120010478
RIP5517_Union_O4,5517,Union,4,Corporate/Other Private,33,7.33902982957481,12,2739,20336120010478
RIP5518_Union_O3,5518,Union,3,Family Forest,1,0.2223948433204488,1,35382,259178386010854
RIP5518_Union_O4,5518,Union,4,Corporate/Other Private,3,0.6671845299613464,3,43291,374861937489998
RIP5519_Union_O3,5519,Union,3,Family Forest,1,0.2223948433204488,1,35382,259178386010854
RIP5520_Union_O3,5520,Union,3,Family Forest,6,1.3343690599226927,2,43151,374861300489998
RIP5521_Union_O8,5521,Union,8,Local,2,0.4447896866408976,2,64456,638334749126144
RIP5522_Union_O3,5522,Union,3,Family Forest,80,17.791587465635903,18,67427,718604085290487
RIP5522_Union_O4,5522,Union,4,Corporate/Other Private,58,12.89890091258603,9,67427,718604085290487
RIP5523_Union_O3,5523,Union,3,Family Forest,1,0.2223948433204488,1,35382,259178386010854
RIP5524_Union_O3,5524,Union,3,Family Forest,4,0.8895793732817951,3,43294,374861940489998
RIP5525_Union_O4,5525,Union,4,Corporate/Other Private,1,0.2223948433204488,1,36912,289515793489998
RIP5526_Union_O3,5526,Union,3,Family Forest,1,0.2223948433204488,1,67373,718603852290487
RIP5527_Union_O3,5527,Union,3,Family Forest,3,0.6671845299613464,2,2739,20336120010478
RIP5528_Union_O3,5528,Union,3,Family Forest,2,0.4447896866408976,2,31039,218218532020004
RIP5529_Union_O4,5529,Union,4,Corporate/Other Private,2,0.4447896866408976,2,2739,20336120010478
RIP5530_Union_O3,5530,Union,3,Family Forest,5,1.111974216602244,5,21183,134677819010854
RIP5531_Union_O3,5531,Union,3,Family Forest,1,0.2223948433204488,1,64293,638333844126144
RIP5532_Union_O3,5532,Union,3,Family Forest,1,0.2223948433204488,1,67541,718604892290487
RIP5533_Union_O3,5533,Union,3,Family Forest,13,2.891132963165834,5,43151,374861300489998
RIP5534_Union_O3,5534,Union,3,Family Forest,3,0.6671845299613464,2,64479,638335018126144
RIP5535_Union_O7,5535,Union,7,State,1,0.2223948433204488,1,43291,374861937489998
RIP5536_Union_O3,5536,Union,3,Family Forest,20,4.447896866408976,6,2739,20336120010478
RIP5536_Union_O4,5536,Union,4,Corporate/Other Private,1,0.2223948433204488,1,36823,289515330489998
RIP5537_Columbia_O3,5537,Columbia,3,Family Forest,3,0.6671845299613464,2,35379,259178358010854
RIP5537_Union_O3,5537,Union,3,Family Forest,3,0.6671845299613464,2,36736,289514938489998
RIP5538_Union_O3,5538,Union,3,Family Forest,2,0.4447896866408976,2,21183,134677819010854
RIP5539_Union_O3,5539,Union,3,Family Forest,1,0.2223948433204488,1,48658,448940864489998
RIP5540_Union_O3,5540,Union,3,Family Forest,1,0.2223948433204488,1,18437,90825681010478
RIP5541_Columbia_O3,5541,Columbia,3,Family Forest,3,0.6671845299613464,2,48596,448940355489998
RIP5542_Union_O3,5542,Union,3,Family Forest,2,0.4447896866408976,1,48658,448940864489998
RIP5543_Union_O3,5543,Union,3,Family Forest,2,0.4447896866408976,2,35379,259178358010854
RIP5544_Union_O3,5544,Union,3,Family Forest,2,0.4447896866408976,2,35382,259178386010854
RIP5545_Columbia_O3,5545,Columbia,3,Family Forest,1,0.2223948433204488,1,36736,289514938489998
RIP5546_Union_O3,5546,Union,3,Family Forest,21,4.670291709729424,9,48608,448940387489998
RIP5547_Union_O3,5547,Union,3,Family Forest,1,0.2223948433204488,1,18437,90825681010478
RIP5548_Columbia_O3,5548,Columbia,3,Family Forest,3,0.6671845299613464,1,35379,259178358010854
RIP5548_Union_O3,5548,Union,3,Family Forest,3,0.6671845299613464,2,35379,259178358010854
RIP5549_Union_O7,5549,Union,7,State,17,3.780712336447629,8,64479,638335018126144
RIP5550_Union_O3,5550,Union,3,Family Forest,4,0.8895793732817951,3,64479,638335018126144
RIP5551_Union_O3,5551,Union,3,Family Forest,3,0.6671845299613464,2,43291,374861937489998
RIP5552_Union_O3,5552,Union,3,Family Forest,1,0.2223948433204488,1,43151,374861300489998
RIP5553_Columbia_O3,5553,Columbia,3,Family Forest,1,0.2223948433204488,1,48607,448940384489998
RIP5553_Columbia_O4,5553,Columbia,4,Corporate/Other Private,2,0.4447896866408976,1,36896,289515723489998
RIP5554_Columbia_O3,5554,Columbia,3,Family Forest,33,7.33902982957481,6,35379,259178358010854
RIP5554_Columbia_O4,5554,Columbia,4,Corporate/Other Private,12,2.6687381198453854,3,36736,289514938489998
RIP5554_Union_O3,5554,Union,3,Family Forest,5,1.111974216602244,3,35378,259178355010854
RIP5554_Union_O4,5554,Union,4,Corporate/Other Private,28,6.227055612972566,4,35379,259178358010854
RIP5555_Union_O3,5555,Union,3,Family Forest,3,0.6671845299613464,3,43151,374861300489998
RIP5556_Union_O3,5556,Union,3,Family Forest,2,0.4447896866408976,2,23748,173002842010854
RIP5557_Union_O3,5557,Union,3,Family Forest,7,1.5567639032431415,6,48668,448940993489998
RIP5558_Union_O3,5558,Union,3,Family Forest,1,0.2223948433204488,1,36962,289516223489998
RIP5559_Union_O3,5559,Union,3,Family Forest,3,0.6671845299613464,3,2735,20331288010478
RIP5560_Union_O3,5560,Union,3,Family Forest,1,0.2223948433204488,1,43151,374861300489998
RIP5561_Union_O4,5561,Union,4,Corporate/Other Private,2,0.4447896866408976,2,36932,289515944489998
RIP5562_Union_O3,5562,Union,3,Family Forest,4,0.8895793732817951,4,2735,20331288010478
RIP5563_Union_O3,5563,Union,3,Family Forest,2,0.4447896866408976,2,45047,385730105489998
RIP5564_Union_O3,5564,Union,3,Family Forest,4,0.8895793732817951,4,2700,20267385010478
RIP5565_Union_O4,5565,Union,4,Corporate/Other Private,1,0.2223948433204488,1,18437,90825681010478
RIP5565_Union_O7,5565,Union,7,State,14,3.113527806486283,9,35382,259178386010854
RIP5566_Union_O4,5566,Union,4,Corporate/Other Private,6,1.3343690599226927,3,43291,374861937489998
RIP5567_Union_O4,5567,Union,4,Corporate/Other Private,1,0.2223948433204488,1,2739,20336120010478
RIP5568_Union_O3,5568,Union,3,Family Forest,1,0.2223948433204488,1,35382,259178386010854
RIP5568_Union_O4,5568,Union,4,Corporate/Other Private,7,1.5567639032431415,4,2739,20336120010478
RIP5569_Union_O4,5569,Union,4,Corporate/Other Private,1,0.2223948433204488,1,35379,259178358010854
RIP5570_Union_O3,5570,Union,3,Family Forest,1,0.2223948433204488,1,64329,638333977126144
RIP5571_Union_O7,5571,Union,7,State,4,0.8895793732817951,2,35382,259178386010854
RIP5572_Union_O3,5572,Union,3,Family Forest,3,0.6671845299613464,3,35379,259178358010854
RIP5572_Union_O4,5572,Union,4,Corporate/Other Private,1,0.2223948433204488,1,35379,259178358010854
RIP5573_Union_O4,5573,Union,4,Corporate/Other Private,2,0.4447896866408976,2,31039,218218532020004
RIP5574_Union_O3,5574,Union,3,Family Forest,3,0.6671845299613464,3,2700,20267385010478
RIP5575_Union_O4,5575,Union,4,Corporate/Other Private,2,0.4447896866408976,1,43291,374861937489998
RIP5576_Union_O3,5576,Union,3,Family Forest,2,0.4447896866408976,2,36962,289516223489998
RIP5577_Union_O7,5577,Union,7,State,13,2.891132963165834,7,35382,259178386010854
RIP5578_Union_O3,5578,Union,3,Family Forest,4,0.8895793732817951,3,2700,20267385010478
RIP5579_Union_O7,5579,Union,7,State,5,1.111974216602244,4,43291,374861937489998
RIP5580_Union_O4,5580,Union,4,Corporate/Other Private,3,0.6671845299613464,2,43291,374861937489998
RIP5581_Union_O3,5581,Union,3,Family Forest,2,0.4447896866408976,1,35382,259178386010854
RIP5582_Union_O3,5582,Union,3,Family Forest,6,1.3343690599226927,3,18437,90825681010478
RIP5583_Union_O3,5583,Union,3,Family Forest,26,5.782265926331668,14,64293,638333844126144
RIP5584_Union_O3,5584,Union,3,Family Forest,1,0.2223948433204488,1,43291,374861937489998
RIP5585_Union_O4,5585,Union,4,Corporate/Other Private,1,0.2223948433204488,1,67373,718603852290487
RIP5586_Union_O3,5586,Union,3,Family Forest,1,0.2223948433204488,1,43163,374861344489998
RIP5587_Union_O7,5587,Union,7,State,1,0.2223948433204488,1,36823,289515330489998
RIP5588_Union_O3,5588,Union,3,Family Forest,1,0.2223948433204488,1,64226,635664945126144
RIP5589_Union_O3,5589,Union,3,Family Forest,1,0.2223948433204488,1,31037,218218426020004
RIP5590_Union_O3,5590,Union,3,Family Forest,2,0.4447896866408976,2,18437,90825681010478
RIP5590_Union_O4,5590,Union,4,Corporate/Other Private,2,0.4447896866408976,2,18437,90825681010478
RIP5591_Union_O3,5591,Union,3,Family Forest,1,0.2223948433204488,1,36896,289515723489998
RIP5592_Union_O7,5592,Union,7,State,4,0.8895793732817951,3,64456,638334749126144
RIP5593_Union_O3,5593,Union,3,Family Forest,1,0.2223948433204488,1,36828,289515362489998
RIP5594_Union_O3,5594,Union,3,Family Forest,2,0.4447896866408976,1,2700,20267385010478
RIP5595_Union_O3,5595,Union,3,Family Forest,4,0.8895793732817951,3,2739,20336120010478
RIP5595_Union_O4,5595,Union,4,Corporate/Other Private,7,1.5567639032431415,4,36823,289515330489998
RIP5596_Union_O4,5596,Union,4,Corporate/Other Private,22,4.892686553049874,9,2739,20336120010478
RIP5597_Union_O3,5597,Union,3,Family Forest,1,0.2223948433204488,1,2739,20336120010478
RIP5597_Union_O4,5597,Union,4,Corporate/Other Private,1,0.2223948433204488,1,18437,90825681010478
RIP5598_Union_O3,5598,Union,3,Family Forest,2,0.4447896866408976,2,48588,448940337489998
RIP5599_Union_O3,5599,Union,3,Family Forest,1,0.2223948433204488,1,18437,90825681010478
RIP5599_Union_O4,5599,Union,4,Corporate/Other Private,1,0.2223948433204488,1,18437,90825681010478
RIP5600_Union_O3,5600,Union,3,Family Forest,6,1.3343690599226927,6,16549,61280243010478
RIP5601_Union_O3,5601,Union,3,Family Forest,2,0.4447896866408976,2,2739,20336120010478
RIP5602_Union_O3,5602,Union,3,Family Forest,3,0.6671845299613464,2,36828,289515362489998
RIP5603_Union_O4,5603,Union,4,Corporate/Other Private,2,0.4447896866408976,2,18437,90825681010478
RIP5604_Union_O3,5604,Union,3,Family Forest,1,0.2223948433204488,1,43291,374861937489998
RIP5605_Union_O3,5605,Union,3,Family Forest,4,0.8895793732817951,3,36823,289515330489998
RIP5606_Union_O7,5606,Union,7,State,1,0.2223948433204488,1,2739,20336120010478
RIP5607_Union_O3,5607,Union,3,Family Forest,2,0.4447896866408976,1,43151,374861300489998
RIP5608_Union_O3,5608,Union,3,Family Forest,2,0.4447896866408976,1,18437,90825681010478
RIP5609_Union_O3,5609,Union,3,Family Forest,2,0.4447896866408976,2,36912,289515793489998
RIP5610_Union_O3,5610,Union,3,Family Forest,6,1.3343690599226927,2,35382,259178386010854
RIP5611_Union_O3,5611,Union,3,Family Forest,1,0.2223948433204488,1,64419,638334555126144
RIP5612_Union_O3,5612,Union,3,Family Forest,3,0.6671845299613464,3,36932,289515944489998
RIP5613_Union_O3,5613,Union,3,Family Forest,5,1.111974216602244,4,2700,20267385010478
RIP5614_Union_O3,5614,Union,3,Family Forest,5,1.111974216602244,2,35382,259178386010854
RIP5614_Union_O4,5614,Union,4,Corporate/Other Private,8,1.7791587465635903,6,18437,90825681010478
RIP5615_Union_O3,5615,Union,3,Family Forest,1,0.2223948433204488,1,36912,289515793489998
RIP5616_Union_O3,5616,Union,3,Family Forest,2,0.4447896866408976,2,35382,259178386010854
RIP5617_Union_O3,5617,Union,3,Family Forest,1,0.2223948433204488,1,67372,718603850290487
RIP5618_Union_O3,5618,Union,3,Family Forest,3,0.6671845299613464,3,24515,176860754010854
RIP5619_Union_O4,5619,Union,4,Corporate/Other Private,2,0.4447896866408976,1,43163,374861344489998
RIP5620_Union_O3,5620,Union,3,Family Forest,1,0.2223948433204488,1,24508,176860474010854
RIP5621_Union_O3,5621,Union,3,Family Forest,1,0.2223948433204488,1,43291,374861937489998
RIP5622_Union_O3,5622,Union,3,Family Forest,1,0.2223948433204488,1,64293,638333844126144
RIP5623_Columbia_O3,5623,Columbia,3,Family Forest,1,0.2223948433204488,1,35378,259178355010854
RIP5624_Columbia_O3,5624,Columbia,3,Family Forest,27,6.0046607696521175,8,35378,259178355010854
RIP5624_Union_O3,5624,Union,3,Family Forest,3,0.6671845299613464,2,36736,289514938489998
RIP5625_Union_O3,5625,Union,3,Family Forest,6,1.3343690599226927,4,35382,259178386010854
RIP5626_Union_O3,5626,Union,3,Family Forest,5,1.111974216602244,5,43294,374861940489998
RIP5627_Union_O4,5627,Union,4,Corporate/Other Private,1,0.2223948433204488,1,43291,374861937489998
RIP5628_Union_O4,5628,Union,4,Corporate/Other Private,4,0.8895793732817951,2,35377,259178350010854
RIP5629_Union_O3,5629,Union,3,Family Forest,1,0.2223948433204488,1,67372,718603850290487
RIP5630_Union_O3,5630,Union,3,Family Forest,9,2.001553589884039,6,35382,259178386010854
RIP5631_Union_O3,5631,Union,3,Family Forest,8,1.7791587465635903,5,2700,20267385010478
RIP5632_Union_O3,5632,Union,3,Family Forest,8,1.7791587465635903,5,48596,448940355489998
RIP5633_Union_O3,5633,Union,3,Family Forest,3,0.6671845299613464,1,48658,448940864489998
RIP5634_Union_O3,5634,Union,3,Family Forest,3,0.6671845299613464,2,48658,448940864489998
RIP5635_Union_O3,5635,Union,3,Family Forest,13,2.891132963165834,4,24515,176860754010854
RIP5636_Union_O4,5636,Union,4,Corporate/Other Private,4,0.8895793732817951,3,36905,289515771489998
RIP5637_Union_O4,5637,Union,4,Corporate/Other Private,3,0.6671845299613464,2,2739,20336120010478
RIP5638_Union_O8,5638,Union,8,Local,2,0.4447896866408976,1,2700,20267385010478
RIP5639_Union_O3,5639,Union,3,Family Forest,30,6.671845299613464,6,43151,374861300489998
RIP5640_Union_O3,5640,Union,3,Family Forest,9,2.001553589884039,4,36823,289515330489998
RIP5641_Union_O3,5641,Union,3,Family Forest,33,7.33902982957481,10,36828,289515362489998
RIP5641_Union_O4,5641,Union,4,Corporate/Other Private,5,1.111974216602244,3,36828,289515362489998
RIP5642_Union_O3,5642,Union,3,Family Forest,1,0.2223948433204488,1,24515,176860754010854
RIP5643_Union_O3,5643,Union,3,Family Forest,2,0.4447896866408976,2,43294,374861940489998
RIP5644_Union_O3,5644,Union,3,Family Forest,2,0.4447896866408976,2,35382,259178386010854
RIP5645_Union_O3,5645,Union,3,Family Forest,3,0.6671845299613464,3,18437,90825681010478
RIP5646_Union_O4,5646,Union,4,Corporate/Other Private,7,1.5567639032431415,5,43291,374861937489998
RIP5647_Union_O4,5647,Union,4,Corporate/Other Private,1,0.2223948433204488,1,36912,289515793489998
RIP5648_Columbia_O3,5648,Columbia,3,Family Forest,2,0.4447896866408976,2,35378,259178355010854
RIP5649_Union_O3,5649,Union,3,Family Forest,46,10.230162792740645,17,43239,374861704489998
RIP5650_Union_O3,5650,Union,3,Family Forest,2,0.4447896866408976,1,43151,374861300489998
RIP5651_Union_O3,5651,Union,3,Family Forest,1,0.2223948433204488,1,35379,259178358010854
RIP5652_Columbia_O3,5652,Columbia,3,Family Forest,1,0.2223948433204488,1,48658,448940864489998
RIP5652_Columbia_O4,5652,Columbia,4,Corporate/Other Private,5,1.111974216602244,5,35378,259178355010854
RIP5653_Union_O3,5653,Union,3,Family Forest,2,0.4447896866408976,1,48608,448940387489998
RIP5654_Union_O4,5654,Union,4,Corporate/Other Private,1,0.2223948433204488,1,43225,374861608489998
RIP5655_Columbia_O3,5655,Columbia,3,Family Forest,1,0.2223948433204488,1,35378,259178355010854
RIP5655_Union_O3,5655,Union,3,Family Forest,7,1.5567639032431415,5,35378,259178355010854
RIP5656_Union_O3,5656,Union,3,Family Forest,1,0.2223948433204488,1,48596,448940355489998
RIP5657_Union_O3,5657,Union,3,Family Forest,1,0.2223948433204488,1,67373,718603852290487
RIP5658_Union_O3,5658,Union,3,Family Forest,1,0.2223948433204488,1,36965,289516230489998
RIP5659_Union_O3,5659,Union,3,Family Forest,14,3.113527806486283,11,2739,20336120010478
RIP5659_Union_O4,5659,Union,4,Corporate/Other Private,24,5.337476239690771,10,2739,20336120010478
RIP5660_Union_O3,5660,Union,3,Family Forest,5,1.111974216602244,2,64479,638335018126144
RIP5661_Union_O3,5661,Union,3,Family Forest,2,0.4447896866408976,2,23748,173002842010854
RIP5662_Union_O3,5662,Union,3,Family Forest,2,0.4447896866408976,1,43291,374861937489998
RIP5663_Union_O4,5663,Union,4,Corporate/Other Private,30,6.671845299613464,5,67427,718604085290487
RIP5664_Union_O3,5664,Union,3,Family Forest,2,0.4447896866408976,2,23748,173002842010854
RIP5665_Union_O3,5665,Union,3,Family Forest,2,0.4447896866408976,2,48596,448940355489998
RIP5666_Union_O4,5666,Union,4,Corporate/Other Private,1,0.2223948433204488,1,64380,638334324126144
RIP5667_Union_O3,5667,Union,3,Family Forest,18,4.003107179768078,8,23748,173002842010854
RIP5668_Union_O3,5668,Union,3,Family Forest,1,0.2223948433204488,1,43291,374861937489998
RIP5669_Columbia_O3,5669,Columbia,3,Family Forest,48,10.674952479381542,5,35379,259178358010854
RIP5669_Columbia_O4,5669,Columbia,4,Corporate/Other Private,1,0.2223948433204488,1,35379,259178358010854
RIP5669_Union_O3,5669,Union,3,Family Forest,70,15.567639032431416,6,35379,259178358010854
RIP5669_Union_O4,5669,Union,4,Corporate/Other Private,2,0.4447896866408976,1,35379,259178358010854
RIP5670_Union_O3,5670,Union,3,Family Forest,1,0.2223948433204488,1,67373,718603852290487
RIP5671_Union_O3,5671,Union,3,Family Forest,13,2.891132963165834,8,18437,90825681010478
RIP5672_Union_O3,5672,Union,3,Family Forest,4,0.8895793732817951,3,23748,173002842010854
RIP5673_Union_O3,5673,Union,3,Family Forest,40,8.895793732817951,15,35378,259178355010854
RIP5674_Union_O3,5674,Union,3,Family Forest,2,0.4447896866408976,2,18437,90825681010478
RIP5675_Columbia_O3,5675,Columbia,3,Family Forest,2,0.4447896866408976,2,36896,289515723489998
RIP5676_Union_O3,5676,Union,3,Family Forest,2,0.4447896866408976,2,48596,448940355489998
RIP5677_Union_O3,5677,Union,3,Family Forest,3,0.6671845299613464,3,18437,90825681010478
RIP5678_Union_O3,5678,Union,3,Family Forest,1,0.2223948433204488,1,2700,20267385010478
RIP5679_Union_O3,5679,Union,3,Family Forest,1,0.2223948433204488,1,67541,718604892290487
RIP5680_Union_O3,5680,Union,3,Family Forest,12,2.6687381198453854,8,43291,374861937489998
RIP5681_Union_O4,5681,Union,4,Corporate/Other Private,9,2.001553589884039,4,18437,90825681010478
RIP5682_Union_O3,5682,Union,3,Family Forest,3,0.6671845299613464,3,35378,259178355010854
RIP5683_Union_O4,5683,Union,4,Corporate/Other Private,21,4.670291709729424,3,67427,718604085290487
RIP5684_Union_O3,5684,Union,3,Family Forest,4,0.8895793732817951,3,36939,289515962489998
RIP5684_Union_O4,5684,Union,4,Corporate/Other Private,6,1.3343690599226927,4,67372,718603850290487
RIP5685_Union_O3,5685,Union,3,Family Forest,3,0.6671845299613464,3,36823,289515330489998
RIP5686_Union_O3,5686,Union,3,Family Forest,1,0.2223948433204488,1,48668,448940993489998
RIP5687_Union_O3,5687,Union,3,Family Forest,2,0.4447896866408976,2,2739,20336120010478
RIP5687_Union_O4,5687,Union,4,Corporate/Other Private,22,4.892686553049874,4,2739,20336120010478
RIP5688_Union_O3,5688,Union,3,Family Forest,1,0.2223948433204488,1,67373,718603852290487
RIP5689_Union_O3,5689,Union,3,Family Forest,2,0.4447896866408976,2,48608,448940387489998
RIP5690_Union_O3,5690,Union,3,Family Forest,2,0.4447896866408976,2,36932,289515944489998
RIP5691_Union_O3,5691,Union,3,Family Forest,7,1.5567639032431415,6,48658,448940864489998
RIP5692_Union_O3,5692,Union,3,Family Forest,5,1.111974216602244,3,64479,638335018126144
RIP5692_Union_O4,5692,Union,4,Corporate/Other Private,13,2.891132963165834,4,67379,718603887290487
RIP5693_Union_O3,5693,Union,3,Family Forest,6,1.3343690599226927,2,36966,289516233489998
RIP5694_Union_O3,5694,Union,3,Family Forest,1,0.2223948433204488,1,35382,259178386010854
RIP5695_Union_O3,5695,Union,3,Family Forest,58,12.89890091258603,16,36830,289515366489998
RIP5696_Union_O3,5696,Union,3,Family Forest,3,0.6671845299613464,2,48658,448940864489998
RIP5697_Union_O3,5697,Union,3,Family Forest,116,25.79780182517206,17,35378,259178355010854
RIP5698_Union_O3,5698,Union,3,Family Forest,2,0.4447896866408976,2,43294,374861940489998
RIP5698_Union_O4,5698,Union,4,Corporate/Other Private,6,1.3343690599226927,5,18437,90825681010478
RIP5699_Union_O3,5699,Union,3,Family Forest,2,0.4447896866408976,2,21265,140568302010478
RIP5700_Union_O3,5700,Union,3,Family Forest,4,0.8895793732817951,2,67372,718603850290487
RIP5701_Union_O3,5701,Union,3,Family Forest,1,0.2223948433204488,1,48596,448940355489998
RIP5702_Union_O3,5702,Union,3,Family Forest,8,1.7791587465635903,6,35378,259178355010854
RIP5702_Union_O4,5702,Union,4,Corporate/Other Private,73,16.234823562392762,14,43291,374861937489998
RIP5703_Union_O3,5703,Union,3,Family Forest,8,1.7791587465635903,5,36896,289515723489998
RIP5704_Union_O3,5704,Union,3,Family Forest,1,0.2223948433204488,1,67304,718603520290487
RIP5705_Union_O3,5705,Union,3,Family Forest,4,0.8895793732817951,1,64479,638335018126144
RIP5706_Columbia_O3,5706,Columbia,3,Family Forest,1,0.2223948433204488,1,36965,289516230489998
RIP5706_Columbia_O4,5706,Columbia,4,Corporate/Other Private,5,1.111974216602244,4,36962,289516223489998
RIP5707_Union_O3,5707,Union,3,Family Forest,1,0.2223948433204488,1,36965,289516230489998
RIP5708_Union_O3,5708,Union,3,Family Forest,1,0.2223948433204488,1,48668,448940993489998
RIP5709_Union_O3,5709,Union,3,Family Forest,16,3.5583174931271806,6,2700,20267385010478
RIP5710_Union_O3,5710,Union,3,Family Forest,2,0.4447896866408976,2,24508,176860474010854
RIP5710_Union_O4,5710,Union,4,Corporate/Other Private,4,0.8895793732817951,3,43291,374861937489998
RIP5711_Union_O3,5711,Union,3,Family Forest,5,1.111974216602244,5,18437,90825681010478
RIP5712_Union_O4,5712,Union,4,Corporate/Other Private,3,0.6671845299613464,3,2700,20267385010478
RIP5713_Union_O4,5713,Union,4,Corporate/Other Private,6,1.3343690599226927,3,18437,90825681010478
RIP5714_Union_O3,5714,Union,3,Family Forest,19,4.225502023088527,10,64479,638335018126144
RIP5715_Union_O3,5715,Union,3,Family Forest,1,0.2223948433204488,1,2700,20267385010478
RIP5716_Union_O3,5716,Union,3,Family Forest,6,1.3343690599226927,2,35382,259178386010854
RIP5717_Union_O3,5717,Union,3,Family Forest,1,0.2223948433204488,1,35386,259178502010854
RIP5717_Union_O4,5717,Union,4,Corporate/Other Private,9,2.001553589884039,3,2739,20336120010478
RIP5718_Union_O4,5718,Union,4,Corporate/Other Private,3,0.6671845299613464,3,2739,20336120010478
RIP5719_Union_O3,5719,Union,3,Family Forest,1,0.2223948433204488,1,48658,448940864489998
RIP5720_Union_O3,5720,Union,3,Family Forest,7,1.5567639032431415,6,2700,20267385010478
RIP5721_Union_O3,5721,Union,3,Family Forest,1,0.2223948433204488,1,67513,718604487290487
RIP5722_Union_O3,5722,Union,3,Family Forest,1,0.2223948433204488,1,36903,289515763489998
RIP5723_Union_O4,5723,Union,4,Corporate/Other Private,5,1.111974216602244,3,18437,90825681010478
RIP5724_Union_O4,5724,Union,4,Corporate/Other Private,8,1.7791587465635903,2,18437,90825681010478
RIP5725_Union_O3,5725,Union,3,Family Forest,1,0.2223948433204488,1,67372,718603850290487
RIP5726_Union_O4,5726,Union,4,Corporate/Other Private,2,0.4447896866408976,2,18437,90825681010478
RIP5727_Union_O3,5727,Union,3,Family Forest,1,0.2223948433204488,1,36966,289516233489998
RIP5728_Union_O3,5728,Union,3,Family Forest,7,1.5567639032431415,4,67379,718603887290487
RIP5729_Union_O3,5729,Union,3,Family Forest,4,0.8895793732817951,4,35382,259178386010854
RIP5730_Union_O3,5730,Union,3,Family Forest,5,1.111974216602244,2,45047,385730105489998
RIP5731_Union_O4,5731,Union,4,Corporate/Other Private,12,2.6687381198453854,6,35382,259178386010854
RIP5732_Union_O4,5732,Union,4,Corporate/Other Private,14,3.113527806486283,3,18437,90825681010478
RIP5733_Union_O3,5733,Union,3,Family Forest,1,0.2223948433204488,1,48670,448940999489998
RIP5734_Union_O4,5734,Union,4,Corporate/Other Private,1,0.2223948433204488,1,43291,374861937489998
RIP5735_Union_O3,5735,Union,3,Family Forest,2,0.4447896866408976,2,48636,448940596489998
RIP5736_Union_O3,5736,Union,3,Family Forest,12,2.6687381198453854,8,35378,259178355010854
RIP5737_Union_O4,5737,Union,4,Corporate/Other Private,3,0.6671845299613464,3,2739,20336120010478
RIP5738_Union_O4,5738,Union,4,Corporate/Other Private,3,0.6671845299613464,2,48609,448940391489998
RIP5739_Union_O4,5739,Union,4,Corporate/Other Private,7,1.5567639032431415,4,2739,20336120010478
RIP5740_Union_O4,5740,Union,4,Corporate/Other Private,1,0.2223948433204488,1,18437,90825681010478
RIP5741_Union_O4,5741,Union,4,Corporate/Other Private,4,0.8895793732817951,2,48609,448940391489998
RIP5742_Union_O4,5742,Union,4,Corporate/Other Private,2,0.4447896866408976,2,2739,20336120010478
RIP5743_Union_O3,5743,Union,3,Family Forest,1,0.2223948433204488,1,36932,289515944489998
RIP5744_Union_O3,5744,Union,3,Family Forest,17,3.780712336447629,8,36828,289515362489998
RIP5745_Union_O4,5745,Union,4,Corporate/Other Private,4,0.8895793732817951,2,67427,718604085290487
RIP5746_Union_O4,5746,Union,4,Corporate/Other Private,2,0.4447896866408976,1,67427,718604085290487
RIP5747_Union_O4,5747,Union,4,Corporate/Other Private,1,0.2223948433204488,1,35379,259178358010854
RIP5748_Union_O3,5748,Union,3,Family Forest,1,0.2223948433204488,1,35378,259178355010854
RIP5749_Union_O4,5749,Union,4,Corporate/Other Private,4,0.8895793732817951,3,48608,448940387489998
RIP5750_Union_O4,5750,Union,4,Corporate/Other Private,2,0.4447896866408976,2,35379,259178358010854
RIP5751_Union_O4,5751,Union,4,Corporate/Other Private,2,0.4447896866408976,2,48530,448940015489998
RIP5752_Columbia_O3,5752,Columbia,3,Family Forest,3,0.6671845299613464,2,64479,638335018126144
RIP5753_Union_O4,5753,Union,4,Corporate/Other Private,4,0.8895793732817951,3,67427,718604085290487
RIP5754_Columbia_O3,5754,Columbia,3,Family Forest,5,1.111974216602244,5,35379,259178358010854
RIP5755_Union_O3,5755,Union,3,Family Forest,2,0.4447896866408976,2,35378,259178355010854
RIP5756_Union_O3,5756,Union,3,Family Forest,2,0.4447896866408976,2,36971,289516357489998
RIP5757_Union_O4,5757,Union,4,Corporate/Other Private,1,0.2223948433204488,1,43291,374861937489998
RIP5758_Columbia_O3,5758,Columbia,3,Family Forest,4,0.8895793732817951,3,64479,638335018126144
RIP5759_Columbia_O3,5759,Columbia,3,Family Forest,3,0.6671845299613464,2,24486,176859705010854
RIP5760_Union_O3,5760,Union,3,Family Forest,2,0.4447896866408976,2,31051,218219354020004
RIP5761_Union_O3,5761,Union,3,Family Forest,29,6.449450456293015,9,43291,374861937489998
RIP5762_Union_O3,5762,Union,3,Family Forest,2,0.4447896866408976,2,64479,638335018126144
RIP5762_Union_O4,5762,Union,4,Corporate/Other Private,3,0.6671845299613464,3,24484,176859634010854
RIP5763_Union_O3,5763,Union,3,Family Forest,7,1.5567639032431415,5,35378,259178355010854
RIP5764_Union_O3,5764,Union,3,Family Forest,16,3.5583174931271806,9,35378,259178355010854
RIP5765_Columbia_O3,5765,Columbia,3,Family Forest,3,0.6671845299613464,1,64479,638335018126144
RIP5766_Union_O4,5766,Union,4,Corporate/Other Private,1,0.2223948433204488,1,64456,638334749126144
RIP5767_Union_O3,5767,Union,3,Family Forest,14,3.113527806486283,6,43151,374861300489998
RIP5768_Columbia_O3,5768,Columbia,3,Family Forest,2,0.4447896866408976,2,48658,448940864489998
RIP5769_Union_O3,5769,Union,3,Family Forest,13,2.891132963165834,5,36830,289515366489998
RIP5770_Union_O3,5770,Union,3,Family Forest,1,0.2223948433204488,1,48566,448940190489998
RIP5771_Union_O3,5771,Union,3,Family Forest,2,0.4447896866408976,2,35382,259178386010854
RIP5772_Union_O3,5772,Union,3,Family Forest,24,5.337476239690771,11,18437,90825681010478
RIP5772_Union_O4,5772,Union,4,Corporate/Other Private,133,29.57851416161969,23,18437,90825681010478
RIP5773_Union_O4,5773,Union,4,Corporate/Other Private,9,2.001553589884039,6,48503,448939827489998
RIP5774_Columbia_O3,5774,Columbia,3,Family Forest,1,0.2223948433204488,1,48658,448940864489998
RIP5775_Union_O3,5775,Union,3,Family Forest,2,0.4447896866408976,2,43163,374861344489998
RIP5776_Union_O3,5776,Union,3,Family Forest,1,0.2223948433204488,1,43291,374861937489998
RIP5776_Union_O4,5776,Union,4,Corporate/Other Private,6,1.3343690599226927,3,43291,374861937489998
RIP5777_Columbia_O3,5777,Columbia,3,Family Forest,2,0.4447896866408976,2,48588,448940337489998
RIP5778_Union_O3,5778,Union,3,Family Forest,19,4.225502023088527,6,35379,259178358010854
RIP5779_Union_O3,5779,Union,3,Family Forest,6,1.3343690599226927,2,35382,259178386010854
RIP5780_Union_O3,5780,Union,3,Family Forest,7,1.5567639032431415,6,2700,20267385010478
RIP5781_Union_O3,5781,Union,3,Family Forest,2,0.4447896866408976,2,35382,259178386010854
RIP5782_Union_O3,5782,Union,3,Family Forest,64,14.233269972508722,20,36941,289515964489998
RIP5783_Columbia_O3,5783,Columbia,3,Family Forest,5,1.111974216602244,4,64479,638335018126144
RIP5784_Columbia_O3,5784,Columbia,3,Family Forest,1,0.2223948433204488,1,67475,718604294290487
RIP5785_Columbia_O3,5785,Columbia,3,Family Forest,1,0.2223948433204488,1,36736,289514938489998
RIP5786_Columbia_O3,5786,Columbia,3,Family Forest,4,0.8895793732817951,2,36896,289515723489998
RIP5787_Union_O3,5787,Union,3,Family Forest,8,1.7791587465635903,2,43291,374861937489998
RIP5788_Union_O3,5788,Union,3,Family Forest,1,0.2223948433204488,1,24515,176860754010854
RIP5789_Union_O4,5789,Union,4,Corporate/Other Private,5,1.111974216602244,3,43291,374861937489998
RIP5790_Union_O3,5790,Union,3,Family Forest,24,5.337476239690771,9,36830,289515366489998
RIP5791_Union_O3,5791,Union,3,Family Forest,4,0.8895793732817951,2,36965,289516230489998
RIP5792_Union_O3,5792,Union,3,Family Forest,6,1.3343690599226927,4,35378,259178355010854
RIP5792_Union_O4,5792,Union,4,Corporate/Other Private,27,6.0046607696521175,15,2700,20267385010478
RIP5793_Union_O3,5793,Union,3,Family Forest,8,1.7791587465635903,4,18437,90825681010478
RIP5794_Columbia_O3,5794,Columbia,3,Family Forest,1,0.2223948433204488,1,43326,374862340489998
RIP5795_Union_O3,5795,Union,3,Family Forest,24,5.337476239690771,13,18437,90825681010478
RIP5795_Union_O4,5795,Union,4,Corporate/Other Private,6,1.3343690599226927,4,36823,289515330489998
RIP5796_Union_O3,5796,Union,3,Family Forest,1,0.2223948433204488,1,43210,374861554489998
RIP5797_Columbia_O3,5797,Columbia,3,Family Forest,11,2.446343276524937,6,36736,289514938489998
RIP5798_Union_O3,5798,Union,3,Family Forest,12,2.6687381198453854,9,13445,43855313020004
RIP5799_Union_O3,5799,Union,3,Family Forest,5,1.111974216602244,5,18437,90825681010478
RIP5800_Union_O3,5800,Union,3,Family Forest,3,0.6671845299613464,2,24486,176859705010854
RIP5801_Union_O3,5801,Union,3,Family Forest,5,1.111974216602244,2,35378,259178355010854
RIP5802_Columbia_O3,5802,Columbia,3,Family Forest,4,0.8895793732817951,2,24515,176860754010854
RIP5803_Columbia_O3,5803,Columbia,3,Family Forest,6,1.3343690599226927,3,67513,718604487290487
RIP5804_Union_O3,5804,Union,3,Family Forest,6,1.3343690599226927,3,36830,289515366489998
RIP5805_Union_O3,5805,Union,3,Family Forest,4,0.8895793732817951,3,36830,289515366489998
RIP5806_Union_O3,5806,Union,3,Family Forest,5,1.111974216602244,5,35378,259178355010854
RIP5807_Union_O3,5807,Union,3,Family Forest,2,0.4447896866408976,2,36962,289516223489998
RIP5808_Union_O3,5808,Union,3,Family Forest,2,0.4447896866408976,2,24515,176860754010854
RIP5809_Union_O3,5809,Union,3,Family Forest,4,0.8895793732817951,4,2700,20267385010478
RIP5810_Union_O3,5810,Union,3,Family Forest,4,0.8895793732817951,4,2700,20267385010478
RIP5811_Union_O3,5811,Union,3,Family Forest,3,0.6671845299613464,3,18437,90825681010478
RIP5812_Union_O3,5812,Union,3,Family Forest,1,0.2223948433204488,1,36932,289515944489998
RIP5813_Union_O3,5813,Union,3,Family Forest,1,0.2223948433204488,1,43326,374862340489998
RIP5814_Columbia_O3,5814,Columbia,3,Family Forest,2,0.4447896866408976,2,45047,385730105489998
RIP5815_Union_O3,5815,Union,3,Family Forest,4,0.8895793732817951,3,48608,448940387489998
RIP5816_Union_O3,5816,Union,3,Family Forest,2,0.4447896866408976,2,43151,374861300489998
RIP5817_Union_O4,5817,Union,4,Corporate/Other Private,7,1.5567639032431415,4,36932,289515944489998
RIP5818_Union_O3,5818,Union,3,Family Forest,4,0.8895793732817951,4,35378,259178355010854
RIP5818_Union_O4,5818,Union,4,Corporate/Other Private,3,0.6671845299613464,3,35378,259178355010854
RIP5819_Union_O3,5819,Union,3,Family Forest,7,1.5567639032431415,6,48608,448940387489998
RIP5820_Union_O3,5820,Union,3,Family Forest,3,0.6671845299613464,2,36830,289515366489998
RIP5821_Union_O3,5821,Union,3,Family Forest,1,0.2223948433204488,1,48608,448940387489998
RIP5822_Columbia_O3,5822,Columbia,3,Family Forest,6,1.3343690599226927,3,35379,259178358010854
RIP5822_Union_O3,5822,Union,3,Family Forest,8,1.7791587465635903,3,35379,259178358010854
RIP5823_Union_O3,5823,Union,3,Family Forest,12,2.6687381198453854,10,36932,289515944489998
RIP5824_Union_O3,5824,Union,3,Family Forest,4,0.8895793732817951,1,43086,374861013489998
RIP5825_Union_O3,5825,Union,3,Family Forest,18,4.003107179768078,10,36912,289515793489998
RIP5826_Columbia_O3,5826,Columbia,3,Family Forest,1,0.2223948433204488,1,48658,448940864489998
RIP5827_Columbia_O3,5827,Columbia,3,Family Forest,1,0.2223948433204488,1,67503,718604452290487
RIP5828_Union_O3,5828,Union,3,Family Forest,1,0.2223948433204488,1,2700,20267385010478
RIP5829_Union_O4,5829,Union,4,Corporate/Other Private,9,2.001553589884039,5,36932,289515944489998
RIP5830_Union_O3,5830,Union,3,Family Forest,2,0.4447896866408976,2,35382,259178386010854
RIP5831_Columbia_O3,5831,Columbia,3,Family Forest,1,0.2223948433204488,1,48596,448940355489998
RIP5832_Union_O3,5832,Union,3,Family Forest,1,0.2223948433204488,1,35378,259178355010854
RIP5833_Union_O3,5833,Union,3,Family Forest,13,2.891132963165834,5,36830,289515366489998
RIP5834_Union_O3,5834,Union,3,Family Forest,15,3.335922649806732,9,18437,90825681010478
RIP5835_Union_O3,5835,Union,3,Family Forest,4,0.8895793732817951,2,64373,638334300126144
RIP5836_Columbia_O3,5836,Columbia,3,Family Forest,7,1.5567639032431415,2,35379,259178358010854
RIP5837_Union_O3,5837,Union,3,Family Forest,1,0.2223948433204488,1,35378,259178355010854
RIP5838_Union_O4,5838,Union,4,Corporate/Other Private,3,0.6671845299613464,3,35378,259178355010854
RIP5839_Columbia_O3,5839,Columbia,3,Family Forest,1,0.2223948433204488,1,36965,289516230489998
RIP5840_Union_O3,5840,Union,3,Family Forest,2,0.4447896866408976,2,35382,259178386010854
RIP5841_Union_O3,5841,Union,3,Family Forest,8,1.7791587465635903,4,67372,718603850290487
RIP5841_Union_O4,5841,Union,4,Corporate/Other Private,23,5.115081396370322,10,18437,90825681010478
RIP5842_Columbia_O3,5842,Columbia,3,Family Forest,24,5.337476239690771,4,35379,259178358010854
RIP5842_Union_O3,5842,Union,3,Family Forest,21,4.670291709729424,4,48608,448940387489998
RIP5843_Union_O3,5843,Union,3,Family Forest,15,3.335922649806732,8,35378,259178355010854
RIP5844_Union_O3,5844,Union,3,Family Forest,1,0.2223948433204488,1,64329,638333977126144
RIP5845_Union_O3,5845,Union,3,Family Forest,6,1.3343690599226927,2,48608,448940387489998
RIP5846_Union_O3,5846,Union,3,Family Forest,1,0.2223948433204488,1,36932,289515944489998
RIP5847_Union_O3,5847,Union,3,Family Forest,5,1.111974216602244,5,43163,374861344489998
RIP5848_Columbia_O3,5848,Columbia,3,Family Forest,3,0.6671845299613464,3,31045,218218672020004
RIP5849_Union_O3,5849,Union,3,Family Forest,9,2.001553589884039,6,35383,259178425010854
RIP5850_Union_O3,5850,Union,3,Family Forest,1,0.2223948433204488,1,24515,176860754010854
RIP5851_Union_O3,5851,Union,3,Family Forest,2,0.4447896866408976,2,2700,20267385010478
RIP5852_Union_O3,5852,Union,3,Family Forest,7,1.5567639032431415,4,18437,90825681010478
RIP5853_Columbia_O3,5853,Columbia,3,Family Forest,3,0.6671845299613464,3,23748,173002842010854
RIP5854_Union_O3,5854,Union,3,Family Forest,9,2.001553589884039,7,35382,259178386010854
RIP5855_Union_O3,5855,Union,3,Family Forest,1,0.2223948433204488,1,67375,718603858290487
RIP5856_Union_O3,5856,Union,3,Family Forest,7,1.5567639032431415,5,36828,289515362489998
RIP5857_Union_O3,5857,Union,3,Family Forest,1,0.2223948433204488,1,67375,718603858290487
RIP5858_Union_O4,5858,Union,4,Corporate/Other Private,4,0.8895793732817951,2,36830,289515366489998
RIP5859_Union_O4,5859,Union,4,Corporate/Other Private,3,0.6671845299613464,2,36932,289515944489998
RIP5860_Union_O4,5860,Union,4,Corporate/Other Private,1,0.2223948433204488,1,48636,448940596489998
RIP5861_Union_O3,5861,Union,3,Family Forest,16,3.5583174931271806,5,67427,718604085290487
RIP5862_Union_O3,5862,Union,3,Family Forest,28,6.227055612972566,9,36736,289514938489998
RIP5863_Union_O3,5863,Union,3,Family Forest,3,0.6671845299613464,3,2700,20267385010478
RIP5864_Union_O3,5864,Union,3,Family Forest,2,0.4447896866408976,2,48658,448940864489998
RIP5865_Union_O3,5865,Union,3,Family Forest,6,1.3343690599226927,3,36830,289515366489998
RIP5865_Union_O4,5865,Union,4,Corporate/Other Private,6,1.3343690599226927,1,36830,289515366489998
RIP5866_Union_O4,5866,Union,4,Corporate/Other Private,2,0.4447896866408976,2,2700,20267385010478
RIP5867_Union_O3,5867,Union,3,Family Forest,40,8.895793732817951,18,36823,289515330489998
RIP5868_Union_O3,5868,Union,3,Family Forest,2,0.4447896866408976,2,36932,289515944489998
RIP5869_Union_O3,5869,Union,3,Family Forest,2,0.4447896866408976,2,36828,289515362489998
RIP5870_Union_O3,5870,Union,3,Family Forest,1,0.2223948433204488,1,36828,289515362489998
RIP5871_Columbia_O3,5871,Columbia,3,Family Forest,2,0.4447896866408976,1,36961,289516222489998
RIP5872_Union_O3,5872,Union,3,Family Forest,1,0.2223948433204488,1,64329,638333977126144
RIP5873_Union_O3,5873,Union,3,Family Forest,3,0.6671845299613464,2,67373,718603852290487
RIP5873_Union_O4,5873,Union,4,Corporate/Other Private,17,3.780712336447629,6,24515,176860754010854
RIP5874_Union_O3,5874,Union,3,Family Forest,1,0.2223948433204488,1,2739,20336120010478
RIP5875_Union_O3,5875,Union,3,Family Forest,1,0.2223948433204488,1,43163,374861344489998
RIP5876_Union_O3,5876,Union,3,Family Forest,2,0.4447896866408976,1,48608,448940387489998
RIP5877_Union_O3,5877,Union,3,Family Forest,10,2.223948433204488,4,2739,20336120010478
RIP5878_Union_O3,5878,Union,3,Family Forest,15,3.335922649806732,10,2700,20267385010478
RIP5879_Union_O3,5879,Union,3,Family Forest,4,0.8895793732817951,4,2739,20336120010478
RIP5880_Columbia_O3,5880,Columbia,3,Family Forest,7,1.5567639032431415,5,35378,259178355010854
RIP5880_Union_O3,5880,Union,3,Family Forest,3,0.6671845299613464,2,48608,448940387489998
RIP5881_Union_O4,5881,Union,4,Corporate/Other Private,2,0.4447896866408976,2,36905,289515771489998
RIP5882_Union_O3,5882,Union,3,Family Forest,1,0.2223948433204488,1,45047,385730105489998
RIP5883_Union_O4,5883,Union,4,Corporate/Other Private,10,2.223948433204488,2,43291,374861937489998
RIP5884_Union_O3,5884,Union,3,Family Forest,2,0.4447896866408976,2,18437,90825681010478
RIP5884_Union_O4,5884,Union,4,Corporate/Other Private,2,0.4447896866408976,1,18437,90825681010478
RIP5885_Columbia_O3,5885,Columbia,3,Family Forest,1,0.2223948433204488,1,48658,448940864489998
RIP5886_Columbia_O3,5886,Columbia,3,Family Forest,2,0.4447896866408976,2,13436,43855099020004
RIP5886_Union_O3,5886,Union,3,Family Forest,1,0.2223948433204488,1,35379,259178358010854
RIP5887_Union_O3,5887,Union,3,Family Forest,2,0.4447896866408976,2,43294,374861940489998
RIP5887_Union_O4,5887,Union,4,Corporate/Other Private,3,0.6671845299613464,3,36823,289515330489998
RIP5888_Union_O3,5888,Union,3,Family Forest,2,0.4447896866408976,2,67378,718603881290487
RIP5889_Union_O3,5889,Union,3,Family Forest,54,12.009321539304235,20,35378,259178355010854
RIP5889_Union_O4,5889,Union,4,Corporate/Other Private,17,3.780712336447629,7,36830,289515366489998
RIP5890_Union_O3,5890,Union,3,Family Forest,6,1.3343690599226927,5,45047,385730105489998
RIP5891_Union_O4,5891,Union,4,Corporate/Other Private,28,6.227055612972566,8,43291,374861937489998
RIP5892_Union_O3,5892,Union,3,Family Forest,7,1.5567639032431415,3,36823,289515330489998
RIP5893_Columbia_O3,5893,Columbia,3,Family Forest,5,1.111974216602244,4,35378,259178355010854
RIP5894_Union_O3,5894,Union,3,Family Forest,5,1.111974216602244,2,36962,289516223489998
RIP5895_Columbia_O3,5895,Columbia,3,Family Forest,11,2.446343276524937,5,48658,448940864489998
RIP5895_Union_O3,5895,Union,3,Family Forest,4,0.8895793732817951,3,35383,259178425010854
RIP5896_Union_O3,5896,Union,3,Family Forest,2,0.4447896866408976,1,36905,289515771489998
RIP5897_Union_O3,5897,Union,3,Family Forest,1,0.2223948433204488,1,35378,259178355010854
RIP5898_Union_O3,5898,Union,3,Family Forest,3,0.6671845299613464,3,2739,20336120010478
RIP5898_Union_O4,5898,Union,4,Corporate/Other Private,2,0.4447896866408976,1,2739,20336120010478
RIP5899_Columbia_O3,5899,Columbia,3,Family Forest,32,7.116634986254361,18,64479,638335018126144
RIP5900_Union_O3,5900,Union,3,Family Forest,6,1.3343690599226927,4,36965,289516230489998
RIP5901_Union_O3,5901,Union,3,Family Forest,2,0.4447896866408976,2,43294,374861940489998
RIP5902_Union_O3,5902,Union,3,Family Forest,4,0.8895793732817951,4,2700,20267385010478
RIP5903_Columbia_O3,5903,Columbia,3,Family Forest,2,0.4447896866408976,2,36896,289515723489998
RIP5904_Union_O8,5904,Union,8,Local,33,7.33902982957481,12,43291,374861937489998
RIP5905_Columbia_O3,5905,Columbia,3,Family Forest,3,0.6671845299613464,2,2700,20267385010478
RIP5906_Union_O4,5906,Union,4,Corporate/Other Private,2,0.4447896866408976,1,64419,638334555126144
RIP5907_Columbia_O3,5907,Columbia,3,Family Forest,8,1.7791587465635903,5,67372,718603850290487
RIP5908_Columbia_O3,5908,Columbia,3,Family Forest,1,0.2223948433204488,1,64479,638335018126144
RIP5909_Union_O3,5909,Union,3,Family Forest,2,0.4447896866408976,2,36823,289515330489998
RIP5910_Union_O3,5910,Union,3,Family Forest,11,2.446343276524937,3,18437,90825681010478
RIP5911_Union_O3,5911,Union,3,Family Forest,7,1.5567639032431415,4,35379,259178358010854
RIP5911_Union_O4,5911,Union,4,Corporate/Other Private,2,0.4447896866408976,2,18437,90825681010478
RIP5912_Columbia_O3,5912,Columbia,3,Family Forest,6,1.3343690599226927,3,2700,20267385010478
RIP5913_Union_O3,5913,Union,3,Family Forest,1,0.2223948433204488,1,35382,259178386010854
RIP5914_Union_O4,5914,Union,4,Corporate/Other Private,2,0.4447896866408976,2,35382,259178386010854
RIP5915_Union_O3,5915,Union,3,Family Forest,2,0.4447896866408976,1,36912,289515793489998
RIP5916_Union_O3,5916,Union,3,Family Forest,8,1.7791587465635903,7,36962,289516223489998
RIP5917_Union_O3,5917,Union,3,Family Forest,2,0.4447896866408976,2,64389,638334380126144
RIP5918_Union_O3,5918,Union,3,Family Forest,1,0.2223948433204488,1,67521,718604687290487
RIP5919_Columbia_O3,5919,Columbia,3,Family Forest,3,0.6671845299613464,2,36736,289514938489998
RIP5920_Columbia_O3,5920,Columbia,3,Family Forest,2,0.4447896866408976,2,35383,259178425010854
RIP5920_Union_O3,5920,Union,3,Family Forest,4,0.8895793732817951,3,35378,259178355010854
RIP5921_Union_O3,5921,Union,3,Family Forest,1,0.2223948433204488,1,36932,289515944489998
RIP5922_Union_O3,5922,Union,3,Family Forest,1,0.2223948433204488,1,36962,289516223489998
RIP5923_Columbia_O3,5923,Columbia,3,Family Forest,9,2.001553589884039,5,48658,448940864489998
RIP5923_Union_O3,5923,Union,3,Family Forest,2,0.4447896866408976,1,35378,259178355010854
RIP5924_Union_O3,5924,Union,3,Family Forest,1,0.2223948433204488,1,67372,718603850290487
RIP5925_Union_O3,5925,Union,3,Family Forest,49,10.897347322701991,18,2739,20336120010478
RIP5925_Union_O4,5925,Union,4,Corporate/Other Private,38,8.451004046177054,9,2739,20336120010478
RIP5926_Columbia_O3,5926,Columbia,3,Family Forest,5,1.111974216602244,4,23748,173002842010854
RIP5927_Union_O3,5927,Union,3,Family Forest,1,0.2223948433204488,1,43201,374861518489998
RIP5927_Union_O4,5927,Union,4,Corporate/Other Private,13,2.891132963165834,6,2700,20267385010478
RIP5928_Union_O3,5928,Union,3,Family Forest,1,0.2223948433204488,1,43294,374861940489998
RIP5929_Union_O4,5929,Union,4,Corporate/Other Private,2,0.4447896866408976,2,35382,259178386010854
RIP5930_Union_O3,5930,Union,3,Family Forest,5,1.111974216602244,5,35382,259178386010854
RIP5931_Union_O3,5931,Union,3,Family Forest,2,0.4447896866408976,2,18437,90825681010478
RIP5932_Columbia_O3,5932,Columbia,3,Family Forest,1,0.2223948433204488,1,36736,289514938489998
RIP5933_Union_O3,5933,Union,3,Family Forest,7,1.5567639032431415,4,48596,448940355489998
RIP5934_Union_O3,5934,Union,3,Family Forest,3,0.6671845299613464,2,36932,289515944489998
RIP5935_Union_O3,5935,Union,3,Family Forest,2,0.4447896866408976,2,43225,374861608489998
RIP5936_Union_O3,5936,Union,3,Family Forest,8,1.7791587465635903,5,2739,20336120010478
RIP5937_Columbia_O3,5937,Columbia,3,Family Forest,23,5.115081396370322,6,36736,289514938489998
RIP5937_Suwannee_O3,5937,Suwannee,3,Family Forest,18,4.003107179768078,5,36962,289516223489998
RIP5938_Columbia_O3,5938,Columbia,3,Family Forest,1,0.2223948433204488,1,21265,140568302010478
RIP5939_Union_O3,5939,Union,3,Family Forest,1,0.2223948433204488,1,36905,289515771489998
RIP5940_Union_O3,5940,Union,3,Family Forest,8,1.7791587465635903,5,67372,718603850290487
RIP5941_Union_O3,5941,Union,3,Family Forest,1,0.2223948433204488,1,43210,374861554489998
RIP5942_Union_O3,5942,Union,3,Family Forest,1,0.2223948433204488,1,67427,718604085290487
RIP5943_Union_O3,5943,Union,3,Family Forest,3,0.6671845299613464,2,31039,218218532020004
RIP5944_Union_O4,5944,Union,4,Corporate/Other Private,9,2.001553589884039,3,67427,718604085290487
RIP5945_Columbia_O3,5945,Columbia,3,Family Forest,7,1.5567639032431415,4,48596,448940355489998
RIP5946_Union_O3,5946,Union,3,Family Forest,7,1.5567639032431415,5,18437,90825681010478
RIP5947_Union_O3,5947,Union,3,Family Forest,3,0.6671845299613464,2,35378,259178355010854
RIP5948_Union_O3,5948,Union,3,Family Forest,3,0.6671845299613464,3,2700,20267385010478
RIP5949_Union_O3,5949,Union,3,Family Forest,6,1.3343690599226927,6,24504,176860271010854
RIP5949_Union_O4,5949,Union,4,Corporate/Other Private,1,0.2223948433204488,1,31050,218219353020004
RIP5950_Union_O3,5950,Union,3,Family Forest,3,0.6671845299613464,2,18437,90825681010478
RIP5951_Union_O3,5951,Union,3,Family Forest,5,1.111974216602244,5,18437,90825681010478
RIP5952_Columbia_O3,5952,Columbia,3,Family Forest,7,1.5567639032431415,4,67475,718604294290487
RIP5953_Columbia_O3,5953,Columbia,3,Family Forest,18,4.003107179768078,6,48588,448940337489998
RIP5954_Union_O3,5954,Union,3,Family Forest,3,0.6671845299613464,2,43163,374861344489998
RIP5955_Union_O3,5955,Union,3,Family Forest,2,0.4447896866408976,2,43163,374861344489998
RIP5956_Union_O3,5956,Union,3,Family Forest,7,1.5567639032431415,5,36962,289516223489998
RIP5957_Union_O3,5957,Union,3,Family Forest,8,1.7791587465635903,5,2700,20267385010478
RIP5958_Columbia_O3,5958,Columbia,3,Family Forest,1,0.2223948433204488,1,48596,448940355489998
RIP5959_Union_O3,5959,Union,3,Family Forest,2,0.4447896866408976,2,2739,20336120010478
RIP5960_Union_O3,5960,Union,3,Family Forest,6,1.3343690599226927,5,36912,289515793489998
RIP5961_Columbia_O3,5961,Columbia,3,Family Forest,6,1.3343690599226927,3,2700,20267385010478
RIP5962_Columbia_O3,5962,Columbia,3,Family Forest,3,0.6671845299613464,3,24515,176860754010854
RIP5963_Columbia_O3,5963,Columbia,3,Family Forest,2,0.4447896866408976,1,43163,374861344489998
RIP5963_Union_O3,5963,Union,3,Family Forest,4,0.8895793732817951,3,43163,374861344489998
RIP5964_Union_O3,5964,Union,3,Family Forest,2,0.4447896866408976,1,35378,259178355010854
RIP5964_Union_O4,5964,Union,4,Corporate/Other Private,1,0.2223948433204488,1,2739,20336120010478
RIP5965_Union_O3,5965,Union,3,Family Forest,1,0.2223948433204488,1,64479,638335018126144
RIP5966_Union_O3,5966,Union,3,Family Forest,2,0.4447896866408976,2,36823,289515330489998
RIP5966_Union_O8,5966,Union,8,Local,6,1.3343690599226927,4,43214,374861569489998
RIP5967_Columbia_O3,5967,Columbia,3,Family Forest,1,0.2223948433204488,1,2700,20267385010478
RIP5968_Union_O3,5968,Union,3,Family Forest,4,0.8895793732817951,3,43291,374861937489998
RIP5969_Union_O4,5969,Union,4,Corporate/Other Private,1,0.2223948433204488,1,36912,289515793489998
RIP5970_Columbia_O3,5970,Columbia,3,Family Forest,26,5.782265926331668,9,36965,289516230489998
RIP5971_Union_O3,5971,Union,3,Family Forest,5,1.111974216602244,3,2700,20267385010478
RIP5972_Union_O4,5972,Union,4,Corporate/Other Private,2,0.4447896866408976,1,67427,718604085290487
RIP5973_Union_O3,5973,Union,3,Family Forest,12,2.6687381198453854,5,48608,448940387489998
RIP5974_Union_O3,5974,Union,3,Family Forest,4,0.8895793732817951,2,43163,374861344489998
RIP5975_Union_O3,5975,Union,3,Family Forest,14,3.113527806486283,7,18437,90825681010478
RIP5976_Union_O3,5976,Union,3,Family Forest,4,0.8895793732817951,4,18437,90825681010478
RIP5977_Union_O3,5977,Union,3,Family Forest,1,0.2223948433204488,1,64479,638335018126144
RIP5978_Union_O3,5978,Union,3,Family Forest,4,0.8895793732817951,2,48608,448940387489998
RIP5979_Union_O3,5979,Union,3,Family Forest,5,1.111974216602244,3,35378,259178355010854
RIP5980_Union_O3,5980,Union,3,Family Forest,1,0.2223948433204488,1,45047,385730105489998
RIP5981_Union_O3,5981,Union,3,Family Forest,2,0.4447896866408976,2,48608,448940387489998
RIP5982_Union_O3,5982,Union,3,Family Forest,5,1.111974216602244,4,64444,638334713126144
RIP5983_Union_O3,5983,Union,3,Family Forest,6,1.3343690599226927,3,36830,289515366489998
RIP5984_Union_O3,5984,Union,3,Family Forest,3,0.6671845299613464,3,35378,259178355010854
RIP5985_Union_O3,5985,Union,3,Family Forest,2,0.4447896866408976,2,64417,638334544126144
RIP5986_Union_O4,5986,Union,4,Corporate/Other Private,4,0.8895793732817951,3,18437,90825681010478
RIP5987_Union_O3,5987,Union,3,Family Forest,2,0.4447896866408976,2,35378,259178355010854
RIP5988_Union_O3,5988,Union,3,Family Forest,14,3.113527806486283,2,18437,90825681010478
RIP5989_Columbia_O3,5989,Columbia,3,Family Forest,13,2.891132963165834,4,18437,90825681010478
RIP5989_Union_O3,5989,Union,3,Family Forest,12,2.6687381198453854,2,18437,90825681010478
RIP5990_Union_O3,5990,Union,3,Family Forest,4,0.8895793732817951,4,35378,259178355010854
RIP5991_Union_O3,5991,Union,3,Family Forest,36,8.006214359536155,13,18437,90825681010478
RIP5992_Union_O3,5992,Union,3,Family Forest,1,0.2223948433204488,1,43294,374861940489998
RIP5993_Union_O3,5993,Union,3,Family Forest,7,1.5567639032431415,4,36965,289516230489998
RIP5994_Union_O3,5994,Union,3,Family Forest,1,0.2223948433204488,1,2739,20336120010478
RIP5994_Union_O4,5994,Union,4,Corporate/Other Private,10,2.223948433204488,7,18437,90825681010478
RIP5995_Union_O3,5995,Union,3,Family Forest,11,2.446343276524937,3,35378,259178355010854
RIP5996_Union_O3,5996,Union,3,Family Forest,1,0.2223948433204488,1,67375,718603858290487
RIP5997_Union_O8,5997,Union,8,Local,1,0.2223948433204488,1,36941,289515964489998
RIP5998_Union_O3,5998,Union,3,Family Forest,32,7.116634986254361,11,67427,718604085290487
RIP5999_Union_O3,5999,Union,3,Family Forest,5,1.111974216602244,4,35378,259178355010854
RIP6000_Columbia_O3,6000,Columbia,3,Family Forest,11,2.446343276524937,7,64479,638335018126144
RIP6001_Union_O3,6001,Union,3,Family Forest,3,0.6671845299613464,3,35378,259178355010854
RIP6002_Columbia_O3,6002,Columbia,3,Family Forest,17,3.780712336447629,7,48596,448940355489998
RIP6003_Union_O3,6003,Union,3,Family Forest,8,1.7791587465635903,3,43214,374861569489998
RIP6004_Columbia_O3,6004,Columbia,3,Family Forest,8,1.7791587465635903,4,48596,448940355489998
RIP6005_Union_O3,6005,Union,3,Family Forest,4,0.8895793732817951,3,36830,289515366489998
RIP6006_Union_O3,6006,Union,3,Family Forest,7,1.5567639032431415,2,35378,259178355010854
RIP6007_Union_O4,6007,Union,4,Corporate/Other Private,2,0.4447896866408976,2,36912,289515793489998
RIP6008_Union_O3,6008,Union,3,Family Forest,7,1.5567639032431415,6,64329,638333977126144
RIP6009_Columbia_O3,6009,Columbia,3,Family Forest,1,0.2223948433204488,1,36896,289515723489998
RIP6010_Union_O3,6010,Union,3,Family Forest,1,0.2223948433204488,1,36823,289515330489998
RIP6011_Columbia_O3,6011,Columbia,3,Family Forest,2,0.4447896866408976,1,35378,259178355010854
RIP6012_Union_O3,6012,Union,3,Family Forest,7,1.5567639032431415,2,36830,289515366489998
RIP6012_Union_O4,6012,Union,4,Corporate/Other Private,3,0.6671845299613464,1,36830,289515366489998
RIP6013_Union_O3,6013,Union,3,Family Forest,1,0.2223948433204488,1,48608,448940387489998
RIP6014_Union_O3,6014,Union,3,Family Forest,1,0.2223948433204488,1,36830,289515366489998
RIP6015_Union_O3,6015,Union,3,Family Forest,7,1.5567639032431415,3,18437,90825681010478
RIP6016_Union_O4,6016,Union,4,Corporate/Other Private,4,0.8895793732817951,3,35378,259178355010854
RIP6017_Union_O3,6017,Union,3,Family Forest,3,0.6671845299613464,3,2700,20267385010478
RIP6018_Union_O3,6018,Union,3,Family Forest,1,0.2223948433204488,1,18437,90825681010478
RIP6019_Union_O3,6019,Union,3,Family Forest,2,0.4447896866408976,2,2700,20267385010478
RIP6020_Columbia_O3,6020,Columbia,3,Family Forest,3,0.6671845299613464,1,43239,374861704489998
RIP6021_Columbia_O3,6021,Columbia,3,Family Forest,3,0.6671845299613464,3,23748,173002842010854
RIP6022_Union_O3,6022,Union,3,Family Forest,6,1.3343690599226927,1,18437,90825681010478
RIP6023_Union_O3,6023,Union,3,Family Forest,1,0.2223948433204488,1,2700,20267385010478
RIP6024_Columbia_O3,6024,Columbia,3,Family Forest,3,0.6671845299613464,3,48596,448940355489998
RIP6025_Union_O3,6025,Union,3,Family Forest,2,0.4447896866408976,2,18437,90825681010478
RIP6026_Columbia_O3,6026,Columbia,3,Family Forest,2,0.4447896866408976,2,36853,289515485489998
RIP6027_Columbia_O3,6027,Columbia,3,Family Forest,19,4.225502023088527,7,43196,374861503489998
RIP6028_Columbia_O3,6028,Columbia,3,Family Forest,3,0.6671845299613464,2,23748,173002842010854
RIP6029_Union_O3,6029,Union,3,Family Forest,19,4.225502023088527,7,36830,289515366489998
RIP6030_Columbia_O3,6030,Columbia,3,Family Forest,3,0.6671845299613464,2,2700,20267385010478
RIP6031_Union_O3,6031,Union,3,Family Forest,2,0.4447896866408976,2,2700,20267385010478
RIP6032_Columbia_O3,6032,Columbia,3,Family Forest,1,0.2223948433204488,1,43239,374861704489998
RIP6033_Union_O3,6033,Union,3,Family Forest,2,0.4447896866408976,1,18437,90825681010478
RIP6034_Columbia_O3,6034,Columbia,3,Family Forest,1,0.2223948433204488,1,45047,385730105489998
RIP6035_Columbia_O3,6035,Columbia,3,Family Forest,1,0.2223948433204488,1,24515,176860754010854
RIP6036_Union_O3,6036,Union,3,Family Forest,11,2.446343276524937,5,2700,20267385010478
RIP6037_Columbia_O3,6037,Columbia,3,Family Forest,3,0.6671845299613464,2,31045,218218672020004
RIP6038_Columbia_O3,6038,Columbia,3,Family Forest,1,0.2223948433204488,1,35378,259178355010854
RIP6039_Columbia_O3,6039,Columbia,3,Family Forest,1,0.2223948433204488,1,2700,20267385010478
RIP6040_Columbia_O3,6040,Columbia,3,Family Forest,5,1.111974216602244,3,31045,218218672020004
RIP6041_Columbia_O3,6041,Columbia,3,Family Forest,7,1.5567639032431415,2,23748,173002842010854
RIP6042_Columbia_O3,6042,Columbia,3,Family Forest,2,0.4447896866408976,2,35378,259178355010854
RIP6043_Columbia_O3,6043,Columbia,3,Family Forest,8,1.7791587465635903,6,2700,20267385010478
RIP6044_Suwannee_O3,6044,Suwannee,3,Family Forest,1,0.2223948433204488,1,48594,448940350489998
RIP6045_Columbia_O3,6045,Columbia,3,Family Forest,2,0.4447896866408976,2,35378,259178355010854
RIP6046_Columbia_O3,6046,Columbia,3,Family Forest,5,1.111974216602244,4,64479,638335018126144
RIP6047_Columbia_O3,6047,Columbia,3,Family Forest,1,0.2223948433204488,1,31045,218218672020004
RIP6048_Columbia_O3,6048,Columbia,3,Family Forest,1,0.2223948433204488,1,48658,448940864489998
RIP6049_Columbia_O3,6049,Columbia,3,Family Forest,2,0.4447896866408976,2,36965,289516230489998
RIP6050_Columbia_O3,6050,Columbia,3,Family Forest,4,0.8895793732817951,2,43193,374861498489998
RIP6051_Columbia_O3,6051,Columbia,3,Family Forest,2,0.4447896866408976,2,31045,218218672020004
RIP6052_Columbia_O3,6052,Columbia,3,Family Forest,48,10.674952479381542,16,35379,259178358010854
RIP6053_Columbia_O3,6053,Columbia,3,Family Forest,2,0.4447896866408976,1,2700,20267385010478
RIP6054_Columbia_O3,6054,Columbia,3,Family Forest,7,1.5567639032431415,4,45047,385730105489998
RIP6055_Columbia_O3,6055,Columbia,3,Family Forest,1,0.2223948433204488,1,48658,448940864489998
RIP6056_Columbia_O3,6056,Columbia,3,Family Forest,2,0.4447896866408976,2,2700,20267385010478
RIP6057_Columbia_O3,6057,Columbia,3,Family Forest,6,1.3343690599226927,5,67372,718603850290487
RIP6058_Columbia_O3,6058,Columbia,3,Family Forest,7,1.5567639032431415,3,64376,638334315126144
RIP6059_Columbia_O3,6059,Columbia,3,Family Forest,6,1.3343690599226927,3,64376,638334315126144
RIP6060_Columbia_O3,6060,Columbia,3,Family Forest,1,0.2223948433204488,1,67527,718604764290487
RIP6061_Columbia_O3,6061,Columbia,3,Family Forest,3,0.6671845299613464,1,64293,638333844126144
RIP6062_Columbia_O3,6062,Columbia,3,Family Forest,10,2.223948433204488,5,35379,259178358010854
RIP6063_Columbia_O3,6063,Columbia,3,Family Forest,9,2.001553589884039,3,43239,374861704489998
RIP6064_Suwannee_O3,6064,Suwannee,3,Family Forest,25,5.5598710830112195,5,36736,289514938489998
RIP6065_Columbia_O3,6065,Columbia,3,Family Forest,1,0.2223948433204488,1,35379,259178358010854
RIP6066_Columbia_O3,6066,Columbia,3,Family Forest,5,1.111974216602244,1,48608,448940387489998
RIP6067_Columbia_O3,6067,Columbia,3,Family Forest,5,1.111974216602244,4,48608,448940387489998
RIP6068_Columbia_O3,6068,Columbia,3,Family Forest,2,0.4447896866408976,1,18437,90825681010478
RIP6069_Columbia_O3,6069,Columbia,3,Family Forest,4,0.8895793732817951,3,35379,259178358010854
RIP6070_Columbia_O3,6070,Columbia,3,Family Forest,1,0.2223948433204488,1,18437,90825681010478
RIP6071_Columbia_O3,6071,Columbia,3,Family Forest,3,0.6671845299613464,3,36736,289514938489998
RIP6072_Columbia_O3,6072,Columbia,3,Family Forest,1,0.2223948433204488,1,67375,718603858290487
RIP6073_Columbia_O3,6073,Columbia,3,Family Forest,9,2.001553589884039,8,35379,259178358010854
RIP6073_Columbia_O7,6073,Columbia,7,State,3,0.6671845299613464,2,18437,90825681010478
RIP6074_Columbia_O3,6074,Columbia,3,Family Forest,1,0.2223948433204488,1,64385,638334348126144
RIP6074_Columbia_O7,6074,Columbia,7,State,2,0.4447896866408976,2,2700,20267385010478
RIP6075_Columbia_O3,6075,Columbia,3,Family Forest,3,0.6671845299613464,1,43202,374861522489998
RIP6075_Columbia_O7,6075,Columbia,7,State,2,0.4447896866408976,2,2700,20267385010478
RIP6076_Columbia_O3,6076,Columbia,3,Family Forest,2,0.4447896866408976,2,2700,20267385010478
RIP6077_Columbia_O3,6077,Columbia,3,Family Forest,1,0.2223948433204488,1,48658,448940864489998
RIP6078_Columbia_O3,6078,Columbia,3,Family Forest,1,0.2223948433204488,1,67378,718603881290487
RIP6079_Columbia_O4,6079,Columbia,4,Corporate/Other Private,1,0.2223948433204488,1,48552,448940142489998
RIP6080_Columbia_O7,6080,Columbia,7,State,4,0.8895793732817951,2,18437,90825681010478
RIP6081_Columbia_O3,6081,Columbia,3,Family Forest,2,0.4447896866408976,2,35379,259178358010854
RIP6082_Columbia_O3,6082,Columbia,3,Family Forest,6,1.3343690599226927,5,35379,259178358010854
RIP6083_Columbia_O3,6083,Columbia,3,Family Forest,2,0.4447896866408976,2,18437,90825681010478
RIP6084_Columbia_O3,6084,Columbia,3,Family Forest,2,0.4447896866408976,2,18437,90825681010478
RIP6085_Columbia_O3,6085,Columbia,3,Family Forest,5,1.111974216602244,3,18437,90825681010478
RIP6086_Columbia_O3,6086,Columbia,3,Family Forest,2,0.4447896866408976,2,2700,20267385010478
RIP6087_Columbia_O3,6087,Columbia,3,Family Forest,1,0.2223948433204488,1,36927,289515931489998
RIP6088_Columbia_O3,6088,Columbia,3,Family Forest,8,1.7791587465635903,3,64444,638334713126144
RIP6088_Columbia_O4,6088,Columbia,4,Corporate/Other Private,4,0.8895793732817951,2,43202,374861522489998
RIP6089_Columbia_O3,6089,Columbia,3,Family Forest,8,1.7791587465635903,5,35378,259178355010854
RIP6090_Columbia_O3,6090,Columbia,3,Family Forest,4,0.8895793732817951,2,48539,448940076489998
RIP6091_Columbia_O3,6091,Columbia,3,Family Forest,7,1.5567639032431415,4,48539,448940076489998
RIP6092_Columbia_O4,6092,Columbia,4,Corporate/Other Private,2,0.4447896866408976,2,43202,374861522489998
