corridor_id,pixels,units_cut,plots,owner_classes,counties,acres,county
964,316,36,20,3,1,70.27677048926182,Columbia
1649,290,36,32,2,1,64.49450456293015,Baker
1670,236,51,34,3,1,52.485183023625915,Columbia
2502,227,41,31,2,1,50.483629433741875,Columbia
3271,221,33,23,2,1,49.14926037381918,Suwannee
1652,200,22,17,2,1,44.478968664089756,Baker
397,195,18,12,2,1,43.366994447487514,Hamilton
1528,194,15,13,2,1,43.14459960416706,Baker
1369,186,28,26,2,1,41.365440857603474,Baker
2155,182,22,22,1,1,40.475861484321676,Columbia
302,181,25,19,2,1,40.25346664100123,Hamilton
39,178,23,18,2,1,39.586282111039885,Baker
1391,177,27,21,2,1,39.363887267719434,Baker
2746,173,14,10,2,1,38.47430789443764,Suwannee
5483,164,31,24,2,1,36.472754304553604,Union
5772,157,34,23,2,1,34.91599040131046,Union
2963,151,37,32,2,1,33.581621341387766,Suwannee
1672,149,22,20,2,1,33.13683165474687,Columbia
50,145,4,4,1,1,32.24725228146507,Baker
1601,144,30,23,2,1,32.02485743814462,Hamilton
1053,142,22,22,1,1,31.580067751503726,Hamilton
5154,139,13,13,1,1,30.91288322154238,Union
5522,138,27,20,2,1,30.690488378221932,Union
1847,127,22,19,2,1,28.244145101696997,Hamilton
1237,125,22,17,2,1,27.799355415056098,Baker
2463,123,20,15,2,1,27.3545657284152,Columbia
95,123,9,9,1,1,27.3545657284152,Baker
5669,121,13,7,2,2,26.909776041774304,Columbia;Union
2346,119,16,16,1,1,26.464986355133405,Suwannee
829,116,24,18,2,1,25.79780182517206,Hamilton
5697,116,17,17,1,1,25.79780182517206,Union
1711,114,10,8,2,1,25.353012138531163,Columbia
4867,113,38,21,2,2,25.130617295210712,Columbia;Union
3105,110,22,18,2,1,24.463432765249365,Suwannee
1559,109,26,15,2,1,24.241037921928918,Columbia
951,109,19,19,1,1,24.241037921928918,Baker
17,108,10,7,2,1,24.01864307860847,Baker
340,107,21,21,1,1,23.79624823528802,Hamilton
5027,106,42,24,2,2,23.57385339196757,Columbia;Union
3069,103,26,17,3,1,22.906668862006224,Columbia
2041,102,21,15,2,1,22.684274018685777,Hamilton
1779,100,11,11,1,1,22.239484332044878,Columbia
5137,99,17,17,1,1,22.01708948872443,Columbia
2599,97,10,10,1,1,21.57229980208353,Columbia
5315,96,9,9,1,1,21.349904958763084,Suwannee
4554,94,16,16,1,1,20.905115272122185,Union
5443,93,10,10,1,1,20.682720428801737,Union
2409,93,19,19,1,1,20.682720428801737,Suwannee
5302,90,25,23,2,1,20.01553589884039,Union
1199,90,26,19,2,1,20.01553589884039,Columbia
1619,90,15,9,2,1,20.01553589884039,Hamilton
5270,89,10,10,1,1,19.793141055519943,Union
5925,87,27,20,2,1,19.348351368879044,Union
170,86,7,7,1,1,19.125956525558596,Hamilton
3267,86,14,10,2,1,19.125956525558596,Baker
705,86,25,18,2,1,19.125956525558596,Hamilton
1596,85,11,11,1,1,18.90356168223815,Baker
1968,83,14,14,1,1,18.45877199559725,Hamilton
38,83,16,6,3,1,18.45877199559725,Columbia
2290,82,20,16,2,1,18.236377152276802,Columbia
1521,82,8,8,1,1,18.236377152276802,Columbia
2300,81,17,15,2,1,18.01398230895635,Baker
347,81,15,15,1,1,18.01398230895635,Hamilton
5702,81,20,14,2,1,18.01398230895635,Union
3413,80,28,22,2,1,17.791587465635903,Suwannee
3753,80,9,9,1,1,17.791587465635903,Baker
1233,80,17,17,1,1,17.791587465635903,Baker
3184,80,11,11,1,1,17.791587465635903,Suwannee
966,80,20,14,2,1,17.791587465635903,Hamilton
3066,79,27,15,3,1,17.569192622315455,Columbia
5554,78,16,6,2,2,17.346797778995004,Columbia;Union
1447,77,14,14,1,1,17.124402935674556,Hamilton
2342,77,18,15,2,1,17.124402935674556,Suwannee
1349,76,15,11,2,1,16.90200809235411,Hamilton
1175,76,12,9,2,1,16.90200809235411,Baker
4738,76,15,15,2,1,16.90200809235411,Union
286,75,17,17,1,1,16.679613249033657,Hamilton
648,75,24,16,2,1,16.679613249033657,Hamilton
2653,74,14,14,1,1,16.45721840571321,Baker
5379,74,14,14,1,1,16.45721840571321,Union
1828,74,20,18,2,1,16.45721840571321,Hamilton
1102,74,19,14,2,1,16.45721840571321,Baker
1663,74,18,18,1,1,16.45721840571321,Baker
784,73,22,15,3,1,16.234823562392762,Columbia
810,73,15,15,1,1,16.234823562392762,Baker
1757,72,18,18,1,1,16.01242871907231,Baker
3393,72,16,16,1,1,16.01242871907231,Baker
1457,71,15,15,2,1,15.790033875751863,Columbia
5889,71,27,22,2,1,15.790033875751863,Union
688,70,14,14,1,1,15.567639032431416,Hamilton
20,70,6,6,1,1,15.567639032431416,Baker
5441,69,18,18,1,1,15.345244189110966,Union
1337,69,15,13,2,1,15.345244189110966,Hamilton
1633,68,8,8,1,1,15.122849345790517,Hamilton
3023,68,18,18,1,1,15.122849345790517,Columbia
5341,67,21,18,2,1,14.900454502470069,Union
78,67,7,7,1,1,14.900454502470069,Columbia
1680,67,16,16,1,1,14.900454502470069,Columbia
2013,67,9,9,1,1,14.900454502470069,Columbia
5187,66,12,12,1,1,14.67805965914962,Union
4489,65,10,10,1,1,14.455664815829172,Union
4799,65,16,12,1,2,14.455664815829172,Columbia;Union
1475,64,16,16,1,1,14.233269972508722,Hamilton
4856,64,8,8,1,1,14.233269972508722,Union
5782,64,20,20,1,1,14.233269972508722,Union
2126,63,8,3,3,1,14.010875129188273,Baker
125,63,4,4,1,1,14.010875129188273,Baker
5062,62,8,8,1,1,13.788480285867825,Union
1197,61,14,11,2,1,13.566085442547376,Columbia
3169,61,6,6,1,1,13.566085442547376,Baker
45,61,10,10,1,1,13.566085442547376,Columbia
918,61,12,12,1,1,13.566085442547376,Baker
1591,60,9,9,1,1,13.343690599226928,Baker
5479,60,19,13,2,2,13.343690599226928,Columbia;Union
3521,60,12,12,1,1,13.343690599226928,Baker
4478,60,17,14,2,1,13.343690599226928,Columbia
369,59,11,11,1,1,13.121295755906479,Hamilton
162,59,19,14,2,1,13.121295755906479,Hamilton
4422,59,12,12,1,1,13.121295755906479,Union
982,59,23,23,1,1,13.121295755906479,Baker
2972,58,21,18,2,1,12.89890091258603,Suwannee
1566,58,10,10,1,1,12.89890091258603,Hamilton
256,58,13,10,2,1,12.89890091258603,Hamilton
5695,58,16,16,1,1,12.89890091258603,Union
2467,58,20,16,2,2,12.89890091258603,Columbia;Hamilton
2237,58,15,12,2,1,12.89890091258603,Baker
4238,57,17,12,2,1,12.676506069265582,Columbia
4752,57,9,9,1,1,12.676506069265582,Columbia
1549,55,11,10,2,1,12.231716382624683,Hamilton
4644,55,9,9,1,1,12.231716382624683,Suwannee
3208,55,12,9,2,1,12.231716382624683,Baker
5429,55,14,14,1,1,12.231716382624683,Union
4230,54,9,9,1,1,12.009321539304235,Suwannee
3554,54,14,10,2,1,12.009321539304235,Suwannee
4,54,7,7,1,1,12.009321539304235,Baker
2727,53,9,9,1,1,11.786926695983786,Columbia
1500,53,9,9,1,1,11.786926695983786,Baker
2016,53,10,6,2,1,11.786926695983786,Baker
822,53,8,8,1,1,11.786926695983786,Hamilton
2033,53,14,11,2,1,11.786926695983786,Hamilton
1851,53,12,12,1,1,11.786926695983786,Hamilton
1795,53,12,12,1,1,11.786926695983786,Hamilton
4221,53,9,8,2,1,11.786926695983786,Columbia
5000,52,6,6,1,1,11.564531852663336,Union
2566,52,13,13,1,1,11.564531852663336,Columbia
5498,52,13,13,1,1,11.564531852663336,Union
3641,52,20,19,2,1,11.564531852663336,Suwannee
5075,52,22,22,1,1,11.564531852663336,Union
4823,52,13,13,1,1,11.564531852663336,Union
1565,51,14,9,2,1,11.342137009342888,Baker
1446,51,14,11,2,1,11.342137009342888,Hamilton
430,51,14,14,1,1,11.342137009342888,Baker
3604,51,16,15,2,1,11.342137009342888,Suwannee
5241,51,20,12,2,2,11.342137009342888,Columbia;Union
2151,51,10,9,2,1,11.342137009342888,Baker
2427,50,15,12,2,1,11.119742166022439,Baker
3041,49,21,17,2,1,10.897347322701991,Suwannee
2772,49,10,10,1,1,10.897347322701991,Suwannee
589,49,12,10,2,1,10.897347322701991,Baker
4598,49,14,8,2,2,10.897347322701991,Columbia;Union
5378,48,15,15,1,1,10.674952479381542,Union
6052,48,16,16,1,1,10.674952479381542,Columbia
2216,48,9,9,1,1,10.674952479381542,Baker
1741,48,17,15,2,1,10.674952479381542,Columbia
2832,48,7,7,1,1,10.674952479381542,Baker
939,47,14,12,2,1,10.452557636061092,Hamilton
2536,47,7,7,1,1,10.452557636061092,Baker
798,47,5,5,1,1,10.452557636061092,Hamilton
4621,47,7,7,1,1,10.452557636061092,Union
3365,47,5,5,1,1,10.452557636061092,Columbia
1246,47,19,14,2,1,10.452557636061092,Hamilton
1031,47,11,11,1,1,10.452557636061092,Hamilton
3086,47,8,8,1,1,10.452557636061092,Baker
3020,46,8,8,1,1,10.230162792740645,Suwannee
1213,46,10,10,1,1,10.230162792740645,Hamilton
5399,46,17,12,2,1,10.230162792740645,Union
91,46,5,5,1,1,10.230162792740645,Baker
5649,46,17,17,1,1,10.230162792740645,Union
540,45,16,13,2,1,10.007767949420195,Hamilton
4502,45,10,10,1,1,10.007767949420195,Union
4983,45,15,15,1,1,10.007767949420195,Union
1445,45,8,7,2,1,10.007767949420195,Baker
4258,45,14,7,3,1,10.007767949420195,Columbia
1155,45,20,20,1,1,10.007767949420195,Baker
5842,45,8,4,1,2,10.007767949420195,Columbia;Union
770,45,21,19,2,1,10.007767949420195,Hamilton
1760,45,14,14,1,1,10.007767949420195,Columbia
3893,45,12,12,1,1,10.007767949420195,Suwannee
771,45,12,11,2,1,10.007767949420195,Columbia
1692,45,10,10,1,1,10.007767949420195,Hamilton
3106,44,10,7,3,1,9.785373106099748,Columbia
2670,44,9,9,1,1,9.785373106099748,Columbia
18,44,5,5,1,1,9.785373106099748,Baker
1210,44,9,9,1,1,9.785373106099748,Hamilton
316,44,14,14,1,1,9.785373106099748,Hamilton
1120,44,13,13,1,1,9.785373106099748,Hamilton
439,43,19,14,2,1,9.562978262779298,Baker
4805,43,13,13,1,1,9.562978262779298,Suwannee
2501,43,10,10,1,1,9.562978262779298,Suwannee
710,43,7,7,1,1,9.562978262779298,Columbia
320,43,5,5,1,1,9.562978262779298,Columbia
5351,43,20,10,2,2,9.562978262779298,Columbia;Union
1463,43,12,8,2,1,9.562978262779298,Baker
1491,43,17,17,1,1,9.562978262779298,Hamilton
3165,43,18,14,2,1,9.562978262779298,Columbia
1490,42,7,7,1,1,9.340583419458849,Hamilton
1593,42,8,8,1,1,9.340583419458849,Columbia
5023,42,5,5,1,1,9.340583419458849,Columbia
1766,42,17,11,3,1,9.340583419458849,Baker
2824,42,16,15,2,1,9.340583419458849,Suwannee
2651,41,6,5,2,1,9.118188576138401,Columbia
1429,41,9,9,1,1,9.118188576138401,Baker
5937,41,11,7,1,2,9.118188576138401,Columbia;Suwannee
5168,41,11,8,2,1,9.118188576138401,Columbia
2557,41,10,10,1,1,9.118188576138401,Baker
5343,41,5,5,1,1,9.118188576138401,Union
141,41,9,9,1,1,9.118188576138401,Hamilton
4192,41,15,12,2,1,9.118188576138401,Suwannee
1529,41,14,12,2,1,9.118188576138401,Baker
841,41,12,12,1,1,9.118188576138401,Columbia
889,41,10,10,1,1,9.118188576138401,Hamilton
4795,41,12,12,2,1,9.118188576138401,Columbia
3948,41,15,15,1,1,9.118188576138401,Suwannee
2504,41,11,11,1,1,9.118188576138401,Baker
3452,41,11,11,1,1,9.118188576138401,Suwannee
5867,40,18,18,1,1,8.895793732817951,Union
4749,40,10,6,2,2,8.895793732817951,Columbia;Union
1789,40,16,16,1,1,8.895793732817951,Hamilton
1209,40,11,11,1,1,8.895793732817951,Hamilton
4276,40,9,9,1,1,8.895793732817951,Union
5673,40,15,15,1,1,8.895793732817951,Union
5209,39,9,9,1,1,8.673398889497502,Union
1182,39,4,4,1,1,8.673398889497502,Baker
2181,39,12,12,1,1,8.673398889497502,Hamilton
3216,39,5,5,1,1,8.673398889497502,Baker
1075,39,13,13,1,1,8.673398889497502,Hamilton
1354,38,8,8,1,1,8.451004046177054,Baker
1454,38,8,8,1,1,8.451004046177054,Hamilton
1484,38,6,6,1,1,8.451004046177054,Baker
1455,38,10,9,2,1,8.451004046177054,Columbia
5659,38,21,14,2,1,8.451004046177054,Union
5641,38,13,12,2,1,8.451004046177054,Union
1979,38,16,13,2,1,8.451004046177054,Baker
4011,38,16,12,2,1,8.451004046177054,Columbia
1875,38,20,20,1,1,8.451004046177054,Baker
8,38,11,11,1,1,8.451004046177054,Baker
2345,38,9,9,1,1,8.451004046177054,Baker
3306,38,7,7,1,1,8.451004046177054,Columbia
1441,38,17,12,2,1,8.451004046177054,Hamilton
4561,37,13,13,1,1,8.228609202856605,Suwannee
551,37,5,5,1,1,8.228609202856605,Hamilton
1135,37,8,8,1,1,8.228609202856605,Baker
4581,37,8,8,1,1,8.228609202856605,Union
1636,37,9,9,1,1,8.228609202856605,Columbia
383,37,6,6,1,1,8.228609202856605,Hamilton
2396,37,14,14,1,1,8.228609202856605,Columbia
4009,37,9,9,1,1,8.228609202856605,Baker
1995,37,9,9,1,1,8.228609202856605,Baker
2107,37,8,6,2,1,8.228609202856605,Hamilton
275,37,10,10,1,1,8.228609202856605,Hamilton
2458,37,4,4,1,1,8.228609202856605,Baker
1029,37,14,14,1,1,8.228609202856605,Baker
5081,37,9,9,1,1,8.228609202856605,Union
3039,36,6,6,1,1,8.006214359536155,Baker
1172,36,12,12,1,1,8.006214359536155,Baker
52,36,9,7,2,1,8.006214359536155,Baker
1929,36,9,9,1,1,8.006214359536155,Columbia
1562,36,15,15,1,1,8.006214359536155,Suwannee
4876,36,8,8,1,1,8.006214359536155,Columbia
3232,36,8,8,1,1,8.006214359536155,Baker
2164,36,11,11,1,1,8.006214359536155,Suwannee
502,36,7,7,1,1,8.006214359536155,Hamilton
1510,36,6,6,1,1,8.006214359536155,Baker
3187,36,8,5,2,1,8.006214359536155,Columbia
5210,36,5,4,2,1,8.006214359536155,Union
5991,36,13,13,1,1,8.006214359536155,Union
242,36,7,7,1,1,8.006214359536155,Baker
5240,35,8,8,1,1,7.783819516215708,Suwannee
1252,35,2,2,1,1,7.783819516215708,Baker
1817,35,9,9,1,1,7.783819516215708,Columbia
2391,35,11,9,2,1,7.783819516215708,Columbia
1051,35,11,11,1,1,7.783819516215708,Hamilton
4522,35,7,7,1,1,7.783819516215708,Union
2212,35,5,4,2,1,7.783819516215708,Baker
2233,35,13,13,1,1,7.783819516215708,Suwannee
1960,35,16,13,2,1,7.783819516215708,Baker
2699,35,6,6,1,1,7.783819516215708,Columbia
1709,34,6,6,1,1,7.561424672895258,Hamilton
4136,34,4,4,1,1,7.561424672895258,Union
5090,34,13,13,1,1,7.561424672895258,Union
3099,34,8,8,1,1,7.561424672895258,Suwannee
4144,34,13,8,2,1,7.561424672895258,Columbia
467,34,13,10,2,1,7.561424672895258,Hamilton
4533,34,9,9,1,1,7.561424672895258,Union
3754,34,12,12,1,1,7.561424672895258,Suwannee
1284,33,13,13,1,1,7.33902982957481,Hamilton
193,33,6,6,1,1,7.33902982957481,Baker
5792,33,19,15,2,1,7.33902982957481,Union
2226,33,9,7,2,1,7.33902982957481,Suwannee
5185,33,13,11,2,1,7.33902982957481,Columbia
3473,33,11,11,1,1,7.33902982957481,Baker
4767,33,8,8,1,1,7.33902982957481,Columbia
5517,33,12,12,1,1,7.33902982957481,Union
3487,33,9,9,1,1,7.33902982957481,Columbia
1608,33,18,15,2,1,7.33902982957481,Hamilton
381,33,10,10,1,1,7.33902982957481,Hamilton
1231,33,16,11,2,1,7.33902982957481,Hamilton
1444,33,8,8,1,1,7.33902982957481,Hamilton
5904,33,12,12,1,1,7.33902982957481,Union
4672,33,9,9,1,1,7.33902982957481,Columbia
4651,33,4,4,1,1,7.33902982957481,Union
2078,32,5,4,2,1,7.116634986254361,Baker
4683,32,9,4,2,2,7.116634986254361,Columbia;Union
1765,32,7,7,1,1,7.116634986254361,Baker
3054,32,7,7,1,1,7.116634986254361,Columbia
1016,32,11,11,1,1,7.116634986254361,Hamilton
4510,32,10,10,1,1,7.116634986254361,Columbia
5998,32,11,11,1,1,7.116634986254361,Union
1573,32,10,10,1,1,7.116634986254361,Columbia
5899,32,18,18,1,1,7.116634986254361,Columbia
4879,32,8,8,2,1,7.116634986254361,Suwannee
5841,31,14,12,2,1,6.894240142933913,Union
4430,31,8,8,1,1,6.894240142933913,Suwannee
5213,31,12,12,1,1,6.894240142933913,Union
262,31,10,8,2,1,6.894240142933913,Hamilton
466,31,6,5,2,1,6.894240142933913,Hamilton
4474,31,4,4,1,1,6.894240142933913,Union
940,31,9,9,1,1,6.894240142933913,Hamilton
2577,31,9,9,1,1,6.894240142933913,Baker
1259,31,11,11,1,1,6.894240142933913,Hamilton
960,31,14,12,2,1,6.894240142933913,Columbia
5130,31,10,10,1,1,6.894240142933913,Union
5105,31,10,9,2,1,6.894240142933913,Columbia
2655,31,10,7,2,1,6.894240142933913,Suwannee
2168,31,13,11,2,1,6.894240142933913,Hamilton
1754,31,8,8,1,1,6.894240142933913,Hamilton
1459,31,13,13,1,1,6.894240142933913,Baker
4578,31,4,4,1,1,6.894240142933913,Columbia
3937,30,12,12,1,1,6.671845299613464,Columbia
1214,30,15,12,2,1,6.671845299613464,Columbia
5639,30,6,6,1,1,6.671845299613464,Union
2082,30,7,7,1,1,6.671845299613464,Baker
2731,30,10,10,1,1,6.671845299613464,Suwannee
5663,30,5,5,1,1,6.671845299613464,Union
4843,30,19,19,1,1,6.671845299613464,Union
2995,30,8,8,1,1,6.671845299613464,Columbia
1951,30,13,13,1,1,6.671845299613464,Hamilton
5624,30,10,8,1,2,6.671845299613464,Columbia;Union
3846,30,5,5,1,1,6.671845299613464,Baker
3206,30,9,9,1,1,6.671845299613464,Columbia
2098,30,10,7,2,1,6.671845299613464,Suwannee
1542,30,14,14,1,1,6.671845299613464,Suwannee
5795,30,17,14,2,1,6.671845299613464,Union
1281,30,7,7,1,1,6.671845299613464,Columbia
3712,30,7,7,1,1,6.671845299613464,Baker
2198,30,10,10,1,1,6.671845299613464,Columbia
2272,30,8,7,1,2,6.671845299613464,Columbia;Hamilton
1700,29,9,9,1,1,6.449450456293015,Hamilton
1806,29,12,12,1,1,6.449450456293015,Hamilton
2222,29,5,3,2,1,6.449450456293015,Baker
4030,29,8,8,1,1,6.449450456293015,Baker
992,29,7,7,1,1,6.449450456293015,Baker
892,29,11,7,2,1,6.449450456293015,Hamilton
4714,29,4,4,1,1,6.449450456293015,Columbia
3657,29,5,5,1,1,6.449450456293015,Baker
5761,29,9,9,1,1,6.449450456293015,Union
4989,29,9,9,1,1,6.449450456293015,Union
2048,29,10,10,1,1,6.449450456293015,Hamilton
2267,28,8,7,2,1,6.227055612972566,Hamilton
2893,28,5,5,1,1,6.227055612972566,Baker
2182,28,9,9,1,1,6.227055612972566,Hamilton
3059,28,7,7,1,1,6.227055612972566,Baker
1616,28,6,6,1,1,6.227055612972566,Columbia
5094,28,6,6,1,1,6.227055612972566,Union
5259,28,12,10,2,1,6.227055612972566,Union
1848,28,11,11,1,1,6.227055612972566,Columbia
69,28,5,5,1,1,6.227055612972566,Baker
5891,28,8,8,1,1,6.227055612972566,Union
1418,28,7,7,1,1,6.227055612972566,Baker
1890,28,6,6,1,1,6.227055612972566,Baker
4013,28,9,9,1,1,6.227055612972566,Baker
5862,28,9,9,1,1,6.227055612972566,Union
1378,28,12,9,2,1,6.227055612972566,Hamilton
1338,28,11,9,2,1,6.227055612972566,Hamilton
3662,28,15,13,2,1,6.227055612972566,Columbia
4827,28,15,14,2,1,6.227055612972566,Columbia
5262,28,9,9,1,1,6.227055612972566,Union
2146,27,12,9,2,1,6.0046607696521175,Baker
876,27,6,6,1,1,6.0046607696521175,Columbia
3258,27,5,5,1,1,6.0046607696521175,Columbia
3981,27,9,9,1,1,6.0046607696521175,Baker
2355,27,6,6,1,1,6.0046607696521175,Baker
1805,27,10,10,1,1,6.0046607696521175,Hamilton
4431,27,5,5,1,1,6.0046607696521175,Columbia
2358,27,9,9,1,1,6.0046607696521175,Suwannee
1164,27,7,7,1,1,6.0046607696521175,Baker
1311,27,5,5,1,1,6.0046607696521175,Baker
3630,27,7,7,1,1,6.0046607696521175,Baker
4134,27,11,11,1,1,6.0046607696521175,Columbia
2693,27,6,6,1,1,6.0046607696521175,Baker
1458,27,12,12,1,1,6.0046607696521175,Baker
823,27,14,10,3,1,6.0046607696521175,Columbia
2967,27,7,7,1,1,6.0046607696521175,Baker
5344,27,8,8,1,1,6.0046607696521175,Union
4485,26,12,12,1,1,5.782265926331668,Columbia
5121,26,11,11,1,1,5.782265926331668,Union
1325,26,12,12,1,1,5.782265926331668,Baker
4562,26,6,4,2,1,5.782265926331668,Columbia
2245,26,9,8,2,1,5.782265926331668,Baker
1564,26,5,5,1,1,5.782265926331668,Columbia
4411,26,10,10,1,1,5.782265926331668,Union
3520,26,12,12,1,1,5.782265926331668,Suwannee
3376,26,16,11,2,1,5.782265926331668,Columbia
4335,26,9,9,1,1,5.782265926331668,Union
3979,26,9,9,1,1,5.782265926331668,Columbia
1239,26,6,6,1,1,5.782265926331668,Columbia
2378,26,10,10,1,1,5.782265926331668,Columbia
5222,26,10,7,2,1,5.782265926331668,Suwannee
4619,26,14,11,2,1,5.782265926331668,Columbia
5583,26,14,14,1,1,5.782265926331668,Union
1525,26,11,11,1,1,5.782265926331668,Hamilton
4985,26,10,10,1,1,5.782265926331668,Union
1081,26,11,11,1,1,5.782265926331668,Hamilton
3588,26,11,9,2,1,5.782265926331668,Suwannee
835,26,11,11,1,1,5.782265926331668,Hamilton
5970,26,9,9,1,1,5.782265926331668,Columbia
1185,26,6,6,1,1,5.782265926331668,Baker
1309,25,9,9,1,1,5.5598710830112195,Hamilton
1438,25,12,8,2,1,5.5598710830112195,Hamilton
4038,25,8,8,1,1,5.5598710830112195,Suwannee
646,25,4,4,1,1,5.5598710830112195,Baker
898,25,15,15,1,1,5.5598710830112195,Hamilton
1752,25,8,8,1,1,5.5598710830112195,Hamilton
3702,25,7,6,2,1,5.5598710830112195,Baker
5989,25,6,4,1,2,5.5598710830112195,Columbia;Union
2797,25,11,11,1,1,5.5598710830112195,Baker
1594,25,10,10,1,1,5.5598710830112195,Baker
1891,25,5,5,1,1,5.5598710830112195,Hamilton
702,25,12,12,1,1,5.5598710830112195,Baker
6064,25,5,5,1,1,5.5598710830112195,Suwannee
1054,25,14,12,2,1,5.5598710830112195,Hamilton
2472,25,12,12,1,1,5.5598710830112195,Suwannee
1219,25,8,8,1,1,5.5598710830112195,Baker
3565,24,4,4,1,1,5.337476239690771,Baker
1062,24,10,10,1,1,5.337476239690771,Hamilton
4375,24,4,4,1,1,5.337476239690771,Union
2093,24,9,7,2,1,5.337476239690771,Hamilton
5035,24,9,9,1,1,5.337476239690771,Columbia
2621,24,6,6,1,1,5.337476239690771,Columbia
5687,24,6,5,2,1,5.337476239690771,Union
122,24,5,5,1,1,5.337476239690771,Hamilton
2485,24,5,5,1,1,5.337476239690771,Baker
2316,24,11,10,2,1,5.337476239690771,Baker
5150,24,9,9,1,1,5.337476239690771,Suwannee
2976,24,6,6,1,1,5.337476239690771,Baker
959,24,7,7,1,1,5.337476239690771,Hamilton
5790,24,9,9,1,1,5.337476239690771,Union
1782,24,6,6,1,1,5.337476239690771,Columbia
642,24,14,14,1,1,5.337476239690771,Baker
5050,24,9,9,2,1,5.337476239690771,Union
670,24,11,9,2,1,5.337476239690771,Baker
4734,24,9,9,1,1,5.337476239690771,Union
2899,24,11,11,1,1,5.337476239690771,Suwannee
1348,24,10,10,1,1,5.337476239690771,Hamilton
4783,24,3,3,1,1,5.337476239690771,Union
1884,23,8,8,1,1,5.115081396370322,Columbia
2589,23,7,7,1,1,5.115081396370322,Baker
413,23,12,12,1,1,5.115081396370322,Hamilton
4670,23,5,5,1,1,5.115081396370322,Union
3088,23,6,6,1,1,5.115081396370322,Columbia
5006,23,10,10,1,1,5.115081396370322,Union
3655,23,5,5,1,1,5.115081396370322,Baker
824,23,12,12,1,1,5.115081396370322,Baker
1436,23,10,9,2,1,5.115081396370322,Columbia
2329,23,6,4,2,1,5.115081396370322,Baker
4360,23,11,9,2,1,5.115081396370322,Columbia
912,23,9,7,2,1,5.115081396370322,Columbia
1771,23,7,7,1,1,5.115081396370322,Columbia
4567,23,7,7,1,1,5.115081396370322,Union
3013,23,9,9,1,1,5.115081396370322,Columbia
2520,23,14,13,2,1,5.115081396370322,Columbia
764,23,9,9,1,1,5.115081396370322,Baker
3621,23,7,7,1,1,5.115081396370322,Baker
1251,23,14,14,1,1,5.115081396370322,Columbia
4625,23,4,4,1,1,5.115081396370322,Columbia
2659,23,8,8,1,1,5.115081396370322,Suwannee
5596,22,9,9,1,1,4.892686553049874,Union
1883,22,11,11,1,1,4.892686553049874,Columbia
1196,22,10,9,2,1,4.892686553049874,Columbia
3543,22,6,6,1,1,4.892686553049874,Baker
2088,22,8,8,1,1,4.892686553049874,Columbia
4089,22,10,10,1,1,4.892686553049874,Columbia
2826,22,6,6,1,1,4.892686553049874,Baker
2086,22,10,10,1,1,4.892686553049874,Hamilton
914,22,8,6,2,1,4.892686553049874,Columbia
3227,22,8,8,1,1,4.892686553049874,Baker
4082,22,16,13,2,1,4.892686553049874,Columbia
1487,22,7,7,1,1,4.892686553049874,Columbia
1382,22,11,11,1,1,4.892686553049874,Hamilton
802,22,5,5,1,1,4.892686553049874,Baker
1319,22,5,5,1,1,4.892686553049874,Baker
1863,22,7,7,1,1,4.892686553049874,Hamilton
717,22,9,8,2,1,4.892686553049874,Baker
1656,22,11,11,1,1,4.892686553049874,Hamilton
4321,22,7,7,1,1,4.892686553049874,Suwannee
2076,21,10,10,1,1,4.670291709729424,Columbia
2782,21,7,7,1,1,4.670291709729424,Baker
1953,21,5,5,1,1,4.670291709729424,Baker
1609,21,10,10,1,1,4.670291709729424,Hamilton
5683,21,3,3,1,1,4.670291709729424,Union
3429,21,14,13,2,1,4.670291709729424,Baker
1843,21,8,8,1,1,4.670291709729424,Baker
3640,21,5,5,1,1,4.670291709729424,Baker
1014,21,7,7,1,1,4.670291709729424,Hamilton
3875,21,8,5,2,1,4.670291709729424,Union
2555,21,10,10,1,1,4.670291709729424,Columbia
923,21,7,7,1,1,4.670291709729424,Hamilton
515,21,7,7,1,1,4.670291709729424,Hamilton
147,21,3,3,1,1,4.670291709729424,Baker
4647,21,6,6,1,1,4.670291709729424,Columbia
2270,21,7,7,1,1,4.670291709729424,Baker
3045,21,9,9,1,1,4.670291709729424,Baker
5536,21,7,7,2,1,4.670291709729424,Union
5546,21,9,9,1,1,4.670291709729424,Union
4852,20,7,7,1,1,4.447896866408976,Union
1329,20,4,4,1,1,4.447896866408976,Baker
2569,20,8,8,1,1,4.447896866408976,Baker
4024,20,6,6,1,1,4.447896866408976,Union
4473,20,9,9,1,1,4.447896866408976,Columbia
3947,20,8,6,2,1,4.447896866408976,Union
3493,20,5,5,1,1,4.447896866408976,Columbia
4416,20,7,7,1,1,4.447896866408976,Union
37,20,5,5,1,1,4.447896866408976,Baker
658,20,6,6,1,1,4.447896866408976,Baker
1588,20,8,8,1,1,4.447896866408976,Columbia
5389,20,9,9,1,1,4.447896866408976,Union
681,20,11,9,2,1,4.447896866408976,Hamilton
4717,20,2,2,1,1,4.447896866408976,Union
2685,20,9,9,2,1,4.447896866408976,Columbia
3130,20,4,4,1,1,4.447896866408976,Baker
2035,20,14,14,1,1,4.447896866408976,Hamilton
3528,20,7,7,1,1,4.447896866408976,Suwannee
5873,20,8,8,2,1,4.447896866408976,Union
3595,20,3,3,1,1,4.447896866408976,Baker
3542,20,7,7,1,1,4.447896866408976,Baker
4886,19,11,9,2,1,4.225502023088527,Union
4256,19,8,8,2,1,4.225502023088527,Columbia
5714,19,10,10,1,1,4.225502023088527,Union
986,19,12,9,2,1,4.225502023088527,Hamilton
6027,19,7,7,1,1,4.225502023088527,Columbia
1569,19,9,9,1,1,4.225502023088527,Hamilton
6029,19,7,7,1,1,4.225502023088527,Union
5170,19,7,7,1,1,4.225502023088527,Union
3541,19,2,2,1,1,4.225502023088527,Baker
2474,19,8,6,2,1,4.225502023088527,Baker
65,19,6,5,2,1,4.225502023088527,Columbia
5020,19,9,9,1,1,4.225502023088527,Union
3806,19,6,5,1,2,4.225502023088527,Baker;Union
5021,19,4,4,1,1,4.225502023088527,Union
4987,19,9,9,1,1,4.225502023088527,Union
1495,19,7,7,1,1,4.225502023088527,Columbia
659,19,7,7,1,1,4.225502023088527,Baker
956,19,10,10,1,1,4.225502023088527,Columbia
5778,19,6,6,1,1,4.225502023088527,Union
3984,19,8,7,2,1,4.225502023088527,Columbia
3292,19,4,4,1,1,4.225502023088527,Baker
1798,19,7,7,1,1,4.225502023088527,Columbia
1450,19,11,9,2,1,4.225502023088527,Hamilton
1666,19,10,10,1,1,4.225502023088527,Baker
239,19,4,4,1,1,4.225502023088527,Baker
1427,19,6,6,1,1,4.225502023088527,Columbia
5497,18,7,5,2,1,4.003107179768078,Union
4883,18,6,6,1,1,4.003107179768078,Union
772,18,9,7,2,1,4.003107179768078,Baker
5345,18,8,8,1,1,4.003107179768078,Union
271,18,6,6,1,1,4.003107179768078,Baker
279,18,10,10,1,1,4.003107179768078,Baker
452,18,5,5,1,1,4.003107179768078,Hamilton
5953,18,6,6,1,1,4.003107179768078,Columbia
3102,18,4,3,2,1,4.003107179768078,Suwannee
1443,18,5,5,1,1,4.003107179768078,Baker
916,18,5,5,1,1,4.003107179768078,Hamilton
4913,18,7,7,1,1,4.003107179768078,Union
2909,18,4,4,1,1,4.003107179768078,Baker
4919,18,9,9,1,1,4.003107179768078,Union
1830,18,8,8,1,1,4.003107179768078,Columbia
5692,18,7,7,2,1,4.003107179768078,Union
991,18,10,8,2,1,4.003107179768078,Columbia
2590,18,8,8,1,1,4.003107179768078,Suwannee
2509,18,6,6,1,1,4.003107179768078,Baker
999,18,7,7,1,1,4.003107179768078,Hamilton
2500,18,10,10,1,1,4.003107179768078,Suwannee
5323,18,10,10,1,1,4.003107179768078,Union
5325,18,4,4,1,1,4.003107179768078,Union
4996,18,8,8,1,1,4.003107179768078,Union
224,18,5,5,1,1,4.003107179768078,Baker
229,18,7,7,1,1,4.003107179768078,Baker
874,18,8,8,1,1,4.003107179768078,Hamilton
4108,18,10,10,1,1,4.003107179768078,Columbia
5415,18,6,6,1,1,4.003107179768078,Union
2101,18,10,10,1,1,4.003107179768078,Hamilton
5825,18,10,10,1,1,4.003107179768078,Union
4184,18,7,7,1,1,4.003107179768078,Suwannee
5667,18,8,8,1,1,4.003107179768078,Union
4771,18,7,7,1,1,4.003107179768078,Columbia
3598,18,5,5,1,1,4.003107179768078,Baker
3569,18,6,6,1,1,4.003107179768078,Suwannee
3700,18,5,5,1,1,4.003107179768078,Columbia
1085,18,6,5,2,1,4.003107179768078,Baker
5295,18,9,9,1,1,4.003107179768078,Union
3477,17,5,5,1,1,3.780712336447629,Columbia
5189,17,9,9,1,1,3.780712336447629,Union
5744,17,8,8,1,1,3.780712336447629,Union
4423,17,6,6,1,1,3.780712336447629,Union
4684,17,7,7,1,1,3.780712336447629,Union
5421,17,11,9,1,2,3.780712336447629,Columbia;Union
23,17,4,4,1,1,3.780712336447629,Baker
5197,17,6,6,1,1,3.780712336447629,Suwannee
3077,17,7,7,1,1,3.780712336447629,Baker
5463,17,14,14,2,1,3.780712336447629,Union
1105,17,6,6,1,1,3.780712336447629,Baker
5549,17,8,8,1,1,3.780712336447629,Union
4741,17,5,5,1,1,3.780712336447629,Union
2004,17,5,5,1,1,3.780712336447629,Hamilton
1967,17,8,8,1,1,3.780712336447629,Hamilton
2861,17,6,6,1,1,3.780712336447629,Columbia
4323,17,2,2,1,1,3.780712336447629,Union
443,17,6,6,1,1,3.780712336447629,Hamilton
451,17,4,4,1,1,3.780712336447629,Hamilton
1279,17,12,12,1,1,3.780712336447629,Hamilton
968,17,11,11,1,1,3.780712336447629,Columbia
4428,17,8,8,1,1,3.780712336447629,Union
3347,17,5,5,1,1,3.780712336447629,Baker
3321,17,9,9,1,1,3.780712336447629,Columbia
1291,17,9,9,1,1,3.780712336447629,Hamilton
2246,17,9,9,1,1,3.780712336447629,Suwannee
1261,17,12,12,1,1,3.780712336447629,Hamilton
322,17,5,5,1,1,3.780712336447629,Baker
5037,17,7,7,1,1,3.780712336447629,Union
5064,17,7,7,1,1,3.780712336447629,Union
758,17,10,7,2,1,3.780712336447629,Baker
3952,17,5,5,1,1,3.780712336447629,Union
392,17,7,7,1,1,3.780712336447629,Hamilton
4555,17,6,6,1,1,3.780712336447629,Union
184,17,4,4,1,1,3.780712336447629,Baker
870,17,6,6,1,1,3.780712336447629,Columbia
3397,17,9,9,1,1,3.780712336447629,Columbia
6002,17,7,7,1,1,3.780712336447629,Columbia
4816,17,7,7,1,1,3.780712336447629,Columbia
2353,17,5,5,1,1,3.780712336447629,Columbia
5435,16,8,8,1,1,3.5583174931271806,Union
2709,16,5,5,1,1,3.5583174931271806,Suwannee
4655,16,13,13,2,1,3.5583174931271806,Union
4715,16,3,3,1,1,3.5583174931271806,Union
869,16,9,9,1,1,3.5583174931271806,Columbia
4760,16,8,8,1,1,3.5583174931271806,Suwannee
5242,16,8,8,1,1,3.5583174931271806,Union
3363,16,5,5,1,1,3.5583174931271806,Columbia
3650,16,3,3,1,1,3.5583174931271806,Baker
3430,16,7,7,1,1,3.5583174931271806,Columbia
3503,16,7,7,1,1,3.5583174931271806,Baker
5280,16,8,6,2,1,3.5583174931271806,Union
5764,16,9,9,1,1,3.5583174931271806,Union
5321,16,10,10,1,1,3.5583174931271806,Union
9,16,5,5,1,1,3.5583174931271806,Baker
4391,16,4,4,1,1,3.5583174931271806,Columbia
1047,16,10,10,1,1,3.5583174931271806,Hamilton
1908,16,7,7,1,1,3.5583174931271806,Columbia
1874,16,6,6,1,1,3.5583174931271806,Columbia
5439,16,7,7,1,1,3.5583174931271806,Union
1892,16,3,3,1,1,3.5583174931271806,Columbia
177,16,5,5,1,1,3.5583174931271806,Baker
963,16,4,4,1,1,3.5583174931271806,Hamilton
3297,16,4,4,1,1,3.5583174931271806,Columbia
2059,16,6,6,1,1,3.5583174931271806,Baker
5018,16,6,6,1,1,3.5583174931271806,Union
3132,16,7,6,2,1,3.5583174931271806,Columbia
358,16,9,9,1,1,3.5583174931271806,Hamilton
985,16,9,9,1,1,3.5583174931271806,Columbia
1302,16,10,10,1,1,3.5583174931271806,Hamilton
961,16,7,7,1,1,3.5583174931271806,Baker
1308,16,10,10,1,1,3.5583174931271806,Hamilton
5477,16,5,5,1,1,3.5583174931271806,Union
2971,16,4,4,1,1,3.5583174931271806,Baker
5475,16,7,7,1,1,3.5583174931271806,Union
5861,16,5,5,1,1,3.5583174931271806,Union
3121,16,5,5,1,1,3.5583174931271806,Baker
596,16,6,6,1,1,3.5583174931271806,Hamilton
2073,16,7,7,1,1,3.5583174931271806,Columbia
3149,16,10,9,2,1,3.5583174931271806,Suwannee
2112,16,12,12,2,1,3.5583174931271806,Hamilton
2320,16,9,9,2,1,3.5583174931271806,Hamilton
911,16,10,10,1,1,3.5583174931271806,Baker
908,16,9,7,2,1,3.5583174931271806,Hamilton
3701,16,7,7,1,1,3.5583174931271806,Columbia
3690,16,6,6,1,1,3.5583174931271806,Columbia
1030,16,7,7,1,1,3.5583174931271806,Hamilton
1320,16,10,10,1,1,3.5583174931271806,Hamilton
5709,16,6,6,1,1,3.5583174931271806,Union
4269,16,5,3,2,1,3.5583174931271806,Columbia
2601,16,12,12,1,1,3.5583174931271806,Suwannee
4477,16,8,8,1,1,3.5583174931271806,Suwannee
4310,16,3,3,1,1,3.5583174931271806,Union
3388,16,8,8,1,1,3.5583174931271806,Suwannee
1280,16,3,3,1,1,3.5583174931271806,Hamilton
4359,16,8,8,1,1,3.5583174931271806,Union
1714,16,4,4,1,1,3.5583174931271806,Baker
5496,16,10,10,1,1,3.5583174931271806,Union
2869,16,9,9,1,1,3.5583174931271806,Baker
278,16,6,6,1,1,3.5583174931271806,Baker
3436,15,4,4,1,1,3.335922649806732,Baker
3490,15,7,7,1,1,3.335922649806732,Suwannee
1004,15,9,9,1,1,3.335922649806732,Hamilton
1060,15,10,10,1,1,3.335922649806732,Hamilton
1065,15,8,8,1,1,3.335922649806732,Hamilton
1729,15,5,4,2,1,3.335922649806732,Baker
1263,15,7,7,1,1,3.335922649806732,Baker
971,15,5,5,1,1,3.335922649806732,Baker
4244,15,5,5,1,1,3.335922649806732,Union
432,15,6,6,1,1,3.335922649806732,Hamilton
2477,15,9,9,1,1,3.335922649806732,Columbia
1748,15,3,3,1,1,3.335922649806732,Baker
5843,15,8,8,1,1,3.335922649806732,Union
778,15,6,6,1,1,3.335922649806732,Baker
1426,15,5,5,1,1,3.335922649806732,Hamilton
5834,15,9,9,1,1,3.335922649806732,Union
4104,15,9,9,1,1,3.335922649806732,Columbia
3093,15,7,7,1,1,3.335922649806732,Columbia
4047,15,12,12,1,1,3.335922649806732,Suwannee
4988,15,7,7,1,1,3.335922649806732,Union
485,15,4,4,1,1,3.335922649806732,Hamilton
1129,15,6,5,2,1,3.335922649806732,Baker
3403,15,7,6,2,1,3.335922649806732,Suwannee
1256,15,10,10,1,1,3.335922649806732,Hamilton
3293,15,7,7,1,1,3.335922649806732,Baker
3314,15,6,6,1,1,3.335922649806732,Suwannee
3345,15,3,3,1,1,3.335922649806732,Columbia
2989,15,5,5,1,1,3.335922649806732,Columbia
1373,15,4,4,1,1,3.335922649806732,Baker
3035,15,5,5,1,1,3.335922649806732,Columbia
1523,15,10,10,1,1,3.335922649806732,Baker
3246,15,8,8,1,1,3.335922649806732,Columbia
3260,15,7,7,1,1,3.335922649806732,Baker
3200,15,6,6,1,1,3.335922649806732,Columbia
2242,15,4,4,1,1,3.335922649806732,Hamilton
512,15,6,6,1,1,3.335922649806732,Hamilton
501,15,9,9,1,1,3.335922649806732,Hamilton
536,15,7,7,1,1,3.335922649806732,Hamilton
790,15,6,6,1,1,3.335922649806732,Hamilton
5895,15,8,7,1,2,3.335922649806732,Columbia;Union
5878,15,10,10,1,1,3.335922649806732,Union
678,15,10,10,1,1,3.335922649806732,Baker
5565,15,10,10,2,1,3.335922649806732,Union
5011,15,4,4,1,1,3.335922649806732,Union
1434,15,6,6,1,1,3.335922649806732,Baker
5072,15,6,6,1,1,3.335922649806732,Columbia
1116,14,5,5,1,1,3.113527806486283,Baker
5283,14,12,12,1,1,3.113527806486283,Union
1137,14,3,3,1,1,3.113527806486283,Columbia
4881,14,7,5,2,1,3.113527806486283,Columbia
1699,14,7,7,1,1,3.113527806486283,Suwannee
3931,14,8,8,1,1,3.113527806486283,Suwannee
126,14,8,8,1,1,3.113527806486283,Columbia
5732,14,3,3,1,1,3.113527806486283,Union
2954,14,6,6,1,1,3.113527806486283,Baker
1745,14,10,10,1,1,3.113527806486283,Hamilton
3396,14,11,11,1,1,3.113527806486283,Columbia
1248,14,5,5,1,1,3.113527806486283,Hamilton
3346,14,6,6,1,1,3.113527806486283,Baker
5164,14,6,6,1,1,3.113527806486283,Union
4511,14,3,3,1,1,3.113527806486283,Union
4356,14,4,4,1,1,3.113527806486283,Union
5340,14,6,6,1,1,3.113527806486283,Union
1804,14,7,7,1,1,3.113527806486283,Baker
4488,14,4,3,2,1,3.113527806486283,Union
957,14,4,4,1,1,3.113527806486283,Hamilton
5485,14,10,10,1,1,3.113527806486283,Union
58,14,3,3,1,1,3.113527806486283,Hamilton
55,14,4,3,2,1,3.113527806486283,Baker
5988,14,2,2,1,1,3.113527806486283,Union
5975,14,7,7,1,1,3.113527806486283,Union
5188,14,5,4,2,1,3.113527806486283,Columbia
4791,14,5,4,2,1,3.113527806486283,Columbia
2959,14,7,7,1,1,3.113527806486283,Baker
317,14,8,8,1,1,3.113527806486283,Hamilton
1558,14,7,7,1,1,3.113527806486283,Hamilton
3736,14,9,9,1,1,3.113527806486283,Suwannee
3749,14,1,1,1,1,3.113527806486283,Columbia
5404,14,9,9,1,1,3.113527806486283,Union
2123,14,5,5,1,1,3.113527806486283,Hamilton
5822,14,6,4,1,2,3.113527806486283,Columbia;Union
5767,14,6,6,1,1,3.113527806486283,Union
3364,14,6,6,1,1,3.113527806486283,Columbia
2999,14,3,3,1,1,3.113527806486283,Suwannee
3665,14,5,5,1,1,3.113527806486283,Baker
3928,14,8,8,1,1,3.113527806486283,Columbia
3120,14,7,7,1,1,3.113527806486283,Columbia
3126,14,6,5,2,1,3.113527806486283,Suwannee
5927,14,7,7,2,1,3.113527806486283,Union
2439,14,6,6,1,1,3.113527806486283,Columbia
3034,14,3,3,1,1,3.113527806486283,Suwannee
955,14,7,7,1,1,3.113527806486283,Hamilton
2244,14,7,5,2,1,3.113527806486283,Columbia
3057,14,8,8,1,1,3.113527806486283,Suwannee
4929,14,4,4,1,1,3.113527806486283,Union
1640,14,4,4,1,1,3.113527806486283,Columbia
2167,14,6,6,1,1,3.113527806486283,Columbia
752,14,5,5,2,1,3.113527806486283,Columbia
5406,14,6,6,1,1,3.113527806486283,Union
3242,14,6,6,1,1,3.113527806486283,Baker
2708,14,7,7,1,1,3.113527806486283,Baker
2645,14,9,9,1,1,3.113527806486283,Columbia
677,14,8,7,2,1,3.113527806486283,Baker
1920,14,5,5,1,1,3.113527806486283,Columbia
743,14,10,10,2,1,3.113527806486283,Columbia
744,14,10,9,2,1,3.113527806486283,Baker
4044,14,2,2,1,1,3.113527806486283,Baker
599,14,8,7,2,1,3.113527806486283,Hamilton
851,14,4,4,1,1,3.113527806486283,Columbia
1409,14,3,3,1,1,3.113527806486283,Baker
843,14,10,9,2,1,3.113527806486283,Hamilton
1428,14,5,5,1,1,3.113527806486283,Baker
1778,13,10,6,2,1,2.891132963165834,Hamilton
5533,13,5,5,1,1,2.891132963165834,Union
429,13,3,3,1,1,2.891132963165834,Baker
5173,13,6,4,2,1,2.891132963165834,Union
1009,13,4,4,1,1,2.891132963165834,Baker
326,13,4,4,1,1,2.891132963165834,Hamilton
2928,13,3,2,2,1,2.891132963165834,Columbia
4339,13,3,3,1,1,2.891132963165834,Union
943,13,6,6,2,1,2.891132963165834,Hamilton
2570,13,4,4,1,1,2.891132963165834,Baker
1976,13,5,5,1,1,2.891132963165834,Hamilton
2692,13,6,6,1,1,2.891132963165834,Baker
2613,13,8,8,1,1,2.891132963165834,Suwannee
794,13,9,8,2,1,2.891132963165834,Baker
4552,13,6,6,1,1,2.891132963165834,Columbia
4564,13,5,5,1,1,2.891132963165834,Union
4515,13,4,4,1,1,2.891132963165834,Suwannee
967,13,3,3,1,1,2.891132963165834,Baker
5577,13,7,7,1,1,2.891132963165834,Union
3064,13,8,8,1,1,2.891132963165834,Columbia
553,13,8,8,1,1,2.891132963165834,Hamilton
909,13,4,4,1,1,2.891132963165834,Baker
5671,13,8,8,1,1,2.891132963165834,Union
5430,13,6,6,1,1,2.891132963165834,Union
815,13,8,8,1,1,2.891132963165834,Hamilton
4135,13,6,6,1,1,2.891132963165834,Baker
5614,13,8,7,2,1,2.891132963165834,Union
1401,13,7,7,1,1,2.891132963165834,Hamilton
5388,13,6,6,1,1,2.891132963165834,Union
921,13,8,6,2,1,2.891132963165834,Hamilton
1522,13,3,3,1,1,2.891132963165834,Baker
1520,13,6,6,1,1,2.891132963165834,Hamilton
1517,13,5,5,1,1,2.891132963165834,Columbia
3048,13,6,5,2,1,2.891132963165834,Suwannee
830,13,5,5,1,1,2.891132963165834,Columbia
4582,13,10,9,2,1,2.891132963165834,Union
2142,13,1,1,1,1,2.891132963165834,Hamilton
3084,13,5,5,1,1,2.891132963165834,Columbia
5024,13,2,2,1,1,2.891132963165834,Union
917,13,5,5,1,1,2.891132963165834,Hamilton
5635,13,4,4,1,1,2.891132963165834,Union
3826,13,4,4,1,1,2.891132963165834,Columbia
5833,13,5,5,1,1,2.891132963165834,Union
5769,13,5,5,1,1,2.891132963165834,Union
3115,13,7,7,1,1,2.891132963165834,Baker
3151,13,5,5,1,1,2.891132963165834,Suwannee
5,13,4,3,2,1,2.891132963165834,Baker
3172,13,6,6,1,1,2.891132963165834,Columbia
3349,13,5,5,1,1,2.891132963165834,Columbia
3715,13,5,5,1,1,2.891132963165834,Baker
1267,13,7,7,1,1,2.891132963165834,Hamilton
3399,13,3,3,1,1,2.891132963165834,Baker
4875,13,3,3,1,1,2.891132963165834,Union
3916,13,2,2,1,1,2.891132963165834,Baker
2969,13,7,7,1,1,2.891132963165834,Baker
4882,13,4,4,1,1,2.891132963165834,Union
1090,13,7,7,1,1,2.891132963165834,Hamilton
1088,13,7,7,1,1,2.891132963165834,Hamilton
3633,13,11,11,1,1,2.891132963165834,Suwannee
1123,12,4,3,2,1,2.6687381198453854,Baker
3415,12,8,8,1,1,2.6687381198453854,Columbia
2987,12,8,8,1,1,2.6687381198453854,Columbia
6088,12,5,3,2,1,2.6687381198453854,Columbia
1,12,7,5,2,1,2.6687381198453854,Baker
3012,12,4,4,1,1,2.6687381198453854,Suwannee
4105,12,2,2,1,1,2.6687381198453854,Suwannee
5823,12,10,10,1,1,2.6687381198453854,Union
3144,12,3,3,1,1,2.6687381198453854,Baker
848,12,7,7,1,1,2.6687381198453854,Baker
5412,12,4,4,1,1,2.6687381198453854,Union
2118,12,6,6,1,1,2.6687381198453854,Columbia
1513,12,8,8,1,1,2.6687381198453854,Hamilton
213,12,2,2,1,1,2.6687381198453854,Baker
3156,12,4,4,1,1,2.6687381198453854,Columbia
218,12,3,3,1,1,2.6687381198453854,Baker
2430,12,4,4,2,1,2.6687381198453854,Columbia
5444,12,5,5,1,1,2.6687381198453854,Union
6073,12,10,8,2,1,2.6687381198453854,Columbia
36,12,6,6,1,1,2.6687381198453854,Baker
1417,12,7,7,1,1,2.6687381198453854,Hamilton
1421,12,8,8,1,1,2.6687381198453854,Baker
3104,12,5,5,1,1,2.6687381198453854,Baker
2120,12,3,3,1,1,2.6687381198453854,Columbia
4617,12,3,3,1,1,2.6687381198453854,Union
2958,12,5,5,1,1,2.6687381198453854,Baker
5486,12,3,3,1,1,2.6687381198453854,Union
1306,12,6,6,1,1,2.6687381198453854,Hamilton
2193,12,9,7,2,1,2.6687381198453854,Baker
2159,12,5,5,1,1,2.6687381198453854,Suwannee
4563,12,9,9,1,1,2.6687381198453854,Union
544,12,6,6,1,1,2.6687381198453854,Hamilton
491,12,7,7,1,1,2.6687381198453854,Hamilton
4287,12,7,6,2,1,2.6687381198453854,Columbia
2549,12,10,9,2,1,2.6687381198453854,Suwannee
2951,12,4,4,1,1,2.6687381198453854,Columbia
4205,12,6,6,1,1,2.6687381198453854,Suwannee
3234,12,8,6,2,1,2.6687381198453854,Suwannee
5364,12,4,4,1,1,2.6687381198453854,Union
5110,12,4,4,1,1,2.6687381198453854,Union
1336,12,7,7,1,1,2.6687381198453854,Baker
2507,12,4,4,1,1,2.6687381198453854,Baker
5680,12,8,8,1,1,2.6687381198453854,Union
2688,12,8,7,2,1,2.6687381198453854,Baker
637,12,6,6,1,1,2.6687381198453854,Hamilton
4668,12,1,1,1,1,2.6687381198453854,Union
4568,12,7,6,2,1,2.6687381198453854,Suwannee
4574,12,6,6,1,1,2.6687381198453854,Union
4182,12,6,6,1,1,2.6687381198453854,Suwannee
2054,12,8,8,1,1,2.6687381198453854,Hamilton
2809,12,4,4,1,1,2.6687381198453854,Baker
3774,12,3,3,1,1,2.6687381198453854,Columbia
460,12,4,4,1,1,2.6687381198453854,Hamilton
5731,12,6,6,1,1,2.6687381198453854,Union
5499,12,8,8,1,1,2.6687381198453854,Union
5736,12,8,8,1,1,2.6687381198453854,Union
4349,12,6,6,1,1,2.6687381198453854,Columbia
4322,12,7,7,1,1,2.6687381198453854,Columbia
4464,12,8,7,2,1,2.6687381198453854,Columbia
424,12,7,7,1,1,2.6687381198453854,Hamilton
1200,12,4,4,1,1,2.6687381198453854,Baker
1026,12,3,3,1,1,2.6687381198453854,Baker
3514,12,6,6,1,1,2.6687381198453854,Columbia
3536,12,8,8,1,1,2.6687381198453854,Suwannee
5973,12,5,5,1,1,2.6687381198453854,Union
3605,12,6,6,1,1,2.6687381198453854,Baker
4438,12,7,7,1,1,2.6687381198453854,Columbia
5798,12,9,9,1,1,2.6687381198453854,Union
1743,12,8,8,1,1,2.6687381198453854,Suwannee
5131,12,4,4,1,1,2.6687381198453854,Union
5865,12,4,3,2,1,2.6687381198453854,Union
1822,12,6,6,1,1,2.6687381198453854,Hamilton
944,12,7,7,1,1,2.6687381198453854,Baker
1876,12,6,6,1,1,2.6687381198453854,Columbia
624,12,4,4,1,1,2.6687381198453854,Baker
803,12,8,8,1,1,2.6687381198453854,Hamilton
3888,12,2,2,1,1,2.6687381198453854,Union
3889,12,4,4,1,1,2.6687381198453854,Suwannee
1227,11,5,5,1,1,2.446343276524937,Hamilton
292,11,6,6,1,1,2.446343276524937,Hamilton
3330,11,4,4,1,1,2.446343276524937,Columbia
4898,11,3,3,1,1,2.446343276524937,Union
5291,11,8,8,1,1,2.446343276524937,Columbia
1067,11,6,6,1,1,2.446343276524937,Columbia
5089,11,3,3,1,1,2.446343276524937,Union
5044,11,8,8,1,1,2.446343276524937,Union
3083,11,5,5,1,1,2.446343276524937,Suwannee
306,11,3,3,1,1,2.446343276524937,Baker
2039,11,7,7,1,1,2.446343276524937,Hamilton
4600,11,7,7,1,1,2.446343276524937,Union
3154,11,3,3,1,1,2.446343276524937,Columbia
5910,11,3,3,1,1,2.446343276524937,Union
5251,11,6,6,1,1,2.446343276524937,Union
4389,11,5,5,1,1,2.446343276524937,Union
34,11,3,3,1,1,2.446343276524937,Baker
6036,11,5,5,1,1,2.446343276524937,Union
4992,11,7,7,1,1,2.446343276524937,Union
11,11,3,3,1,1,2.446343276524937,Baker
42,11,6,4,2,1,2.446343276524937,Baker
27,11,5,5,1,1,2.446343276524937,Baker
1662,11,3,3,1,1,2.446343276524937,Hamilton
1645,11,6,6,1,1,2.446343276524937,Hamilton
5198,11,6,3,2,1,2.446343276524937,Union
3459,11,5,5,1,1,2.446343276524937,Columbia
5233,11,3,3,1,1,2.446343276524937,Union
363,11,6,6,1,1,2.446343276524937,Hamilton
2143,11,4,4,1,1,2.446343276524937,Columbia
2703,11,6,6,1,1,2.446343276524937,Suwannee
2677,11,4,4,1,1,2.446343276524937,Baker
2043,11,7,5,2,1,2.446343276524937,Baker
1555,11,3,3,1,1,2.446343276524937,Hamilton
5923,11,6,6,1,2,2.446343276524937,Columbia;Union
813,11,6,6,1,1,2.446343276524937,Baker
1598,11,6,6,1,1,2.446343276524937,Hamilton
3784,11,3,3,1,1,2.446343276524937,Columbia
3047,11,6,6,1,1,2.446343276524937,Suwannee
801,11,5,5,1,1,2.446343276524937,Hamilton
997,11,7,7,1,1,2.446343276524937,Hamilton
1350,11,3,3,1,1,2.446343276524937,Hamilton
2513,11,4,4,1,1,2.446343276524937,Baker
529,11,8,6,2,1,2.446343276524937,Hamilton
2560,11,5,4,2,1,2.446343276524937,Baker
2617,11,6,6,1,1,2.446343276524937,Columbia
4223,11,4,4,1,1,2.446343276524937,Union
5380,11,5,5,1,1,2.446343276524937,Union
5362,11,4,4,1,1,2.446343276524937,Union
5107,11,7,7,1,1,2.446343276524937,Columbia
5109,11,8,8,1,1,2.446343276524937,Union
1328,11,7,7,1,1,2.446343276524937,Columbia
4277,11,6,6,2,1,2.446343276524937,Columbia
4281,11,6,6,1,1,2.446343276524937,Union
4282,11,4,4,1,1,2.446343276524937,Union
3238,11,4,4,1,1,2.446343276524937,Columbia
2001,11,6,6,1,1,2.446343276524937,Baker
2787,11,5,5,1,1,2.446343276524937,Baker
2775,11,7,7,1,1,2.446343276524937,Baker
1535,11,7,7,1,1,2.446343276524937,Hamilton
2800,11,7,7,1,1,2.446343276524937,Baker
4963,11,8,8,1,1,2.446343276524937,Union
4671,11,7,7,1,1,2.446343276524937,Columbia
3763,11,4,4,1,1,2.446343276524937,Baker
5424,11,5,5,1,1,2.446343276524937,Union
1956,11,3,3,1,1,2.446343276524937,Columbia
1937,11,6,6,1,1,2.446343276524937,Hamilton
3906,11,7,7,1,1,2.446343276524937,Columbia
3897,11,5,5,1,1,2.446343276524937,Suwannee
1612,11,5,5,1,1,2.446343276524937,Suwannee
750,11,5,5,1,1,2.446343276524937,Baker
3980,11,7,7,1,1,2.446343276524937,Columbia
310,11,8,8,1,1,2.446343276524937,Hamilton
4793,11,6,6,1,1,2.446343276524937,Union
2965,11,8,8,1,1,2.446343276524937,Baker
2862,11,4,4,1,1,2.446343276524937,Columbia
2986,11,4,4,1,1,2.446343276524937,Baker
1764,11,5,5,1,1,2.446343276524937,Hamilton
5510,11,5,5,1,1,2.446343276524937,Union
5595,11,7,6,2,1,2.446343276524937,Union
254,11,5,5,1,1,2.446343276524937,Hamilton
1621,11,5,5,1,1,2.446343276524937,Columbia
4762,11,3,3,1,1,2.446343276524937,Union
1852,11,4,4,1,1,2.446343276524937,Baker
699,11,6,4,2,1,2.446343276524937,Columbia
2255,11,8,6,2,1,2.446343276524937,Hamilton
2274,11,7,7,1,1,2.446343276524937,Suwannee
3608,11,5,5,1,1,2.446343276524937,Baker
2457,11,8,8,1,1,2.446343276524937,Baker
400,11,4,4,1,1,2.446343276524937,Hamilton
5797,11,6,6,1,1,2.446343276524937,Columbia
4466,11,6,6,1,1,2.446343276524937,Union
3601,11,4,3,2,1,2.446343276524937,Baker
3501,11,7,7,1,1,2.446343276524937,Columbia
1056,11,6,6,1,1,2.446343276524937,Hamilton
1225,11,4,4,1,1,2.446343276524937,Hamilton
3500,11,6,6,1,1,2.446343276524937,Baker
3547,11,6,6,1,1,2.446343276524937,Columbia
1211,11,7,6,2,1,2.446343276524937,Hamilton
5994,11,8,7,2,1,2.446343276524937,Union
6000,11,7,7,1,1,2.446343276524937,Columbia
5995,11,3,3,1,1,2.446343276524937,Union
3480,11,3,3,1,1,2.446343276524937,Columbia
3688,10,3,3,1,1,2.223948433204488,Suwannee
4863,10,4,4,1,1,2.223948433204488,Columbia
1675,10,6,6,1,1,2.223948433204488,Hamilton
1734,10,5,5,1,1,2.223948433204488,Baker
687,10,4,4,1,1,2.223948433204488,Baker
4836,10,5,5,1,1,2.223948433204488,Union
1811,10,6,6,1,1,2.223948433204488,Columbia
1732,10,6,6,1,1,2.223948433204488,Hamilton
4747,10,6,6,1,1,2.223948433204488,Columbia
3716,10,8,8,2,1,2.223948433204488,Baker
2743,10,5,5,1,1,2.223948433204488,Suwannee
1042,10,7,6,2,1,2.223948433204488,Hamilton
2817,10,8,8,1,1,2.223948433204488,Columbia
742,10,3,3,1,1,2.223948433204488,Hamilton
4751,10,3,3,1,1,2.223948433204488,Suwannee
735,10,7,7,1,1,2.223948433204488,Baker
3316,10,6,6,1,1,2.223948433204488,Baker
3254,10,5,5,1,1,2.223948433204488,Columbia
4687,10,5,5,1,1,2.223948433204488,Union
2005,10,7,6,2,1,2.223948433204488,Hamilton
2023,10,3,3,1,1,2.223948433204488,Columbia
4669,10,4,4,1,1,2.223948433204488,Union
2018,10,4,4,1,1,2.223948433204488,Hamilton
1567,10,5,5,1,1,2.223948433204488,Columbia
1518,10,5,5,1,1,2.223948433204488,Columbia
1578,10,4,4,1,1,2.223948433204488,Columbia
827,10,7,7,1,1,2.223948433204488,Baker
3197,10,9,9,1,1,2.223948433204488,Suwannee
4611,10,6,6,1,1,2.223948433204488,Columbia
2008,10,7,5,2,1,2.223948433204488,Baker
1230,10,9,9,1,1,2.223948433204488,Hamilton
3301,10,5,5,1,1,2.223948433204488,Columbia
821,10,4,4,1,1,2.223948433204488,Hamilton
3727,10,4,4,1,1,2.223948433204488,Baker
2614,10,5,5,1,1,2.223948433204488,Baker
1202,10,6,6,1,1,2.223948433204488,Columbia
1622,10,5,5,1,1,2.223948433204488,Hamilton
811,10,6,6,2,1,2.223948433204488,Baker
1841,10,6,6,1,1,2.223948433204488,Hamilton
4756,10,4,4,1,1,2.223948433204488,Union
4933,10,3,3,1,1,2.223948433204488,Union
1912,10,2,2,1,1,2.223948433204488,Baker
1694,10,5,5,1,1,2.223948433204488,Columbia
5175,10,9,9,1,1,2.223948433204488,Columbia
1098,10,4,4,1,1,2.223948433204488,Baker
1203,10,3,3,1,1,2.223948433204488,Baker
1526,10,3,3,1,1,2.223948433204488,Hamilton
1234,10,4,4,1,1,2.223948433204488,Baker
293,10,6,6,1,1,2.223948433204488,Hamilton
1247,10,5,5,1,1,2.223948433204488,Hamilton
1273,10,4,4,1,1,2.223948433204488,Columbia
2966,10,5,5,1,1,2.223948433204488,Suwannee
1268,10,5,5,1,1,2.223948433204488,Hamilton
3879,10,8,8,1,1,2.223948433204488,Columbia
4408,10,3,3,1,1,2.223948433204488,Union
5877,10,4,4,1,1,2.223948433204488,Union
5880,10,7,5,1,2,2.223948433204488,Columbia;Union
5883,10,2,2,1,1,2.223948433204488,Union
1411,10,3,3,1,1,2.223948433204488,Baker
5370,10,2,2,1,1,2.223948433204488,Union
3488,10,7,7,1,1,2.223948433204488,Columbia
1400,10,5,5,1,1,2.223948433204488,Hamilton
3080,10,8,7,2,1,2.223948433204488,Columbia
473,10,6,6,1,1,2.223948433204488,Hamilton
4399,10,3,3,1,1,2.223948433204488,Union
3556,10,5,5,1,1,2.223948433204488,Baker
4056,10,7,5,2,1,2.223948433204488,Columbia
6062,10,5,5,1,1,2.223948433204488,Columbia
4052,10,2,2,1,1,2.223948433204488,Union
3522,10,4,4,1,1,2.223948433204488,Baker
5285,10,4,4,1,1,2.223948433204488,Union
3580,10,3,3,1,1,2.223948433204488,Baker
24,10,3,3,1,1,2.223948433204488,Baker
25,10,5,5,1,1,2.223948433204488,Baker
104,10,3,3,1,1,2.223948433204488,Baker
6012,10,3,2,2,1,2.223948433204488,Union
3535,10,7,7,1,1,2.223948433204488,Suwannee
3898,10,3,3,1,1,2.223948433204488,Baker
3559,10,4,3,2,1,2.223948433204488,Suwannee
3094,10,4,4,1,1,2.223948433204488,Columbia
865,10,5,5,1,1,2.223948433204488,Columbia
3134,10,6,6,2,1,2.223948433204488,Suwannee
5033,10,5,5,1,1,2.223948433204488,Union
2194,10,2,2,1,1,2.223948433204488,Columbia
3171,10,5,5,1,1,2.223948433204488,Columbia
3177,10,1,1,1,1,2.223948433204488,Baker
1342,10,7,7,1,1,2.223948433204488,Columbia
403,10,6,6,1,1,2.223948433204488,Hamilton
4302,10,7,7,1,1,2.223948433204488,Suwannee
1298,10,5,4,2,1,2.223948433204488,Hamilton
4504,10,6,6,1,1,2.223948433204488,Suwannee
2224,10,5,3,1,2,2.223948433204488,Hamilton;Suwannee
3461,10,4,3,2,1,2.223948433204488,Columbia
3629,10,2,2,1,1,2.223948433204488,Columbia
566,10,6,6,1,1,2.223948433204488,Hamilton
3647,10,4,4,1,1,2.223948433204488,Columbia
3649,10,5,5,1,1,2.223948433204488,Baker
2134,10,6,6,1,1,2.223948433204488,Columbia
4274,10,5,5,1,1,2.223948433204488,Union
231,10,7,7,1,1,2.223948433204488,Hamilton
5335,10,3,3,1,1,2.223948433204488,Columbia
3001,10,5,5,2,1,2.223948433204488,Columbia
4577,10,4,4,1,1,2.223948433204488,Columbia
2139,10,4,4,1,1,2.223948433204488,Columbia
2094,10,7,5,2,1,2.223948433204488,Hamilton
1488,10,4,4,1,1,2.223948433204488,Baker
5684,10,7,7,2,1,2.223948433204488,Union
4236,10,3,3,1,1,2.223948433204488,Columbia
3148,10,6,6,1,1,2.223948433204488,Suwannee
4243,10,5,5,1,1,2.223948433204488,Columbia
2303,10,7,7,1,1,2.223948433204488,Suwannee
2327,10,4,4,1,1,2.223948433204488,Suwannee
5717,10,4,4,2,1,2.223948433204488,Union
260,10,6,6,1,1,2.223948433204488,Hamilton
3525,9,7,7,1,1,2.001553589884039,Suwannee
5630,9,6,6,1,1,2.001553589884039,Union
2010,9,6,5,2,1,2.001553589884039,Hamilton
2053,9,5,5,1,1,2.001553589884039,Suwannee
3957,9,4,4,1,1,2.001553589884039,Columbia
1287,9,4,4,1,1,2.001553589884039,Columbia
4595,9,4,4,1,1,2.001553589884039,Union
3201,9,1,1,1,1,2.001553589884039,Baker
5640,9,4,4,1,1,2.001553589884039,Union
4688,9,6,6,1,1,2.001553589884039,Columbia
4212,9,5,5,1,1,2.001553589884039,Columbia
703,9,5,5,1,1,2.001553589884039,Baker
5944,9,3,3,1,1,2.001553589884039,Union
4938,9,3,3,1,1,2.001553589884039,Union
4918,9,5,5,1,1,2.001553589884039,Columbia
5218,9,3,3,1,1,2.001553589884039,Union
5297,9,2,2,1,1,2.001553589884039,Columbia
1206,9,6,6,1,1,2.001553589884039,Columbia
4132,9,5,5,2,1,2.001553589884039,Suwannee
1623,9,4,4,1,1,2.001553589884039,Hamilton
1580,9,8,8,1,1,2.001553589884039,Columbia
3433,9,1,1,1,1,2.001553589884039,Columbia
145,9,4,4,1,1,2.001553589884039,Hamilton
1950,9,4,4,1,1,2.001553589884039,Hamilton
662,9,6,6,1,1,2.001553589884039,Columbia
5854,9,7,7,1,1,2.001553589884039,Union
5849,9,6,6,1,1,2.001553589884039,Union
1086,9,3,3,1,1,2.001553589884039,Hamilton
5829,9,5,5,1,1,2.001553589884039,Union
304,9,4,3,1,2,2.001553589884039,Baker;Columbia
313,9,7,7,1,1,2.001553589884039,Hamilton
1730,9,5,5,1,1,2.001553589884039,Hamilton
3339,9,4,4,1,1,2.001553589884039,Columbia
3350,9,6,6,1,1,2.001553589884039,Columbia
1681,9,2,2,1,1,2.001553589884039,Columbia
3341,9,6,6,1,1,2.001553589884039,Columbia
1834,9,7,7,1,1,2.001553589884039,Baker
4010,9,6,6,1,1,2.001553589884039,Columbia
4008,9,4,4,1,1,2.001553589884039,Columbia
683,9,4,4,1,1,2.001553589884039,Hamilton
2916,9,3,3,1,1,2.001553589884039,Baker
4114,9,6,6,1,1,2.001553589884039,Columbia
2819,9,3,3,1,1,2.001553589884039,Baker
2815,9,5,5,1,1,2.001553589884039,Baker
4784,9,6,6,1,1,2.001553589884039,Union
3304,9,3,3,1,1,2.001553589884039,Baker
3671,9,7,7,1,1,2.001553589884039,Columbia
1192,9,6,6,1,1,2.001553589884039,Baker
4028,9,6,6,2,1,2.001553589884039,Columbia
5220,9,5,5,1,1,2.001553589884039,Union
1791,9,3,3,1,1,2.001553589884039,Columbia
4897,9,4,4,1,1,2.001553589884039,Union
1859,9,8,5,2,1,2.001553589884039,Columbia
1668,9,6,6,1,1,2.001553589884039,Suwannee
1611,9,4,4,1,1,2.001553589884039,Columbia
4195,9,6,6,1,1,2.001553589884039,Suwannee
3285,9,4,4,1,1,2.001553589884039,Columbia
5422,9,4,4,1,1,2.001553589884039,Union
3619,9,4,4,1,1,2.001553589884039,Columbia
2607,9,4,4,1,1,2.001553589884039,Suwannee
410,9,5,5,1,1,2.001553589884039,Hamilton
3896,9,5,5,1,1,2.001553589884039,Union
979,9,7,7,1,1,2.001553589884039,Hamilton
2488,9,7,7,1,1,2.001553589884039,Suwannee
996,9,9,9,1,1,2.001553589884039,Baker
537,9,4,4,1,1,2.001553589884039,Hamilton
962,9,7,6,2,1,2.001553589884039,Hamilton
1293,9,7,7,1,1,2.001553589884039,Hamilton
1452,9,5,5,1,1,2.001553589884039,Columbia
3176,9,5,5,1,1,2.001553589884039,Columbia
3170,9,3,3,1,1,2.001553589884039,Baker
2176,9,5,5,1,1,2.001553589884039,Hamilton
5017,9,7,7,1,1,2.001553589884039,Columbia
2238,9,2,2,1,1,2.001553589884039,Suwannee
2200,9,4,4,1,1,2.001553589884039,Baker
2261,9,4,3,2,1,2.001553589884039,Hamilton
5681,9,4,4,1,1,2.001553589884039,Union
223,9,7,7,1,1,2.001553589884039,Baker
4990,9,5,5,1,1,2.001553589884039,Union
5436,9,3,3,1,1,2.001553589884039,Union
222,9,2,2,1,1,2.001553589884039,Baker
3472,9,2,2,1,1,2.001553589884039,Baker
5773,9,6,6,1,1,2.001553589884039,Union
277,9,3,3,1,1,2.001553589884039,Columbia
2512,9,4,4,1,1,2.001553589884039,Baker
3044,9,4,4,1,1,2.001553589884039,Baker
269,9,4,4,1,1,2.001553589884039,Hamilton
1028,9,6,6,1,1,2.001553589884039,Hamilton
5142,9,2,2,1,1,2.001553589884039,Union
2602,9,7,7,1,1,2.001553589884039,Columbia
4285,9,8,6,2,1,2.001553589884039,Columbia
5911,9,6,4,2,1,2.001553589884039,Union
3943,9,6,6,1,1,2.001553589884039,Suwannee
433,9,6,6,1,1,2.001553589884039,Hamilton
1390,9,6,6,1,1,2.001553589884039,Columbia
3107,9,6,6,1,1,2.001553589884039,Suwannee
4451,9,5,5,1,1,2.001553589884039,Columbia
3441,9,3,3,1,1,2.001553589884039,Columbia
2324,9,5,5,1,1,2.001553589884039,Suwannee
3118,9,7,7,1,1,2.001553589884039,Columbia
847,9,8,7,2,1,2.001553589884039,Hamilton
854,9,6,6,1,1,2.001553589884039,Columbia
3090,9,2,2,1,1,2.001553589884039,Columbia
5395,9,5,5,1,1,2.001553589884039,Union
5392,9,3,3,1,1,2.001553589884039,Union
5049,9,3,3,1,1,2.001553589884039,Union
3504,9,4,4,1,1,2.001553589884039,Baker
3914,9,7,7,1,1,2.001553589884039,Columbia
1713,9,6,6,1,1,2.001553589884039,Columbia
5268,9,4,4,1,1,2.001553589884039,Union
3592,9,5,5,1,1,2.001553589884039,Baker
4845,9,3,3,1,1,2.001553589884039,Union
3584,9,3,3,1,1,2.001553589884039,Baker
10,9,3,3,1,1,2.001553589884039,Baker
3553,9,5,5,1,1,2.001553589884039,Suwannee
3560,9,3,3,1,1,2.001553589884039,Baker
2885,9,3,3,1,1,2.001553589884039,Baker
4073,9,4,4,1,1,2.001553589884039,Columbia
1154,9,6,6,1,1,2.001553589884039,Baker
4055,9,7,7,1,1,2.001553589884039,Baker
2873,9,9,9,1,1,2.001553589884039,Suwannee
6063,9,3,3,1,1,2.001553589884039,Columbia
14,9,7,5,2,1,2.001553589884039,Baker
359,9,7,7,1,1,2.001553589884039,Hamilton
6043,8,6,6,1,1,1.7791587465635903,Columbia
41,8,3,3,1,1,1.7791587465635903,Baker
4865,8,3,3,1,1,1.7791587465635903,Union
1721,8,3,3,1,1,1.7791587465635903,Hamilton
362,8,5,5,1,1,1.7791587465635903,Hamilton
1689,8,3,3,1,1,1.7791587465635903,Columbia
2874,8,5,5,1,1,1.7791587465635903,Baker
1676,8,3,3,1,1,1.7791587465635903,Columbia
3279,8,4,4,1,1,1.7791587465635903,Columbia
3320,8,3,3,1,1,1.7791587465635903,Columbia
115,8,5,5,1,1,1.7791587465635903,Baker
110,8,2,2,1,1,1.7791587465635903,Baker
2711,8,4,4,1,1,1.7791587465635903,Suwannee
2713,8,4,4,1,1,1.7791587465635903,Baker
1887,8,2,2,1,1,1.7791587465635903,Hamilton
2926,8,3,3,1,1,1.7791587465635903,Baker
2714,8,3,3,1,1,1.7791587465635903,Baker
2755,8,7,4,2,1,1.7791587465635903,Baker
386,8,6,6,1,1,1.7791587465635903,Hamilton
370,8,6,6,1,1,1.7791587465635903,Hamilton
2788,8,6,6,1,1,1.7791587465635903,Baker
2932,8,4,4,1,1,1.7791587465635903,Baker
5069,8,6,6,1,1,1.7791587465635903,Union
3467,8,6,6,2,1,1.7791587465635903,Columbia
3437,8,4,4,1,1,1.7791587465635903,Columbia
2400,8,4,4,1,1,1.7791587465635903,Columbia
208,8,4,3,2,1,1.7791587465635903,Hamilton
2403,8,5,4,2,1,1.7791587465635903,Hamilton
4404,8,2,2,1,1,1.7791587465635903,Union
1323,8,7,7,1,1,1.7791587465635903,Columbia
5128,8,5,5,1,1,1.7791587465635903,Suwannee
4366,8,2,2,1,1,1.7791587465635903,Union
4367,8,4,4,1,1,1.7791587465635903,Suwannee
98,8,2,2,1,1,1.7791587465635903,Hamilton
1383,8,5,5,1,1,1.7791587465635903,Columbia
718,8,6,6,1,1,1.7791587465635903,Hamilton
4152,8,6,6,1,1,1.7791587465635903,Suwannee
5936,8,5,5,1,1,1.7791587465635903,Union
1919,8,6,6,1,1,1.7791587465635903,Hamilton
5940,8,5,5,1,1,1.7791587465635903,Union
1869,8,6,6,1,1,1.7791587465635903,Hamilton
4727,8,2,2,1,1,1.7791587465635903,Union
5957,8,5,5,1,1,1.7791587465635903,Union
3729,8,3,3,1,1,1.7791587465635903,Suwannee
2524,8,5,5,1,1,1.7791587465635903,Suwannee
4338,8,4,4,1,1,1.7791587465635903,Union
2505,8,4,4,1,1,1.7791587465635903,Columbia
2496,8,2,2,1,1,1.7791587465635903,Columbia
474,8,4,4,1,1,1.7791587465635903,Hamilton
3145,8,5,5,1,1,1.7791587465635903,Baker
858,8,4,4,1,1,1.7791587465635903,Columbia
3124,8,4,4,1,1,1.7791587465635903,Suwannee
4445,8,4,4,1,1,1.7791587465635903,Union
4723,8,7,7,1,1,1.7791587465635903,Columbia
3724,8,4,4,1,1,1.7791587465635903,Baker
2671,8,5,5,1,1,1.7791587465635903,Baker
2622,8,5,5,1,1,1.7791587465635903,Baker
4705,8,7,7,1,1,1.7791587465635903,Union
1978,8,6,5,2,1,1.7791587465635903,Hamilton
1006,8,6,6,1,1,1.7791587465635903,Hamilton
1057,8,4,4,1,1,1.7791587465635903,Hamilton
1046,8,4,4,1,1,1.7791587465635903,Hamilton
1049,8,5,3,2,1,1.7791587465635903,Columbia
5190,8,3,3,1,1,1.7791587465635903,Union
2669,8,7,7,1,1,1.7791587465635903,Columbia
345,8,6,6,1,1,1.7791587465635903,Hamilton
3969,8,4,4,1,1,1.7791587465635903,Columbia
977,8,6,6,1,1,1.7791587465635903,Columbia
3751,8,5,5,1,1,1.7791587465635903,Columbia
2716,8,3,3,1,1,1.7791587465635903,Columbia
2722,8,5,5,1,1,1.7791587465635903,Baker
3434,8,6,5,2,1,1.7791587465635903,Columbia
1599,8,5,5,1,1,1.7791587465635903,Columbia
5454,8,4,3,2,1,1.7791587465635903,Union
5455,8,5,5,1,2,1.7791587465635903,Columbia;Union
5631,8,5,5,1,1,1.7791587465635903,Union
5632,8,5,5,1,1,1.7791587465635903,Union
3387,8,3,3,1,1,1.7791587465635903,Columbia
3214,8,6,4,2,1,1.7791587465635903,Columbia
1999,8,4,4,1,1,1.7791587465635903,Hamilton
2031,8,4,3,2,1,1.7791587465635903,Suwannee
849,8,3,3,1,1,1.7791587465635903,Columbia
5010,8,4,4,1,1,1.7791587465635903,Union
2220,8,3,3,1,1,1.7791587465635903,Columbia
2158,8,3,3,1,1,1.7791587465635903,Suwannee
2281,8,5,5,1,1,1.7791587465635903,Hamilton
5022,8,4,4,1,1,1.7791587465635903,Union
1304,8,5,5,1,1,1.7791587465635903,Columbia
987,8,3,3,1,1,1.7791587465635903,Hamilton
1345,8,5,5,1,1,1.7791587465635903,Hamilton
5703,8,5,5,1,1,1.7791587465635903,Union
5724,8,2,2,1,1,1.7791587465635903,Union
4326,8,2,2,1,1,1.7791587465635903,Union
954,8,6,4,2,1,1.7791587465635903,Columbia
907,8,4,4,1,1,1.7791587465635903,Baker
5386,8,3,3,1,1,1.7791587465635903,Union
988,8,4,4,1,1,1.7791587465635903,Hamilton
842,8,3,3,1,1,1.7791587465635903,Hamilton
5459,8,7,7,1,1,1.7791587465635903,Union
1557,8,4,4,1,1,1.7791587465635903,Suwannee
2069,8,2,2,1,1,1.7791587465635903,Baker
3182,8,5,5,2,1,1.7791587465635903,Columbia
3805,8,5,5,1,1,1.7791587465635903,Baker
5655,8,6,5,1,2,1.7791587465635903,Columbia;Union
5966,8,6,6,2,1,1.7791587465635903,Union
3471,8,5,4,2,1,1.7791587465635903,Columbia
3596,8,8,8,1,1,1.7791587465635903,Columbia
3602,8,3,3,1,1,1.7791587465635903,Columbia
1257,8,6,6,1,1,1.7791587465635903,Columbia
3007,8,4,4,2,1,1.7791587465635903,Suwannee
4260,8,4,4,1,1,1.7791587465635903,Suwannee
3919,8,2,2,1,1,1.7791587465635903,Baker
3474,8,3,3,1,1,1.7791587465635903,Baker
2584,8,3,3,1,1,1.7791587465635903,Suwannee
5160,8,3,3,1,1,1.7791587465635903,Union
5334,8,3,3,1,1,1.7791587465635903,Union
5916,8,7,7,1,1,1.7791587465635903,Union
5907,8,5,5,1,1,1.7791587465635903,Columbia
3838,8,2,2,1,1,1.7791587465635903,Baker
1492,8,6,6,1,1,1.7791587465635903,Baker
3466,8,5,5,1,1,1.7791587465635903,Baker
4550,8,3,3,1,1,1.7791587465635903,Union
2157,8,3,2,2,1,1.7791587465635903,Baker
2208,8,3,3,1,1,1.7791587465635903,Suwannee
878,8,4,4,1,1,1.7791587465635903,Hamilton
3150,8,5,5,1,1,1.7791587465635903,Suwannee
3811,8,6,6,2,1,1.7791587465635903,Suwannee
3799,8,4,3,2,1,1.7791587465635903,Baker
2114,8,2,2,1,1,1.7791587465635903,Baker
5698,8,7,7,2,1,1.7791587465635903,Union
1539,8,6,6,1,1,1.7791587465635903,Columbia
1544,8,2,2,1,1,1.7791587465635903,Columbia
903,8,8,8,2,1,1.7791587465635903,Hamilton
3019,8,5,5,2,1,1.7791587465635903,Columbia
4571,8,4,4,1,1,1.7791587465635903,Columbia
2124,8,6,6,1,1,1.7791587465635903,Hamilton
5787,8,2,2,1,1,1.7791587465635903,Union
5793,8,4,4,1,1,1.7791587465635903,Union
4103,8,1,1,1,1,1.7791587465635903,Suwannee
4810,8,2,2,1,1,1.7791587465635903,Union
4829,8,5,5,1,1,1.7791587465635903,Union
685,8,2,2,1,1,1.7791587465635903,Columbia
1109,8,6,5,2,1,1.7791587465635903,Baker
1036,8,4,4,1,1,1.7791587465635903,Hamilton
2805,8,4,4,2,1,1.7791587465635903,Suwannee
2798,8,5,5,1,1,1.7791587465635903,Columbia
169,8,6,6,1,1,1.7791587465635903,Hamilton
5568,8,5,5,2,1,1.7791587465635903,Union
1774,8,1,1,1,1,1.7791587465635903,Columbia
3062,8,5,5,1,1,1.7791587465635903,Columbia
3053,8,3,3,1,1,1.7791587465635903,Columbia
2419,8,3,3,1,1,1.7791587465635903,Suwannee
6003,8,3,3,1,1,1.7791587465635903,Union
6004,8,4,4,1,1,1.7791587465635903,Columbia
72,8,5,5,1,1,1.7791587465635903,Baker
6089,8,5,5,1,1,1.7791587465635903,Columbia
5289,8,5,5,1,1,1.7791587465635903,Union
5269,8,5,5,1,1,1.7791587465635903,Union
3583,8,3,3,1,1,1.7791587465635903,Columbia
5258,8,6,6,1,1,1.7791587465635903,Union
3513,8,3,3,1,1,1.7791587465635903,Columbia
3507,8,5,5,1,1,1.7791587465635903,Columbia
5244,7,3,3,1,1,1.5567639032431415,Union
5245,7,3,3,1,1,1.5567639032431415,Union
5247,7,6,6,1,1,1.5567639032431415,Union
5235,7,2,2,1,1,1.5567639032431415,Union
3499,7,2,2,1,1,1.5567639032431415,Baker
3509,7,3,3,1,1,1.5567639032431415,Columbia
4869,7,2,2,1,1,1.5567639032431415,Union
33,7,2,2,1,1,1.5567639032431415,Baker
6006,7,2,2,1,1,1.5567639032431415,Union
6008,7,6,6,1,1,1.5567639032431415,Union
3575,7,3,3,1,1,1.5567639032431415,Columbia
3506,7,4,4,1,1,1.5567639032431415,Columbia
6015,7,3,3,1,1,1.5567639032431415,Union
6041,7,2,2,1,1,1.5567639032431415,Columbia
6054,7,4,4,1,1,1.5567639032431415,Columbia
6058,7,3,3,1,1,1.5567639032431415,Columbia
3074,7,3,3,2,1,1.5567639032431415,Columbia
479,7,3,3,1,1,1.5567639032431415,Hamilton
480,7,2,2,1,1,1.5567639032431415,Hamilton
1661,7,5,5,1,1,1.5567639032431415,Hamilton
157,7,5,5,1,1,1.5567639032431415,Columbia
5557,7,6,6,1,1,1.5567639032431415,Union
1794,7,4,4,1,1,1.5567639032431415,Columbia
733,7,4,4,1,1,1.5567639032431415,Hamilton
5819,7,6,6,1,1,1.5567639032431415,Union
2834,7,4,4,1,1,1.5567639032431415,Baker
4067,7,4,4,1,1,1.5567639032431415,Suwannee
5817,7,4,4,1,1,1.5567639032431415,Union
5818,7,7,6,2,1,1.5567639032431415,Union
1170,7,3,3,1,1,1.5567639032431415,Columbia
1179,7,4,4,1,1,1.5567639032431415,Hamilton
5313,7,5,5,1,1,1.5567639032431415,Union
1165,7,4,4,1,1,1.5567639032431415,Baker
4017,7,4,3,1,2,1.5567639032431415,Baker;Union
4002,7,4,4,1,1,1.5567639032431415,Suwannee
4100,7,4,4,1,1,1.5567639032431415,Suwannee
2812,7,5,5,1,1,1.5567639032431415,Suwannee
1808,7,4,4,1,1,1.5567639032431415,Hamilton
732,7,3,3,1,1,1.5567639032431415,Hamilton
3710,7,4,4,1,1,1.5567639032431415,Baker
442,7,4,4,1,1,1.5567639032431415,Hamilton
5780,7,6,6,1,1,1.5567639032431415,Union
449,7,3,3,1,1,1.5567639032431415,Hamilton
2561,7,5,4,2,1,1.5567639032431415,Suwannee
2526,7,4,4,1,1,1.5567639032431415,Columbia
290,7,4,4,1,1,1.5567639032431415,Hamilton
2992,7,3,3,1,1,1.5567639032431415,Suwannee
4320,7,7,7,1,1,1.5567639032431415,Suwannee
558,7,6,6,1,1,1.5567639032431415,Hamilton
2180,7,7,7,1,1,1.5567639032431415,Hamilton
2186,7,5,5,1,1,1.5567639032431415,Suwannee
212,7,3,3,2,1,1.5567639032431415,Baker
1485,7,3,3,1,1,1.5567639032431415,Hamilton
5438,7,6,6,1,1,1.5567639032431415,Union
877,7,5,5,1,1,1.5567639032431415,Baker
882,7,6,6,1,1,1.5567639032431415,Hamilton
3815,7,4,4,1,1,1.5567639032431415,Suwannee
416,7,4,4,1,1,1.5567639032431415,Hamilton
2178,7,4,4,1,1,1.5567639032431415,Suwannee
2156,7,4,4,1,1,1.5567639032431415,Baker
4523,7,4,4,1,1,1.5567639032431415,Union
4548,7,2,2,1,1,1.5567639032431415,Union
3833,7,5,4,2,1,1.5567639032431415,Baker
3168,7,5,5,1,1,1.5567639032431415,Baker
3405,7,3,3,1,1,1.5567639032431415,Columbia
3406,7,3,3,1,1,1.5567639032431415,Columbia
3409,7,2,2,1,1,1.5567639032431415,Columbia
3651,7,5,5,1,1,1.5567639032431415,Columbia
3654,7,2,2,1,1,1.5567639032431415,Columbia
3658,7,3,3,1,1,1.5567639032431415,Columbia
220,7,2,2,1,1,1.5567639032431415,Baker
565,7,6,6,1,1,1.5567639032431415,Hamilton
2579,7,5,5,1,1,1.5567639032431415,Suwannee
2583,7,5,5,1,1,1.5567639032431415,Baker
4268,7,4,4,1,1,1.5567639032431415,Union
138,7,2,2,1,1,1.5567639032431415,Baker
3469,7,3,3,1,1,1.5567639032431415,Columbia
5138,7,4,4,1,1,1.5567639032431415,Columbia
1310,7,4,4,1,1,1.5567639032431415,Columbia
5776,7,4,3,2,1,1.5567639032431415,Union
4266,7,5,5,1,1,1.5567639032431415,Columbia
4255,7,5,5,1,1,1.5567639032431415,Suwannee
3944,7,2,2,1,1,1.5567639032431415,Baker
3921,7,6,6,1,1,1.5567639032431415,Columbia
3611,7,2,2,1,1,1.5567639032431415,Baker
3607,7,4,4,1,1,1.5567639032431415,Columbia
3927,7,6,6,1,1,1.5567639032431415,Suwannee
291,7,5,5,2,1,1.5567639032431415,Baker
4608,7,5,5,1,1,1.5567639032431415,Union
5646,7,5,5,1,1,1.5567639032431415,Union
611,7,3,3,1,1,1.5567639032431415,Baker
616,7,4,4,1,1,1.5567639032431415,Hamilton
4966,7,5,5,1,1,1.5567639032431415,Union
4649,7,4,4,1,1,1.5567639032431415,Columbia
4613,7,2,2,1,1,1.5567639032431415,Union
2487,7,6,6,1,1,1.5567639032431415,Baker
2478,7,3,3,1,1,1.5567639032431415,Columbia
2481,7,2,2,1,1,1.5567639032431415,Columbia
1301,7,4,4,1,1,1.5567639032431415,Hamilton
1335,7,3,3,1,1,1.5567639032431415,Columbia
464,7,4,4,1,1,1.5567639032431415,Hamilton
5728,7,4,4,1,1,1.5567639032431415,Union
2280,7,5,5,1,1,1.5567639032431415,Hamilton
5691,7,6,6,1,1,1.5567639032431415,Union
2223,7,4,4,1,1,1.5567639032431415,Hamilton
2253,7,4,4,1,1,1.5567639032431415,Suwannee
3445,7,4,4,1,1,1.5567639032431415,Columbia
2232,7,4,4,1,1,1.5567639032431415,Suwannee
494,7,3,3,1,1,1.5567639032431415,Hamilton
497,7,5,5,1,1,1.5567639032431415,Hamilton
546,7,4,4,1,1,1.5567639032431415,Columbia
641,7,5,5,1,1,1.5567639032431415,Columbia
628,7,5,5,1,1,1.5567639032431415,Baker
1998,7,4,4,1,1,1.5567639032431415,Suwannee
2027,7,4,4,1,1,1.5567639032431415,Columbia
2032,7,4,4,1,1,1.5567639032431415,Hamilton
2015,7,3,3,1,1,1.5567639032431415,Columbia
4659,7,3,3,1,1,1.5567639032431415,Columbia
647,7,4,4,1,1,1.5567639032431415,Baker
3374,7,4,4,1,1,1.5567639032431415,Suwannee
3390,7,5,5,1,1,1.5567639032431415,Columbia
3380,7,4,4,1,1,1.5567639032431415,Baker
4956,7,5,5,1,1,1.5567639032431415,Union
4950,7,2,2,1,1,1.5567639032431415,Columbia
3249,7,3,3,1,1,1.5567639032431415,Columbia
3274,7,3,3,1,1,1.5567639032431415,Columbia
3251,7,3,3,1,1,1.5567639032431415,Suwannee
3255,7,4,4,1,1,1.5567639032431415,Columbia
4166,7,2,2,1,1,1.5567639032431415,Union
344,7,5,4,2,1,1.5567639032431415,Hamilton
3950,7,5,5,1,1,1.5567639032431415,Suwannee
2682,7,4,4,1,1,1.5567639032431415,Columbia
1271,7,1,1,1,1,1.5567639032431415,Baker
1023,7,5,5,1,1,1.5567639032431415,Hamilton
976,7,3,3,1,1,1.5567639032431415,Hamilton
1008,7,5,5,1,1,1.5567639032431415,Hamilton
4175,7,5,5,1,1,1.5567639032431415,Suwannee
2635,7,2,2,1,1,1.5567639032431415,Baker
2639,7,5,5,1,1,1.5567639032431415,Baker
1994,7,3,3,1,1,1.5567639032431415,Columbia
1980,7,3,3,1,1,1.5567639032431415,Hamilton
1982,7,5,5,1,1,1.5567639032431415,Baker
1984,7,6,6,1,1,1.5567639032431415,Hamilton
1959,7,4,4,1,1,1.5567639032431415,Hamilton
666,7,5,5,2,1,1.5567639032431415,Baker
4732,7,4,4,1,1,1.5567639032431415,Columbia
4736,7,2,2,1,1,1.5567639032431415,Union
2401,7,3,3,1,1,1.5567639032431415,Baker
2384,7,4,4,1,1,1.5567639032431415,Baker
2371,7,3,3,1,1,1.5567639032431415,Suwannee
4455,7,3,3,1,1,1.5567639032431415,Columbia
4419,7,4,4,1,1,1.5567639032431415,Suwannee
5720,7,6,6,1,1,1.5567639032431415,Union
2330,7,4,4,1,1,1.5567639032431415,Suwannee
253,7,3,3,2,1,1.5567639032431415,Hamilton
1440,7,3,3,1,1,1.5567639032431415,Baker
5041,7,4,3,2,1,1.5567639032431415,Union
1448,7,4,4,1,1,1.5567639032431415,Baker
3141,7,4,4,1,1,1.5567639032431415,Baker
3847,7,6,6,2,1,1.5567639032431415,Suwannee
2307,7,4,4,1,1,1.5567639032431415,Hamilton
2308,7,2,2,1,1,1.5567639032431415,Baker
2311,7,5,5,1,1,1.5567639032431415,Suwannee
4475,7,2,2,1,1,1.5567639032431415,Union
4479,7,6,4,3,1,1.5567639032431415,Columbia
2299,7,3,3,1,1,1.5567639032431415,Columbia
406,7,4,4,1,1,1.5567639032431415,Hamilton
4352,7,3,3,1,1,1.5567639032431415,Union
4354,7,2,2,1,1,1.5567639032431415,Union
395,7,6,6,1,1,1.5567639032431415,Hamilton
4722,7,4,4,1,1,1.5567639032431415,Columbia
1583,7,4,4,1,1,1.5567639032431415,Hamilton
1628,7,4,4,1,1,1.5567639032431415,Columbia
5956,7,5,5,1,1,1.5567639032431415,Union
5949,7,7,7,2,1,1.5567639032431415,Union
3744,7,3,3,1,1,1.5567639032431415,Suwannee
187,7,4,4,1,1,1.5567639032431415,Hamilton
5952,7,4,4,1,1,1.5567639032431415,Columbia
5945,7,4,4,1,1,1.5567639032431415,Columbia
5946,7,5,5,1,1,1.5567639032431415,Union
5933,7,4,4,1,1,1.5567639032431415,Union
200,7,5,5,1,1,1.5567639032431415,Hamilton
720,7,4,4,1,1,1.5567639032431415,Baker
5505,7,5,5,1,1,1.5567639032431415,Union
754,7,3,3,1,1,1.5567639032431415,Baker
804,7,4,4,1,1,1.5567639032431415,Hamilton
800,7,4,4,1,1,1.5567639032431415,Hamilton
5478,7,6,6,2,1,1.5567639032431415,Columbia
4926,7,2,2,1,1,1.5567639032431415,Union
4744,7,4,4,1,1,1.5567639032431415,Columbia
1842,7,4,4,1,1,1.5567639032431415,Hamilton
4772,7,4,4,1,1,1.5567639032431415,Union
4776,7,3,3,1,1,1.5567639032431415,Union
2423,7,4,4,1,1,1.5567639032431415,Suwannee
3468,7,4,3,2,1,1.5567639032431415,Columbia
5993,7,4,4,1,1,1.5567639032431415,Union
5108,7,4,4,1,1,1.5567639032431415,Union
5104,7,3,3,1,1,1.5567639032431415,Union
1385,7,3,3,1,1,1.5567639032431415,Hamilton
1386,7,3,3,1,1,1.5567639032431415,Columbia
4386,7,5,5,1,1,1.5567639032431415,Union
434,7,3,3,1,1,1.5567639032431415,Hamilton
5763,7,5,5,1,1,1.5567639032431415,Union
5739,7,4,4,1,1,1.5567639032431415,Union
3110,7,7,7,1,1,1.5567639032431415,Columbia
3861,7,4,4,1,1,1.5567639032431415,Suwannee
5892,7,3,3,1,1,1.5567639032431415,Union
4415,7,4,4,1,1,1.5567639032431415,Union
5363,7,2,2,1,1,1.5567639032431415,Union
1414,7,6,6,1,1,1.5567639032431415,Hamilton
3442,7,4,4,1,1,1.5567639032431415,Columbia
4394,7,5,5,1,1,1.5567639032431415,Columbia
2791,7,6,6,1,1,1.5567639032431415,Columbia
4169,7,5,4,2,1,1.5567639032431415,Columbia
2767,7,6,6,1,1,1.5567639032431415,Columbia
5206,7,4,4,1,1,1.5567639032431415,Union
5852,7,4,4,1,1,1.5567639032431415,Union
5856,7,5,5,1,1,1.5567639032431415,Union
5836,7,2,2,1,1,1.5567639032431415,Columbia
3974,7,5,5,1,1,1.5567639032431415,Suwannee
371,7,5,5,1,1,1.5567639032431415,Hamilton
2723,7,2,2,1,1,1.5567639032431415,Suwannee
2732,7,6,6,1,1,1.5567639032431415,Columbia
1888,7,4,4,1,1,1.5567639032431415,Columbia
173,7,5,4,2,1,1.5567639032431415,Baker
3302,7,3,3,1,1,1.5567639032431415,Columbia
3332,7,5,5,1,1,1.5567639032431415,Baker
3335,7,3,3,1,1,1.5567639032431415,Columbia
4786,7,4,4,1,1,1.5567639032431415,Union
3674,7,4,4,1,1,1.5567639032431415,Columbia
5256,7,2,2,1,1,1.5567639032431415,Union
5506,7,4,4,1,1,1.5567639032431415,Union
1104,7,5,5,1,1,1.5567639032431415,Columbia
3681,7,5,5,1,1,1.5567639032431415,Columbia
2879,7,4,4,1,1,1.5567639032431415,Baker
3709,7,5,5,1,1,1.5567639032431415,Columbia
3687,7,3,3,1,1,1.5567639032431415,Baker
3352,7,6,6,1,1,1.5567639032431415,Columbia
3563,7,6,6,1,1,1.5567639032431415,Suwannee
1753,7,3,3,1,1,1.5567639032431415,Hamilton
6091,7,4,4,1,1,1.5567639032431415,Columbia
5803,6,3,3,1,1,1.3343690599226927,Columbia
6022,6,1,1,1,1,1.3343690599226927,Union
4022,6,5,4,2,1,1.3343690599226927,Columbia
6057,6,5,5,1,1,1.3343690599226927,Columbia
4077,6,5,5,1,1,1.3343690599226927,Suwannee
40,6,4,4,1,1,1.3343690599226927,Columbia
299,6,4,3,2,1,1.3343690599226927,Hamilton
1683,6,4,4,1,1,1.3343690599226927,Hamilton
1749,6,5,5,1,1,1.3343690599226927,Hamilton
6082,6,5,5,1,1,1.3343690599226927,Columbia
74,6,3,3,2,1,1.3343690599226927,Baker
1762,6,3,3,1,1,1.3343690599226927,Baker
5234,6,3,3,1,1,1.3343690599226927,Union
5276,6,4,3,2,1,1.3343690599226927,Union
5230,6,5,5,1,2,1.3343690599226927,Columbia;Union
1117,6,3,3,1,1,1.3343690599226927,Hamilton
3683,6,1,1,1,1,1.3343690599226927,Baker
931,6,3,3,1,1,1.3343690599226927,Hamilton
3537,6,3,3,1,1,1.3343690599226927,Columbia
5271,6,3,3,1,1,1.3343690599226927,Union
3096,6,3,3,1,1,1.3343690599226927,Suwannee
846,6,4,4,1,1,1.3343690599226927,Hamilton
265,6,2,2,1,1,1.3343690599226927,Baker
3091,6,5,5,1,1,1.3343690599226927,Columbia
1110,6,5,3,2,1,1.3343690599226927,Baker
1112,6,1,1,1,1,1.3343690599226927,Baker
5520,6,2,2,1,1,1.3343690599226927,Union
739,6,2,2,1,1,1.3343690599226927,Hamilton
4003,6,2,2,1,1,1.3343690599226927,Columbia
521,6,6,6,1,1,1.3343690599226927,Hamilton
1176,6,5,5,1,1,1.3343690599226927,Baker
3992,6,2,2,1,1,1.3343690599226927,Baker
2913,6,3,3,1,1,1.3343690599226927,Suwannee
3495,6,1,1,1,1,1.3343690599226927,Suwannee
3497,6,4,4,1,1,1.3343690599226927,Columbia
5713,6,3,3,1,1,1.3343690599226927,Union
2351,6,3,3,1,1,1.3343690599226927,Columbia
2284,6,4,4,1,1,1.3343690599226927,Suwannee
4434,6,3,3,1,1,1.3343690599226927,Union
2376,6,6,6,2,1,1.3343690599226927,Hamilton
4421,6,6,6,1,1,1.3343690599226927,Union
5045,6,4,4,1,1,1.3343690599226927,Union
5043,6,4,4,1,1,1.3343690599226927,Union
5716,6,2,2,1,1,1.3343690599226927,Union
5710,6,5,5,2,1,1.3343690599226927,Union
5360,6,4,4,1,1,1.3343690599226927,Columbia
5361,6,2,2,1,1,1.3343690599226927,Columbia
2362,6,2,2,1,1,1.3343690599226927,Suwannee
4432,6,1,1,1,1,1.3343690599226927,Columbia
2279,6,3,3,1,1,1.3343690599226927,Suwannee
5706,6,5,5,2,1,1.3343690599226927,Columbia
2359,6,3,2,2,1,1.3343690599226927,Hamilton
2360,6,4,4,1,1,1.3343690599226927,Columbia
2294,6,1,1,1,1,1.3343690599226927,Baker
2257,6,3,3,1,1,1.3343690599226927,Hamilton
4490,6,3,3,1,1,1.3343690599226927,Suwannee
4467,6,4,4,1,1,1.3343690599226927,Columbia
4091,6,3,3,1,1,1.3343690599226927,Baker
4095,6,2,2,1,1,1.3343690599226927,Suwannee
4096,6,4,4,1,1,1.3343690599226927,Suwannee
164,6,5,5,1,1,1.3343690599226927,Hamilton
5566,6,3,3,1,1,1.3343690599226927,Union
1777,6,4,4,1,1,1.3343690599226927,Baker
4170,6,2,2,1,1,1.3343690599226927,Suwannee
4110,6,5,5,1,1,1.3343690599226927,Columbia
3995,6,3,3,1,1,1.3343690599226927,Columbia
3711,6,2,2,1,1,1.3343690599226927,Baker
3703,6,2,2,1,1,1.3343690599226927,Columbia
4140,6,4,4,1,1,1.3343690599226927,Columbia
5537,6,4,2,1,2,1.3343690599226927,Columbia;Union
4503,6,3,3,1,1,1.3343690599226927,Union
3463,6,5,5,2,1,1.3343690599226927,Columbia
2201,6,4,4,2,1,1.3343690599226927,Suwannee
5890,6,5,5,1,1,1.3343690599226927,Union
5402,6,5,5,1,1,1.3343690599226927,Union
2441,6,3,3,1,1,1.3343690599226927,Columbia
3860,6,5,5,1,1,1.3343690599226927,Suwannee
5030,6,3,3,1,1,1.3343690599226927,Suwannee
864,6,4,4,1,1,1.3343690599226927,Hamilton
2241,6,5,5,1,1,1.3343690599226927,Suwannee
3632,6,3,2,2,1,1.3343690599226927,Columbia
3689,6,6,6,1,1,1.3343690599226927,Columbia
3676,6,4,4,1,1,1.3343690599226927,Columbia
3291,6,4,4,1,1,1.3343690599226927,Baker
3277,6,5,5,1,1,1.3343690599226927,Columbia
1704,6,4,4,1,1,1.3343690599226927,Columbia
3664,6,3,3,1,1,1.3343690599226927,Columbia
4891,6,3,3,1,1,1.3343690599226927,Union
4884,6,2,2,1,1,1.3343690599226927,Union
1646,6,2,2,1,1,1.3343690599226927,Hamilton
808,6,5,5,1,1,1.3343690599226927,Baker
5548,6,3,2,1,2,1.3343690599226927,Columbia;Union
3673,6,5,5,1,1,1.3343690599226927,Baker
3659,6,5,4,2,1,1.3343690599226927,Columbia
4903,6,4,4,1,1,1.3343690599226927,Columbia
82,6,5,5,1,1,1.3343690599226927,Columbia
5032,6,4,4,1,1,1.3343690599226927,Union
2195,6,3,3,1,1,1.3343690599226927,Baker
2301,6,3,3,1,1,1.3343690599226927,Baker
2239,6,2,2,1,1,1.3343690599226927,Suwannee
5983,6,3,3,1,1,1.3343690599226927,Union
4530,6,4,4,1,1,1.3343690599226927,Union
2213,6,2,2,1,1,1.3343690599226927,Suwannee
1377,6,3,3,1,1,1.3343690599226927,Hamilton
3841,6,3,3,1,1,1.3343690599226927,Suwannee
3828,6,4,4,1,1,1.3343690599226927,Columbia
3831,6,1,1,1,1,1.3343690599226927,Suwannee
2160,6,6,6,1,1,1.3343690599226927,Hamilton
981,6,4,4,1,1,1.3343690599226927,Hamilton
487,6,3,3,1,1,1.3343690599226927,Hamilton
3832,6,4,4,1,1,1.3343690599226927,Baker
1333,6,4,4,1,1,1.3343690599226927,Hamilton
1493,6,6,6,1,1,1.3343690599226927,Columbia
3068,6,6,6,1,1,1.3343690599226927,Columbia
3884,6,1,1,1,1,1.3343690599226927,Union
5912,6,3,3,1,1,1.3343690599226927,Columbia
5900,6,4,4,1,1,1.3343690599226927,Union
5417,6,2,2,1,1,1.3343690599226927,Union
3653,6,4,4,1,1,1.3343690599226927,Baker
1502,6,5,5,1,1,1.3343690599226927,Baker
1019,6,4,4,1,1,1.3343690599226927,Hamilton
3972,6,5,5,1,1,1.3343690599226927,Columbia
1632,6,2,2,1,1,1.3343690599226927,Hamilton
1592,6,4,4,1,1,1.3343690599226927,Hamilton
5182,6,4,4,1,1,1.3343690599226927,Union
3338,6,4,4,1,1,1.3343690599226927,Columbia
2934,6,5,5,1,1,1.3343690599226927,Baker
4794,6,5,5,1,1,1.3343690599226927,Suwannee
2773,6,6,6,1,1,1.3343690599226927,Columbia
2777,6,2,2,1,1,1.3343690599226927,Baker
4753,6,2,2,1,1,1.3343690599226927,Union
2486,6,3,3,1,1,1.3343690599226927,Columbia
2476,6,4,3,2,1,1.3343690599226927,Columbia
4342,6,3,3,1,1,1.3343690599226927,Suwannee
5920,6,5,4,1,2,1.3343690599226927,Columbia;Union
3645,6,4,4,1,1,1.3343690599226927,Columbia
579,6,5,5,1,1,1.3343690599226927,Baker
531,6,3,2,2,1,1.3343690599226927,Baker
2503,6,6,6,1,1,1.3343690599226927,Columbia
4330,6,3,3,1,1,1.3343690599226927,Union
594,6,2,2,1,1,1.3343690599226927,Baker
948,6,4,4,1,1,1.3343690599226927,Hamilton
1002,6,1,1,1,1,1.3343690599226927,Hamilton
4324,6,5,5,2,1,1.3343690599226927,Columbia
447,6,5,5,1,1,1.3343690599226927,Hamilton
2111,6,4,4,1,1,1.3343690599226927,Baker
570,6,2,2,1,1,1.3343690599226927,Baker
2145,6,3,3,1,1,1.3343690599226927,Baker
4167,6,5,5,1,1,1.3343690599226927,Suwannee
2724,6,5,5,1,1,1.3343690599226927,Suwannee
747,6,4,4,1,1,1.3343690599226927,Hamilton
1627,6,4,4,1,1,1.3343690599226927,Baker
1905,6,2,2,1,1,1.3343690599226927,Columbia
1993,6,3,3,1,1,1.3343690599226927,Columbia
4706,6,4,4,1,1,1.3343690599226927,Union
4693,6,2,2,1,1,1.3343690599226927,Union
1918,6,3,3,1,1,1.3343690599226927,Hamilton
5845,6,2,2,1,1,1.3343690599226927,Union
5610,6,2,2,1,1,1.3343690599226927,Union
5600,6,6,6,1,1,1.3343690599226927,Union
384,6,6,6,1,1,1.3343690599226927,Hamilton
342,6,2,2,1,1,1.3343690599226927,Hamilton
4931,6,4,4,1,1,1.3343690599226927,Union
5582,6,3,3,1,1,1.3343690599226927,Union
1669,6,4,4,1,1,1.3343690599226927,Hamilton
2996,6,4,4,1,1,1.3343690599226927,Suwannee
2998,6,4,4,1,1,1.3343690599226927,Baker
285,6,3,3,1,1,1.3343690599226927,Hamilton
225,6,2,2,1,1,1.3343690599226927,Hamilton
226,6,4,4,1,1,1.3343690599226927,Hamilton
5693,6,2,2,1,1,1.3343690599226927,Union
1508,6,3,3,1,1,1.3343690599226927,Hamilton
4291,6,2,2,1,1,1.3343690599226927,Columbia
2550,6,4,4,1,1,1.3343690599226927,Columbia
2109,6,2,2,1,1,1.3343690599226927,Columbia
4319,6,5,5,1,1,1.3343690599226927,Union
4593,6,6,6,1,1,1.3343690599226927,Union
5346,6,5,5,1,1,1.3343690599226927,Union
5337,6,6,6,1,1,1.3343690599226927,Union
5338,6,4,4,1,1,1.3343690599226927,Union
5433,6,2,2,1,1,1.3343690599226927,Union
1531,6,5,5,1,1,1.3343690599226927,Baker
3818,6,4,4,1,1,1.3343690599226927,Suwannee
3372,6,4,4,1,1,1.3343690599226927,Suwannee
3391,6,3,3,1,1,1.3343690599226927,Columbia
1606,6,3,3,1,1,1.3343690599226927,Columbia
4730,6,4,4,1,1,1.3343690599226927,Union
3262,6,4,4,1,1,1.3343690599226927,Columbia
3770,6,3,3,1,1,1.3343690599226927,Columbia
4911,6,2,2,1,1,1.3343690599226927,Union
1954,6,4,4,1,1,1.3343690599226927,Columbia
3426,6,4,4,1,1,1.3343690599226927,Columbia
3416,6,6,6,1,1,1.3343690599226927,Columbia
5960,6,5,5,1,1,1.3343690599226927,Union
5961,6,3,3,1,1,1.3343690599226927,Columbia
1925,6,5,5,1,1,1.3343690599226927,Columbia
1586,6,5,5,1,1,1.3343690599226927,Columbia
832,6,4,4,1,1,1.3343690599226927,Columbia
3733,6,5,5,1,1,1.3343690599226927,Suwannee
958,6,5,5,1,1,1.3343690599226927,Baker
4601,6,6,5,2,1,1.3343690599226927,Columbia
4602,6,6,6,1,1,1.3343690599226927,Columbia
574,6,5,4,2,1,1.3343690599226927,Hamilton
5146,6,3,3,1,1,1.3343690599226927,Union
4637,6,4,4,1,1,1.3343690599226927,Union
438,6,5,4,2,1,1.3343690599226927,Hamilton
5779,6,2,2,1,1,1.3343690599226927,Union
3527,6,3,3,1,1,1.3343690599226927,Baker
3614,6,3,3,1,1,1.3343690599226927,Baker
3620,6,3,3,1,1,1.3343690599226927,Columbia
860,6,2,2,1,1,1.3343690599226927,Hamilton
2673,6,6,6,1,1,1.3343690599226927,Columbia
307,6,4,4,1,1,1.3343690599226927,Hamilton
3785,6,5,5,1,1,1.3343690599226927,Baker
3775,6,3,3,1,1,1.3343690599226927,Suwannee
4217,6,4,4,1,1,1.3343690599226927,Columbia
4218,6,4,3,1,2,1.3343690599226927,Baker;Union
673,6,3,3,1,1,1.3343690599226927,Columbia
1987,6,4,4,1,1,1.3343690599226927,Hamilton
2009,6,4,4,1,1,1.3343690599226927,Hamilton
825,6,5,5,1,1,1.3343690599226927,Hamilton
1600,6,6,6,1,1,1.3343690599226927,Hamilton
4698,6,4,4,2,1,1.3343690599226927,Columbia
3004,6,3,3,1,1,1.3343690599226927,Baker
4267,6,2,2,1,1,1.3343690599226927,Columbia
5652,6,6,6,2,1,1.3343690599226927,Columbia
1255,6,4,4,1,1,1.3343690599226927,Hamilton
3229,6,3,3,1,1,1.3343690599226927,Baker
3196,6,2,2,1,1,1.3343690599226927,Baker
3191,6,3,3,1,1,1.3343690599226927,Columbia
4295,6,5,5,1,1,1.3343690599226927,Columbia
4289,6,3,3,1,1,1.3343690599226927,Union
4278,6,4,4,1,1,1.3343690599226927,Suwannee
4220,6,4,4,2,1,1.3343690599226927,Suwannee
4226,6,3,3,1,1,1.3343690599226927,Union
2066,6,3,3,1,1,1.3343690599226927,Hamilton
5963,6,4,3,1,2,1.3343690599226927,Columbia;Union
3213,6,4,4,1,1,1.3343690599226927,Columbia
3183,6,2,2,1,1,1.3343690599226927,Suwannee
615,6,3,3,1,1,1.3343690599226927,Baker
2115,6,3,2,2,1,1.3343690599226927,Baker
4245,6,3,3,1,1,1.3343690599226927,Suwannee
2020,6,3,3,1,1,1.3343690599226927,Baker
2011,6,3,3,1,1,1.3343690599226927,Hamilton
2014,6,3,3,1,1,1.3343690599226927,Columbia
3017,6,4,4,1,1,1.3343690599226927,Columbia
5461,6,3,3,1,1,1.3343690599226927,Union
5625,6,4,4,1,1,1.3343690599226927,Union
2029,6,4,4,1,1,1.3343690599226927,Baker
2017,6,4,4,1,1,1.3343690599226927,Baker
2019,6,4,4,1,1,1.3343690599226927,Columbia
4179,6,2,2,1,1,1.3343690599226927,Suwannee
4171,6,5,5,1,1,1.3343690599226927,Suwannee
5178,6,4,3,1,2,1.3343690599226927,Columbia;Union
153,6,2,2,1,1,1.3343690599226927,Hamilton
140,6,1,1,1,1,1.3343690599226927,Baker
3760,6,2,2,1,1,1.3343690599226927,Columbia
2625,6,3,3,1,1,1.3343690599226927,Columbia
1282,6,4,4,1,1,1.3343690599226927,Baker
1269,6,5,5,1,1,1.3343690599226927,Hamilton
5180,6,3,3,1,1,1.3343690599226927,Union
3244,6,5,5,1,1,1.3343690599226927,Columbia
2624,6,3,3,1,1,1.3343690599226927,Columbia
3951,6,4,4,2,1,1.3343690599226927,Columbia
3966,6,4,4,1,1,1.3343690599226927,Baker
4943,6,3,3,1,1,1.3343690599226927,Union
1679,6,6,6,1,1,1.3343690599226927,Hamilton
1737,6,2,2,1,1,1.3343690599226927,Columbia
3361,6,5,5,1,1,1.3343690599226927,Columbia
3362,6,4,4,1,1,1.3343690599226927,Columbia
5804,6,3,3,1,1,1.3343690599226927,Union
1769,6,3,3,1,1,1.3343690599226927,Columbia
1159,6,4,4,1,1,1.3343690599226927,Hamilton
769,6,4,4,1,1,1.3343690599226927,Hamilton
3356,6,4,4,1,1,1.3343690599226927,Columbia
3357,6,5,5,1,1,1.3343690599226927,Columbia
4043,6,5,5,1,1,1.3343690599226927,Suwannee
3696,6,4,4,1,1,1.3343690599226927,Columbia
3366,6,3,3,1,1,1.3343690599226927,Baker
1816,6,4,4,1,1,1.3343690599226927,Columbia
2863,6,2,2,1,1,1.3343690599226927,Baker
3576,6,3,3,1,1,1.3343690599226927,Columbia
4410,6,3,3,1,1,1.3343690599226927,Union
3486,6,2,2,1,1,1.3343690599226927,Columbia
3489,6,3,3,1,1,1.3343690599226927,Columbia
509,6,4,4,1,1,1.3343690599226927,Hamilton
5080,6,4,4,1,1,1.3343690599226927,Suwannee
3579,6,1,1,1,1,1.3343690599226927,Baker
6059,6,3,3,1,1,1.3343690599226927,Columbia
5073,6,5,5,1,1,1.3343690599226927,Union
3512,6,6,6,1,1,1.3343690599226927,Columbia
4435,6,3,3,1,1,1.3343690599226927,Union
2397,6,5,5,2,1,1.3343690599226927,Baker
1161,6,4,4,1,1,1.3343690599226927,Hamilton
1150,6,3,3,1,1,1.3343690599226927,Baker
5236,6,1,1,1,1,1.3343690599226927,Union
4079,6,1,1,1,1,1.3343690599226927,Union
2,5,2,2,1,1,1.111974216602244,Baker
5250,5,5,5,1,1,1.111974216602244,Union
4081,5,2,2,1,1,1.111974216602244,Suwannee
2835,5,3,3,1,1,1.111974216602244,Baker
2837,5,3,2,2,1,1.111974216602244,Baker
2870,5,3,3,1,1,1.111974216602244,Baker
5232,5,3,3,1,1,1.111974216602244,Union
5806,5,5,5,1,1,1.111974216602244,Union
4429,5,3,3,1,1,1.111974216602244,Union
2410,5,4,4,1,1,1.111974216602244,Columbia
16,5,3,3,1,1,1.111974216602244,Baker
6,5,2,1,2,1,1.111974216602244,Baker
1399,5,4,4,1,1,1.111974216602244,Columbia
2390,5,3,3,1,1,1.111974216602244,Suwannee
2392,5,3,3,2,1,1.111974216602244,Baker
3478,5,3,3,1,1,1.111974216602244,Suwannee
1190,5,3,3,1,1,1.111974216602244,Hamilton
1173,5,3,3,1,1,1.111974216602244,Hamilton
1107,5,2,2,1,1,1.111974216602244,Baker
1038,5,4,4,1,1,1.111974216602244,Hamilton
1041,5,1,1,1,1,1.111974216602244,Columbia
3691,5,2,2,1,1,1.111974216602244,Columbia
5530,5,5,5,1,1,1.111974216602244,Union
3135,5,4,4,1,1,1.111974216602244,Columbia
2332,5,4,4,1,1,1.111974216602244,Suwannee
518,5,2,2,1,1,1.111974216602244,Hamilton
507,5,3,2,2,1,1.111974216602244,Hamilton
2905,5,3,3,1,1,1.111974216602244,Baker
2907,5,1,1,1,1,1.111974216602244,Baker
165,5,1,1,1,1,1.111974216602244,Hamilton
151,5,3,3,1,1,1.111974216602244,Columbia
5223,5,2,1,2,1,1.111974216602244,Union
2283,5,4,4,1,1,1.111974216602244,Hamilton
5711,5,5,5,1,1,1.111974216602244,Union
2372,5,2,2,1,1,1.111974216602244,Columbia
969,5,4,4,1,1,1.111974216602244,Hamilton
930,5,4,4,1,1,1.111974216602244,Columbia
3492,5,2,2,1,1,1.111974216602244,Columbia
1397,5,4,4,1,1,1.111974216602244,Hamilton
2289,5,4,4,1,1,1.111974216602244,Hamilton
2268,5,2,2,1,1,1.111974216602244,Hamilton
2264,5,4,4,1,1,1.111974216602244,Suwannee
2440,5,3,3,1,1,1.111974216602244,Columbia
3117,5,4,4,1,1,1.111974216602244,Columbia
526,5,3,3,1,1,1.111974216602244,Baker
5723,5,3,3,1,1,1.111974216602244,Union
5730,5,2,2,1,1,1.111974216602244,Union
2357,5,3,2,2,1,1.111974216602244,Suwannee
3190,5,2,2,1,1,1.111974216602244,Columbia
4286,5,3,3,1,1,1.111974216602244,Columbia
817,5,4,4,1,1,1.111974216602244,Hamilton
5450,5,2,2,1,1,1.111974216602244,Union
4975,5,2,2,1,1,1.111974216602244,Union
875,5,3,3,1,1,1.111974216602244,Columbia
5165,5,4,4,1,1,1.111974216602244,Union
1249,5,3,3,1,1,1.111974216602244,Hamilton
3930,5,4,4,1,1,1.111974216602244,Suwannee
2065,5,3,3,1,1,1.111974216602244,Hamilton
3225,5,3,3,1,1,1.111974216602244,Columbia
4211,5,3,3,1,1,1.111974216602244,Columbia
2643,5,5,5,1,1,1.111974216602244,Suwannee
4646,5,2,2,1,1,1.111974216602244,Columbia
4615,5,3,3,1,1,1.111974216602244,Union
2079,5,5,5,1,1,1.111974216602244,Suwannee
839,5,3,3,1,1,1.111974216602244,Hamilton
871,5,5,5,2,1,1.111974216602244,Hamilton
859,5,3,2,2,1,1.111974216602244,Baker
2647,5,3,3,1,1,1.111974216602244,Columbia
4233,5,5,5,1,1,1.111974216602244,Union
3936,5,4,4,1,1,1.111974216602244,Columbia
3938,5,2,2,1,1,1.111974216602244,Baker
3923,5,5,5,1,1,1.111974216602244,Columbia
4181,5,5,5,1,1,1.111974216602244,Suwannee
3757,5,3,3,1,1,1.111974216602244,Suwannee
3762,5,2,2,1,1,1.111974216602244,Columbia
5626,5,5,5,1,1,1.111974216602244,Union
5613,5,4,4,1,1,1.111974216602244,Union
2055,5,3,3,1,1,1.111974216602244,Columbia
4681,5,4,4,1,1,1.111974216602244,Union
3932,5,2,2,1,1,1.111974216602244,Baker
328,5,4,4,1,1,1.111974216602244,Baker
2961,5,4,4,1,1,1.111974216602244,Columbia
3610,5,2,2,1,1,1.111974216602244,Columbia
836,5,4,4,1,1,1.111974216602244,Hamilton
4965,5,2,2,1,1,1.111974216602244,Union
1556,5,5,5,1,1,1.111974216602244,Columbia
1537,5,4,4,1,1,1.111974216602244,Columbia
1527,5,4,4,1,1,1.111974216602244,Hamilton
3769,5,4,4,1,1,1.111974216602244,Columbia
3223,5,2,2,1,1,1.111974216602244,Columbia
4208,5,4,4,1,1,1.111974216602244,Columbia
4210,5,4,4,1,1,1.111974216602244,Suwannee
2968,5,2,2,1,1,1.111974216602244,Suwannee
2672,5,2,2,1,1,1.111974216602244,Baker
2691,5,4,4,1,1,1.111974216602244,Baker
3958,5,4,4,1,1,1.111974216602244,Baker
1938,5,3,3,1,1,1.111974216602244,Hamilton
4708,5,2,2,1,1,1.111974216602244,Union
668,5,4,4,2,1,1.111974216602244,Baker
1986,5,4,4,1,1,1.111974216602244,Columbia
1964,5,2,2,1,1,1.111974216602244,Hamilton
2698,5,4,4,1,1,1.111974216602244,Suwannee
635,5,3,3,1,1,1.111974216602244,Columbia
636,5,2,2,1,1,1.111974216602244,Baker
3524,5,4,4,1,1,1.111974216602244,Baker
235,5,3,3,1,1,1.111974216602244,Hamilton
284,5,2,2,1,1,1.111974216602244,Hamilton
595,5,2,2,1,1,1.111974216602244,Hamilton
1547,5,4,4,1,1,1.111974216602244,Baker
1550,5,5,5,1,1,1.111974216602244,Columbia
4737,5,3,3,1,1,1.111974216602244,Union
667,5,3,3,1,1,1.111974216602244,Baker
3272,5,4,4,1,1,1.111974216602244,Columbia
3259,5,4,4,1,1,1.111974216602244,Columbia
1597,5,3,3,1,1,1.111974216602244,Baker
1991,5,4,4,1,1,1.111974216602244,Baker
4721,5,2,2,1,1,1.111974216602244,Union
4733,5,3,3,1,1,1.111974216602244,Columbia
3162,5,3,3,1,1,1.111974216602244,Columbia
1468,5,4,4,1,1,1.111974216602244,Columbia
1695,5,2,2,1,1,1.111974216602244,Columbia
833,5,2,2,1,1,1.111974216602244,Hamilton
1618,5,3,3,1,1,1.111974216602244,Columbia
759,5,3,3,1,1,1.111974216602244,Hamilton
4967,5,4,4,1,1,1.111974216602244,Union
4969,5,3,3,1,1,1.111974216602244,Union
4961,5,5,5,1,1,1.111974216602244,Union
4953,5,4,4,1,1,1.111974216602244,Union
5136,5,1,1,1,1,1.111974216602244,Union
5162,5,4,4,1,1,1.111974216602244,Union
5148,5,3,3,1,1,1.111974216602244,Columbia
5152,5,4,4,1,1,1.111974216602244,Union
5660,5,2,2,1,1,1.111974216602244,Union
4590,5,2,2,1,1,1.111974216602244,Union
5951,5,5,5,1,1,1.111974216602244,Union
1706,5,4,4,1,1,1.111974216602244,Suwannee
4638,5,3,3,1,1,1.111974216602244,Columbia
5789,5,3,3,1,1,1.111974216602244,Union
5783,5,4,4,1,1,1.111974216602244,Columbia
131,5,5,5,1,1,1.111974216602244,Baker
4585,5,3,3,1,1,1.111974216602244,Union
4586,5,4,4,1,1,1.111974216602244,Columbia
5799,5,5,5,1,1,1.111974216602244,Union
5801,5,2,2,1,1,1.111974216602244,Union
2762,5,4,4,1,1,1.111974216602244,Baker
4178,5,3,3,1,1,1.111974216602244,Union
1873,5,5,5,2,1,1.111974216602244,Columbia
2527,5,2,2,1,1,1.111974216602244,Columbia
2516,5,3,3,1,1,1.111974216602244,Columbia
436,5,1,1,1,1,1.111974216602244,Hamilton
577,5,2,2,1,1,1.111974216602244,Hamilton
2103,5,1,1,1,1,1.111974216602244,Baker
5579,5,4,4,1,1,1.111974216602244,Union
706,5,2,2,1,1,1.111974216602244,Columbia
1850,5,3,3,1,1,1.111974216602244,Columbia
393,5,3,3,1,1,1.111974216602244,Baker
333,5,2,2,1,1,1.111974216602244,Hamilton
4702,5,2,2,1,1,1.111974216602244,Union
5847,5,5,5,1,1,1.111974216602244,Union
2726,5,4,4,1,1,1.111974216602244,Suwannee
2540,5,2,2,1,1,1.111974216602244,Suwannee
2508,5,3,3,1,1,1.111974216602244,Columbia
3002,5,5,5,1,1,1.111974216602244,Columbia
2141,5,4,4,1,1,1.111974216602244,Suwannee
2941,5,3,3,1,1,1.111974216602244,Suwannee
4131,5,3,3,1,1,1.111974216602244,Suwannee
5306,5,3,3,1,1,1.111974216602244,Union
5296,5,4,3,2,1,1.111974216602244,Union
2122,5,3,3,1,1,1.111974216602244,Suwannee
2108,5,3,3,1,1,1.111974216602244,Columbia
281,5,4,4,1,1,1.111974216602244,Hamilton
4309,5,5,5,1,1,1.111974216602244,Columbia
4312,5,3,3,1,1,1.111974216602244,Union
3033,5,2,2,1,1,1.111974216602244,Baker
3025,5,3,3,1,1,1.111974216602244,Baker
1451,5,4,4,1,1,1.111974216602244,Columbia
5183,5,3,3,1,1,1.111974216602244,Union
5196,5,2,2,1,1,1.111974216602244,Union
1217,5,4,4,1,1,1.111974216602244,Hamilton
5212,5,3,3,1,1,1.111974216602244,Union
5171,5,4,4,1,1,1.111974216602244,Union
5174,5,4,4,1,1,1.111974216602244,Columbia
5177,5,2,2,1,1,1.111974216602244,Union
581,5,4,4,1,1,1.111974216602244,Hamilton
1837,5,2,2,1,1,1.111974216602244,Hamilton
2935,5,2,2,1,1,1.111974216602244,Baker
2930,5,3,3,1,1,1.111974216602244,Baker
1207,5,4,4,1,1,1.111974216602244,Baker
1634,5,4,4,1,1,1.111974216602244,Columbia
1602,5,2,2,1,1,1.111974216602244,Hamilton
1092,5,4,4,1,1,1.111974216602244,Hamilton
1095,5,4,4,1,1,1.111974216602244,Hamilton
4343,5,3,3,1,1,1.111974216602244,Union
3407,5,4,4,1,1,1.111974216602244,Columbia
1856,5,4,4,1,1,1.111974216602244,Hamilton
4792,5,3,3,1,1,1.111974216602244,Columbia
4781,5,3,3,1,1,1.111974216602244,Union
4758,5,2,2,1,1,1.111974216602244,Union
1894,5,5,5,1,1,1.111974216602244,Columbia
1895,5,3,3,1,1,1.111974216602244,Columbia
2096,5,3,3,1,1,1.111974216602244,Hamilton
5002,5,2,2,1,1,1.111974216602244,Union
3894,5,4,4,1,1,1.111974216602244,Columbia
4551,5,3,3,1,1,1.111974216602244,Union
543,5,4,4,1,1,1.111974216602244,Hamilton
4546,5,3,3,1,1,1.111974216602244,Union
2447,5,4,4,1,1,1.111974216602244,Baker
4328,5,4,4,1,1,1.111974216602244,Columbia
4529,5,2,2,1,1,1.111974216602244,Union
1374,5,3,3,1,1,1.111974216602244,Baker
1375,5,5,5,1,1,1.111974216602244,Columbia
2437,5,3,3,1,1,1.111974216602244,Suwannee
4380,5,3,3,1,1,1.111974216602244,Columbia
4371,5,4,4,1,1,1.111974216602244,Union
4472,5,3,3,1,1,1.111974216602244,Columbia
5982,5,4,4,1,1,1.111974216602244,Union
2206,5,3,3,1,1,1.111974216602244,Columbia
2207,5,1,1,1,1,1.111974216602244,Baker
3825,5,3,3,1,1,1.111974216602244,Suwannee
3178,5,4,4,1,1,1.111974216602244,Baker
4532,5,2,2,1,1,1.111974216602244,Union
4525,5,2,2,1,1,1.111974216602244,Union
4528,5,4,4,1,1,1.111974216602244,Union
3819,5,4,4,1,1,1.111974216602244,Suwannee
476,5,4,4,2,1,1.111974216602244,Hamilton
3457,5,3,3,1,1,1.111974216602244,Baker
1296,5,5,5,1,1,1.111974216602244,Hamilton
1297,5,5,5,1,1,1.111974216602244,Baker
1351,5,2,2,1,1,1.111974216602244,Columbia
3890,5,3,3,1,1,1.111974216602244,Columbia
3902,5,2,2,1,1,1.111974216602244,Baker
2203,5,4,4,1,1,1.111974216602244,Columbia
4301,5,3,3,1,1,1.111974216602244,Union
1499,5,2,2,1,1,1.111974216602244,Baker
1496,5,3,3,1,1,1.111974216602244,Baker
5926,5,4,4,1,1,1.111974216602244,Columbia
5930,5,5,5,1,1,1.111974216602244,Union
2461,5,4,4,1,1,1.111974216602244,Baker
2426,5,3,3,1,1,1.111974216602244,Baker
489,5,5,5,1,1,1.111974216602244,Hamilton
2230,5,2,2,1,1,1.111974216602244,Columbia
2236,5,4,4,1,1,1.111974216602244,Columbia
3446,5,4,4,1,1,1.111974216602244,Columbia
3628,5,2,2,1,1,1.111974216602244,Columbia
5012,5,2,2,1,1,1.111974216602244,Union
5028,5,5,5,1,1,1.111974216602244,Union
5029,5,3,3,1,1,1.111974216602244,Union
5031,5,3,3,1,1,1.111974216602244,Union
783,5,4,4,1,1,1.111974216602244,Columbia
3307,5,2,2,1,1,1.111974216602244,Columbia
3717,5,3,3,1,1,1.111974216602244,Suwannee
3278,5,4,3,2,1,1.111974216602244,Columbia
3666,5,3,3,1,1,1.111974216602244,Baker
3678,5,3,3,1,1,1.111974216602244,Columbia
3275,5,2,2,1,1,1.111974216602244,Columbia
3276,5,4,4,1,1,1.111974216602244,Baker
2813,5,2,1,2,1,1.111974216602244,Columbia
3395,5,3,2,2,1,1.111974216602244,Columbia
1660,5,4,3,2,1,1.111974216602244,Baker
3679,5,2,2,1,1,1.111974216602244,Columbia
805,5,3,3,1,1,1.111974216602244,Hamilton
5513,5,4,4,1,1,1.111974216602244,Union
4935,5,4,4,2,1,1.111974216602244,Union
4920,5,2,2,1,1,1.111974216602244,Union
5971,5,3,3,1,1,1.111974216602244,Union
1362,5,3,3,1,1,1.111974216602244,Hamilton
5112,5,3,3,1,1,1.111974216602244,Union
5979,5,3,3,1,1,1.111974216602244,Union
2209,5,5,5,1,1,1.111974216602244,Suwannee
1476,5,3,3,1,1,1.111974216602244,Hamilton
1827,5,3,3,1,1,1.111974216602244,Hamilton
734,5,3,3,1,1,1.111974216602244,Hamilton
2779,5,5,5,1,1,1.111974216602244,Columbia
4150,5,2,2,1,1,1.111974216602244,Suwannee
4153,5,3,3,1,1,1.111974216602244,Columbia
4138,5,3,3,1,1,1.111974216602244,Baker
4120,5,3,3,1,1,1.111974216602244,Suwannee
4121,5,4,4,1,1,1.111974216602244,Columbia
4001,5,5,5,1,1,1.111974216602244,Columbia
726,5,5,5,2,1,1.111974216602244,Baker
1177,5,4,4,1,1,1.111974216602244,Baker
4832,5,3,3,1,1,1.111974216602244,Union
4821,5,2,2,1,1,1.111974216602244,Union
1797,5,1,1,1,1,1.111974216602244,Hamilton
1800,5,2,2,1,1,1.111974216602244,Baker
1788,5,4,4,2,1,1.111974216602244,Hamilton
4083,5,4,4,1,1,1.111974216602244,Columbia
4145,5,4,4,1,1,1.111974216602244,Columbia
5762,5,5,5,2,1,1.111974216602244,Union
5754,5,5,5,1,1,1.111974216602244,Columbia
5893,5,4,4,1,1,1.111974216602244,Columbia
5894,5,2,2,1,1,1.111974216602244,Union
3465,5,4,3,2,1,1.111974216602244,Columbia
1146,5,4,4,1,1,1.111974216602244,Baker
1132,5,3,3,1,1,1.111974216602244,Baker
4039,5,4,4,1,1,1.111974216602244,Suwannee
5898,5,4,3,2,1,1.111974216602244,Union
3108,5,3,3,1,1,1.111974216602244,Columbia
4401,5,4,4,1,1,1.111974216602244,Columbia
4417,5,5,5,1,1,1.111974216602244,Union
5887,5,5,5,2,1,1.111974216602244,Union
866,5,4,4,1,1,1.111974216602244,Columbia
4377,5,3,2,2,1,1.111974216602244,Columbia
3872,5,3,3,1,1,1.111974216602244,Columbia
6040,5,3,3,1,1,1.111974216602244,Columbia
2830,5,2,2,1,1,1.111974216602244,Suwannee
2833,5,3,3,1,1,1.111974216602244,Baker
6066,5,1,1,1,1,1.111974216602244,Columbia
4042,5,2,2,1,1,1.111974216602244,Union
4031,5,5,5,1,1,1.111974216602244,Suwannee
6046,5,4,4,1,1,1.111974216602244,Columbia
5097,5,5,5,1,1,1.111974216602244,Union
3581,5,3,3,1,1,1.111974216602244,Columbia
3586,5,1,1,1,1,1.111974216602244,Baker
4048,5,5,5,1,1,1.111974216602244,Columbia
5228,5,5,5,2,1,1.111974216602244,Union
63,5,1,1,1,1,1.111974216602244,Hamilton
6075,5,3,3,2,1,1.111974216602244,Columbia
1687,5,2,2,1,1,1.111974216602244,Columbia
5495,5,2,2,1,1,1.111974216602244,Union
5260,5,1,1,1,1,1.111974216602244,Union
6067,5,4,4,1,1,1.111974216602244,Columbia
3551,5,5,5,2,1,1.111974216602244,Suwannee
314,5,3,3,1,1,1.111974216602244,Baker
3685,5,2,2,1,1,1.111974216602244,Columbia
5266,5,2,2,1,1,1.111974216602244,Union
5284,5,2,2,1,1,1.111974216602244,Union
5277,5,2,2,1,1,1.111974216602244,Union
3138,5,5,4,2,1,1.111974216602244,Suwannee
3127,5,4,4,1,1,1.111974216602244,Columbia
252,5,3,3,1,1,1.111974216602244,Baker
2336,5,3,3,1,1,1.111974216602244,Baker
932,5,4,4,1,1,1.111974216602244,Hamilton
5410,5,4,4,1,1,1.111974216602244,Union
5999,5,4,4,1,1,1.111974216602244,Union
5272,5,2,2,1,1,1.111974216602244,Union
3750,5,3,3,1,1,1.111974216602244,Columbia
2603,5,3,2,2,1,1.111974216602244,Baker
2662,5,4,4,1,1,1.111974216602244,Suwannee
2623,5,4,4,1,1,1.111974216602244,Suwannee
2083,5,4,4,1,1,1.111974216602244,Hamilton
2084,5,4,4,1,1,1.111974216602244,Hamilton
4645,5,1,1,1,1,1.111974216602244,Union
973,5,4,4,1,1,1.111974216602244,Hamilton
4840,5,4,4,1,1,1.111974216602244,Union
2979,5,4,4,1,1,1.111974216602244,Baker
2974,5,5,5,1,1,1.111974216602244,Columbia
5466,5,3,3,1,1,1.111974216602244,Union
4712,5,3,3,1,1,1.111974216602244,Union
4699,5,4,4,1,1,1.111974216602244,Columbia
4700,5,4,4,1,1,1.111974216602244,Union
3250,5,2,2,1,1,1.111974216602244,Baker
3566,5,4,4,1,1,1.111974216602244,Baker
4046,5,4,4,2,1,1.111974216602244,Suwannee
3340,5,2,2,1,1,1.111974216602244,Baker
1793,5,3,3,1,1,1.111974216602244,Columbia
694,5,4,4,1,1,1.111974216602244,Hamilton
4830,5,3,3,1,1,1.111974216602244,Union
4831,5,5,5,1,1,1.111974216602244,Union
1678,5,3,3,1,1,1.111974216602244,Baker
4397,5,3,3,1,1,1.111974216602244,Columbia
2871,5,3,3,1,1,1.111974216602244,Suwannee
4848,5,5,5,1,1,1.111974216602244,Columbia
4860,5,4,4,1,1,1.111974216602244,Union
6085,5,3,3,1,1,1.111974216602244,Columbia
357,5,3,3,1,1,1.111974216602244,Hamilton
360,5,4,4,1,1,1.111974216602244,Hamilton
3578,5,4,4,1,1,1.111974216602244,Columbia
6050,4,2,2,1,1,0.8895793732817951,Columbia
6069,4,3,3,1,1,0.8895793732817951,Columbia
6016,4,3,3,1,1,0.8895793732817951,Union
6005,4,3,3,1,1,0.8895793732817951,Union
3550,4,4,4,1,1,0.8895793732817951,Suwannee
48,4,4,4,1,1,0.8895793732817951,Baker
93,4,1,1,1,1,0.8895793732817951,Hamilton
5288,4,2,2,1,1,0.8895793732817951,Union
5282,4,4,4,1,1,0.8895793732817951,Columbia
30,4,2,2,1,1,0.8895793732817951,Baker
13,4,1,1,1,1,0.8895793732817951,Baker
1750,4,2,2,1,1,0.8895793732817951,Hamilton
4855,4,3,3,1,1,0.8895793732817951,Union
4858,4,2,2,1,1,0.8895793732817951,Union
3344,4,2,2,1,1,0.8895793732817951,Columbia
1106,4,4,4,1,1,0.8895793732817951,Columbia
5246,4,3,3,2,1,0.8895793732817951,Union
2864,4,4,3,2,1,0.8895793732817951,Baker
4059,4,2,2,1,1,0.8895793732817951,Union
4064,4,3,3,1,1,0.8895793732817951,Suwannee
3713,4,2,2,1,1,0.8895793732817951,Suwannee
5518,4,4,4,2,1,0.8895793732817951,Union
741,4,3,3,1,1,0.8895793732817951,Hamilton
5524,4,3,3,1,1,0.8895793732817951,Union
4815,4,4,4,1,1,0.8895793732817951,Union
1799,4,2,2,1,1,0.8895793732817951,Columbia
693,4,3,3,1,1,0.8895793732817951,Baker
4826,4,3,3,1,1,0.8895793732817951,Union
1191,4,2,2,1,1,0.8895793732817951,Hamilton
1193,4,4,4,1,1,0.8895793732817951,Hamilton
1183,4,2,2,1,1,0.8895793732817951,Baker
1140,4,3,3,1,1,0.8895793732817951,Baker
1143,4,3,3,2,1,0.8895793732817951,Hamilton
1131,4,3,3,1,1,0.8895793732817951,Baker
1133,4,1,1,1,1,0.8895793732817951,Hamilton
4041,4,4,4,3,1,0.8895793732817951,Columbia
130,4,3,3,1,1,0.8895793732817951,Columbia
3672,4,3,3,1,1,0.8895793732817951,Columbia
2918,4,2,2,1,1,0.8895793732817951,Columbia
2922,4,4,4,1,1,0.8895793732817951,Columbia
1119,4,2,2,1,1,0.8895793732817951,Baker
1121,4,3,3,1,1,0.8895793732817951,Baker
5307,4,2,2,1,1,0.8895793732817951,Union
1166,4,2,2,1,1,0.8895793732817951,Baker
5571,4,2,2,1,1,0.8895793732817951,Union
5572,4,4,3,2,1,0.8895793732817951,Union
5578,4,3,3,1,1,0.8895793732817951,Union
5564,4,4,4,1,1,0.8895793732817951,Union
4902,4,3,3,1,1,0.8895793732817951,Columbia
4906,4,3,3,1,1,0.8895793732817951,Union
4890,4,1,1,1,1,0.8895793732817951,Union
148,4,2,2,1,1,0.8895793732817951,Baker
5758,4,3,3,1,1,0.8895793732817951,Columbia
4368,4,4,3,2,1,0.8895793732817951,Columbia
4369,4,2,2,1,1,0.8895793732817951,Columbia
2263,4,1,1,1,1,0.8895793732817951,Baker
4506,4,2,2,1,1,0.8895793732817951,Union
4491,4,4,4,1,1,0.8895793732817951,Columbia
2276,4,2,2,1,1,0.8895793732817951,Columbia
4508,4,3,3,1,1,0.8895793732817951,Columbia
3100,4,3,3,1,1,0.8895793732817951,Columbia
3101,4,4,4,1,1,0.8895793732817951,Columbia
3856,4,3,3,1,1,0.8895793732817951,Baker
3858,4,3,3,1,1,0.8895793732817951,Columbia
5749,4,3,3,1,1,0.8895793732817951,Union
5753,4,3,3,1,1,0.8895793732817951,Union
5741,4,2,2,1,1,0.8895793732817951,Union
5745,4,2,2,1,1,0.8895793732817951,Union
5398,4,4,4,1,1,0.8895793732817951,Union
852,4,1,1,1,1,0.8895793732817951,Columbia
2404,4,3,3,1,1,0.8895793732817951,Columbia
4407,4,4,4,1,1,0.8895793732817951,Union
5884,4,3,2,2,1,0.8895793732817951,Union
5879,4,4,4,1,1,0.8895793732817951,Union
210,4,2,2,1,1,0.8895793732817951,Baker
3109,4,3,3,1,1,0.8895793732817951,Columbia
970,4,4,4,1,1,0.8895793732817951,Columbia
1392,4,3,3,1,1,0.8895793732817951,Columbia
5393,4,2,2,1,1,0.8895793732817951,Union
5394,4,3,3,1,1,0.8895793732817951,Columbia
933,4,1,1,1,1,0.8895793732817951,Hamilton
936,4,3,3,1,1,0.8895793732817951,Hamilton
938,4,4,4,1,1,0.8895793732817951,Hamilton
5397,4,4,4,1,1,0.8895793732817951,Columbia
5114,4,4,4,1,1,0.8895793732817951,Suwannee
5986,4,3,3,1,1,0.8895793732817951,Union
5974,4,2,2,1,1,0.8895793732817951,Union
5976,4,4,4,1,1,0.8895793732817951,Union
81,4,2,2,1,1,0.8895793732817951,Hamilton
2229,4,2,2,1,1,0.8895793732817951,Hamilton
2221,4,2,2,1,1,0.8895793732817951,Baker
2187,4,4,4,1,1,0.8895793732817951,Suwannee
2470,4,4,4,1,1,0.8895793732817951,Baker
2460,4,2,2,1,1,0.8895793732817951,Columbia
5373,4,2,2,1,1,0.8895793732817951,Union
5376,4,3,3,1,1,0.8895793732817951,Union
1360,4,3,3,1,1,0.8895793732817951,Baker
1361,4,1,1,1,1,0.8895793732817951,Baker
5106,4,3,3,1,1,0.8895793732817951,Union
1324,4,3,3,1,1,0.8895793732817951,Columbia
4476,4,4,4,1,1,0.8895793732817951,Union
3122,4,4,4,1,1,0.8895793732817951,Columbia
4384,4,2,2,1,1,0.8895793732817951,Union
4374,4,3,3,1,1,0.8895793732817951,Columbia
2451,4,4,4,1,1,0.8895793732817951,Suwannee
2452,4,3,3,1,1,0.8895793732817951,Suwannee
2455,4,4,4,1,1,0.8895793732817951,Columbia
2443,4,2,2,1,1,0.8895793732817951,Baker
4499,4,4,4,1,1,0.8895793732817951,Union
532,4,3,3,1,1,0.8895793732817951,Hamilton
528,4,1,1,1,1,0.8895793732817951,Columbia
5700,4,2,2,1,1,0.8895793732817951,Union
5705,4,1,1,1,1,0.8895793732817951,Union
465,4,2,2,1,1,0.8895793732817951,Hamilton
5729,4,4,4,1,1,0.8895793732817951,Union
4461,4,3,3,1,1,0.8895793732817951,Union
1353,4,3,3,1,1,0.8895793732817951,Columbia
1339,4,3,3,1,1,0.8895793732817951,Hamilton
1334,4,3,3,1,1,0.8895793732817951,Columbia
1347,4,3,3,1,1,0.8895793732817951,Hamilton
989,4,4,4,1,1,0.8895793732817951,Hamilton
1479,4,3,3,1,1,0.8895793732817951,Columbia
3830,4,2,2,1,1,0.8895793732817951,Suwannee
4544,4,3,3,1,1,0.8895793732817951,Union
3878,4,4,4,1,1,0.8895793732817951,Suwannee
3868,4,1,1,1,1,0.8895793732817951,Baker
3055,4,3,3,1,1,0.8895793732817951,Columbia
3887,4,1,1,1,1,0.8895793732817951,Baker
3082,4,2,2,1,1,0.8895793732817951,Columbia
3905,4,3,3,1,1,0.8895793732817951,Baker
3891,4,3,3,1,1,0.8895793732817951,Columbia
1352,4,3,3,1,1,0.8895793732817951,Columbia
3456,4,2,2,1,1,0.8895793732817951,Columbia
3458,4,3,3,1,1,0.8895793732817951,Suwannee
3443,4,3,3,1,1,0.8895793732817951,Columbia
5990,4,4,4,1,1,0.8895793732817951,Union
472,4,4,4,1,1,0.8895793732817951,Baker
2412,4,3,3,1,1,0.8895793732817951,Columbia
481,4,4,4,1,1,0.8895793732817951,Hamilton
468,4,3,3,1,1,0.8895793732817951,Hamilton
2188,4,3,3,1,1,0.8895793732817951,Columbia
5008,4,4,4,1,1,0.8895793732817951,Union
1477,4,3,3,1,1,0.8895793732817951,Columbia
861,4,2,2,1,1,0.8895793732817951,Baker
863,4,3,3,1,1,0.8895793732817951,Hamilton
5019,4,3,3,1,1,0.8895793732817951,Union
5026,4,3,3,1,1,0.8895793732817951,Columbia
3451,4,3,3,1,1,0.8895793732817951,Suwannee
2531,4,4,4,1,1,0.8895793732817951,Columbia
2532,4,2,2,1,1,0.8895793732817951,Columbia
4317,4,3,3,1,1,0.8895793732817951,Columbia
582,4,4,4,1,1,0.8895793732817951,Hamilton
585,4,3,3,1,1,0.8895793732817951,Hamilton
5902,4,4,4,1,1,0.8895793732817951,Union
219,4,3,3,1,1,0.8895793732817951,Hamilton
3824,4,2,2,1,1,0.8895793732817951,Suwannee
2446,4,1,1,1,1,0.8895793732817951,Columbia
4358,4,3,3,1,1,0.8895793732817951,Union
401,4,2,2,1,1,0.8895793732817951,Hamilton
456,4,1,1,1,1,0.8895793732817951,Hamilton
457,4,2,2,1,1,0.8895793732817951,Hamilton
404,4,3,3,1,1,0.8895793732817951,Hamilton
409,4,2,2,1,1,0.8895793732817951,Baker
4306,4,3,3,1,1,0.8895793732817951,Suwannee
984,4,2,2,1,1,0.8895793732817951,Hamilton
949,4,3,3,1,1,0.8895793732817951,Columbia
1001,4,3,3,1,1,0.8895793732817951,Hamilton
913,4,3,3,1,1,0.8895793732817951,Hamilton
4316,4,3,3,1,1,0.8895793732817951,Union
2506,4,3,3,1,1,0.8895793732817951,Columbia
4345,4,3,3,1,1,0.8895793732817951,Union
4332,4,3,3,1,1,0.8895793732817951,Suwannee
4531,4,2,2,1,1,0.8895793732817951,Union
4526,4,4,4,1,1,0.8895793732817951,Suwannee
2162,4,2,2,1,1,0.8895793732817951,Suwannee
4553,4,2,2,1,1,0.8895793732817951,Union
2165,4,2,2,1,1,0.8895793732817951,Hamilton
496,4,3,3,1,1,0.8895793732817951,Hamilton
552,4,2,2,1,1,0.8895793732817951,Baker
541,4,2,2,1,1,0.8895793732817951,Hamilton
1498,4,3,3,1,1,0.8895793732817951,Hamilton
217,4,4,4,1,1,0.8895793732817951,Columbia
2129,4,3,3,1,1,0.8895793732817951,Hamilton
2138,4,2,2,1,1,0.8895793732817951,Columbia
2095,4,1,1,1,1,0.8895793732817951,Baker
591,4,2,2,1,1,0.8895793732817951,Hamilton
593,4,1,1,1,1,0.8895793732817951,Hamilton
5636,4,3,3,1,1,0.8895793732817951,Union
267,4,3,3,1,1,0.8895793732817951,Baker
2541,4,3,3,1,1,0.8895793732817951,Columbia
2547,4,3,3,1,1,0.8895793732817951,Columbia
2553,4,3,3,1,1,0.8895793732817951,Suwannee
431,4,4,3,2,1,0.8895793732817951,Hamilton
2530,4,4,4,1,1,0.8895793732817951,Suwannee
2518,4,3,3,1,1,0.8895793732817951,Baker
435,4,4,4,1,1,0.8895793732817951,Hamilton
1509,4,3,3,1,1,0.8895793732817951,Columbia
5418,4,1,1,1,1,0.8895793732817951,Union
4311,4,2,2,1,1,0.8895793732817951,Union
3032,4,3,3,1,1,0.8895793732817951,Baker
2988,4,3,3,1,1,0.8895793732817951,Columbia
2993,4,1,1,1,1,0.8895793732817951,Columbia
3040,4,2,2,1,1,0.8895793732817951,Suwannee
287,4,2,2,1,1,0.8895793732817951,Hamilton
3636,4,3,3,1,1,0.8895793732817951,Baker
3638,4,4,4,1,1,0.8895793732817951,Columbia
1511,4,4,4,1,1,0.8895793732817951,Baker
1501,4,3,3,1,1,0.8895793732817951,Columbia
1506,4,2,2,1,1,0.8895793732817951,Columbia
1471,4,3,3,1,1,0.8895793732817951,Hamilton
1466,4,3,3,1,1,0.8895793732817951,Baker
1453,4,3,3,1,1,0.8895793732817951,Columbia
5802,4,2,2,1,1,0.8895793732817951,Columbia
3802,4,3,2,2,1,0.8895793732817951,Suwannee
3787,4,3,3,1,1,0.8895793732817951,Columbia
3791,4,2,2,1,1,0.8895793732817951,Suwannee
3157,4,4,4,1,1,0.8895793732817951,Baker
1480,4,1,1,1,1,0.8895793732817951,Baker
850,4,3,3,1,1,0.8895793732817951,Baker
5440,4,3,3,1,1,0.8895793732817951,Union
5145,4,3,3,1,1,0.8895793732817951,Union
5134,4,3,3,1,1,0.8895793732817951,Union
1027,4,2,2,1,1,0.8895793732817951,Hamilton
1260,4,4,4,1,1,0.8895793732817951,Baker
5155,4,4,4,1,1,0.8895793732817951,Columbia
5157,4,2,2,1,1,0.8895793732817951,Union
5339,4,2,1,1,2,0.8895793732817951,Columbia;Union
5786,4,2,2,1,1,0.8895793732817951,Columbia
568,4,3,3,1,1,0.8895793732817951,Baker
5791,4,2,2,1,1,0.8895793732817951,Union
5968,4,3,3,1,1,0.8895793732817951,Union
1318,4,3,3,1,1,0.8895793732817951,Columbia
1321,4,3,3,1,1,0.8895793732817951,Hamilton
1312,4,3,3,1,1,0.8895793732817951,Baker
1314,4,3,3,1,1,0.8895793732817951,Columbia
1300,4,4,4,1,1,0.8895793732817951,Hamilton
4556,4,3,3,1,1,0.8895793732817951,Suwannee
2171,4,2,2,1,1,0.8895793732817951,Columbia
2172,4,4,4,1,1,0.8895793732817951,Baker
2174,4,2,2,1,1,0.8895793732817951,Columbia
5672,4,3,3,1,1,0.8895793732817951,Union
4572,4,3,3,1,1,0.8895793732817951,Columbia
572,4,2,2,1,1,0.8895793732817951,Hamilton
573,4,3,3,1,1,0.8895793732817951,Baker
603,4,4,3,2,1,0.8895793732817951,Hamilton
1561,4,4,4,1,1,0.8895793732817951,Baker
1552,4,3,3,1,1,0.8895793732817951,Columbia
1554,4,1,1,1,1,0.8895793732817951,Columbia
4964,4,4,4,1,1,0.8895793732817951,Union
1534,4,3,3,1,1,0.8895793732817951,Hamilton
1516,4,3,3,1,1,0.8895793732817951,Baker
5425,4,2,2,1,1,0.8895793732817951,Union
249,4,4,4,1,1,0.8895793732817951,Hamilton
1242,4,4,4,1,1,0.8895793732817951,Baker
3597,4,3,3,1,1,0.8895793732817951,Baker
3600,4,4,4,1,1,0.8895793732817951,Columbia
3613,4,4,4,1,1,0.8895793732817951,Columbia
3615,4,4,4,1,1,0.8895793732817951,Columbia
3617,4,2,2,1,1,0.8895793732817951,Baker
3625,4,3,3,1,1,0.8895793732817951,Baker
4270,4,3,3,1,1,0.8895793732817951,Columbia
2594,4,3,3,1,1,0.8895793732817951,Columbia
4275,4,2,2,1,1,0.8895793732817951,Union
298,4,2,2,1,1,0.8895793732817951,Hamilton
3005,4,3,3,1,1,0.8895793732817951,Columbia
243,4,3,3,1,1,0.8895793732817951,Hamilton
245,4,4,4,1,1,0.8895793732817951,Hamilton
247,4,2,2,1,1,0.8895793732817951,Hamilton
5428,4,3,3,1,1,0.8895793732817951,Union
1543,4,3,3,1,1,0.8895793732817951,Columbia
1545,4,4,4,1,1,0.8895793732817951,Hamilton
4979,4,2,2,1,1,0.8895793732817951,Union
4980,4,3,3,1,1,0.8895793732817951,Union
4971,4,3,3,1,1,0.8895793732817951,Union
1540,4,2,2,1,1,0.8895793732817951,Columbia
1541,4,2,2,1,1,0.8895793732817951,Columbia
3226,4,3,3,1,1,0.8895793732817951,Columbia
3780,4,1,1,1,1,0.8895793732817951,Columbia
3186,4,2,2,1,1,0.8895793732817951,Columbia
3235,4,3,3,1,1,0.8895793732817951,Columbia
3236,4,2,2,1,1,0.8895793732817951,Columbia
3231,4,3,3,1,1,0.8895793732817951,Columbia
3221,4,3,3,1,1,0.8895793732817951,Baker
3194,4,3,3,1,1,0.8895793732817951,Columbia
419,4,2,2,1,1,0.8895793732817951,Hamilton
422,4,2,2,1,1,0.8895793732817951,Hamilton
412,4,3,3,1,1,0.8895793732817951,Hamilton
4228,4,1,1,1,1,0.8895793732817951,Union
4229,4,2,2,1,1,0.8895793732817951,Suwannee
4225,4,2,2,1,1,0.8895793732817951,Union
2658,4,3,3,1,1,0.8895793732817951,Suwannee
2649,4,2,2,1,1,0.8895793732817951,Baker
3918,4,4,4,1,1,0.8895793732817951,Columbia
3015,4,2,2,1,1,0.8895793732817951,Baker
3924,4,2,2,1,1,0.8895793732817951,Columbia
4247,4,4,4,1,1,0.8895793732817951,Suwannee
4248,4,4,4,2,1,0.8895793732817951,Columbia
4249,4,2,2,1,1,0.8895793732817951,Columbia
2630,4,3,3,1,1,0.8895793732817951,Suwannee
414,4,2,2,1,1,0.8895793732817951,Hamilton
5426,4,1,1,1,1,0.8895793732817951,Union
867,4,4,4,1,1,0.8895793732817951,Hamilton
5469,4,3,3,1,1,0.8895793732817951,Union
5472,4,2,2,1,1,0.8895793732817951,Union
2116,4,3,3,1,1,0.8895793732817951,Hamilton
2117,4,4,4,1,1,0.8895793732817951,Columbia
5978,4,2,2,1,1,0.8895793732817951,Union
3917,4,4,4,1,1,0.8895793732817951,Columbia
1012,4,3,3,1,1,0.8895793732817951,Hamilton
1015,4,4,4,1,1,0.8895793732817951,Columbia
1018,4,2,2,1,1,0.8895793732817951,Hamilton
975,4,2,2,1,1,0.8895793732817951,Hamilton
5628,4,2,2,1,1,0.8895793732817951,Union
4656,4,2,2,1,1,0.8895793732817951,Union
2042,4,4,4,1,1,0.8895793732817951,Columbia
2030,4,4,3,2,1,0.8895793732817951,Baker
5192,4,2,2,1,1,0.8895793732817951,Union
5194,4,3,2,2,1,0.8895793732817951,Union
5179,4,2,2,1,1,0.8895793732817951,Union
1066,4,1,1,1,1,0.8895793732817951,Hamilton
1055,4,4,4,1,1,0.8895793732817951,Baker
1045,4,3,3,1,1,0.8895793732817951,Columbia
1020,4,2,2,1,1,0.8895793732817951,Baker
1022,4,1,1,1,1,0.8895793732817951,Hamilton
4636,4,3,3,1,1,0.8895793732817951,Union
2636,4,3,3,1,1,0.8895793732817951,Baker
2665,4,3,3,1,1,0.8895793732817951,Suwannee
2616,4,2,2,1,1,0.8895793732817951,Columbia
4202,4,3,3,1,1,0.8895793732817951,Suwannee
4173,4,2,2,1,1,0.8895793732817951,Baker
4174,4,2,2,1,1,0.8895793732817951,Union
1035,4,3,3,1,1,0.8895793732817951,Hamilton
4612,4,3,3,1,1,0.8895793732817951,Union
4618,4,2,2,1,1,0.8895793732817951,Union
2090,4,4,4,1,1,0.8895793732817951,Columbia
2080,4,2,2,1,1,0.8895793732817951,Suwannee
2081,4,3,3,1,1,0.8895793732817951,Columbia
2074,4,2,2,1,1,0.8895793732817951,Columbia
4630,4,3,3,1,1,0.8895793732817951,Union
4633,4,3,3,1,1,0.8895793732817951,Columbia
1603,4,3,3,1,1,0.8895793732817951,Columbia
1604,4,4,4,1,1,0.8895793732817951,Columbia
3417,4,2,2,1,1,0.8895793732817951,Columbia
3404,4,4,3,2,1,0.8895793732817951,Columbia
3383,4,3,3,1,1,0.8895793732817951,Columbia
3398,4,3,3,1,1,0.8895793732817951,Baker
812,4,3,3,1,1,0.8895793732817951,Hamilton
4912,4,3,3,1,1,0.8895793732817951,Union
324,4,3,3,1,1,0.8895793732817951,Hamilton
327,4,1,1,1,1,0.8895793732817951,Hamilton
3977,4,2,2,1,1,0.8895793732817951,Union
391,4,2,2,1,1,0.8895793732817951,Hamilton
4713,4,4,4,1,1,0.8895793732817951,Columbia
3741,4,2,2,1,1,0.8895793732817951,Columbia
3270,4,2,2,1,1,0.8895793732817951,Columbia
3264,4,3,3,1,1,0.8895793732817951,Columbia
2667,4,3,3,1,1,0.8895793732817951,Baker
2668,4,3,3,1,1,0.8895793732817951,Suwannee
4216,4,3,3,1,1,0.8895793732817951,Columbia
2964,4,4,4,1,1,0.8895793732817951,Baker
3949,4,3,3,1,1,0.8895793732817951,Suwannee
3954,4,3,3,1,1,0.8895793732817951,Suwannee
3956,4,2,2,1,1,0.8895793732817951,Columbia
3960,4,3,3,2,1,0.8895793732817951,Columbia
4643,4,3,3,1,1,0.8895793732817951,Union
1997,4,2,2,1,1,0.8895793732817951,Baker
2006,4,2,2,1,1,0.8895793732817951,Baker
2007,4,3,3,1,1,0.8895793732817951,Hamilton
3771,4,1,1,1,1,0.8895793732817951,Columbia
1236,4,2,2,1,1,0.8895793732817951,Hamilton
2697,4,3,3,1,1,0.8895793732817951,Columbia
2686,4,2,2,1,1,0.8895793732817951,Columbia
2758,4,4,4,1,1,0.8895793732817951,Columbia
364,4,3,3,2,1,0.8895793732817951,Hamilton
2710,4,3,3,1,1,0.8895793732817951,Suwannee
5858,4,2,2,1,1,0.8895793732817951,Union
5835,4,2,2,1,1,0.8895793732817951,Union
4731,4,1,1,1,1,0.8895793732817951,Union
619,4,4,4,1,1,0.8895793732817951,Baker
622,4,3,3,1,1,0.8895793732817951,Hamilton
4176,4,2,2,1,1,0.8895793732817951,Suwannee
2725,4,1,1,1,1,0.8895793732817951,Suwannee
2747,4,3,3,1,1,0.8895793732817951,Suwannee
2748,4,4,4,1,1,0.8895793732817951,Columbia
2740,4,2,2,1,1,0.8895793732817951,Columbia
2741,4,2,2,1,1,0.8895793732817951,Columbia
2742,4,2,2,1,1,0.8895793732817951,Baker
2706,4,3,3,1,1,0.8895793732817951,Columbia
379,4,2,2,1,1,0.8895793732817951,Hamilton
382,4,2,2,1,1,0.8895793732817951,Hamilton
343,4,2,2,1,1,0.8895793732817951,Hamilton
334,4,3,3,1,1,0.8895793732817951,Hamilton
2718,4,3,3,1,1,0.8895793732817951,Baker
2719,4,3,3,1,1,0.8895793732817951,Columbia
2720,4,3,3,1,1,0.8895793732817951,Columbia
350,4,2,2,1,1,0.8895793732817951,Baker
4914,4,2,2,1,1,0.8895793732817951,Union
3725,4,3,3,1,1,0.8895793732817951,Columbia
1949,4,4,4,1,1,0.8895793732817951,Suwannee
654,4,2,2,1,1,0.8895793732817951,Baker
680,4,4,4,1,1,0.8895793732817951,Baker
1971,4,2,2,1,1,0.8895793732817951,Columbia
1965,4,3,3,1,1,0.8895793732817951,Columbia
4703,4,3,3,1,1,0.8895793732817951,Union
5590,4,4,3,2,1,0.8895793732817951,Union
5592,4,3,3,1,1,0.8895793732817951,Union
1906,4,3,3,1,1,0.8895793732817951,Columbia
4740,4,3,3,1,1,0.8895793732817951,Union
1673,4,3,3,1,1,0.8895793732817951,Columbia
1674,4,3,3,1,1,0.8895793732817951,Hamilton
4934,4,2,2,1,1,0.8895793732817951,Union
4927,4,4,4,2,1,0.8895793732817951,Union
5214,4,2,2,1,1,0.8895793732817951,Union
5314,4,4,4,1,1,0.8895793732817951,Union
5172,4,3,3,1,1,0.8895793732817951,Union
3985,4,3,3,1,1,0.8895793732817951,Suwannee
708,4,3,3,1,1,0.8895793732817951,Baker
713,4,3,3,1,1,0.8895793732817951,Baker
700,4,2,2,1,1,0.8895793732817951,Baker
701,4,1,1,1,1,0.8895793732817951,Baker
2927,4,2,2,1,1,0.8895793732817951,Baker
1136,4,3,3,1,1,0.8895793732817951,Baker
1188,4,4,4,1,1,0.8895793732817951,Baker
1204,4,3,3,1,1,0.8895793732817951,Baker
1208,4,2,2,1,1,0.8895793732817951,Hamilton
1195,4,2,2,1,1,0.8895793732817951,Hamilton
1034,4,2,2,1,1,0.8895793732817951,Hamilton
1224,4,2,2,1,1,0.8895793732817951,Baker
5605,4,3,3,1,1,0.8895793732817951,Union
1928,4,3,3,2,1,0.8895793732817951,Baker
1881,4,2,2,1,1,0.8895793732817951,Baker
1872,4,4,4,1,1,0.8895793732817951,Hamilton
189,4,3,2,2,1,0.8895793732817951,Baker
3732,4,1,1,1,1,0.8895793732817951,Baker
760,4,4,4,1,1,0.8895793732817951,Hamilton
1637,4,2,2,1,1,0.8895793732817951,Columbia
2795,4,4,4,1,1,0.8895793732817951,Suwannee
2804,4,2,2,1,1,0.8895793732817951,Columbia
4117,4,1,1,1,1,0.8895793732817951,Baker
738,4,4,3,2,1,0.8895793732817951,Baker
1792,4,3,3,1,1,0.8895793732817951,Hamilton
5562,4,4,4,1,1,0.8895793732817951,Union
5550,4,3,3,1,1,0.8895793732817951,Union
656,4,2,2,1,1,0.8895793732817951,Baker
2774,4,2,2,1,1,0.8895793732817951,Columbia
2776,4,4,4,1,1,0.8895793732817951,Baker
2763,4,4,4,1,1,0.8895793732817951,Baker
2771,4,3,3,1,1,0.8895793732817951,Suwannee
4151,4,3,3,1,1,0.8895793732817951,Suwannee
4094,4,3,2,2,1,0.8895793732817951,Columbia
4097,4,2,2,1,1,0.8895793732817951,Columbia
4088,4,2,2,1,1,0.8895793732817951,Suwannee
3280,4,4,4,1,1,0.8895793732817951,Columbia
3323,4,3,3,1,1,0.8895793732817951,Columbia
1886,4,3,3,1,1,0.8895793732817951,Baker
1877,4,4,4,1,1,0.8895793732817951,Baker
1896,4,3,3,1,1,0.8895793732817951,Baker
1835,4,2,2,1,1,0.8895793732817951,Baker
4133,4,3,3,1,1,0.8895793732817951,Suwannee
4116,4,4,4,1,1,0.8895793732817951,Columbia
782,4,3,3,1,1,0.8895793732817951,Hamilton
4932,4,3,3,1,1,0.8895793732817951,Union
751,4,4,4,1,1,0.8895793732817951,Baker
806,4,4,4,1,1,0.8895793732817951,Hamilton
5514,4,3,3,1,1,0.8895793732817951,Union
1865,4,3,3,1,1,0.8895793732817951,Columbia
1853,4,2,2,1,1,0.8895793732817951,Hamilton
1846,4,4,4,1,1,0.8895793732817951,Hamilton
5824,4,1,1,1,1,0.8895793732817951,Union
4071,4,2,2,1,1,0.8895793732817951,Suwannee
3515,4,3,3,1,1,0.8895793732817951,Baker
1149,4,4,4,1,1,0.8895793732817951,Baker
5249,4,3,3,1,1,0.8895793732817951,Union
73,4,3,3,1,1,0.8895793732817951,Baker
6080,4,2,2,1,1,0.8895793732817951,Columbia
4053,4,3,3,1,1,0.8895793732817951,Suwannee
773,4,4,4,1,1,0.8895793732817951,Baker
4835,4,3,3,1,1,0.8895793732817951,Union
4837,4,3,3,1,1,0.8895793732817951,Union
4838,4,4,4,1,1,0.8895793732817951,Columbia
4842,4,2,2,1,1,0.8895793732817951,Union
4023,4,3,3,1,1,0.8895793732817951,Columbia
5815,4,3,3,1,1,0.8895793732817951,Union
5805,4,3,3,1,1,0.8895793732817951,Union
3359,4,2,2,1,1,0.8895793732817951,Columbia
3368,4,3,3,1,1,0.8895793732817951,Columbia
3355,4,3,3,1,1,0.8895793732817951,Columbia
1722,4,3,3,1,1,0.8895793732817951,Hamilton
1731,4,4,4,1,1,0.8895793732817951,Hamilton
1684,4,2,2,1,1,0.8895793732817951,Columbia
5491,4,3,3,1,1,0.8895793732817951,Union
5484,4,3,3,1,1,0.8895793732817951,Union
1803,4,3,2,2,1,0.8895793732817951,Baker
1807,4,1,1,1,1,0.8895793732817951,Columbia
4808,4,3,3,1,1,0.8895793732817951,Union
4809,4,3,3,1,1,0.8895793732817951,Union
1812,4,3,3,1,1,0.8895793732817951,Hamilton
1780,4,3,3,1,1,0.8895793732817951,Baker
1785,4,2,2,1,1,0.8895793732817951,Hamilton
3686,4,2,2,1,1,0.8895793732817951,Columbia
4426,4,3,3,1,1,0.8895793732817951,Columbia
2366,4,1,1,1,1,0.8895793732817951,Columbia
2369,4,1,1,1,1,0.8895793732817951,Suwannee
4444,4,4,3,2,1,0.8895793732817951,Union
4447,4,3,3,1,1,0.8895793732817951,Columbia
4450,4,4,3,2,1,0.8895793732817951,Columbia
3849,4,1,1,1,1,0.8895793732817951,Union
3837,4,3,3,1,1,0.8895793732817951,Baker
1395,4,1,1,1,1,0.8895793732817951,Columbia
5095,4,2,2,1,1,0.8895793732817951,Union
5079,4,3,3,1,1,0.8895793732817951,Union
5082,4,4,4,1,1,0.8895793732817951,Union
5358,4,2,2,1,1,0.8895793732817951,Union
2285,4,4,4,1,1,0.8895793732817951,Suwannee
2352,4,3,3,1,1,0.8895793732817951,Columbia
4420,4,1,1,1,1,0.8895793732817951,Columbia
4441,4,1,1,1,1,0.8895793732817951,Columbia
4387,4,2,2,1,1,0.8895793732817951,Union
4390,4,2,2,1,1,0.8895793732817951,Suwannee
4393,4,3,3,1,1,0.8895793732817951,Union
3483,4,2,2,1,1,0.8895793732817951,Baker
3485,4,3,3,1,1,0.8895793732817951,Columbia
1388,4,2,2,1,1,0.8895793732817951,Columbia
1410,4,3,3,1,1,0.8895793732817951,Baker
5809,4,4,4,1,1,0.8895793732817951,Union
5810,4,4,4,1,1,0.8895793732817951,Union
355,4,3,3,2,1,0.8895793732817951,Hamilton
3564,4,3,3,1,1,0.8895793732817951,Columbia
3568,4,1,1,1,1,0.8895793732817951,Baker
3570,4,1,1,1,1,0.8895793732817951,Baker
6090,4,2,2,1,1,0.8895793732817951,Columbia
15,4,1,1,1,1,0.8895793732817951,Baker
3,3,3,2,2,1,0.6671845299613464,Baker
6074,3,3,3,2,1,0.6671845299613464,Columbia
6061,3,1,1,1,1,0.6671845299613464,Columbia
5273,3,2,2,2,1,0.6671845299613464,Columbia
1125,3,2,2,1,1,0.6671845299613464,Baker
1127,3,2,2,1,1,0.6671845299613464,Hamilton
6001,3,3,3,1,1,0.6671845299613464,Union
99,3,1,1,1,1,0.6671845299613464,Hamilton
100,3,2,2,2,1,0.6671845299613464,Baker
105,3,3,3,1,1,0.6671845299613464,Hamilton
92,3,2,2,1,1,0.6671845299613464,Hamilton
3587,3,1,1,1,1,0.6671845299613464,Suwannee
3589,3,1,1,1,1,0.6671845299613464,Columbia
3594,3,2,2,1,1,0.6671845299613464,Columbia
3574,3,2,2,1,1,0.6671845299613464,Columbia
6071,3,3,3,1,1,0.6671845299613464,Columbia
5347,3,2,2,1,1,0.6671845299613464,Union
5348,3,1,1,1,1,0.6671845299613464,Columbia
5350,3,3,3,1,1,0.6671845299613464,Union
5352,3,3,3,1,1,0.6671845299613464,Union
5354,3,2,2,1,1,0.6671845299613464,Union
1024,3,3,3,1,1,0.6671845299613464,Hamilton
1005,3,2,2,1,1,0.6671845299613464,Hamilton
5181,3,2,2,1,1,0.6671845299613464,Union
5163,3,3,2,2,1,0.6671845299613464,Union
1253,3,2,2,1,1,0.6671845299613464,Baker
1254,3,3,3,1,1,0.6671845299613464,Columbia
1235,3,2,2,1,1,0.6671845299613464,Hamilton
1238,3,3,3,2,1,0.6671845299613464,Hamilton
1228,3,3,3,1,1,0.6671845299613464,Columbia
1288,3,1,1,1,1,0.6671845299613464,Columbia
1272,3,2,2,1,1,0.6671845299613464,Columbia
5328,3,2,2,1,1,0.6671845299613464,Union
5161,3,2,2,1,1,0.6671845299613464,Union
5132,3,2,2,1,1,0.6671845299613464,Columbia
5964,3,2,2,2,1,0.6671845299613464,Union
3623,3,3,3,1,1,0.6671845299613464,Columbia
3624,3,2,2,1,1,0.6671845299613464,Columbia
3612,3,3,3,1,1,0.6671845299613464,Baker
3530,3,2,2,1,1,0.6671845299613464,Columbia
1368,3,3,3,1,1,0.6671845299613464,Baker
910,3,2,2,1,1,0.6671845299613464,Baker
5383,3,3,3,1,1,0.6671845299613464,Union
5384,3,2,2,1,1,0.6671845299613464,Columbia
945,3,2,2,1,1,0.6671845299613464,Hamilton
994,3,2,2,1,1,0.6671845299613464,Hamilton
1294,3,2,2,1,1,0.6671845299613464,Columbia
5324,3,3,3,1,1,0.6671845299613464,Union
373,3,2,2,1,1,0.6671845299613464,Hamilton
374,3,3,3,1,1,0.6671845299613464,Hamilton
365,3,2,2,1,1,0.6671845299613464,Baker
2700,3,2,2,1,1,0.6671845299613464,Columbia
2704,3,2,2,1,1,0.6671845299613464,Suwannee
2751,3,2,2,1,1,0.6671845299613464,Suwannee
2745,3,2,2,1,1,0.6671845299613464,Baker
2733,3,3,3,1,1,0.6671845299613464,Suwannee
2937,3,3,3,1,1,0.6671845299613464,Baker
2923,3,2,2,1,1,0.6671845299613464,Columbia
3976,3,2,2,1,1,0.6671845299613464,Baker
5859,3,2,2,1,1,0.6671845299613464,Union
5863,3,3,3,1,1,0.6671845299613464,Union
5853,3,3,3,1,1,0.6671845299613464,Columbia
5848,3,3,3,1,1,0.6671845299613464,Columbia
5838,3,3,3,1,1,0.6671845299613464,Union
4123,3,1,1,1,1,0.6671845299613464,Suwannee
4126,3,2,2,1,1,0.6671845299613464,Columbia
4115,3,2,2,1,1,0.6671845299613464,Columbia
3993,3,3,3,1,1,0.6671845299613464,Suwannee
3994,3,2,2,1,1,0.6671845299613464,Columbia
2949,3,3,3,1,1,0.6671845299613464,Baker
2942,3,2,2,1,1,0.6671845299613464,Columbia
2931,3,2,2,1,1,0.6671845299613464,Columbia
4106,3,2,2,1,1,0.6671845299613464,Baker
4075,3,3,3,1,1,0.6671845299613464,Baker
4168,3,2,2,2,1,0.6671845299613464,Columbia
4161,3,2,2,1,1,0.6671845299613464,Suwannee
4154,3,3,3,1,1,0.6671845299613464,Suwannee
2781,3,3,3,1,1,0.6671845299613464,Suwannee
2769,3,1,1,1,1,0.6671845299613464,Columbia
2770,3,1,1,1,1,0.6671845299613464,Baker
4206,3,2,2,1,1,0.6671845299613464,Columbia
2681,3,2,2,1,1,0.6671845299613464,Suwannee
2674,3,2,2,1,1,0.6671845299613464,Columbia
4200,3,3,3,1,1,0.6671845299613464,Columbia
4201,3,2,2,1,1,0.6671845299613464,Union
4185,3,2,2,2,1,0.6671845299613464,Columbia
2619,3,3,3,1,1,0.6671845299613464,Columbia
2620,3,2,2,1,1,0.6671845299613464,Columbia
3955,3,2,2,1,1,0.6671845299613464,Columbia
2981,3,2,2,1,1,0.6671845299613464,Baker
2985,3,3,3,1,1,0.6671845299613464,Suwannee
2977,3,2,2,1,1,0.6671845299613464,Columbia
2970,3,3,3,1,1,0.6671845299613464,Columbia
2955,3,3,3,1,1,0.6671845299613464,Suwannee
2956,3,1,1,1,1,0.6671845299613464,Columbia
4213,3,2,2,1,1,0.6671845299613464,Union
332,3,3,3,1,1,0.6671845299613464,Hamilton
338,3,3,2,2,1,0.6671845299613464,Hamilton
389,3,3,3,1,1,0.6671845299613464,Hamilton
380,3,2,2,1,1,0.6671845299613464,Hamilton
319,3,2,2,1,1,0.6671845299613464,Hamilton
312,3,2,2,1,1,0.6671845299613464,Hamilton
3978,3,2,2,1,1,0.6671845299613464,Suwannee
3963,3,3,3,1,1,0.6671845299613464,Baker
2734,3,3,3,1,1,0.6671845299613464,Baker
2738,3,1,1,1,1,0.6671845299613464,Columbia
4163,3,1,1,1,1,0.6671845299613464,Suwannee
4177,3,3,3,1,1,0.6671845299613464,Union
2729,3,3,3,1,1,0.6671845299613464,Baker
2715,3,2,2,1,1,0.6671845299613464,Suwannee
2721,3,3,3,1,1,0.6671845299613464,Suwannee
352,3,3,3,1,1,0.6671845299613464,Hamilton
241,3,3,3,1,1,0.6671845299613464,Hamilton
283,3,3,3,1,1,0.6671845299613464,Hamilton
4296,3,2,2,1,1,0.6671845299613464,Columbia
4298,3,2,2,1,1,0.6671845299613464,Union
2596,3,2,2,1,1,0.6671845299613464,Baker
2581,3,3,3,1,1,0.6671845299613464,Columbia
2582,3,1,1,1,1,0.6671845299613464,Baker
5800,3,2,2,1,1,0.6671845299613464,Union
4257,3,3,3,1,1,0.6671845299613464,Suwannee
4246,3,1,1,1,1,0.6671845299613464,Suwannee
4237,3,2,2,1,1,0.6671845299613464,Suwannee
2632,3,3,3,1,1,0.6671845299613464,Columbia
2634,3,3,3,1,1,0.6671845299613464,Columbia
3926,3,2,2,1,1,0.6671845299613464,Baker
248,3,2,2,1,1,0.6671845299613464,Hamilton
238,3,1,1,1,1,0.6671845299613464,Hamilton
411,3,2,2,1,1,0.6671845299613464,Hamilton
415,3,2,2,1,1,0.6671845299613464,Hamilton
2571,3,3,3,1,1,0.6671845299613464,Suwannee
2576,3,3,3,1,1,0.6671845299613464,Baker
4263,3,3,3,1,1,0.6671845299613464,Columbia
4264,3,2,2,1,1,0.6671845299613464,Union
4265,3,3,3,1,1,0.6671845299613464,Union
4253,3,3,3,1,1,0.6671845299613464,Union
2605,3,1,1,1,1,0.6671845299613464,Suwannee
2610,3,3,3,1,1,0.6671845299613464,Suwannee
2652,3,3,3,1,1,0.6671845299613464,Baker
2656,3,1,1,1,1,0.6671845299613464,Columbia
2640,3,3,3,1,1,0.6671845299613464,Suwannee
4222,3,2,2,1,1,0.6671845299613464,Columbia
420,3,3,3,1,1,0.6671845299613464,Hamilton
425,3,2,2,1,1,0.6671845299613464,Hamilton
4300,3,1,1,1,1,0.6671845299613464,Columbia
4303,3,2,2,1,1,0.6671845299613464,Columbia
4304,3,3,3,1,1,0.6671845299613464,Columbia
2533,3,2,2,1,1,0.6671845299613464,Columbia
2523,3,3,3,1,1,0.6671845299613464,Suwannee
407,3,2,2,1,1,0.6671845299613464,Hamilton
398,3,3,3,1,1,0.6671845299613464,Hamilton
402,3,1,1,1,1,0.6671845299613464,Hamilton
3043,3,1,1,1,1,0.6671845299613464,Columbia
3046,3,2,2,1,1,0.6671845299613464,Baker
3038,3,3,3,1,1,0.6671845299613464,Columbia
3028,3,2,2,1,1,0.6671845299613464,Baker
3030,3,2,2,1,1,0.6671845299613464,Columbia
3031,3,2,2,1,1,0.6671845299613464,Columbia
3910,3,3,3,1,1,0.6671845299613464,Columbia
4299,3,2,2,1,1,0.6671845299613464,Columbia
2546,3,3,3,2,1,0.6671845299613464,Columbia
4293,3,3,3,1,1,0.6671845299613464,Suwannee
4294,3,2,2,1,1,0.6671845299613464,Suwannee
288,3,3,3,1,1,0.6671845299613464,Hamilton
268,3,2,2,1,1,0.6671845299613464,Baker
273,3,1,1,1,1,0.6671845299613464,Baker
274,3,3,3,2,1,0.6671845299613464,Hamilton
2997,3,2,2,1,1,0.6671845299613464,Suwannee
446,3,2,2,1,1,0.6671845299613464,Hamilton
428,3,3,3,1,1,0.6671845299613464,Hamilton
2515,3,3,3,1,1,0.6671845299613464,Baker
2517,3,2,2,1,1,0.6671845299613464,Baker
2548,3,3,3,1,1,0.6671845299613464,Suwannee
2551,3,1,1,1,1,0.6671845299613464,Baker
2554,3,3,3,1,1,0.6671845299613464,Columbia
2543,3,3,3,1,1,0.6671845299613464,Baker
2415,3,1,1,1,1,0.6671845299613464,Suwannee
2416,3,3,3,1,1,0.6671845299613464,Columbia
2417,3,2,2,1,1,0.6671845299613464,Columbia
2418,3,3,3,1,1,0.6671845299613464,Baker
2473,3,2,2,1,1,0.6671845299613464,Columbia
2462,3,1,1,1,1,0.6671845299613464,Columbia
2464,3,2,2,1,1,0.6671845299613464,Columbia
2465,3,1,1,1,1,0.6671845299613464,Columbia
3881,3,2,2,1,1,0.6671845299613464,Suwannee
3867,3,3,3,1,1,0.6671845299613464,Union
3869,3,2,2,1,1,0.6671845299613464,Union
3870,3,3,3,1,1,0.6671845299613464,Union
3871,3,2,2,1,1,0.6671845299613464,Union
482,3,2,2,1,1,0.6671845299613464,Hamilton
469,3,3,3,1,1,0.6671845299613464,Hamilton
2424,3,2,2,1,1,0.6671845299613464,Columbia
2482,3,2,2,1,1,0.6671845299613464,Columbia
3913,3,3,3,1,1,0.6671845299613464,Suwannee
3903,3,3,3,1,1,0.6671845299613464,Columbia
3885,3,3,3,1,1,0.6671845299613464,Suwannee
3081,3,2,2,1,1,0.6671845299613464,Columbia
3060,3,1,1,1,1,0.6671845299613464,Baker
3058,3,1,1,1,1,0.6671845299613464,Columbia
3877,3,3,3,1,1,0.6671845299613464,Suwannee
455,3,2,2,1,1,0.6671845299613464,Hamilton
444,3,2,2,1,1,0.6671845299613464,Hamilton
2448,3,2,2,1,1,0.6671845299613464,Baker
4357,3,3,3,1,1,0.6671845299613464,Union
4341,3,3,3,1,1,0.6671845299613464,Union
4334,3,3,3,1,1,0.6671845299613464,Union
4336,3,1,1,1,1,0.6671845299613464,Union
2493,3,3,3,1,1,0.6671845299613464,Columbia
2379,3,3,3,1,1,0.6671845299613464,Columbia
2381,3,2,2,1,1,0.6671845299613464,Columbia
2382,3,2,2,1,1,0.6671845299613464,Baker
2375,3,2,2,1,1,0.6671845299613464,Suwannee
2377,3,3,3,1,1,0.6671845299613464,Hamilton
2363,3,2,2,1,1,0.6671845299613464,Suwannee
2365,3,1,1,1,1,0.6671845299613464,Columbia
2361,3,1,1,1,1,0.6671845299613464,Columbia
259,3,3,3,1,1,0.6671845299613464,Hamilton
4413,3,3,3,1,1,0.6671845299613464,Union
4418,3,3,3,1,1,0.6671845299613464,Suwannee
4406,3,1,1,1,1,0.6671845299613464,Columbia
4395,3,2,2,1,1,0.6671845299613464,Columbia
4396,3,1,1,1,1,0.6671845299613464,Columbia
2408,3,2,2,1,1,0.6671845299613464,Suwannee
2398,3,3,3,1,1,0.6671845299613464,Suwannee
5752,3,2,2,1,1,0.6671845299613464,Columbia
3873,3,2,2,1,1,0.6671845299613464,Union
3859,3,2,2,1,1,0.6671845299613464,Baker
3852,3,3,3,1,1,0.6671845299613464,Columbia
3103,3,3,3,1,1,0.6671845299613464,Columbia
206,3,2,2,2,1,0.6671845299613464,Hamilton
209,3,1,1,1,1,0.6671845299613464,Columbia
5886,3,3,3,1,2,0.6671845299613464,Columbia;Union
2454,3,2,2,1,1,0.6671845299613464,Columbia
4379,3,2,2,1,1,0.6671845299613464,Columbia
4383,3,3,3,1,1,0.6671845299613464,Union
4385,3,2,2,1,1,0.6671845299613464,Union
4376,3,2,2,1,1,0.6671845299613464,Columbia
2436,3,2,2,1,1,0.6671845299613464,Columbia
5765,3,1,1,1,1,0.6671845299613464,Columbia
5759,3,2,2,1,1,0.6671845299613464,Columbia
4484,3,3,3,1,1,0.6671845299613464,Columbia
4481,3,1,1,1,1,0.6671845299613464,Union
4468,3,2,2,1,1,0.6671845299613464,Union
4470,3,3,3,1,1,0.6671845299613464,Union
4465,3,2,2,1,1,0.6671845299613464,Union
2312,3,1,1,1,1,0.6671845299613464,Suwannee
2291,3,3,3,1,1,0.6671845299613464,Columbia
459,3,2,2,1,1,0.6671845299613464,Hamilton
3087,3,1,1,1,1,0.6671845299613464,Columbia
3140,3,2,2,1,1,0.6671845299613464,Columbia
3146,3,1,1,1,1,0.6671845299613464,Columbia
3136,3,3,3,2,1,0.6671845299613464,Columbia
3129,3,3,3,1,1,0.6671845299613464,Columbia
3116,3,3,3,1,1,0.6671845299613464,Suwannee
3119,3,3,3,1,1,0.6671845299613464,Columbia
3844,3,2,2,2,1,0.6671845299613464,Suwannee
2333,3,3,3,1,1,0.6671845299613464,Columbia
2334,3,3,3,1,1,0.6671845299613464,Baker
2337,3,2,2,1,1,0.6671845299613464,Suwannee
2325,3,2,2,1,1,0.6671845299613464,Suwannee
4452,3,1,1,1,1,0.6671845299613464,Suwannee
251,3,3,3,1,1,0.6671845299613464,Baker
257,3,2,2,1,1,0.6671845299613464,Hamilton
3092,3,2,2,1,1,0.6671845299613464,Baker
4425,3,3,3,1,1,0.6671845299613464,Union
4412,3,1,1,1,1,0.6671845299613464,Columbia
5718,3,3,3,1,1,0.6671845299613464,Union
5712,3,3,3,1,1,0.6671845299613464,Union
2292,3,3,3,1,1,0.6671845299613464,Baker
2298,3,2,2,1,1,0.6671845299613464,Columbia
2287,3,2,2,1,1,0.6671845299613464,Columbia
2343,3,3,3,1,1,0.6671845299613464,Columbia
234,3,3,3,1,1,0.6671845299613464,Hamilton
5685,3,3,3,1,1,0.6671845299613464,Union
5677,3,3,3,1,1,0.6671845299613464,Union
5682,3,3,3,1,1,0.6671845299613464,Union
563,3,1,1,1,1,0.6671845299613464,Hamilton
555,3,3,3,1,1,0.6671845299613464,Hamilton
4560,3,3,3,1,1,0.6671845299613464,Columbia
588,3,2,2,1,1,0.6671845299613464,Baker
2177,3,3,3,1,1,0.6671845299613464,Columbia
2163,3,3,2,2,1,0.6671845299613464,Suwannee
4542,3,3,3,1,1,0.6671845299613464,Union
4543,3,2,2,1,1,0.6671845299613464,Union
2211,3,2,2,1,1,0.6671845299613464,Baker
3166,3,3,3,1,1,0.6671845299613464,Columbia
5919,3,2,2,1,1,0.6671845299613464,Columbia
5905,3,2,2,1,1,0.6671845299613464,Columbia
2210,3,2,2,1,1,0.6671845299613464,Hamilton
2196,3,3,3,1,1,0.6671845299613464,Suwannee
2197,3,1,1,1,1,0.6671845299613464,Hamilton
2199,3,3,3,1,1,0.6671845299613464,Baker
2202,3,3,3,1,1,0.6671845299613464,Suwannee
2240,3,2,2,1,1,0.6671845299613464,Suwannee
506,3,3,3,1,1,0.6671845299613464,Hamilton
493,3,2,2,1,1,0.6671845299613464,Hamilton
461,3,2,2,1,1,0.6671845299613464,Hamilton
5737,3,3,3,1,1,0.6671845299613464,Union
5738,3,2,2,1,1,0.6671845299613464,Union
524,3,1,1,1,1,0.6671845299613464,Hamilton
4495,3,3,3,1,1,0.6671845299613464,Columbia
2282,3,2,2,1,1,0.6671845299613464,Columbia
2259,3,3,3,1,1,0.6671845299613464,Columbia
2260,3,2,2,1,1,0.6671845299613464,Columbia
3203,3,3,3,1,1,0.6671845299613464,Columbia
4596,3,2,2,1,1,0.6671845299613464,Suwannee
4591,3,3,3,1,1,0.6671845299613464,Columbia
2121,3,2,2,1,1,0.6671845299613464,Baker
5645,3,3,3,1,1,0.6671845299613464,Union
614,3,1,1,1,1,0.6671845299613464,Columbia
617,3,2,2,1,1,0.6671845299613464,Hamilton
604,3,2,2,1,1,0.6671845299613464,Hamilton
3817,3,3,3,1,1,0.6671845299613464,Baker
3803,3,1,1,1,1,0.6671845299613464,Columbia
3804,3,1,1,1,1,0.6671845299613464,Columbia
3807,3,2,2,1,1,0.6671845299613464,Columbia
3808,3,1,1,1,1,0.6671845299613464,Columbia
3809,3,1,1,1,1,0.6671845299613464,Baker
3800,3,3,3,1,1,0.6671845299613464,Suwannee
3801,3,2,2,1,1,0.6671845299613464,Suwannee
2127,3,2,2,1,1,0.6671845299613464,Suwannee
2128,3,3,3,1,1,0.6671845299613464,Suwannee
5696,3,2,2,1,1,0.6671845299613464,Union
215,3,1,1,1,1,0.6671845299613464,Hamilton
204,3,2,2,1,1,0.6671845299613464,Hamilton
3160,3,2,2,1,1,0.6671845299613464,Baker
3814,3,2,2,1,1,0.6671845299613464,Baker
3816,3,3,3,2,1,0.6671845299613464,Columbia
592,3,2,2,1,1,0.6671845299613464,Hamilton
5637,3,2,2,1,1,0.6671845299613464,Union
2099,3,2,2,1,1,0.6671845299613464,Suwannee
2106,3,3,3,1,1,0.6671845299613464,Hamilton
2131,3,2,2,1,1,0.6671845299613464,Baker
2132,3,3,3,1,1,0.6671845299613464,Baker
2135,3,3,3,1,1,0.6671845299613464,Columbia
2125,3,3,3,1,1,0.6671845299613464,Columbia
629,3,3,3,1,1,0.6671845299613464,Hamilton
632,3,2,2,1,1,0.6671845299613464,Hamilton
633,3,3,3,1,1,0.6671845299613464,Baker
2057,3,2,2,1,1,0.6671845299613464,Hamilton
2044,3,1,1,1,1,0.6671845299613464,Baker
2050,3,3,3,1,1,0.6671845299613464,Columbia
2037,3,3,3,1,1,0.6671845299613464,Baker
1966,3,2,2,1,1,0.6671845299613464,Baker
3779,3,1,1,1,1,0.6671845299613464,Columbia
3782,3,2,2,1,1,0.6671845299613464,Columbia
3783,3,3,3,1,1,0.6671845299613464,Columbia
3772,3,2,2,1,1,0.6671845299613464,Suwannee
3766,3,2,2,1,1,0.6671845299613464,Columbia
638,3,2,2,1,1,0.6671845299613464,Baker
639,3,3,3,2,1,0.6671845299613464,Hamilton
627,3,1,1,1,1,0.6671845299613464,Baker
4631,3,3,3,1,1,0.6671845299613464,Columbia
4634,3,2,2,1,1,0.6671845299613464,Union
2068,3,2,2,1,1,0.6671845299613464,Baker
2060,3,2,1,2,1,0.6671845299613464,Baker
2064,3,2,2,1,1,0.6671845299613464,Suwannee
3210,3,2,2,1,1,0.6671845299613464,Baker
3193,3,1,1,1,1,0.6671845299613464,Columbia
3224,3,2,2,1,1,0.6671845299613464,Columbia
605,3,3,3,1,1,0.6671845299613464,Columbia
606,3,2,2,1,1,0.6671845299613464,Baker
609,3,2,2,1,1,0.6671845299613464,Baker
610,3,3,3,2,1,0.6671845299613464,Hamilton
4650,3,3,3,1,1,0.6671845299613464,Columbia
4639,3,2,2,1,1,0.6671845299613464,Union
4641,3,3,3,1,1,0.6671845299613464,Union
4628,3,3,3,1,1,0.6671845299613464,Union
4701,3,2,2,1,1,0.6671845299613464,Union
4691,3,3,3,1,1,0.6671845299613464,Union
1992,3,3,3,1,1,0.6671845299613464,Suwannee
1981,3,3,3,1,1,0.6671845299613464,Columbia
1977,3,2,2,1,1,0.6671845299613464,Hamilton
679,3,2,2,1,1,0.6671845299613464,Hamilton
664,3,3,3,1,1,0.6671845299613464,Baker
665,3,2,2,1,1,0.6671845299613464,Baker
3256,3,2,2,1,1,0.6671845299613464,Columbia
3257,3,3,3,1,1,0.6671845299613464,Columbia
3243,3,3,3,1,1,0.6671845299613464,Columbia
3739,3,3,3,1,1,0.6671845299613464,Columbia
3740,3,3,3,1,1,0.6671845299613464,Suwannee
3742,3,3,3,1,1,0.6671845299613464,Suwannee
3743,3,2,2,1,1,0.6671845299613464,Suwannee
1936,3,2,2,1,1,0.6671845299613464,Hamilton
5618,3,3,3,1,1,0.6671845299613464,Union
643,3,3,3,1,1,0.6671845299613464,Hamilton
3756,3,2,2,1,1,0.6671845299613464,Columbia
3758,3,2,2,1,1,0.6671845299613464,Columbia
3759,3,1,1,1,1,0.6671845299613464,Columbia
3761,3,2,2,1,1,0.6671845299613464,Columbia
3261,3,3,3,1,1,0.6671845299613464,Columbia
3266,3,2,2,1,1,0.6671845299613464,Columbia
1969,3,3,3,1,1,0.6671845299613464,Columbia
4677,3,1,1,1,1,0.6671845299613464,Union
4662,3,2,2,1,1,0.6671845299613464,Union
4666,3,2,2,1,1,0.6671845299613464,Union
2021,3,3,3,1,1,0.6671845299613464,Hamilton
5633,3,1,1,1,1,0.6671845299613464,Union
5634,3,2,2,1,1,0.6671845299613464,Union
5612,3,3,3,1,1,0.6671845299613464,Union
1930,3,1,1,1,1,0.6671845299613464,Columbia
1907,3,2,2,1,1,0.6671845299613464,Hamilton
1902,3,3,3,1,1,0.6671845299613464,Columbia
634,3,2,2,1,1,0.6671845299613464,Hamilton
5602,3,2,2,1,1,0.6671845299613464,Union
5580,3,2,2,1,1,0.6671845299613464,Union
709,3,2,2,1,1,0.6671845299613464,Baker
4770,3,2,2,1,1,0.6671845299613464,Columbia
5943,3,2,2,1,1,0.6671845299613464,Union
5934,3,2,2,1,1,0.6671845299613464,Union
196,3,1,1,1,1,0.6671845299613464,Baker
201,3,2,2,1,1,0.6671845299613464,Hamilton
202,3,1,1,1,1,0.6671845299613464,Hamilton
1868,3,3,3,1,1,0.6671845299613464,Hamilton
1924,3,2,2,1,1,0.6671845299613464,Columbia
1926,3,3,3,1,1,0.6671845299613464,Columbia
1931,3,2,2,1,1,0.6671845299613464,Columbia
3745,3,1,1,1,1,0.6671845299613464,Columbia
3735,3,3,3,1,1,0.6671845299613464,Columbia
3726,3,2,2,1,1,0.6671845299613464,Columbia
3728,3,3,2,2,1,0.6671845299613464,Columbia
3730,3,2,2,1,1,0.6671845299613464,Suwannee
5950,3,2,2,1,1,0.6671845299613464,Union
5954,3,2,2,1,1,0.6671845299613464,Union
652,3,2,2,1,1,0.6671845299613464,Baker
4724,3,2,2,1,1,0.6671845299613464,Union
1961,3,3,3,1,1,0.6671845299613464,Suwannee
1952,3,2,2,1,1,0.6671845299613464,Columbia
1942,3,3,3,1,1,0.6671845299613464,Columbia
1943,3,3,3,1,1,0.6671845299613464,Baker
1945,3,1,1,1,1,0.6671845299613464,Suwannee
1946,3,3,3,1,1,0.6671845299613464,Columbia
5555,3,3,3,1,1,0.6671845299613464,Union
5559,3,3,3,1,1,0.6671845299613464,Union
5551,3,2,2,1,1,0.6671845299613464,Union
5553,3,2,2,2,1,0.6671845299613464,Columbia
736,3,2,2,1,1,0.6671845299613464,Hamilton
737,3,2,2,1,1,0.6671845299613464,Columbia
1775,3,2,2,1,1,0.6671845299613464,Columbia
1819,3,3,3,1,1,0.6671845299613464,Baker
3720,3,2,2,1,1,0.6671845299613464,Columbia
4801,3,3,3,1,1,0.6671845299613464,Union
4779,3,3,3,1,1,0.6671845299613464,Columbia
4780,3,3,3,1,1,0.6671845299613464,Union
1862,3,2,2,1,1,0.6671845299613464,Hamilton
1854,3,2,2,1,1,0.6671845299613464,Columbia
1857,3,3,3,1,1,0.6671845299613464,Hamilton
5574,3,3,3,1,1,0.6671845299613464,Union
182,3,1,1,1,1,0.6671845299613464,Columbia
183,3,1,1,1,1,0.6671845299613464,Columbia
178,3,2,2,1,1,0.6671845299613464,Columbia
3295,3,3,3,1,1,0.6671845299613464,Columbia
3288,3,3,3,1,1,0.6671845299613464,Baker
3337,3,1,1,1,1,0.6671845299613464,Columbia
3319,3,3,3,1,1,0.6671845299613464,Columbia
3313,3,2,2,1,1,0.6671845299613464,Baker
1898,3,3,3,1,1,0.6671845299613464,Columbia
1889,3,3,3,1,1,0.6671845299613464,Columbia
1878,3,2,2,1,1,0.6671845299613464,Hamilton
1879,3,3,3,1,1,0.6671845299613464,Columbia
1880,3,3,3,1,1,0.6671845299613464,Columbia
190,3,2,2,1,1,0.6671845299613464,Hamilton
194,3,2,2,1,1,0.6671845299613464,Hamilton
181,3,2,2,1,1,0.6671845299613464,Columbia
4850,3,2,2,1,1,0.6671845299613464,Union
1770,3,2,2,1,1,0.6671845299613464,Hamilton
1747,3,2,2,1,1,0.6671845299613464,Baker
1739,3,3,3,1,1,0.6671845299613464,Hamilton
1740,3,2,2,1,1,0.6671845299613464,Hamilton
1746,3,2,2,1,1,0.6671845299613464,Hamilton
775,3,3,3,1,1,0.6671845299613464,Hamilton
768,3,2,2,1,1,0.6671845299613464,Columbia
3358,3,2,2,1,1,0.6671845299613464,Columbia
3342,3,2,2,1,1,0.6671845299613464,Columbia
4868,3,2,2,1,1,0.6671845299613464,Union
4873,3,3,3,1,1,0.6671845299613464,Union
4864,3,2,2,1,1,0.6671845299613464,Union
4853,3,3,3,1,1,0.6671845299613464,Union
4854,3,3,3,1,1,0.6671845299613464,Union
4857,3,2,2,1,1,0.6671845299613464,Columbia
686,3,3,3,1,1,0.6671845299613464,Hamilton
5541,3,2,2,1,1,0.6671845299613464,Columbia
5534,3,2,2,1,1,0.6671845299613464,Union
5527,3,2,2,1,1,0.6671845299613464,Union
3722,3,2,2,1,1,0.6671845299613464,Columbia
3705,3,3,3,1,1,0.6671845299613464,Columbia
3693,3,2,2,1,1,0.6671845299613464,Baker
3370,3,2,2,1,1,0.6671845299613464,Columbia
1823,3,2,2,1,1,0.6671845299613464,Columbia
1814,3,2,2,1,1,0.6671845299613464,Hamilton
1815,3,2,2,1,1,0.6671845299613464,Columbia
4797,3,2,2,1,1,0.6671845299613464,Union
4798,3,3,3,1,1,0.6671845299613464,Union
4833,3,3,3,1,1,0.6671845299613464,Union
4812,3,2,2,1,1,0.6671845299613464,Union
4818,3,2,2,1,1,0.6671845299613464,Union
4877,3,2,2,1,1,0.6671845299613464,Union
1705,3,3,3,1,1,0.6671845299613464,Baker
724,3,2,2,1,1,0.6671845299613464,Baker
716,3,1,1,1,1,0.6671845299613464,Hamilton
5509,3,2,2,1,1,0.6671845299613464,Union
5501,3,2,2,1,1,0.6671845299613464,Union
795,3,3,3,1,1,0.6671845299613464,Hamilton
786,3,2,2,1,1,0.6671845299613464,Hamilton
114,3,2,2,1,1,0.6671845299613464,Columbia
161,3,2,2,1,1,0.6671845299613464,Baker
1659,3,3,3,1,1,0.6671845299613464,Baker
1665,3,3,3,1,1,0.6671845299613464,Columbia
1644,3,2,2,1,1,0.6671845299613464,Baker
1647,3,2,2,1,1,0.6671845299613464,Columbia
1650,3,2,2,2,1,0.6671845299613464,Baker
4905,3,3,3,1,1,0.6671845299613464,Union
3675,3,1,1,1,1,0.6671845299613464,Baker
3680,3,1,1,1,1,0.6671845299613464,Columbia
3670,3,2,2,1,1,0.6671845299613464,Columbia
3663,3,3,3,1,1,0.6671845299613464,Columbia
127,3,2,2,1,1,0.6671845299613464,Baker
108,3,1,1,1,1,0.6671845299613464,Hamilton
111,3,2,2,1,1,0.6671845299613464,Hamilton
112,3,3,3,2,1,0.6671845299613464,Hamilton
1697,3,1,1,1,1,0.6671845299613464,Columbia
1690,3,3,3,1,1,0.6671845299613464,Columbia
1735,3,3,3,1,1,0.6671845299613464,Hamilton
1723,3,2,2,1,1,0.6671845299613464,Hamilton
1728,3,3,3,1,1,0.6671845299613464,Columbia
1718,3,3,3,1,1,0.6671845299613464,Hamilton
1720,3,2,2,1,1,0.6671845299613464,Baker
1710,3,3,3,1,1,0.6671845299613464,Hamilton
4940,3,3,3,1,1,0.6671845299613464,Union
4942,3,2,2,1,1,0.6671845299613464,Union
5470,3,2,2,1,1,0.6671845299613464,Columbia
837,3,3,3,1,1,0.6671845299613464,Baker
840,3,3,3,1,1,0.6671845299613464,Columbia
828,3,3,3,1,1,0.6671845299613464,Hamilton
831,3,1,1,1,1,0.6671845299613464,Hamilton
5423,3,3,3,1,1,0.6671845299613464,Union
3392,3,3,3,1,1,0.6671845299613464,Columbia
3384,3,2,2,1,1,0.6671845299613464,Columbia
3377,3,3,3,1,1,0.6671845299613464,Columbia
3431,3,2,2,1,1,0.6671845299613464,Columbia
3432,3,2,2,1,1,0.6671845299613464,Columbia
3420,3,3,3,1,1,0.6671845299613464,Columbia
4970,3,1,1,1,1,0.6671845299613464,Union
4959,3,3,3,1,1,0.6671845299613464,Union
1614,3,3,3,2,1,0.6671845299613464,Columbia
748,3,3,3,1,1,0.6671845299613464,Baker
749,3,3,3,1,1,0.6671845299613464,Columbia
144,3,2,2,1,1,0.6671845299613464,Baker
5962,3,3,3,1,1,0.6671845299613464,Columbia
5947,3,2,2,1,1,0.6671845299613464,Union
5948,3,3,3,1,1,0.6671845299613464,Union
3400,3,3,3,1,1,0.6671845299613464,Suwannee
5480,3,3,3,1,1,0.6671845299613464,Union
4915,3,2,2,1,1,0.6671845299613464,Union
4922,3,3,3,1,1,0.6671845299613464,Columbia
820,3,3,3,1,1,0.6671845299613464,Baker
1579,3,2,2,1,1,0.6671845299613464,Columbia
1639,3,2,2,1,1,0.6671845299613464,Columbia
1642,3,2,2,1,1,0.6671845299613464,Columbia
1631,3,3,3,1,1,0.6671845299613464,Columbia
3464,3,2,2,1,1,0.6671845299613464,Columbia
3453,3,2,2,1,1,0.6671845299613464,Columbia
1422,3,2,2,1,1,0.6671845299613464,Baker
1425,3,3,3,1,1,0.6671845299613464,Hamilton
5013,3,3,3,1,1,0.6671845299613464,Union
5015,3,3,3,1,1,0.6671845299613464,Union
5016,3,2,2,1,1,0.6671845299613464,Suwannee
5007,3,2,2,1,1,0.6671845299613464,Columbia
885,3,2,2,1,1,0.6671845299613464,Baker
5414,3,2,2,1,1,0.6671845299613464,Union
5416,3,2,2,1,1,0.6671845299613464,Union
1482,3,3,3,1,1,0.6671845299613464,Columbia
1462,3,2,2,1,1,0.6671845299613464,Columbia
3408,3,2,2,1,1,0.6671845299613464,Columbia
3410,3,2,2,1,1,0.6671845299613464,Columbia
3644,3,2,2,1,1,0.6671845299613464,Suwannee
4997,3,2,2,1,1,0.6671845299613464,Union
5001,3,2,2,1,1,0.6671845299613464,Union
4978,3,2,2,1,1,0.6671845299613464,Union
1546,3,1,1,1,1,0.6671845299613464,Columbia
5445,3,1,1,1,1,0.6671845299613464,Union
5427,3,3,3,1,1,0.6671845299613464,Union
5432,3,2,2,1,1,0.6671845299613464,Union
884,3,3,3,1,1,0.6671845299613464,Hamilton
868,3,3,3,1,1,0.6671845299613464,Hamilton
1536,3,2,2,1,1,0.6671845299613464,Columbia
1524,3,3,3,1,1,0.6671845299613464,Baker
1530,3,2,2,1,1,0.6671845299613464,Baker
1574,3,3,3,1,1,0.6671845299613464,Columbia
1575,3,2,2,1,1,0.6671845299613464,Baker
1560,3,3,3,1,1,0.6671845299613464,Columbia
1486,3,2,2,1,1,0.6671845299613464,Columbia
87,3,2,2,1,1,0.6671845299613464,Hamilton
5984,3,3,3,1,1,0.6671845299613464,Union
5119,3,3,3,1,1,0.6671845299613464,Union
5120,3,3,3,1,1,0.6671845299613464,Columbia
5099,3,2,2,1,1,0.6671845299613464,Suwannee
1379,3,2,2,1,1,0.6671845299613464,Columbia
1371,3,3,3,1,1,0.6671845299613464,Hamilton
1364,3,3,3,1,1,0.6671845299613464,Hamilton
1403,3,2,2,1,1,0.6671845299613464,Baker
5407,3,2,2,1,1,0.6671845299613464,Union
5408,3,1,1,1,1,0.6671845299613464,Union
5409,3,2,2,1,1,0.6671845299613464,Union
3449,3,3,3,2,1,0.6671845299613464,Columbia
3496,3,3,3,1,1,0.6671845299613464,Suwannee
3498,3,3,3,1,1,0.6671845299613464,Baker
86,3,3,3,1,1,0.6671845299613464,Columbia
5047,3,2,2,1,1,0.6671845299613464,Suwannee
1439,3,2,2,1,1,0.6671845299613464,Columbia
1420,3,3,3,1,1,0.6671845299613464,Baker
5356,3,2,2,1,1,0.6671845299613464,Union
5078,3,3,3,1,1,0.6671845299613464,Union
5067,3,3,3,1,1,0.6671845299613464,Union
5068,3,3,3,1,1,0.6671845299613464,Union
1416,3,3,3,1,1,0.6671845299613464,Baker
5400,3,3,3,1,1,0.6671845299613464,Union
5391,3,2,2,1,1,0.6671845299613464,Union
925,3,2,2,1,1,0.6671845299613464,Hamilton
926,3,2,2,1,1,0.6671845299613464,Hamilton
929,3,3,3,2,1,0.6671845299613464,Hamilton
5059,3,2,2,1,1,0.6671845299613464,Union
5063,3,3,3,1,1,0.6671845299613464,Union
5056,3,3,3,1,1,0.6671845299613464,Union
6024,3,3,3,1,1,0.6671845299613464,Columbia
6017,3,3,3,1,1,0.6671845299613464,Union
54,3,2,2,1,1,0.6671845299613464,Columbia
61,3,3,3,1,1,0.6671845299613464,Hamilton
6030,3,2,2,1,1,0.6671845299613464,Columbia
6028,3,2,2,1,1,0.6671845299613464,Columbia
6037,3,2,2,1,1,0.6671845299613464,Columbia
4074,3,2,2,1,1,0.6671845299613464,Baker
1162,3,2,2,1,1,0.6671845299613464,Columbia
3517,3,3,3,1,1,0.6671845299613464,Baker
3555,3,3,3,1,1,0.6671845299613464,Baker
3558,3,1,1,1,1,0.6671845299613464,Suwannee
3548,3,2,2,1,1,0.6671845299613464,Columbia
49,3,3,3,1,1,0.6671845299613464,Baker
6020,3,1,1,1,1,0.6671845299613464,Columbia
6021,3,3,3,1,1,0.6671845299613464,Columbia
1215,3,3,3,1,1,0.6671845299613464,Hamilton
1174,3,2,2,1,1,0.6671845299613464,Baker
5221,3,2,2,1,1,0.6671845299613464,Union
5318,3,2,2,1,1,0.6671845299613464,Union
5310,3,2,2,1,1,0.6671845299613464,Union
1111,3,3,3,1,1,0.6671845299613464,Baker
5252,3,3,3,1,1,0.6671845299613464,Union
5231,3,3,3,1,1,0.6671845299613464,Union
5292,3,3,3,1,1,0.6671845299613464,Union
1097,3,1,1,1,1,0.6671845299613464,Columbia
1077,3,3,3,1,1,0.6671845299613464,Columbia
1074,3,1,1,1,1,0.6671845299613464,Columbia
5224,3,2,2,2,1,0.6671845299613464,Union
5217,3,1,1,1,1,0.6671845299613464,Columbia
5205,3,3,3,1,1,0.6671845299613464,Union
5202,3,2,2,1,1,0.6671845299613464,Columbia
3999,3,3,3,1,1,0.6671845299613464,Columbia
4118,3,3,3,1,1,0.6671845299613464,Suwannee
2820,3,2,2,1,1,0.6671845299613464,Columbia
2825,3,2,2,1,1,0.6671845299613464,Columbia
2816,3,3,3,1,1,0.6671845299613464,Suwannee
2818,3,2,2,1,1,0.6671845299613464,Columbia
2808,3,3,3,1,1,0.6671845299613464,Columbia
2801,3,2,2,1,1,0.6671845299613464,Suwannee
2911,3,3,3,1,1,0.6671845299613464,Columbia
2912,3,1,1,1,1,0.6671845299613464,Columbia
2900,3,2,2,1,1,0.6671845299613464,Columbia
2901,3,2,2,1,1,0.6671845299613464,Columbia
2903,3,3,3,1,1,0.6671845299613464,Suwannee
2904,3,2,2,1,1,0.6671845299613464,Baker
2898,3,1,1,1,1,0.6671845299613464,Suwannee
4004,3,2,2,1,1,0.6671845299613464,Columbia
2847,3,3,3,1,1,0.6671845299613464,Columbia
2828,3,2,2,1,1,0.6671845299613464,Baker
2831,3,1,1,1,1,0.6671845299613464,Columbia
305,3,3,3,1,1,0.6671845299613464,Baker
5820,3,2,2,1,1,0.6671845299613464,Union
5811,3,3,3,1,1,0.6671845299613464,Union
4015,3,2,2,1,1,0.6671845299613464,Columbia
4016,3,2,2,1,1,0.6671845299613464,Columbia
4054,3,2,2,1,1,0.6671845299613464,Columbia
4049,3,2,2,1,1,0.6671845299613464,Baker
2882,3,2,2,1,1,0.6671845299613464,Suwannee
2867,3,1,1,1,1,0.6671845299613464,Columbia
2865,3,2,2,1,1,0.6671845299613464,Suwannee
4035,3,2,2,1,1,0.6671845299613464,Baker
4080,3,1,1,1,1,0.6671845299613464,Union
2843,3,2,2,1,1,0.6671845299613464,Baker
608,2,2,2,1,1,0.4447896866408976,Columbia
4859,2,2,2,1,1,0.4447896866408976,Union
2587,2,2,2,1,1,0.4447896866408976,Baker
4851,2,2,2,1,1,0.4447896866408976,Union
5263,2,1,1,1,1,0.4447896866408976,Union
2593,2,2,2,1,1,0.4447896866408976,Columbia
2595,2,2,2,1,1,0.4447896866408976,Columbia
2597,2,2,2,1,1,0.4447896866408976,Suwannee
4327,2,2,2,1,1,0.4447896866408976,Suwannee
4329,2,1,1,1,1,0.4447896866408976,Union
5581,2,1,1,1,1,0.4447896866408976,Union
5265,2,2,2,1,1,0.4447896866408976,Suwannee
5267,2,2,2,1,1,0.4447896866408976,Union
5274,2,1,1,1,1,0.4447896866408976,Union
674,2,2,2,1,1,0.4447896866408976,Columbia
505,2,2,2,1,1,0.4447896866408976,Hamilton
1122,2,2,2,1,1,0.4447896866408976,Baker
1118,2,2,2,1,1,0.4447896866408976,Hamilton
2567,2,2,2,1,1,0.4447896866408976,Baker
5607,2,1,1,1,1,0.4447896866408976,Union
2538,2,2,2,1,1,0.4447896866408976,Baker
1727,2,2,2,1,1,0.4447896866408976,Columbia
2535,2,2,2,1,1,0.4447896866408976,Baker
2489,2,2,2,1,1,0.4447896866408976,Columbia
4871,2,1,1,1,1,0.4447896866408976,Union
2522,2,1,1,1,1,0.4447896866408976,Columbia
4872,2,2,2,1,1,0.4447896866408976,Union
5594,2,1,1,1,1,0.4447896866408976,Union
671,2,1,1,1,1,0.4447896866408976,Baker
1708,2,2,2,1,1,0.4447896866408976,Hamilton
4307,2,1,1,1,1,0.4447896866408976,Suwannee
4305,2,1,1,1,1,0.4447896866408976,Columbia
2534,2,2,2,1,1,0.4447896866408976,Baker
2552,2,2,2,1,1,0.4447896866408976,Suwannee
2545,2,2,2,1,1,0.4447896866408976,Baker
2618,2,2,2,1,1,0.4447896866408976,Suwannee
1768,2,2,2,1,1,0.4447896866408976,Columbia
4844,2,2,2,1,1,0.4447896866408976,Columbia
2611,2,2,2,1,1,0.4447896866408976,Columbia
2608,2,2,2,1,1,0.4447896866408976,Columbia
4861,2,1,1,1,1,0.4447896866408976,Union
4900,2,2,2,1,1,0.4447896866408976,Union
645,2,2,2,1,1,0.4447896866408976,Baker
2631,2,1,1,1,1,0.4447896866408976,Suwannee
2629,2,2,2,1,1,0.4447896866408976,Columbia
5279,2,2,2,1,1,0.4447896866408976,Union
2627,2,2,2,1,1,0.4447896866408976,Baker
4259,2,1,1,1,1,0.4447896866408976,Columbia
4254,2,2,2,1,1,0.4447896866408976,Union
4240,2,2,2,1,1,0.4447896866408976,Columbia
613,2,2,2,1,1,0.4447896866408976,Columbia
618,2,2,2,1,1,0.4447896866408976,Columbia
5643,2,2,2,1,1,0.4447896866408976,Union
5638,2,1,1,1,1,0.4447896866408976,Union
1069,2,1,1,1,1,0.4447896866408976,Columbia
597,2,2,2,1,1,0.4447896866408976,Hamilton
4297,2,2,2,1,1,0.4447896866408976,Columbia
1763,2,1,1,1,1,0.4447896866408976,Baker
4290,2,2,2,1,1,0.4447896866408976,Columbia
598,2,1,1,1,1,0.4447896866408976,Baker
1759,2,2,2,1,1,0.4447896866408976,Hamilton
5616,2,2,2,1,1,0.4447896866408976,Union
2563,2,1,1,1,1,0.4447896866408976,Baker
1761,2,2,2,1,1,0.4447896866408976,Baker
5619,2,1,1,1,1,0.4447896866408976,Union
2558,2,2,2,1,1,0.4447896866408976,Baker
4292,2,2,2,1,1,0.4447896866408976,Suwannee
5576,2,2,2,1,1,0.4447896866408976,Union
2433,2,2,2,1,1,0.4447896866408976,Suwannee
711,2,2,2,1,1,0.4447896866408976,Baker
2431,2,1,1,1,1,0.4447896866408976,Columbia
4811,2,2,2,1,1,0.4447896866408976,Columbia
2428,2,1,1,1,1,0.4447896866408976,Suwannee
4378,2,2,2,1,1,0.4447896866408976,Union
2511,2,2,2,1,1,0.4447896866408976,Baker
4372,2,1,1,1,1,0.4447896866408976,Union
4370,2,1,1,1,1,0.4447896866408976,Columbia
4363,2,2,2,1,1,0.4447896866408976,Union
5556,2,2,2,1,1,0.4447896866408976,Union
2386,2,2,2,1,1,0.4447896866408976,Columbia
1037,2,2,2,1,1,0.4447896866408976,Columbia
2380,2,2,2,1,1,0.4447896866408976,Baker
691,2,2,2,1,1,0.4447896866408976,Columbia
1831,2,2,2,1,1,0.4447896866408976,Columbia
5561,2,2,2,1,1,0.4447896866408976,Union
5563,2,2,2,1,1,0.4447896866408976,Union
2373,2,1,1,1,1,0.4447896866408976,Baker
1796,2,1,1,1,1,0.4447896866408976,Hamilton
1801,2,2,2,1,1,0.4447896866408976,Baker
2367,2,2,2,1,1,0.4447896866408976,Suwannee
2364,2,2,2,1,1,0.4447896866408976,Suwannee
2435,2,2,2,1,1,0.4447896866408976,Columbia
2425,2,2,2,1,1,0.4447896866408976,Columbia
2422,2,1,1,1,1,0.4447896866408976,Suwannee
2421,2,1,1,1,1,0.4447896866408976,Suwannee
5573,2,2,2,1,1,0.4447896866408976,Union
5575,2,1,1,1,1,0.4447896866408976,Union
2411,2,2,2,1,1,0.4447896866408976,Columbia
2471,2,1,1,1,1,0.4447896866408976,Suwannee
2438,2,2,2,1,1,0.4447896866408976,Columbia
2356,2,1,1,1,1,0.4447896866408976,Suwannee
2444,2,2,2,1,1,0.4447896866408976,Baker
5609,2,2,2,1,1,0.4447896866408976,Union
620,2,2,2,1,1,0.4447896866408976,Baker
4355,2,2,2,1,1,0.4447896866408976,Union
4353,2,2,2,1,1,0.4447896866408976,Union
1717,2,2,2,1,1,0.4447896866408976,Hamilton
626,2,1,1,1,1,0.4447896866408976,Baker
4388,2,2,2,1,1,0.4447896866408976,Columbia
2459,2,2,2,1,1,0.4447896866408976,Suwannee
5597,2,2,2,2,1,0.4447896866408976,Union
5598,2,2,2,1,1,0.4447896866408976,Union
2450,2,2,2,1,1,0.4447896866408976,Baker
5599,2,2,1,2,1,0.4447896866408976,Union
5601,2,2,2,1,1,0.4447896866408976,Union
5603,2,2,2,1,1,0.4447896866408976,Union
2514,2,1,1,1,1,0.4447896866408976,Columbia
630,2,1,1,1,1,0.4447896866408976,Baker
4382,2,1,1,1,1,0.4447896866408976,Columbia
4381,2,1,1,1,1,0.4447896866408976,Union
692,2,1,1,1,1,0.4447896866408976,Baker
696,2,1,1,1,1,0.4447896866408976,Columbia
697,2,1,1,1,1,0.4447896866408976,Baker
2494,2,2,2,1,1,0.4447896866408976,Columbia
2492,2,2,2,1,1,0.4447896866408976,Suwannee
5608,2,1,1,1,1,0.4447896866408976,Union
2490,2,2,2,1,1,0.4447896866408976,Suwannee
4348,2,2,2,1,1,0.4447896866408976,Union
4347,2,1,1,1,1,0.4447896866408976,Union
4346,2,2,2,1,1,0.4447896866408976,Columbia
5320,2,2,2,1,1,0.4447896866408976,Union
4340,2,2,2,1,1,0.4447896866408976,Union
1128,2,2,2,1,1,0.4447896866408976,Baker
4331,2,2,2,1,1,0.4447896866408976,Union
2491,2,2,2,1,1,0.4447896866408976,Baker
470,2,2,2,1,1,0.4447896866408976,Hamilton
463,2,2,2,1,1,0.4447896866408976,Hamilton
2753,2,2,2,1,1,0.4447896866408976,Columbia
2754,2,2,2,1,1,0.4447896866408976,Baker
4928,2,1,1,1,1,0.4447896866408976,Union
5735,2,2,2,1,1,0.4447896866408976,Union
4925,2,1,1,1,1,0.4447896866408976,Union
1157,2,2,2,1,1,0.4447896866408976,Baker
1635,2,1,1,1,1,0.4447896866408976,Hamilton
5726,2,2,2,1,1,0.4447896866408976,Union
2735,2,2,2,1,1,0.4447896866408976,Baker
2736,2,2,2,1,1,0.4447896866408976,Baker
2737,2,1,1,1,1,0.4447896866408976,Columbia
1158,2,2,2,1,1,0.4447896866408976,Baker
1160,2,1,1,1,1,0.4447896866408976,Hamilton
1648,2,1,1,1,1,0.4447896866408976,Columbia
4149,2,2,2,1,1,0.4447896866408976,Baker
4148,2,1,1,1,1,0.4447896866408976,Baker
4147,2,1,1,1,1,0.4447896866408976,Columbia
5699,2,2,2,1,1,0.4447896866408976,Union
4143,2,2,2,1,1,0.4447896866408976,Columbia
1691,2,2,2,1,1,0.4447896866408976,Columbia
1138,2,2,2,1,1,0.4447896866408976,Baker
1626,2,1,1,1,1,0.4447896866408976,Columbia
583,2,1,1,1,1,0.4447896866408976,Hamilton
4162,2,1,1,1,1,0.4447896866408976,Baker
4160,2,2,2,1,1,0.4447896866408976,Suwannee
1625,2,1,1,1,1,0.4447896866408976,Columbia
4157,2,2,2,1,1,0.4447896866408976,Columbia
5675,2,2,2,1,1,0.4447896866408976,Columbia
4155,2,1,1,1,1,0.4447896866408976,Baker
5676,2,2,2,1,1,0.4447896866408976,Union
1620,2,2,2,1,1,0.4447896866408976,Hamilton
5253,2,2,2,1,1,0.4447896866408976,Union
520,2,2,2,1,1,0.4447896866408976,Baker
1653,2,1,1,1,1,0.4447896866408976,Suwannee
498,2,2,2,1,1,0.4447896866408976,Hamilton
2785,2,2,2,1,1,0.4447896866408976,Columbia
2784,2,1,1,1,1,0.4447896866408976,Columbia
5239,2,2,2,1,1,0.4447896866408976,Union
1156,2,2,2,1,1,0.4447896866408976,Baker
2853,2,2,2,1,1,0.4447896866408976,Suwannee
2852,2,2,2,1,1,0.4447896866408976,Suwannee
2851,2,1,1,1,1,0.4447896866408976,Baker
2850,2,2,2,1,1,0.4447896866408976,Baker
2849,2,2,2,1,1,0.4447896866408976,Baker
4087,2,2,2,1,1,0.4447896866408976,Columbia
4086,2,2,2,1,1,0.4447896866408976,Suwannee
4085,2,2,2,1,1,0.4447896866408976,Columbia
5238,2,2,2,1,1,0.4447896866408976,Union
4109,2,1,1,1,1,0.4447896866408976,Suwannee
4936,2,1,1,1,1,0.4447896866408976,Union
2822,2,2,2,1,1,0.4447896866408976,Baker
2821,2,2,2,1,1,0.4447896866408976,Baker
4128,2,2,2,1,1,0.4447896866408976,Columbia
4127,2,2,2,1,1,0.4447896866408976,Columbia
4125,2,1,1,1,1,0.4447896866408976,Columbia
4917,2,1,1,1,1,0.4447896866408976,Columbia
4122,2,2,2,1,1,0.4447896866408976,Union
4119,2,2,2,1,1,0.4447896866408976,Columbia
4909,2,2,2,1,1,0.4447896866408976,Union
4910,2,1,1,1,1,0.4447896866408976,Columbia
511,2,2,2,1,1,0.4447896866408976,Hamilton
4916,2,2,2,1,1,0.4447896866408976,Union
514,2,2,2,1,1,0.4447896866408976,Hamilton
2764,2,2,2,1,1,0.4447896866408976,Suwannee
4907,2,1,1,1,1,0.4447896866408976,Columbia
557,2,1,1,1,1,0.4447896866408976,Hamilton
2690,2,1,1,1,1,0.4447896866408976,Columbia
4234,2,2,2,1,1,0.4447896866408976,Suwannee
4894,2,2,2,1,1,0.4447896866408976,Union
560,2,1,1,1,1,0.4447896866408976,Hamilton
561,2,2,2,1,1,0.4447896866408976,Hamilton
562,2,2,2,1,1,0.4447896866408976,Baker
1139,2,2,2,1,1,0.4447896866408976,Hamilton
5661,2,2,2,1,1,0.4447896866408976,Union
2650,2,1,1,1,1,0.4447896866408976,Suwannee
2648,2,2,2,1,1,0.4447896866408976,Baker
5662,2,1,1,1,1,0.4447896866408976,Union
5664,2,2,2,1,1,0.4447896866408976,Union
5665,2,2,2,1,1,0.4447896866408976,Union
2641,2,1,1,1,1,0.4447896866408976,Suwannee
2638,2,2,2,1,1,0.4447896866408976,Suwannee
4895,2,2,2,1,1,0.4447896866408976,Union
1080,2,1,1,1,1,0.4447896866408976,Hamilton
4250,2,2,2,1,1,0.4447896866408976,Columbia
4885,2,2,2,1,1,0.4447896866408976,Union
4241,2,2,2,1,1,0.4447896866408976,Columbia
2585,2,2,2,1,1,0.4447896866408976,Columbia
567,2,2,2,1,1,0.4447896866408976,Hamilton
2578,2,2,2,2,1,0.4447896866408976,Suwannee
556,2,2,2,1,1,0.4447896866408976,Hamilton
2573,2,2,2,1,1,0.4447896866408976,Baker
575,2,1,1,1,1,0.4447896866408976,Hamilton
1078,2,2,2,1,1,0.4447896866408976,Columbia
4892,2,2,2,2,1,0.4447896866408976,Union
580,2,2,2,1,1,0.4447896866408976,Hamilton
1076,2,2,2,1,1,0.4447896866408976,Columbia
5674,2,2,2,1,1,0.4447896866408976,Union
2696,2,1,1,1,1,0.4447896866408976,Columbia
4888,2,2,2,1,1,0.4447896866408976,Union
1677,2,1,1,1,1,0.4447896866408976,Columbia
4183,2,2,2,1,1,0.4447896866408976,Suwannee
492,2,2,2,2,1,0.4447896866408976,Hamilton
4172,2,2,2,1,1,0.4447896866408976,Suwannee
525,2,2,2,1,1,0.4447896866408976,Hamilton
527,2,1,1,1,1,0.4447896866408976,Hamilton
533,2,1,1,1,1,0.4447896866408976,Hamilton
2637,2,1,1,1,1,0.4447896866408976,Suwannee
535,2,2,2,1,1,0.4447896866408976,Columbia
539,2,2,2,1,1,0.4447896866408976,Hamilton
2687,2,2,2,1,1,0.4447896866408976,Baker
2684,2,2,2,1,1,0.4447896866408976,Columbia
5689,2,2,2,1,1,0.4447896866408976,Union
2680,2,2,2,1,1,0.4447896866408976,Columbia
2679,2,1,1,1,1,0.4447896866408976,Columbia
5690,2,2,2,1,1,0.4447896866408976,Union
534,2,2,2,1,1,0.4447896866408976,Hamilton
1696,2,2,2,1,1,0.4447896866408976,Columbia
1072,2,2,2,1,1,0.4447896866408976,Hamilton
2664,2,2,2,1,1,0.4447896866408976,Baker
5644,2,2,2,1,1,0.4447896866408976,Union
2661,2,2,1,2,1,0.4447896866408976,Suwannee
1701,2,2,2,1,1,0.4447896866408976,Hamilton
5648,2,2,2,1,1,0.4447896866408976,Columbia
550,2,2,1,2,1,0.4447896866408976,Hamilton
1702,2,1,1,1,1,0.4447896866408976,Columbia
5653,2,1,1,1,1,0.4447896866408976,Union
2717,2,2,2,1,1,0.4447896866408976,Columbia
4878,2,1,1,1,1,0.4447896866408976,Union
2702,2,2,2,1,1,0.4447896866408976,Suwannee
1147,2,2,2,1,1,0.4447896866408976,Baker
548,2,2,2,1,1,0.4447896866408976,Baker
549,2,1,1,1,1,0.4447896866408976,Baker
5650,2,1,1,1,1,0.4447896866408976,Union
862,2,2,2,1,1,0.4447896866408976,Hamilton
2119,2,2,2,1,1,0.4447896866408976,Baker
857,2,2,2,1,1,0.4447896866408976,Hamilton
4588,2,2,2,1,1,0.4447896866408976,Union
4589,2,2,2,1,1,0.4447896866408976,Union
856,2,2,2,1,1,0.4447896866408976,Hamilton
2153,2,2,2,1,1,0.4447896866408976,Suwannee
1021,2,2,2,1,1,0.4447896866408976,Hamilton
5448,2,2,2,1,1,0.4447896866408976,Union
2097,2,2,2,1,1,0.4447896866408976,Suwannee
2100,2,2,2,1,1,0.4447896866408976,Hamilton
2104,2,2,2,1,1,0.4447896866408976,Baker
1032,2,2,2,1,1,0.4447896866408976,Hamilton
2045,2,2,2,1,1,0.4447896866408976,Hamilton
2046,2,2,2,1,1,0.4447896866408976,Columbia
669,2,2,2,1,1,0.4447896866408976,Baker
4629,2,2,2,1,1,0.4447896866408976,Union
4627,2,2,2,1,1,0.4447896866408976,Union
1836,2,2,2,1,1,0.4447896866408976,Hamilton
4624,2,1,1,1,1,0.4447896866408976,Union
1838,2,2,2,1,1,0.4447896866408976,Columbia
1839,2,2,2,1,1,0.4447896866408976,Baker
819,2,2,2,1,1,0.4447896866408976,Hamilton
5442,2,2,2,1,1,0.4447896866408976,Union
834,2,1,1,1,1,0.4447896866408976,Baker
838,2,2,2,1,1,0.4447896866408976,Baker
4648,2,2,2,1,1,0.4447896866408976,Union
4763,2,2,2,1,1,0.4447896866408976,Columbia
4635,2,2,2,1,1,0.4447896866408976,Union
2056,2,1,1,1,1,0.4447896866408976,Columbia
1052,2,1,1,1,1,0.4447896866408976,Columbia
2049,2,1,1,1,1,0.4447896866408976,Hamilton
2036,2,2,2,1,1,0.4447896866408976,Columbia
792,2,1,1,1,1,0.4447896866408976,Hamilton
2170,2,1,1,1,1,0.4447896866408976,Columbia
1923,2,2,2,1,1,0.4447896866408976,Hamilton
4573,2,2,2,1,1,0.4447896866408976,Union
796,2,2,2,1,1,0.4447896866408976,Hamilton
4569,2,2,2,1,1,0.4447896866408976,Union
4566,2,1,1,1,1,0.4447896866408976,Union
872,2,2,2,1,1,0.4447896866408976,Columbia
4558,2,1,1,1,1,0.4447896866408976,Union
2136,2,2,2,1,1,0.4447896866408976,Baker
807,2,2,2,1,1,0.4447896866408976,Baker
5482,2,2,2,1,1,0.4447896866408976,Union
4583,2,2,2,1,1,0.4447896866408976,Union
4580,2,1,1,1,1,0.4447896866408976,Union
4579,2,2,2,1,1,0.4447896866408976,Union
4576,2,2,2,1,1,0.4447896866408976,Union
1927,2,2,2,1,1,0.4447896866408976,Columbia
1013,2,2,2,1,1,0.4447896866408976,Columbia
4607,2,2,2,1,1,0.4447896866408976,Columbia
1897,2,2,2,1,1,0.4447896866408976,Columbia
5420,2,1,1,1,1,0.4447896866408976,Union
901,2,2,2,1,1,0.4447896866408976,Hamilton
4599,2,1,1,1,1,0.4447896866408976,Union
904,2,2,2,1,1,0.4447896866408976,Hamilton
2175,2,2,2,1,1,0.4447896866408976,Suwannee
4750,2,2,2,1,1,0.4447896866408976,Union
2062,2,1,1,1,1,0.4447896866408976,Hamilton
4616,2,2,2,1,1,0.4447896866408976,Union
4614,2,2,2,1,1,0.4447896866408976,Union
4609,2,2,2,1,1,0.4447896866408976,Union
4557,2,2,2,1,1,0.4447896866408976,Union
2183,2,2,2,1,1,0.4447896866408976,Columbia
2179,2,2,2,2,1,0.4447896866408976,Suwannee
4594,2,2,2,1,1,0.4447896866408976,Union
4692,2,2,2,1,1,0.4447896866408976,Union
941,2,2,2,1,1,0.4447896866408976,Hamilton
4689,2,2,1,2,1,0.4447896866408976,Union
891,2,2,2,1,1,0.4447896866408976,Hamilton
1909,2,2,2,1,1,0.4447896866408976,Hamilton
4725,2,2,2,1,1,0.4447896866408976,Union
895,2,2,2,1,1,0.4447896866408976,Hamilton
937,2,2,2,1,1,0.4447896866408976,Hamilton
4707,2,1,1,1,1,0.4447896866408976,Union
4704,2,1,1,1,1,0.4447896866408976,Union
899,2,2,2,1,1,0.4447896866408976,Hamilton
1948,2,1,1,1,1,0.4447896866408976,Baker
879,2,1,1,1,1,0.4447896866408976,Hamilton
4735,2,2,2,1,1,0.4447896866408976,Union
4739,2,2,2,1,1,0.4447896866408976,Union
883,2,1,1,1,1,0.4447896866408976,Hamilton
4728,2,1,1,1,1,0.4447896866408976,Union
1921,2,1,1,1,1,0.4447896866408976,Columbia
5372,2,2,2,1,1,0.4447896866408976,Union
952,2,2,2,1,1,0.4447896866408976,Hamilton
1914,2,2,2,1,1,0.4447896866408976,Hamilton
965,2,1,1,1,1,0.4447896866408976,Baker
5369,2,2,2,1,1,0.4447896866408976,Union
5357,2,2,2,1,1,0.4447896866408976,Columbia
1000,2,1,1,1,1,0.4447896866408976,Hamilton
1989,2,1,1,1,1,0.4447896866408976,Columbia
990,2,2,2,1,1,0.4447896866408976,Hamilton
1985,2,2,2,1,1,0.4447896866408976,Hamilton
993,2,2,2,1,1,0.4447896866408976,Hamilton
998,2,2,2,1,1,0.4447896866408976,Hamilton
1973,2,2,2,1,1,0.4447896866408976,Suwannee
4696,2,2,2,1,1,0.4447896866408976,Union
4695,2,2,2,1,1,0.4447896866408976,Columbia
983,2,2,2,1,1,0.4447896866408976,Hamilton
4665,2,2,2,1,1,0.4447896866408976,Union
5377,2,2,2,1,1,0.4447896866408976,Union
4663,2,2,2,1,1,0.4447896866408976,Union
5413,2,2,2,1,1,0.4447896866408976,Union
1972,2,2,2,1,1,0.4447896866408976,Columbia
1970,2,2,2,1,1,0.4447896866408976,Suwannee
4682,2,2,2,1,1,0.4447896866408976,Union
1935,2,1,1,1,1,0.4447896866408976,Columbia
4679,2,1,1,1,1,0.4447896866408976,Columbia
4678,2,2,2,1,1,0.4447896866408976,Union
1003,2,2,2,1,1,0.4447896866408976,Hamilton
2087,2,2,2,1,1,0.4447896866408976,Hamilton
2077,2,1,1,1,1,0.4447896866408976,Columbia
2075,2,1,1,1,1,0.4447896866408976,Columbia
1063,2,2,2,1,1,0.4447896866408976,Baker
935,2,2,2,1,1,0.4447896866408976,Hamilton
4680,2,2,2,2,1,0.4447896866408976,Union
1934,2,2,2,1,1,0.4447896866408976,Hamilton
5359,2,2,2,1,1,0.4447896866408976,Union
2012,2,2,2,1,1,0.4447896866408976,Columbia
2003,2,2,2,1,1,0.4447896866408976,Hamilton
2002,2,2,2,1,1,0.4447896866408976,Baker
2058,2,2,2,1,1,0.4447896866408976,Hamilton
4660,2,1,1,1,1,0.4447896866408976,Union
4667,2,1,1,1,1,0.4447896866408976,Union
5390,2,2,2,1,1,0.4447896866408976,Union
4654,2,1,1,1,1,0.4447896866408976,Columbia
5381,2,1,1,1,1,0.4447896866408976,Columbia
2026,2,2,2,1,1,0.4447896866408976,Columbia
4716,2,2,2,1,1,0.4447896866408976,Union
4675,2,2,2,1,1,0.4447896866408976,Columbia
4674,2,2,2,1,1,0.4447896866408976,Union
5405,2,1,1,1,1,0.4447896866408976,Union
5387,2,1,1,1,1,0.4447896866408976,Union
2258,2,2,2,1,1,0.4447896866408976,Columbia
2256,2,1,1,1,1,0.4447896866408976,Hamilton
2254,2,2,2,1,1,0.4447896866408976,Suwannee
5301,2,2,2,1,1,0.4447896866408976,Union
2251,2,2,2,1,1,0.4447896866408976,Columbia
4446,2,2,2,1,1,0.4447896866408976,Columbia
4443,2,1,1,1,1,0.4447896866408976,Union
1871,2,2,2,1,1,0.4447896866408976,Baker
1860,2,2,2,1,1,0.4447896866408976,Baker
5542,2,1,1,1,1,0.4447896866408976,Union
5543,2,2,2,1,1,0.4447896866408976,Union
5544,2,2,2,1,1,0.4447896866408976,Union
2315,2,1,1,1,1,0.4447896866408976,Baker
684,2,2,2,1,1,0.4447896866408976,Hamilton
690,2,1,1,1,1,0.4447896866408976,Baker
4454,2,2,2,1,1,0.4447896866408976,Columbia
765,2,1,1,1,1,0.4447896866408976,Hamilton
1093,2,1,1,1,1,0.4447896866408976,Columbia
2288,2,2,2,1,1,0.4447896866408976,Hamilton
4462,2,2,2,1,1,0.4447896866408976,Columbia
1089,2,2,2,1,1,0.4447896866408976,Hamilton
774,2,1,1,1,1,0.4447896866408976,Hamilton
4788,2,2,2,1,1,0.4447896866408976,Union
2309,2,2,2,1,1,0.4447896866408976,Baker
1849,2,2,2,1,1,0.4447896866408976,Hamilton
4487,2,2,2,1,1,0.4447896866408976,Union
5488,2,2,2,1,1,0.4447896866408976,Union
5489,2,2,2,1,1,0.4447896866408976,Columbia
1083,2,2,2,1,1,0.4447896866408976,Hamilton
1844,2,2,2,1,1,0.4447896866408976,Columbia
4471,2,2,2,1,1,0.4447896866408976,Columbia
756,2,2,2,1,1,0.4447896866408976,Hamilton
4463,2,2,2,1,1,0.4447896866408976,Columbia
2306,2,2,2,1,1,0.4447896866408976,Suwannee
4819,2,2,2,1,1,0.4447896866408976,Union
4822,2,1,1,1,1,0.4447896866408976,Union
2387,2,2,2,1,1,0.4447896866408976,Columbia
5309,2,2,2,1,1,0.4447896866408976,Columbia
5305,2,2,2,1,1,0.4447896866408976,Union
740,2,2,2,1,1,0.4447896866408976,Hamilton
651,2,2,2,1,1,0.4447896866408976,Baker
4453,2,2,2,1,1,0.4447896866408976,Columbia
653,2,1,1,1,1,0.4447896866408976,Columbia
2405,2,1,1,1,1,0.4447896866408976,Columbia
1786,2,2,2,1,1,0.4447896866408976,Hamilton
2349,2,2,2,1,1,0.4447896866408976,Columbia
660,2,2,2,1,1,0.4447896866408976,Baker
2347,2,2,2,1,1,0.4447896866408976,Hamilton
1790,2,1,1,1,1,0.4447896866408976,Baker
663,2,2,2,1,1,0.4447896866408976,Columbia
2407,2,1,1,1,1,0.4447896866408976,Suwannee
5298,2,1,1,1,1,0.4447896866408976,Union
5528,2,2,2,1,1,0.4447896866408976,Union
2328,2,2,2,1,1,0.4447896866408976,Columbia
2326,2,2,2,1,1,0.4447896866408976,Baker
5529,2,2,2,1,1,0.4447896866408976,Union
2322,2,2,2,1,1,0.4447896866408976,Baker
2319,2,2,2,1,1,0.4447896866408976,Suwannee
4817,2,1,1,1,1,0.4447896866408976,Union
5538,2,2,2,1,1,0.4447896866408976,Union
745,2,2,2,1,1,0.4447896866408976,Hamilton
746,2,2,2,1,1,0.4447896866408976,Hamilton
1751,2,2,2,1,1,0.4447896866408976,Columbia
5521,2,2,2,1,1,0.4447896866408976,Union
2402,2,1,1,1,1,0.4447896866408976,Suwannee
4813,2,1,1,1,1,0.4447896866408976,Union
5312,2,2,2,1,1,0.4447896866408976,Union
4841,2,1,1,1,1,0.4447896866408976,Union
2191,2,2,2,1,1,0.4447896866408976,Baker
4539,2,2,2,1,1,0.4447896866408976,Union
1824,2,1,1,1,1,0.4447896866408976,Columbia
5473,2,2,2,1,1,0.4447896866408976,Union
4536,2,2,2,1,1,0.4447896866408976,Union
4535,2,2,2,1,1,0.4447896866408976,Columbia
5474,2,1,1,1,1,0.4447896866408976,Union
5503,2,1,1,1,1,0.4447896866408976,Union
972,2,2,2,1,1,0.4447896866408976,Baker
2169,2,2,2,1,1,0.4447896866408976,Hamilton
5452,2,2,2,1,1,0.4447896866408976,Union
2161,2,2,2,1,1,0.4447896866408976,Columbia
5453,2,1,1,1,1,0.4447896866408976,Union
4547,2,2,2,1,1,0.4447896866408976,Suwannee
4541,2,2,2,1,1,0.4447896866408976,Columbia
4540,2,1,1,1,1,0.4447896866408976,Suwannee
5476,2,1,1,1,1,0.4447896866408976,Union
2150,2,2,2,1,1,0.4447896866408976,Columbia
2149,2,2,2,1,1,0.4447896866408976,Columbia
2148,2,1,1,1,1,0.4447896866408976,Hamilton
2147,2,1,1,1,1,0.4447896866408976,Suwannee
2144,2,2,2,1,1,0.4447896866408976,Baker
2190,2,2,2,1,1,0.4447896866408976,Columbia
2189,2,1,1,1,1,0.4447896866408976,Columbia
5468,2,2,2,1,1,0.4447896866408976,Union
2247,2,1,1,1,1,0.4447896866408976,Suwannee
788,2,2,2,1,1,0.4447896866408976,Baker
2218,2,2,2,1,1,0.4447896866408976,Suwannee
2217,2,2,2,1,1,0.4447896866408976,Suwannee
5465,2,1,1,1,1,0.4447896866408976,Union
974,2,2,2,1,1,0.4447896866408976,Hamilton
2205,2,1,1,1,1,0.4447896866408976,Suwannee
2204,2,2,2,1,1,0.4447896866408976,Baker
2250,2,2,2,1,1,0.4447896866408976,Columbia
5336,2,2,2,1,1,0.4447896866408976,Union
4514,2,2,2,1,1,0.4447896866408976,Suwannee
715,2,2,2,1,1,0.4447896866408976,Baker
719,2,2,2,1,1,0.4447896866408976,Hamilton
721,2,2,2,1,1,0.4447896866408976,Hamilton
2231,2,1,1,1,1,0.4447896866408976,Columbia
5490,2,2,2,1,1,0.4447896866408976,Union
4493,2,2,2,1,1,0.4447896866408976,Union
5492,2,2,2,1,1,0.4447896866408976,Union
2219,2,2,2,1,1,0.4447896866408976,Hamilton
4521,2,2,2,1,1,0.4447896866408976,Columbia
5493,2,1,1,1,1,0.4447896866408976,Union
1809,2,2,2,1,1,0.4447896866408976,Hamilton
1094,2,1,1,1,1,0.4447896866408976,Columbia
1866,2,2,2,1,1,0.4447896866408976,Columbia
2297,2,2,2,1,1,0.4447896866408976,Hamilton
2227,2,2,2,1,1,0.4447896866408976,Suwannee
5457,2,2,2,1,1,0.4447896866408976,Union
2278,2,2,2,1,1,0.4447896866408976,Columbia
2277,2,2,2,1,1,0.4447896866408976,Columbia
1829,2,2,2,1,1,0.4447896866408976,Hamilton
4800,2,2,2,1,1,0.4447896866408976,Union
2271,2,2,2,1,1,0.4447896866408976,Baker
2269,2,2,2,1,1,0.4447896866408976,Columbia
4517,2,1,1,1,1,0.4447896866408976,Suwannee
4505,2,2,2,1,1,0.4447896866408976,Columbia
4501,2,2,2,1,1,0.4447896866408976,Union
4500,2,2,2,1,1,0.4447896866408976,Columbia
4498,2,2,2,1,1,0.4447896866408976,Union
5462,2,1,1,1,1,0.4447896866408976,Union
5349,2,2,2,1,1,0.4447896866408976,Union
5507,2,1,1,1,1,0.4447896866408976,Union
4804,2,2,2,1,1,0.4447896866408976,Union
4507,2,2,2,1,1,0.4447896866408976,Columbia
1205,2,2,2,1,1,0.4447896866408976,Columbia
3334,2,2,2,1,1,0.4447896866408976,Columbia
166,2,2,2,1,1,0.4447896866408976,Hamilton
3281,2,2,2,1,1,0.4447896866408976,Columbia
3282,2,2,2,1,1,0.4447896866408976,Columbia
3219,2,2,2,1,1,0.4447896866408976,Baker
163,2,2,2,1,1,0.4447896866408976,Hamilton
160,2,2,2,1,1,0.4447896866408976,Hamilton
3228,2,1,1,1,1,0.4447896866408976,Baker
1212,2,2,2,1,1,0.4447896866408976,Hamilton
1216,2,1,1,1,1,0.4447896866408976,Hamilton
3239,2,1,1,1,1,0.4447896866408976,Baker
5903,2,2,2,1,1,0.4447896866408976,Columbia
3781,2,2,2,1,1,0.4447896866408976,Columbia
3786,2,1,1,1,1,0.4447896866408976,Columbia
3063,2,2,2,1,1,0.4447896866408976,Columbia
3263,2,1,1,1,1,0.4447896866408976,Columbia
3253,2,2,2,1,1,0.4447896866408976,Suwannee
5915,2,1,1,1,1,0.4447896866408976,Union
3248,2,2,2,1,1,0.4447896866408976,Columbia
5917,2,2,2,1,1,0.4447896866408976,Union
1258,2,1,1,1,1,0.4447896866408976,Columbia
1220,2,1,1,1,1,0.4447896866408976,Baker
3211,2,1,1,1,1,0.4447896866408976,Columbia
3767,2,2,2,1,1,0.4447896866408976,Suwannee
227,2,1,1,1,1,0.4447896866408976,Hamilton
5055,2,1,1,1,1,0.4447896866408976,Union
230,2,1,1,1,1,0.4447896866408976,Baker
232,2,2,2,2,1,0.4447896866408976,Columbia
233,2,1,1,1,1,0.4447896866408976,Baker
5901,2,2,2,1,1,0.4447896866408976,Union
3212,2,2,2,1,1,0.4447896866408976,Columbia
3768,2,2,2,1,1,0.4447896866408976,Suwannee
3245,2,2,2,1,1,0.4447896866408976,Columbia
1315,2,1,1,1,1,0.4447896866408976,Hamilton
3748,2,2,2,1,1,0.4447896866408976,Suwannee
5955,2,2,2,1,1,0.4447896866408976,Union
3746,2,1,1,1,1,0.4447896866408976,Baker
5959,2,2,2,1,1,0.4447896866408976,Union
1307,2,2,2,1,1,0.4447896866408976,Hamilton
5065,2,2,2,1,1,0.4447896866408976,Suwannee
3369,2,2,2,1,1,0.4447896866408976,Columbia
1437,2,1,1,1,1,0.4447896866408976,Baker
199,2,2,2,1,1,0.4447896866408976,Baker
3353,2,2,2,1,1,0.4447896866408976,Columbia
5931,2,2,2,1,1,0.4447896866408976,Union
3708,2,1,1,1,1,0.4447896866408976,Columbia
3707,2,2,2,1,1,0.4447896866408976,Columbia
3706,2,2,2,1,1,0.4447896866408976,Suwannee
5054,2,2,2,1,1,0.4447896866408976,Union
3329,2,2,2,1,1,0.4447896866408976,Suwannee
142,2,2,2,1,1,0.4447896866408976,Baker
143,2,1,1,1,1,0.4447896866408976,Hamilton
3294,2,2,2,1,1,0.4447896866408976,Suwannee
146,2,2,2,1,1,0.4447896866408976,Hamilton
5066,2,1,1,1,1,0.4447896866408976,Union
150,2,2,2,1,1,0.4447896866408976,Baker
3247,2,1,1,1,1,0.4447896866408976,Columbia
1201,2,2,2,1,1,0.4447896866408976,Columbia
5040,2,1,1,1,1,0.4447896866408976,Union
155,2,1,1,1,1,0.4447896866408976,Baker
3723,2,2,2,1,1,0.4447896866408976,Columbia
3305,2,2,2,1,1,0.4447896866408976,Suwannee
3300,2,2,2,1,1,0.4447896866408976,Columbia
3299,2,2,2,1,1,0.4447896866408976,Columbia
5048,2,2,2,1,1,0.4447896866408976,Union
3286,2,2,2,1,1,0.4447896866408976,Columbia
3821,2,1,1,1,1,0.4447896866408976,Baker
264,2,2,2,1,1,0.4447896866408976,Baker
1244,2,2,2,1,1,0.4447896866408976,Columbia
5868,2,2,2,1,1,0.4447896866408976,Union
5869,2,2,2,1,1,0.4447896866408976,Union
5871,2,1,1,1,1,0.4447896866408976,Columbia
3840,2,2,2,1,1,0.4447896866408976,Suwannee
3265,2,2,2,1,1,0.4447896866408976,Columbia
1241,2,2,2,1,1,0.4447896866408976,Columbia
3835,2,2,2,1,1,0.4447896866408976,Suwannee
3834,2,1,1,1,1,0.4447896866408976,Suwannee
240,2,2,2,1,1,0.4447896866408976,Hamilton
3131,2,1,1,1,1,0.4447896866408976,Suwannee
1469,2,2,2,1,1,0.4447896866408976,Hamilton
3125,2,2,2,1,1,0.4447896866408976,Columbia
246,2,2,2,1,1,0.4447896866408976,Hamilton
3839,2,2,2,1,1,0.4447896866408976,Suwannee
3061,2,2,2,1,1,0.4447896866408976,Columbia
216,2,1,1,1,1,0.4447896866408976,Columbia
3052,2,2,2,1,1,0.4447896866408976,Columbia
3051,2,2,2,1,1,0.4447896866408976,Columbia
1276,2,2,2,1,1,0.4447896866408976,Columbia
5003,2,1,1,1,1,0.4447896866408976,Union
5004,2,2,2,1,1,0.4447896866408976,Union
263,2,2,2,1,1,0.4447896866408976,Hamilton
5881,2,2,2,1,1,0.4447896866408976,Union
5005,2,2,2,1,1,0.4447896866408976,Union
3161,2,2,2,1,1,0.4447896866408976,Suwannee
1250,2,2,2,1,1,0.4447896866408976,Columbia
5888,2,2,2,1,1,0.4447896866408976,Union
3155,2,1,1,1,1,0.4447896866408976,Columbia
3153,2,2,2,1,1,0.4447896866408976,Columbia
3823,2,2,2,1,1,0.4447896866408976,Columbia
5876,2,1,1,1,1,0.4447896866408976,Union
3793,2,1,1,1,1,0.4447896866408976,Columbia
5184,2,2,2,1,1,0.4447896866408976,Union
5929,2,2,2,1,1,0.4447896866408976,Union
3789,2,2,2,1,1,0.4447896866408976,Columbia
5176,2,2,2,1,1,0.4447896866408976,Union
5169,2,2,2,1,1,0.4447896866408976,Columbia
5167,2,2,2,1,1,0.4447896866408976,Columbia
3850,2,1,1,1,1,0.4447896866408976,Suwannee
5909,2,2,2,1,1,0.4447896866408976,Union
3810,2,1,1,1,1,0.4447896866408976,Baker
3798,2,2,2,1,1,0.4447896866408976,Baker
3797,2,2,2,1,1,0.4447896866408976,Columbia
3796,2,2,1,2,1,0.4447896866408976,Columbia
3273,2,2,2,1,1,0.4447896866408976,Columbia
1402,2,2,2,1,1,0.4447896866408976,Baker
5914,2,2,2,1,1,0.4447896866408976,Union
5906,2,1,1,1,1,0.4447896866408976,Union
3848,2,2,2,1,1,0.4447896866408976,Union
3845,2,1,1,1,1,0.4447896866408976,Baker
1472,2,1,1,1,1,0.4447896866408976,Hamilton
258,2,2,2,1,1,0.4447896866408976,Hamilton
3181,2,2,2,1,1,0.4447896866408976,Suwannee
1473,2,1,1,1,1,0.4447896866408976,Columbia
1503,2,2,2,1,1,0.4447896866408976,Baker
5186,2,1,1,1,1,0.4447896866408976,Union
3240,2,2,2,1,1,0.4447896866408976,Columbia
1505,2,1,1,1,1,0.4447896866408976,Columbia
1507,2,2,2,1,1,0.4447896866408976,Baker
186,2,2,2,1,1,0.4447896866408976,Hamilton
3199,2,2,2,1,1,0.4447896866408976,Columbia
1512,2,2,2,1,1,0.4447896866408976,Baker
191,2,2,2,2,1,0.4447896866408976,Hamilton
1514,2,2,2,1,1,0.4447896866408976,Hamilton
3241,2,2,2,1,1,0.4447896866408976,Columbia
3616,2,2,2,1,1,0.4447896866408976,Baker
3609,2,2,2,1,1,0.4447896866408976,Baker
3606,2,1,1,1,1,0.4447896866408976,Baker
1266,2,2,2,1,1,0.4447896866408976,Columbia
6076,2,2,2,1,1,0.4447896866408976,Columbia
3526,2,2,2,1,1,0.4447896866408976,Suwannee
1344,2,1,1,1,1,0.4447896866408976,Columbia
1442,2,2,2,1,1,0.4447896866408976,Columbia
3479,2,2,2,1,1,0.4447896866408976,Columbia
6019,2,2,2,1,1,0.4447896866408976,Union
3475,2,1,1,1,1,0.4447896866408976,Baker
3470,2,2,2,1,1,0.4447896866408976,Suwannee
1346,2,2,2,1,1,0.4447896866408976,Columbia
6025,2,2,2,1,1,0.4447896866408976,Union
6026,2,2,2,1,1,0.4447896866408976,Columbia
21,2,2,2,1,1,0.4447896866408976,Baker
3481,2,2,2,1,1,0.4447896866408976,Suwannee
5070,2,2,2,1,1,0.4447896866408976,Union
5071,2,2,2,1,1,0.4447896866408976,Suwannee
6081,2,2,2,1,1,0.4447896866408976,Columbia
3561,2,1,1,1,1,0.4447896866408976,Baker
6083,2,2,2,1,1,0.4447896866408976,Columbia
6084,2,2,2,1,1,0.4447896866408976,Columbia
6086,2,2,2,1,1,0.4447896866408976,Columbia
6068,2,1,1,1,1,0.4447896866408976,Columbia
3545,2,2,2,1,1,0.4447896866408976,Baker
3544,2,1,1,1,1,0.4447896866408976,Columbia
1274,2,1,1,1,1,0.4447896866408976,Columbia
35,2,2,2,1,1,0.4447896866408976,Baker
3511,2,2,1,2,1,0.4447896866408976,Columbia
3510,2,1,1,1,1,0.4447896866408976,Suwannee
1340,2,2,2,1,1,0.4447896866408976,Hamilton
3505,2,2,2,1,1,0.4447896866408976,Baker
1330,2,2,2,1,1,0.4447896866408976,Columbia
5115,2,2,2,1,1,0.4447896866408976,Union
103,2,2,2,1,1,0.4447896866408976,Columbia
106,2,2,2,1,1,0.4447896866408976,Columbia
6056,2,2,2,1,1,0.4447896866408976,Columbia
6053,2,1,1,1,1,0.4447896866408976,Columbia
6051,2,2,2,1,1,0.4447896866408976,Columbia
6049,2,2,2,1,1,0.4447896866408976,Columbia
43,2,2,2,1,1,0.4447896866408976,Baker
6092,2,2,2,1,1,0.4447896866408976,Columbia
5122,2,1,1,1,1,0.4447896866408976,Union
84,2,2,2,1,1,0.4447896866408976,Hamilton
64,2,1,1,1,1,0.4447896866408976,Hamilton
3540,2,2,1,2,1,0.4447896866408976,Columbia
85,2,2,2,1,1,0.4447896866408976,Columbia
88,2,2,2,1,1,0.4447896866408976,Hamilton
1380,2,2,2,1,1,0.4447896866408976,Columbia
5117,2,1,1,1,1,0.4447896866408976,Union
46,2,1,1,1,1,0.4447896866408976,Columbia
56,2,2,2,1,1,0.4447896866408976,Baker
5125,2,2,2,1,1,0.4447896866408976,Columbia
6007,2,2,2,1,1,0.4447896866408976,Union
6033,2,1,1,1,1,0.4447896866408976,Union
5126,2,2,2,1,1,0.4447896866408976,Union
6031,2,2,2,1,1,0.4447896866408976,Union
5101,2,2,2,1,1,0.4447896866408976,Union
70,2,2,2,1,1,0.4447896866408976,Hamilton
6011,2,1,1,1,1,0.4447896866408976,Columbia
5129,2,2,2,1,1,0.4447896866408976,Columbia
1327,2,2,2,1,1,0.4447896866408976,Columbia
6045,2,2,2,1,1,0.4447896866408976,Columbia
94,2,1,1,1,1,0.4447896866408976,Hamilton
6042,2,2,2,1,1,0.4447896866408976,Columbia
5103,2,2,2,1,1,0.4447896866408976,Union
5159,2,2,2,1,1,0.4447896866408976,Union
1359,2,2,2,1,1,0.4447896866408976,Columbia
3428,2,2,2,1,1,0.4447896866408976,Columbia
3427,2,2,2,1,1,0.4447896866408976,Columbia
3425,2,2,2,1,1,0.4447896866408976,Columbia
3424,2,2,2,1,1,0.4447896866408976,Suwannee
1363,2,2,2,1,1,0.4447896866408976,Hamilton
5140,2,1,1,1,1,0.4447896866408976,Columbia
3652,2,2,2,1,1,0.4447896866408976,Columbia
5972,2,1,1,1,1,0.4447896866408976,Union
3385,2,2,2,1,1,0.4447896866408976,Columbia
5139,2,2,2,1,1,0.4447896866408976,Columbia
3381,2,2,2,1,1,0.4447896866408976,Suwannee
1370,2,1,1,1,1,0.4447896866408976,Hamilton
3378,2,2,2,1,1,0.4447896866408976,Columbia
3373,2,2,2,1,1,0.4447896866408976,Suwannee
3371,2,2,2,1,1,0.4447896866408976,Baker
1366,2,2,2,1,1,0.4447896866408976,Columbia
5935,2,2,2,1,1,0.4447896866408976,Union
3698,2,2,2,1,1,0.4447896866408976,Baker
1449,2,2,2,1,1,0.4447896866408976,Hamilton
3312,2,1,1,1,1,0.4447896866408976,Columbia
5981,2,2,2,1,1,0.4447896866408976,Union
5985,2,2,2,1,1,0.4447896866408976,Union
5987,2,2,2,1,1,0.4447896866408976,Union
3317,2,2,2,1,1,0.4447896866408976,Columbia
1299,2,2,2,1,1,0.4447896866408976,Columbia
1295,2,2,2,1,1,0.4447896866408976,Columbia
3327,2,2,2,1,1,0.4447896866408976,Columbia
3326,2,2,2,1,1,0.4447896866408976,Columbia
77,2,2,2,1,1,0.4447896866408976,Baker
1357,2,2,2,1,1,0.4447896866408976,Hamilton
5141,2,1,1,1,1,0.4447896866408976,Columbia
3318,2,2,2,1,1,0.4447896866408976,Columbia
3308,2,2,2,1,1,0.4447896866408976,Columbia
3532,2,2,2,2,1,0.4447896866408976,Suwannee
3455,2,2,2,1,1,0.4447896866408976,Baker
5084,2,1,1,1,1,0.4447896866408976,Union
5151,2,2,2,1,1,0.4447896866408976,Union
5086,2,2,2,1,1,0.4447896866408976,Union
3447,2,2,2,1,1,0.4447896866408976,Columbia
5147,2,1,1,1,1,0.4447896866408976,Columbia
124,2,2,2,1,1,0.4447896866408976,Columbia
3635,2,1,1,1,1,0.4447896866408976,Baker
3577,2,1,1,1,1,0.4447896866408976,Columbia
3627,2,1,1,1,1,0.4447896866408976,Baker
3418,2,1,1,1,1,0.4447896866408976,Baker
1413,2,1,1,1,1,0.4447896866408976,Hamilton
1415,2,2,2,1,1,0.4447896866408976,Columbia
3411,2,1,1,1,1,0.4447896866408976,Columbia
3591,2,2,2,1,1,0.4447896866408976,Columbia
3571,2,2,2,1,1,0.4447896866408976,Suwannee
129,2,2,2,1,1,0.4447896866408976,Hamilton
3402,2,2,2,1,1,0.4447896866408976,Columbia
5092,2,2,2,1,1,0.4447896866408976,Union
3394,2,2,2,1,1,0.4447896866408976,Suwannee
134,2,2,2,1,1,0.4447896866408976,Columbia
3351,2,2,2,1,1,0.4447896866408976,Columbia
3343,2,2,2,1,1,0.4447896866408976,Columbia
3462,2,1,1,1,1,0.4447896866408976,Columbia
3669,2,1,1,1,1,0.4447896866408976,Baker
3668,2,2,2,1,1,0.4447896866408976,Columbia
3440,2,1,1,1,1,0.4447896866408976,Baker
5074,2,1,1,1,1,0.4447896866408976,Union
3438,2,2,2,1,1,0.4447896866408976,Columbia
118,2,1,1,1,1,0.4447896866408976,Baker
119,2,2,2,1,1,0.4447896866408976,Hamilton
5077,2,1,1,1,1,0.4447896866408976,Union
1355,2,2,2,1,1,0.4447896866408976,Hamilton
4078,2,1,1,1,1,0.4447896866408976,Suwannee
2915,2,2,2,1,1,0.4447896866408976,Baker
4006,2,2,2,2,1,0.4447896866408976,Columbia
405,2,2,2,1,1,0.4447896866408976,Hamilton
399,2,2,2,1,1,0.4447896866408976,Hamilton
396,2,1,1,1,1,0.4447896866408976,Hamilton
458,2,1,1,1,1,0.4447896866408976,Hamilton
2895,2,1,1,1,1,0.4447896866408976,Columbia
2896,2,2,2,1,1,0.4447896866408976,Baker
3988,2,1,1,1,1,0.4447896866408976,Columbia
3989,2,2,2,1,1,0.4447896866408976,Columbia
454,2,1,1,1,1,0.4447896866408976,Hamilton
5781,2,2,2,1,1,0.4447896866408976,Union
3996,2,2,2,1,1,0.4447896866408976,Columbia
354,2,2,2,1,1,0.4447896866408976,Baker
5775,2,2,2,1,1,0.4447896866408976,Union
2948,2,1,1,1,1,0.4447896866408976,Baker
5771,2,2,2,1,1,0.4447896866408976,Union
2952,2,1,1,1,1,0.4447896866408976,Columbia
426,2,2,2,1,1,0.4447896866408976,Hamilton
423,2,2,2,1,1,0.4447896866408976,Hamilton
421,2,2,2,1,1,0.4447896866408976,Hamilton
1582,2,1,1,1,1,0.4447896866408976,Hamilton
3987,2,2,2,1,1,0.4447896866408976,Columbia
5211,2,2,2,1,1,0.4447896866408976,Columbia
2876,2,2,2,1,1,0.4447896866408976,Baker
1641,2,1,1,1,1,0.4447896866408976,Columbia
2878,2,2,2,1,1,0.4447896866408976,Columbia
2880,2,2,2,1,1,0.4447896866408976,Baker
1638,2,2,2,1,1,0.4447896866408976,Columbia
5777,2,2,2,1,1,0.4447896866408976,Columbia
2938,2,1,1,1,1,0.4447896866408976,Suwannee
349,2,1,1,1,1,0.4447896866408976,Baker
348,2,2,2,1,1,0.4447896866408976,Baker
346,2,2,2,1,1,0.4447896866408976,Hamilton
2945,2,1,1,1,1,0.4447896866408976,Suwannee
4976,2,2,2,1,1,0.4447896866408976,Union
2947,2,2,2,1,1,0.4447896866408976,Suwannee
3971,2,1,1,1,1,0.4447896866408976,Suwannee
3975,2,2,2,1,1,0.4447896866408976,Baker
5816,2,2,2,1,1,0.4447896866408976,Union
2925,2,2,2,1,1,0.4447896866408976,Baker
2929,2,2,2,1,1,0.4447896866408976,Baker
5814,2,2,2,1,1,0.4447896866408976,Columbia
1494,2,2,2,1,1,0.4447896866408976,Hamilton
3959,2,2,2,1,1,0.4447896866408976,Suwannee
2910,2,1,1,1,1,0.4447896866408976,Baker
3962,2,1,1,1,1,0.4447896866408976,Columbia
5808,2,2,2,1,1,0.4447896866408976,Union
5807,2,2,2,1,1,0.4447896866408976,Union
3967,2,2,2,1,1,0.4447896866408976,Suwannee
1168,2,2,2,1,1,0.4447896866408976,Baker
2973,2,2,2,1,1,0.4447896866408976,Columbia
2975,2,2,2,1,1,0.4447896866408976,Columbia
2978,2,2,2,1,1,0.4447896866408976,Baker
300,2,2,2,1,1,0.4447896866408976,Hamilton
4998,2,2,2,1,1,0.4447896866408976,Union
5830,2,2,2,1,1,0.4447896866408976,Union
3953,2,2,2,1,1,0.4447896866408976,Suwannee
2897,2,1,1,1,1,0.4447896866408976,Baker
2906,2,2,2,1,1,0.4447896866408976,Baker
5203,2,1,1,1,1,0.4447896866408976,Union
1167,2,2,2,1,1,0.4447896866408976,Hamilton
5742,2,2,2,1,1,0.4447896866408976,Union
4057,2,2,2,1,1,0.4447896866408976,Columbia
4962,2,2,2,1,1,0.4447896866408976,Union
5768,2,2,2,1,1,0.4447896866408976,Columbia
1101,2,1,1,1,1,0.4447896866408976,Columbia
4065,2,2,2,1,1,0.4447896866408976,Suwannee
4066,2,2,2,1,1,0.4447896866408976,Suwannee
5760,2,2,2,1,1,0.4447896866408976,Union
5756,2,2,2,1,1,0.4447896866408976,Union
5755,2,2,2,1,1,0.4447896866408976,Union
5751,2,2,2,1,1,0.4447896866408976,Union
4045,2,1,1,1,1,0.4447896866408976,Union
4050,2,2,2,1,1,0.4447896866408976,Baker
2799,2,2,2,1,1,0.4447896866408976,Columbia
2803,2,2,2,1,1,0.4447896866408976,Columbia
2883,2,2,2,1,1,0.4447896866408976,Columbia
2807,2,1,1,1,1,0.4447896866408976,Suwannee
2810,2,2,2,1,1,0.4447896866408976,Columbia
2811,2,1,1,1,1,0.4447896866408976,Baker
4090,2,1,1,1,1,0.4447896866408976,Suwannee
4092,2,2,2,1,1,0.4447896866408976,Suwannee
445,2,1,1,1,1,0.4447896866408976,Hamilton
441,2,1,1,1,1,0.4447896866408976,Hamilton
4099,2,1,1,1,1,0.4447896866408976,Baker
4101,2,2,2,1,1,0.4447896866408976,Columbia
440,2,2,2,1,1,0.4447896866408976,Hamilton
2796,2,1,1,1,1,0.4447896866408976,Columbia
437,2,2,2,1,1,0.4447896866408976,Hamilton
427,2,1,1,1,1,0.4447896866408976,Hamilton
508,2,1,1,1,1,0.4447896866408976,Hamilton
4113,2,1,1,1,1,0.4447896866408976,Columbia
2806,2,2,2,1,1,0.4447896866408976,Baker
2884,2,2,2,1,1,0.4447896866408976,Baker
4036,2,2,2,1,1,0.4447896866408976,Union
4037,2,2,2,1,1,0.4447896866408976,Suwannee
4040,2,1,1,1,1,0.4447896866408976,Suwannee
4944,2,1,1,1,1,0.4447896866408976,Union
2866,2,2,2,2,1,0.4447896866408976,Columbia
2868,2,1,1,1,1,0.4447896866408976,Baker
2872,2,2,2,1,1,0.4447896866408976,Suwannee
4021,2,2,2,1,1,0.4447896866408976,Suwannee
4025,2,1,1,1,1,0.4447896866408976,Columbia
4939,2,2,2,1,1,0.4447896866408976,Union
1610,2,2,2,1,1,0.4447896866408976,Columbia
1607,2,2,2,1,1,0.4447896866408976,Hamilton
1605,2,2,2,1,1,0.4447896866408976,Hamilton
4033,2,2,2,1,1,0.4447896866408976,Suwannee
5257,2,2,2,1,1,0.4447896866408976,Union
2920,2,2,2,1,1,0.4447896866408976,Baker
375,2,2,2,1,1,0.4447896866408976,Hamilton
4952,2,2,2,1,1,0.4447896866408976,Union
4020,2,2,2,1,1,0.4447896866408976,Columbia
1223,2,2,2,1,1,0.4447896866408976,Baker
484,2,2,2,1,1,0.4447896866408976,Hamilton
5195,2,2,2,1,1,0.4447896866408976,Union
2845,2,2,2,1,1,0.4447896866408976,Columbia
5200,2,2,2,1,1,0.4447896866408976,Union
2848,2,2,2,1,1,0.4447896866408976,Baker
471,2,1,1,1,1,0.4447896866408976,Hamilton
5750,2,2,2,1,1,0.4447896866408976,Union
4072,2,2,2,1,1,0.4447896866408976,Columbia
5255,2,2,2,1,1,0.4447896866408976,Union
5746,2,1,1,1,1,0.4447896866408976,Union
385,2,2,2,1,1,0.4447896866408976,Hamilton
3085,2,2,2,1,1,0.4447896866408976,Columbia
3900,2,1,1,1,1,0.4447896866408976,Columbia
5864,2,2,2,1,1,0.4447896866408976,Union
1568,2,2,2,1,1,0.4447896866408976,Columbia
1563,2,2,2,1,1,0.4447896866408976,Columbia
1278,2,2,2,1,1,0.4447896866408976,Baker
3071,2,2,2,1,1,0.4447896866408976,Columbia
1553,2,1,1,1,1,0.4447896866408976,Columbia
5851,2,2,2,1,1,0.4447896866408976,Union
3075,2,2,2,1,1,0.4447896866408976,Baker
297,2,1,1,1,1,0.4447896866408976,Hamilton
1532,2,2,2,1,1,0.4447896866408976,Columbia
294,2,1,1,1,1,0.4447896866408976,Hamilton
323,2,1,1,1,1,0.4447896866408976,Hamilton
325,2,1,1,1,1,0.4447896866408976,Hamilton
1533,2,1,1,1,1,0.4447896866408976,Columbia
3137,2,2,2,1,1,0.4447896866408976,Columbia
5896,2,1,1,1,1,0.4447896866408976,Union
3853,2,1,1,1,1,0.4447896866408976,Baker
2960,2,2,2,1,1,0.4447896866408976,Suwannee
2962,2,2,2,1,1,0.4447896866408976,Suwannee
3920,2,2,2,1,1,0.4447896866408976,Suwannee
3922,2,2,2,1,1,0.4447896866408976,Columbia
1184,2,2,2,1,1,0.4447896866408976,Baker
3909,2,2,2,1,1,0.4447896866408976,Columbia
3908,2,1,1,1,1,0.4447896866408976,Columbia
1576,2,1,1,1,1,0.4447896866408976,Baker
5840,2,2,2,1,1,0.4447896866408976,Union
3912,2,2,2,1,1,0.4447896866408976,Baker
3021,2,2,2,1,1,0.4447896866408976,Baker
330,2,1,1,1,1,0.4447896866408976,Hamilton
1290,2,1,1,1,1,0.4447896866408976,Baker
1285,2,1,1,1,1,0.4447896866408976,Baker
3037,2,2,2,1,1,0.4447896866408976,Columbia
3883,2,2,2,1,1,0.4447896866408976,Baker
5866,2,2,2,1,1,0.4447896866408976,Union
1180,2,2,2,2,1,0.4447896866408976,Hamilton
5034,2,1,1,1,1,0.4447896866408976,Union
3892,2,1,1,1,1,0.4447896866408976,Suwannee
1283,2,1,1,1,1,0.4447896866408976,Columbia
3026,2,1,1,1,1,0.4447896866408976,Columbia
309,2,2,2,1,1,0.4447896866408976,Hamilton
311,2,1,1,1,1,0.4447896866408976,Hamilton
3097,2,2,2,1,1,0.4447896866408976,Suwannee
270,2,2,2,1,1,0.4447896866408976,Hamilton
1423,2,2,2,1,1,0.4447896866408976,Baker
318,2,2,2,1,1,0.4447896866408976,Hamilton
3036,2,2,2,1,1,0.4447896866408976,Columbia
3050,2,2,2,1,1,0.4447896866408976,Columbia
3098,2,2,2,1,1,0.4447896866408976,Suwannee
2990,2,2,2,1,1,0.4447896866408976,Columbia
3010,2,2,2,1,1,0.4447896866408976,Columbia
4993,2,2,2,1,1,0.4447896866408976,Suwannee
1432,2,2,2,1,1,0.4447896866408976,Hamilton
2991,2,1,1,1,1,0.4447896866408976,Columbia
3111,2,1,1,1,1,0.4447896866408976,Columbia
1515,2,2,2,1,1,0.4447896866408976,Hamilton
2994,2,2,2,1,1,0.4447896866408976,Columbia
205,2,1,1,1,1,0.4447896866408976,Hamilton
1474,2,1,1,1,1,0.4447896866408976,Columbia
3874,2,1,1,1,1,0.4447896866408976,Union
335,2,2,2,1,1,0.4447896866408976,Hamilton
3113,2,2,2,1,1,0.4447896866408976,Columbia
418,2,2,2,1,1,0.4447896866408976,Hamilton
3866,2,1,1,1,1,0.4447896866408976,Baker
1519,2,2,2,1,1,0.4447896866408976,Baker
1430,2,2,2,1,1,0.4447896866408976,Hamilton
3933,2,2,2,1,1,0.4447896866408976,Columbia
3857,2,2,2,1,1,0.4447896866408976,Suwannee
3862,2,2,2,1,1,0.4447896866408976,Baker
3865,2,2,2,1,1,0.4447896866408976,Baker
3939,2,2,2,1,1,0.4447896866408976,Suwannee
4986,2,2,2,1,1,0.4447896866408976,Union
339,2,2,2,1,1,0.4447896866408976,Hamilton
3935,2,2,2,1,1,0.4447896866408976,Suwannee
1431,2,2,2,1,1,0.4447896866408976,Hamilton
394,2,1,1,1,1,0.4447896866408976,Hamilton
3915,2,2,2,1,1,0.4447896866408976,Columbia
5237,1,1,1,1,1,0.2223948433204488,Union
1270,1,1,1,1,1,0.2223948433204488,Baker
1064,1,1,1,1,1,0.2223948433204488,Baker
1043,1,1,1,1,1,0.2223948433204488,Hamilton
1040,1,1,1,1,1,0.2223948433204488,Hamilton
1381,1,1,1,1,1,0.2223948433204488,Baker
5374,1,1,1,1,1,0.2223948433204488,Union
5199,1,1,1,1,1,0.2223948433204488,Union
1226,1,1,1,1,1,0.2223948433204488,Hamilton
1061,1,1,1,1,1,0.2223948433204488,Baker
1048,1,1,1,1,1,0.2223948433204488,Hamilton
1222,1,1,1,1,1,0.2223948433204488,Baker
1232,1,1,1,1,1,0.2223948433204488,Columbia
1286,1,1,1,1,1,0.2223948433204488,Baker
5227,1,1,1,1,1,0.2223948433204488,Union
5322,1,1,1,1,1,0.2223948433204488,Union
1221,1,1,1,1,1,0.2223948433204488,Baker
5219,1,1,1,1,1,0.2223948433204488,Union
1059,1,1,1,1,1,0.2223948433204488,Baker
1039,1,1,1,1,1,0.2223948433204488,Baker
5371,1,1,1,1,1,0.2223948433204488,Union
5216,1,1,1,1,1,0.2223948433204488,Union
1058,1,1,1,1,1,0.2223948433204488,Hamilton
5368,1,1,1,1,1,0.2223948433204488,Union
5367,1,1,1,1,1,0.2223948433204488,Union
5385,1,1,1,1,1,0.2223948433204488,Union
915,1,1,1,1,1,0.2223948433204488,Hamilton
1264,1,1,1,1,1,0.2223948433204488,Baker
5248,1,1,1,1,1,0.2223948433204488,Union
1262,1,1,1,1,1,0.2223948433204488,Hamilton
919,1,1,1,1,1,0.2223948433204488,Hamilton
946,1,1,1,1,1,0.2223948433204488,Hamilton
5366,1,1,1,1,1,0.2223948433204488,Columbia
5254,1,1,1,1,1,0.2223948433204488,Union
1113,1,1,1,1,1,0.2223948433204488,Hamilton
5102,1,1,1,1,1,0.2223948433204488,Union
1130,1,1,1,1,1,0.2223948433204488,Baker
5365,1,1,1,1,1,0.2223948433204488,Union
1245,1,1,1,1,1,0.2223948433204488,Columbia
1108,1,1,1,1,1,0.2223948433204488,Baker
1103,1,1,1,1,1,0.2223948433204488,Columbia
5375,1,1,1,1,1,0.2223948433204488,Columbia
5201,1,1,1,1,1,0.2223948433204488,Union
1240,1,1,1,1,1,0.2223948433204488,Columbia
1124,1,1,1,1,1,0.2223948433204488,Baker
1265,1,1,1,1,1,0.2223948433204488,Baker
1126,1,1,1,1,1,0.2223948433204488,Baker
1384,1,1,1,1,1,0.2223948433204488,Baker
5229,1,1,1,1,1,0.2223948433204488,Union
1044,1,1,1,1,1,0.2223948433204488,Hamilton
5243,1,1,1,1,1,0.2223948433204488,Union
1100,1,1,1,1,1,0.2223948433204488,Hamilton
1153,1,1,1,1,1,0.2223948433204488,Baker
5382,1,1,1,1,1,0.2223948433204488,Union
1243,1,1,1,1,1,0.2223948433204488,Columbia
1152,1,1,1,1,1,0.2223948433204488,Baker
1151,1,1,1,1,1,0.2223948433204488,Baker
5100,1,1,1,1,1,0.2223948433204488,Union
1099,1,1,1,1,1,0.2223948433204488,Baker
1068,1,1,1,1,1,0.2223948433204488,Baker
1169,1,1,1,1,1,0.2223948433204488,Baker
1070,1,1,1,1,1,0.2223948433204488,Columbia
5261,1,1,1,1,1,0.2223948433204488,Union
5304,1,1,1,1,1,0.2223948433204488,Columbia
1171,1,1,1,1,1,0.2223948433204488,Baker
5303,1,1,1,1,1,0.2223948433204488,Union
1178,1,1,1,1,1,0.2223948433204488,Hamilton
1073,1,1,1,1,1,0.2223948433204488,Columbia
1292,1,1,1,1,1,0.2223948433204488,Hamilton
1277,1,1,1,1,1,0.2223948433204488,Columbia
5204,1,1,1,1,1,0.2223948433204488,Union
980,1,1,1,1,1,0.2223948433204488,Hamilton
1033,1,1,1,1,1,0.2223948433204488,Hamilton
5207,1,1,1,1,1,0.2223948433204488,Union
5264,1,1,1,1,1,0.2223948433204488,Union
5326,1,1,1,1,1,0.2223948433204488,Union
5327,1,1,1,1,1,0.2223948433204488,Union
1187,1,1,1,1,1,0.2223948433204488,Baker
1186,1,1,1,1,1,0.2223948433204488,Hamilton
5300,1,1,1,1,1,0.2223948433204488,Union
1181,1,1,1,1,1,0.2223948433204488,Hamilton
978,1,1,1,1,1,0.2223948433204488,Columbia
5225,1,1,1,1,1,0.2223948433204488,Union
5290,1,1,1,1,1,0.2223948433204488,Columbia
5226,1,1,1,1,1,0.2223948433204488,Union
5287,1,1,1,1,1,0.2223948433204488,Union
1134,1,1,1,1,1,0.2223948433204488,Columbia
1096,1,1,1,1,1,0.2223948433204488,Baker
5286,1,1,1,1,1,0.2223948433204488,Union
5281,1,1,1,1,1,0.2223948433204488,Union
1194,1,1,1,1,1,0.2223948433204488,Hamilton
5342,1,1,1,1,1,0.2223948433204488,Columbia
1198,1,1,1,1,1,0.2223948433204488,Baker
1303,1,1,1,1,1,0.2223948433204488,Hamilton
1163,1,1,1,1,1,0.2223948433204488,Hamilton
5193,1,1,1,1,1,0.2223948433204488,Union
1082,1,1,1,1,1,0.2223948433204488,Columbia
1218,1,1,1,1,1,0.2223948433204488,Hamilton
1189,1,1,1,1,1,0.2223948433204488,Hamilton
1087,1,1,1,1,1,0.2223948433204488,Columbia
1084,1,1,1,1,1,0.2223948433204488,Columbia
1313,1,1,1,1,1,0.2223948433204488,Hamilton
1079,1,1,1,1,1,0.2223948433204488,Hamilton
1305,1,1,1,1,1,0.2223948433204488,Columbia
5353,1,1,1,1,1,0.2223948433204488,Union
1091,1,1,1,1,1,0.2223948433204488,Hamilton
5317,1,1,1,1,1,0.2223948433204488,Union
1144,1,1,1,1,1,0.2223948433204488,Baker
5191,1,1,1,1,1,0.2223948433204488,Union
5316,1,1,1,1,1,0.2223948433204488,Union
5156,1,1,1,1,1,0.2223948433204488,Union
1142,1,1,1,1,1,0.2223948433204488,Baker
5153,1,1,1,1,1,0.2223948433204488,Union
1141,1,1,1,1,1,0.2223948433204488,Baker
1114,1,1,1,1,1,0.2223948433204488,Baker
1115,1,1,1,1,1,0.2223948433204488,Columbia
5299,1,1,1,1,1,0.2223948433204488,Columbia
5215,1,1,1,1,1,0.2223948433204488,Union
5149,1,1,1,1,1,0.2223948433204488,Union
1025,1,1,1,1,1,0.2223948433204488,Hamilton
5311,1,1,1,1,1,0.2223948433204488,Union
5144,1,1,1,1,1,0.2223948433204488,Columbia
5143,1,1,1,1,1,0.2223948433204488,Columbia
1229,1,1,1,1,1,0.2223948433204488,Baker
1050,1,1,1,1,1,0.2223948433204488,Columbia
1275,1,1,1,1,1,0.2223948433204488,Columbia
5308,1,1,1,1,1,0.2223948433204488,Union
1289,1,1,1,1,1,0.2223948433204488,Baker
1017,1,1,1,1,1,0.2223948433204488,Hamilton
5329,1,1,1,1,1,0.2223948433204488,Union
5208,1,1,1,1,1,0.2223948433204488,Union
5166,1,1,1,1,1,0.2223948433204488,Columbia
5330,1,1,1,1,1,0.2223948433204488,Union
1071,1,1,1,1,1,0.2223948433204488,Columbia
5135,1,1,1,1,1,0.2223948433204488,Union
1148,1,1,1,1,1,0.2223948433204488,Baker
5133,1,1,1,1,1,0.2223948433204488,Union
1145,1,1,1,1,1,0.2223948433204488,Baker
5294,1,1,1,1,1,0.2223948433204488,Columbia
5331,1,1,1,1,1,0.2223948433204488,Union
1011,1,1,1,1,1,0.2223948433204488,Columbia
1322,1,1,1,1,1,0.2223948433204488,Hamilton
5293,1,1,1,1,1,0.2223948433204488,Union
5333,1,1,1,1,1,0.2223948433204488,Columbia
1317,1,1,1,1,1,0.2223948433204488,Hamilton
1007,1,1,1,1,1,0.2223948433204488,Hamilton
5275,1,1,1,1,1,0.2223948433204488,Union
1010,1,1,1,1,1,0.2223948433204488,Hamilton
1316,1,1,1,1,1,0.2223948433204488,Columbia
5319,1,1,1,1,1,0.2223948433204488,Union
5158,1,1,1,1,1,0.2223948433204488,Union
5278,1,1,1,1,1,0.2223948433204488,Union
5332,1,1,1,1,1,0.2223948433204488,Union
272,1,1,1,1,1,0.2223948433204488,Baker
5860,1,1,1,1,1,0.2223948433204488,Union
5857,1,1,1,1,1,0.2223948433204488,Union
5855,1,1,1,1,1,0.2223948433204488,Union
296,1,1,1,1,1,0.2223948433204488,Baker
295,1,1,1,1,1,0.2223948433204488,Hamilton
289,1,1,1,1,1,0.2223948433204488,Hamilton
282,1,1,1,1,1,0.2223948433204488,Hamilton
280,1,1,1,1,1,0.2223948433204488,Baker
276,1,1,1,1,1,0.2223948433204488,Hamilton
341,1,1,1,1,1,0.2223948433204488,Hamilton
623,1,1,1,1,1,0.2223948433204488,Baker
336,1,1,1,1,1,0.2223948433204488,Hamilton
331,1,1,1,1,1,0.2223948433204488,Hamilton
390,1,1,1,1,1,0.2223948433204488,Hamilton
361,1,1,1,1,1,0.2223948433204488,Hamilton
356,1,1,1,1,1,0.2223948433204488,Hamilton
353,1,1,1,1,1,0.2223948433204488,Baker
351,1,1,1,1,1,0.2223948433204488,Hamilton
5826,1,1,1,1,1,0.2223948433204488,Columbia
5821,1,1,1,1,1,0.2223948433204488,Union
5813,1,1,1,1,1,0.2223948433204488,Union
5812,1,1,1,1,1,0.2223948433204488,Union
303,1,1,1,1,1,0.2223948433204488,Hamilton
337,1,1,1,1,1,0.2223948433204488,Columbia
244,1,1,1,1,1,0.2223948433204488,Hamilton
237,1,1,1,1,1,0.2223948433204488,Hamilton
236,1,1,1,1,1,0.2223948433204488,Baker
5870,1,1,1,1,1,0.2223948433204488,Union
266,1,1,1,1,1,0.2223948433204488,Hamilton
261,1,1,1,1,1,0.2223948433204488,Baker
5885,1,1,1,1,1,0.2223948433204488,Columbia
5882,1,1,1,1,1,0.2223948433204488,Union
5875,1,1,1,1,1,0.2223948433204488,Union
5874,1,1,1,1,1,0.2223948433204488,Union
5872,1,1,1,1,1,0.2223948433204488,Union
329,1,1,1,1,1,0.2223948433204488,Hamilton
211,1,1,1,1,1,0.2223948433204488,Hamilton
207,1,1,1,1,1,0.2223948433204488,Baker
203,1,1,1,1,1,0.2223948433204488,Columbia
5897,1,1,1,1,1,0.2223948433204488,Union
321,1,1,1,1,1,0.2223948433204488,Hamilton
315,1,1,1,1,1,0.2223948433204488,Hamilton
308,1,1,1,1,1,0.2223948433204488,Hamilton
5850,1,1,1,1,1,0.2223948433204488,Union
5846,1,1,1,1,1,0.2223948433204488,Union
5844,1,1,1,1,1,0.2223948433204488,Union
5839,1,1,1,1,1,0.2223948433204488,Columbia
5837,1,1,1,1,1,0.2223948433204488,Union
214,1,1,1,1,1,0.2223948433204488,Hamilton
477,1,1,1,1,1,0.2223948433204488,Hamilton
475,1,1,1,1,1,0.2223948433204488,Baker
5748,1,1,1,1,1,0.2223948433204488,Union
5747,1,1,1,1,1,0.2223948433204488,Union
5743,1,1,1,1,1,0.2223948433204488,Union
5740,1,1,1,1,1,0.2223948433204488,Union
490,1,1,1,1,1,0.2223948433204488,Hamilton
5770,1,1,1,1,1,0.2223948433204488,Union
5766,1,1,1,1,1,0.2223948433204488,Union
5757,1,1,1,1,1,0.2223948433204488,Union
453,1,1,1,1,1,0.2223948433204488,Hamilton
301,1,1,1,1,1,0.2223948433204488,Baker
448,1,1,1,1,1,0.2223948433204488,Hamilton
504,1,1,1,1,1,0.2223948433204488,Baker
503,1,1,1,1,1,0.2223948433204488,Baker
500,1,1,1,1,1,0.2223948433204488,Hamilton
499,1,1,1,1,1,0.2223948433204488,Baker
495,1,1,1,1,1,0.2223948433204488,Hamilton
519,1,1,1,1,1,0.2223948433204488,Hamilton
517,1,1,1,1,1,0.2223948433204488,Columbia
516,1,1,1,1,1,0.2223948433204488,Hamilton
513,1,1,1,1,1,0.2223948433204488,Baker
510,1,1,1,1,1,0.2223948433204488,Baker
5725,1,1,1,1,1,0.2223948433204488,Union
450,1,1,1,1,1,0.2223948433204488,Hamilton
5832,1,1,1,1,1,0.2223948433204488,Union
5831,1,1,1,1,1,0.2223948433204488,Columbia
5828,1,1,1,1,1,0.2223948433204488,Union
5827,1,1,1,1,1,0.2223948433204488,Columbia
417,1,1,1,1,1,0.2223948433204488,Hamilton
408,1,1,1,1,1,0.2223948433204488,Hamilton
5774,1,1,1,1,1,0.2223948433204488,Columbia
368,1,1,1,1,1,0.2223948433204488,Hamilton
367,1,1,1,1,1,0.2223948433204488,Hamilton
366,1,1,1,1,1,0.2223948433204488,Hamilton
5796,1,1,1,1,1,0.2223948433204488,Union
478,1,1,1,1,1,0.2223948433204488,Baker
5788,1,1,1,1,1,0.2223948433204488,Union
5785,1,1,1,1,1,0.2223948433204488,Columbia
5784,1,1,1,1,1,0.2223948433204488,Columbia
388,1,1,1,1,1,0.2223948433204488,Hamilton
387,1,1,1,1,1,0.2223948433204488,Hamilton
378,1,1,1,1,1,0.2223948433204488,Hamilton
377,1,1,1,1,1,0.2223948433204488,Hamilton
376,1,1,1,1,1,0.2223948433204488,Hamilton
372,1,1,1,1,1,0.2223948433204488,Hamilton
488,1,1,1,1,1,0.2223948433204488,Hamilton
486,1,1,1,1,1,0.2223948433204488,Hamilton
483,1,1,1,1,1,0.2223948433204488,Hamilton
5794,1,1,1,1,1,0.2223948433204488,Columbia
6079,1,1,1,1,1,0.2223948433204488,Columbia
6078,1,1,1,1,1,0.2223948433204488,Columbia
3590,1,1,1,1,1,0.2223948433204488,Suwannee
3585,1,1,1,1,1,0.2223948433204488,Suwannee
3582,1,1,1,1,1,0.2223948433204488,Columbia
3573,1,1,1,1,1,0.2223948433204488,Suwannee
3572,1,1,1,1,1,0.2223948433204488,Columbia
19,1,1,1,1,1,0.2223948433204488,Baker
3539,1,1,1,1,1,0.2223948433204488,Columbia
3538,1,1,1,1,1,0.2223948433204488,Columbia
3534,1,1,1,1,1,0.2223948433204488,Suwannee
250,1,1,1,1,1,0.2223948433204488,Baker
3531,1,1,1,1,1,0.2223948433204488,Baker
3593,1,1,1,1,1,0.2223948433204488,Baker
120,1,1,1,1,1,0.2223948433204488,Columbia
117,1,1,1,1,1,0.2223948433204488,Hamilton
116,1,1,1,1,1,0.2223948433204488,Hamilton
113,1,1,1,1,1,0.2223948433204488,Columbia
109,1,1,1,1,1,0.2223948433204488,Baker
107,1,1,1,1,1,0.2223948433204488,Columbia
133,1,1,1,1,1,0.2223948433204488,Hamilton
132,1,1,1,1,1,0.2223948433204488,Baker
128,1,1,1,1,1,0.2223948433204488,Hamilton
123,1,1,1,1,1,0.2223948433204488,Columbia
3533,1,1,1,1,1,0.2223948433204488,Baker
89,1,1,1,1,1,0.2223948433204488,Columbia
83,1,1,1,1,1,0.2223948433204488,Baker
80,1,1,1,1,1,0.2223948433204488,Columbia
79,1,1,1,1,1,0.2223948433204488,Hamilton
5996,1,1,1,1,1,0.2223948433204488,Union
102,1,1,1,1,1,0.2223948433204488,Hamilton
101,1,1,1,1,1,0.2223948433204488,Hamilton
97,1,1,1,1,1,0.2223948433204488,Hamilton
96,1,1,1,1,1,0.2223948433204488,Baker
6018,1,1,1,1,1,0.2223948433204488,Union
6014,1,1,1,1,1,0.2223948433204488,Union
6087,1,1,1,1,1,0.2223948433204488,Columbia
6010,1,1,1,1,1,0.2223948433204488,Union
6009,1,1,1,1,1,0.2223948433204488,Columbia
5997,1,1,1,1,1,0.2223948433204488,Union
22,1,1,1,1,1,0.2223948433204488,Baker
44,1,1,1,1,1,0.2223948433204488,Baker
6023,1,1,1,1,1,0.2223948433204488,Union
26,1,1,1,1,1,0.2223948433204488,Baker
6072,1,1,1,1,1,0.2223948433204488,Columbia
6070,1,1,1,1,1,0.2223948433204488,Columbia
6065,1,1,1,1,1,0.2223948433204488,Columbia
6060,1,1,1,1,1,0.2223948433204488,Columbia
3567,1,1,1,1,1,0.2223948433204488,Baker
6013,1,1,1,1,1,0.2223948433204488,Union
168,1,1,1,1,1,0.2223948433204488,Hamilton
167,1,1,1,1,1,0.2223948433204488,Baker
159,1,1,1,1,1,0.2223948433204488,Baker
158,1,1,1,1,1,0.2223948433204488,Columbia
156,1,1,1,1,1,0.2223948433204488,Hamilton
228,1,1,1,1,1,0.2223948433204488,Hamilton
221,1,1,1,1,1,0.2223948433204488,Baker
5918,1,1,1,1,1,0.2223948433204488,Union
5913,1,1,1,1,1,0.2223948433204488,Union
5908,1,1,1,1,1,0.2223948433204488,Columbia
174,1,1,1,1,1,0.2223948433204488,Baker
121,1,1,1,1,1,0.2223948433204488,Columbia
171,1,1,1,1,1,0.2223948433204488,Columbia
5928,1,1,1,1,1,0.2223948433204488,Union
5924,1,1,1,1,1,0.2223948433204488,Union
5922,1,1,1,1,1,0.2223948433204488,Union
5921,1,1,1,1,1,0.2223948433204488,Union
188,1,1,1,1,1,0.2223948433204488,Hamilton
185,1,1,1,1,1,0.2223948433204488,Hamilton
180,1,1,1,1,1,0.2223948433204488,Baker
179,1,1,1,1,1,0.2223948433204488,Columbia
176,1,1,1,1,1,0.2223948433204488,Baker
175,1,1,1,1,1,0.2223948433204488,Baker
255,1,1,1,1,1,0.2223948433204488,Hamilton
172,1,1,1,1,1,0.2223948433204488,Baker
5977,1,1,1,1,1,0.2223948433204488,Union
5969,1,1,1,1,1,0.2223948433204488,Union
5967,1,1,1,1,1,0.2223948433204488,Columbia
5965,1,1,1,1,1,0.2223948433204488,Union
137,1,1,1,1,1,0.2223948433204488,Baker
136,1,1,1,1,1,0.2223948433204488,Baker
135,1,1,1,1,1,0.2223948433204488,Hamilton
76,1,1,1,1,1,0.2223948433204488,Hamilton
75,1,1,1,1,1,0.2223948433204488,Hamilton
5992,1,1,1,1,1,0.2223948433204488,Union
5980,1,1,1,1,1,0.2223948433204488,Union
149,1,1,1,1,1,0.2223948433204488,Baker
198,1,1,1,1,1,0.2223948433204488,Baker
197,1,1,1,1,1,0.2223948433204488,Hamilton
195,1,1,1,1,1,0.2223948433204488,Hamilton
192,1,1,1,1,1,0.2223948433204488,Baker
139,1,1,1,1,1,0.2223948433204488,Baker
5958,1,1,1,1,1,0.2223948433204488,Columbia
5942,1,1,1,1,1,0.2223948433204488,Union
5941,1,1,1,1,1,0.2223948433204488,Union
5939,1,1,1,1,1,0.2223948433204488,Union
5938,1,1,1,1,1,0.2223948433204488,Columbia
154,1,1,1,1,1,0.2223948433204488,Hamilton
152,1,1,1,1,1,0.2223948433204488,Columbia
5932,1,1,1,1,1,0.2223948433204488,Columbia
766,1,1,1,1,1,0.2223948433204488,Columbia
5504,1,1,1,1,1,0.2223948433204488,Union
5502,1,1,1,1,1,0.2223948433204488,Union
5500,1,1,1,1,1,0.2223948433204488,Union
5494,1,1,1,1,1,0.2223948433204488,Union
722,1,1,1,1,1,0.2223948433204488,Baker
5512,1,1,1,1,1,0.2223948433204488,Union
5511,1,1,1,1,1,0.2223948433204488,Union
5508,1,1,1,1,1,0.2223948433204488,Union
5464,1,1,1,1,1,0.2223948433204488,Union
5460,1,1,1,1,1,0.2223948433204488,Union
5722,1,1,1,1,1,0.2223948433204488,Union
5456,1,1,1,1,1,0.2223948433204488,Union
5481,1,1,1,1,1,0.2223948433204488,Union
5471,1,1,1,1,1,0.2223948433204488,Union
5467,1,1,1,1,1,0.2223948433204488,Columbia
789,1,1,1,1,1,0.2223948433204488,Hamilton
787,1,1,1,1,1,0.2223948433204488,Hamilton
785,1,1,1,1,1,0.2223948433204488,Hamilton
781,1,1,1,1,1,0.2223948433204488,Hamilton
780,1,1,1,1,1,0.2223948433204488,Hamilton
779,1,1,1,1,1,0.2223948433204488,Hamilton
809,1,1,1,1,1,0.2223948433204488,Baker
799,1,1,1,1,1,0.2223948433204488,Hamilton
5458,1,1,1,1,1,0.2223948433204488,Union
725,1,1,1,1,1,0.2223948433204488,Baker
723,1,1,1,1,1,0.2223948433204488,Hamilton
5525,1,1,1,1,1,0.2223948433204488,Union
5523,1,1,1,1,1,0.2223948433204488,Union
5519,1,1,1,1,1,0.2223948433204488,Union
5516,1,1,1,1,1,0.2223948433204488,Suwannee
5515,1,1,1,1,1,0.2223948433204488,Union
5539,1,1,1,1,1,0.2223948433204488,Union
5535,1,1,1,1,1,0.2223948433204488,Union
5532,1,1,1,1,1,0.2223948433204488,Union
5531,1,1,1,1,1,0.2223948433204488,Union
767,1,1,1,1,1,0.2223948433204488,Baker
689,1,1,1,1,1,0.2223948433204488,Columbia
5545,1,1,1,1,1,0.2223948433204488,Columbia
5540,1,1,1,1,1,0.2223948433204488,Union
763,1,1,1,1,1,0.2223948433204488,Baker
762,1,1,1,1,1,0.2223948433204488,Columbia
761,1,1,1,1,1,0.2223948433204488,Hamilton
757,1,1,1,1,1,0.2223948433204488,Columbia
755,1,1,1,1,1,0.2223948433204488,Hamilton
753,1,1,1,1,1,0.2223948433204488,Hamilton
5487,1,1,1,1,1,0.2223948433204488,Columbia
777,1,1,1,1,1,0.2223948433204488,Columbia
776,1,1,1,1,1,0.2223948433204488,Columbia
5526,1,1,1,1,1,0.2223948433204488,Union
924,1,1,1,1,1,0.2223948433204488,Hamilton
922,1,1,1,1,1,0.2223948433204488,Hamilton
920,1,1,1,1,1,0.2223948433204488,Hamilton
5411,1,1,1,1,1,0.2223948433204488,Union
5403,1,1,1,1,1,0.2223948433204488,Union
5401,1,1,1,1,1,0.2223948433204488,Suwannee
5396,1,1,1,1,1,0.2223948433204488,Suwannee
890,1,1,1,1,1,0.2223948433204488,Hamilton
888,1,1,1,1,1,0.2223948433204488,Hamilton
887,1,1,1,1,1,0.2223948433204488,Hamilton
886,1,1,1,1,1,0.2223948433204488,Baker
797,1,1,1,1,1,0.2223948433204488,Hamilton
880,1,1,1,1,1,0.2223948433204488,Hamilton
900,1,1,1,1,1,0.2223948433204488,Hamilton
897,1,1,1,1,1,0.2223948433204488,Hamilton
896,1,1,1,1,1,0.2223948433204488,Baker
894,1,1,1,1,1,0.2223948433204488,Hamilton
893,1,1,1,1,1,0.2223948433204488,Hamilton
942,1,1,1,1,1,0.2223948433204488,Hamilton
995,1,1,1,1,1,0.2223948433204488,Hamilton
5355,1,1,1,1,1,0.2223948433204488,Union
953,1,1,1,1,1,0.2223948433204488,Hamilton
950,1,1,1,1,1,0.2223948433204488,Columbia
947,1,1,1,1,1,0.2223948433204488,Columbia
881,1,1,1,1,1,0.2223948433204488,Hamilton
793,1,1,1,1,1,0.2223948433204488,Columbia
791,1,1,1,1,1,0.2223948433204488,Hamilton
853,1,1,1,1,1,0.2223948433204488,Hamilton
845,1,1,1,1,1,0.2223948433204488,Hamilton
844,1,1,1,1,1,0.2223948433204488,Columbia
906,1,1,1,1,1,0.2223948433204488,Baker
905,1,1,1,1,1,0.2223948433204488,Hamilton
902,1,1,1,1,1,0.2223948433204488,Baker
5419,1,1,1,1,1,0.2223948433204488,Union
873,1,1,1,1,1,0.2223948433204488,Baker
855,1,1,1,1,1,0.2223948433204488,Columbia
927,1,1,1,1,1,0.2223948433204488,Hamilton
5447,1,1,1,1,1,0.2223948433204488,Union
5446,1,1,1,1,1,0.2223948433204488,Union
5437,1,1,1,1,1,0.2223948433204488,Union
5434,1,1,1,1,1,0.2223948433204488,Union
5431,1,1,1,1,1,0.2223948433204488,Union
5451,1,1,1,1,1,0.2223948433204488,Union
826,1,1,1,1,1,0.2223948433204488,Baker
818,1,1,1,1,1,0.2223948433204488,Hamilton
816,1,1,1,1,1,0.2223948433204488,Baker
814,1,1,1,1,1,0.2223948433204488,Baker
934,1,1,1,1,1,0.2223948433204488,Hamilton
928,1,1,1,1,1,0.2223948433204488,Hamilton
5449,1,1,1,1,1,0.2223948433204488,Union
542,1,1,1,1,1,0.2223948433204488,Columbia
5656,1,1,1,1,1,0.2223948433204488,Union
5654,1,1,1,1,1,0.2223948433204488,Union
5651,1,1,1,1,1,0.2223948433204488,Union
5647,1,1,1,1,1,0.2223948433204488,Union
5668,1,1,1,1,1,0.2223948433204488,Union
5666,1,1,1,1,1,0.2223948433204488,Union
5658,1,1,1,1,1,0.2223948433204488,Union
5657,1,1,1,1,1,0.2223948433204488,Union
559,1,1,1,1,1,0.2223948433204488,Hamilton
5670,1,1,1,1,1,0.2223948433204488,Union
727,1,1,1,1,1,0.2223948433204488,Baker
576,1,1,1,1,1,0.2223948433204488,Hamilton
571,1,1,1,1,1,0.2223948433204488,Hamilton
569,1,1,1,1,1,0.2223948433204488,Hamilton
564,1,1,1,1,1,0.2223948433204488,Hamilton
5615,1,1,1,1,1,0.2223948433204488,Union
5611,1,1,1,1,1,0.2223948433204488,Union
650,1,1,1,1,1,0.2223948433204488,Columbia
649,1,1,1,1,1,0.2223948433204488,Columbia
644,1,1,1,1,1,0.2223948433204488,Baker
640,1,1,1,1,1,0.2223948433204488,Baker
631,1,1,1,1,1,0.2223948433204488,Baker
5627,1,1,1,1,1,0.2223948433204488,Union
578,1,1,1,1,1,0.2223948433204488,Hamilton
5721,1,1,1,1,1,0.2223948433204488,Union
5719,1,1,1,1,1,0.2223948433204488,Union
5715,1,1,1,1,1,0.2223948433204488,Union
5708,1,1,1,1,1,0.2223948433204488,Union
5707,1,1,1,1,1,0.2223948433204488,Union
522,1,1,1,1,1,0.2223948433204488,Baker
462,1,1,1,1,1,0.2223948433204488,Hamilton
5734,1,1,1,1,1,0.2223948433204488,Union
5733,1,1,1,1,1,0.2223948433204488,Union
5727,1,1,1,1,1,0.2223948433204488,Union
5686,1,1,1,1,1,0.2223948433204488,Union
545,1,1,1,1,1,0.2223948433204488,Hamilton
5678,1,1,1,1,1,0.2223948433204488,Union
586,1,1,1,1,1,0.2223948433204488,Hamilton
584,1,1,1,1,1,0.2223948433204488,Hamilton
523,1,1,1,1,1,0.2223948433204488,Baker
5704,1,1,1,1,1,0.2223948433204488,Union
5701,1,1,1,1,1,0.2223948433204488,Union
5694,1,1,1,1,1,0.2223948433204488,Union
5688,1,1,1,1,1,0.2223948433204488,Union
538,1,1,1,1,1,0.2223948433204488,Columbia
530,1,1,1,1,1,0.2223948433204488,Hamilton
554,1,1,1,1,1,0.2223948433204488,Hamilton
547,1,1,1,1,1,0.2223948433204488,Baker
5679,1,1,1,1,1,0.2223948433204488,Union
5604,1,1,1,1,1,0.2223948433204488,Union
625,1,1,1,1,1,0.2223948433204488,Baker
1376,1,1,1,1,1,0.2223948433204488,Baker
621,1,1,1,1,1,0.2223948433204488,Baker
707,1,1,1,1,1,0.2223948433204488,Baker
704,1,1,1,1,1,0.2223948433204488,Hamilton
698,1,1,1,1,1,0.2223948433204488,Columbia
695,1,1,1,1,1,0.2223948433204488,Columbia
5560,1,1,1,1,1,0.2223948433204488,Union
5558,1,1,1,1,1,0.2223948433204488,Union
5552,1,1,1,1,1,0.2223948433204488,Union
5623,1,1,1,1,1,0.2223948433204488,Columbia
714,1,1,1,1,1,0.2223948433204488,Baker
712,1,1,1,1,1,0.2223948433204488,Baker
5570,1,1,1,1,1,0.2223948433204488,Union
5569,1,1,1,1,1,0.2223948433204488,Union
5567,1,1,1,1,1,0.2223948433204488,Union
661,1,1,1,1,1,0.2223948433204488,Columbia
657,1,1,1,1,1,0.2223948433204488,Baker
655,1,1,1,1,1,0.2223948433204488,Baker
731,1,1,1,1,1,0.2223948433204488,Baker
730,1,1,1,1,1,0.2223948433204488,Columbia
729,1,1,1,1,1,0.2223948433204488,Columbia
728,1,1,1,1,1,0.2223948433204488,Baker
5547,1,1,1,1,1,0.2223948433204488,Union
5622,1,1,1,1,1,0.2223948433204488,Union
5621,1,1,1,1,1,0.2223948433204488,Union
5620,1,1,1,1,1,0.2223948433204488,Union
5617,1,1,1,1,1,0.2223948433204488,Union
600,1,1,1,1,1,0.2223948433204488,Hamilton
590,1,1,1,1,1,0.2223948433204488,Hamilton
587,1,1,1,1,1,0.2223948433204488,Hamilton
5642,1,1,1,1,1,0.2223948433204488,Union
5629,1,1,1,1,1,0.2223948433204488,Union
612,1,1,1,1,1,0.2223948433204488,Columbia
607,1,1,1,1,1,0.2223948433204488,Hamilton
602,1,1,1,1,1,0.2223948433204488,Hamilton
5606,1,1,1,1,1,0.2223948433204488,Union
5584,1,1,1,1,1,0.2223948433204488,Union
682,1,1,1,1,1,0.2223948433204488,Columbia
676,1,1,1,1,1,0.2223948433204488,Baker
675,1,1,1,1,1,0.2223948433204488,Columbia
672,1,1,1,1,1,0.2223948433204488,Hamilton
5593,1,1,1,1,1,0.2223948433204488,Union
5591,1,1,1,1,1,0.2223948433204488,Union
5589,1,1,1,1,1,0.2223948433204488,Union
5588,1,1,1,1,1,0.2223948433204488,Union
5587,1,1,1,1,1,0.2223948433204488,Union
5586,1,1,1,1,1,0.2223948433204488,Union
5585,1,1,1,1,1,0.2223948433204488,Union
601,1,1,1,1,1,0.2223948433204488,Hamilton
4076,1,1,1,1,1,0.2223948433204488,Union
2858,1,1,1,1,1,0.2223948433204488,Baker
2857,1,1,1,1,1,0.2223948433204488,Columbia
4102,1,1,1,1,1,0.2223948433204488,Columbia
4098,1,1,1,1,1,0.2223948433204488,Columbia
4093,1,1,1,1,1,0.2223948433204488,Baker
2814,1,1,1,1,1,0.2223948433204488,Columbia
2802,1,1,1,1,1,0.2223948433204488,Columbia
4051,1,1,1,1,1,0.2223948433204488,Union
2890,1,1,1,1,1,0.2223948433204488,Columbia
2889,1,1,1,1,1,0.2223948433204488,Columbia
2888,1,1,1,1,1,0.2223948433204488,Columbia
2887,1,1,1,1,1,0.2223948433204488,Suwannee
1855,1,1,1,1,1,0.2223948433204488,Baker
4063,1,1,1,1,1,0.2223948433204488,Columbia
4062,1,1,1,1,1,0.2223948433204488,Suwannee
4061,1,1,1,1,1,0.2223948433204488,Suwannee
4060,1,1,1,1,1,0.2223948433204488,Union
4058,1,1,1,1,1,0.2223948433204488,Baker
2838,1,1,1,1,1,0.2223948433204488,Baker
2836,1,1,1,1,1,0.2223948433204488,Columbia
2829,1,1,1,1,1,0.2223948433204488,Suwannee
2827,1,1,1,1,1,0.2223948433204488,Baker
4070,1,1,1,1,1,0.2223948433204488,Baker
4069,1,1,1,1,1,0.2223948433204488,Columbia
4068,1,1,1,1,1,0.2223948433204488,Suwannee
2846,1,1,1,1,1,0.2223948433204488,Columbia
2844,1,1,1,1,1,0.2223948433204488,Baker
2886,1,1,1,1,1,0.2223948433204488,Baker
2760,1,1,1,1,1,0.2223948433204488,Columbia
2759,1,1,1,1,1,0.2223948433204488,Baker
2757,1,1,1,1,1,0.2223948433204488,Suwannee
2756,1,1,1,1,1,0.2223948433204488,Baker
2752,1,1,1,1,1,0.2223948433204488,Columbia
4112,1,1,1,1,1,0.2223948433204488,Columbia
4111,1,1,1,1,1,0.2223948433204488,Columbia
4107,1,1,1,1,1,0.2223948433204488,Columbia
2823,1,1,1,1,1,0.2223948433204488,Suwannee
4130,1,1,1,1,1,0.2223948433204488,Columbia
4129,1,1,1,1,1,0.2223948433204488,Columbia
4124,1,1,1,1,1,0.2223948433204488,Suwannee
2783,1,1,1,1,1,0.2223948433204488,Suwannee
4084,1,1,1,1,1,0.2223948433204488,Columbia
2778,1,1,1,1,1,0.2223948433204488,Suwannee
2768,1,1,1,1,1,0.2223948433204488,Columbia
2766,1,1,1,1,1,0.2223948433204488,Columbia
2765,1,1,1,1,1,0.2223948433204488,Columbia
4137,1,1,1,1,1,0.2223948433204488,Columbia
2794,1,1,1,1,1,0.2223948433204488,Baker
2793,1,1,1,1,1,0.2223948433204488,Baker
2792,1,1,1,1,1,0.2223948433204488,Baker
2790,1,1,1,1,1,0.2223948433204488,Suwannee
2789,1,1,1,1,1,0.2223948433204488,Baker
2786,1,1,1,1,1,0.2223948433204488,Baker
2856,1,1,1,1,1,0.2223948433204488,Columbia
2855,1,1,1,1,1,0.2223948433204488,Columbia
2854,1,1,1,1,1,0.2223948433204488,Columbia
2780,1,1,1,1,1,0.2223948433204488,Baker
2894,1,1,1,1,1,0.2223948433204488,Columbia
2892,1,1,1,1,1,0.2223948433204488,Baker
2891,1,1,1,1,1,0.2223948433204488,Columbia
4007,1,1,1,1,1,0.2223948433204488,Columbia
4005,1,1,1,1,1,0.2223948433204488,Baker
2917,1,1,1,1,1,0.2223948433204488,Suwannee
2914,1,1,1,1,1,0.2223948433204488,Columbia
2908,1,1,1,1,1,0.2223948433204488,Columbia
2902,1,1,1,1,1,0.2223948433204488,Suwannee
2984,1,1,1,1,1,0.2223948433204488,Baker
2983,1,1,1,1,1,0.2223948433204488,Baker
2982,1,1,1,1,1,0.2223948433204488,Baker
2980,1,1,1,1,1,0.2223948433204488,Baker
2842,1,1,1,1,1,0.2223948433204488,Baker
3968,1,1,1,1,1,0.2223948433204488,Suwannee
3965,1,1,1,1,1,0.2223948433204488,Columbia
3964,1,1,1,1,1,0.2223948433204488,Columbia
3961,1,1,1,1,1,0.2223948433204488,Columbia
2936,1,1,1,1,1,0.2223948433204488,Baker
2933,1,1,1,1,1,0.2223948433204488,Baker
2924,1,1,1,1,1,0.2223948433204488,Columbia
3973,1,1,1,1,1,0.2223948433204488,Suwannee
2946,1,1,1,1,1,0.2223948433204488,Suwannee
2944,1,1,1,1,1,0.2223948433204488,Baker
2943,1,1,1,1,1,0.2223948433204488,Columbia
2940,1,1,1,1,1,0.2223948433204488,Suwannee
2939,1,1,1,1,1,0.2223948433204488,Suwannee
3006,1,1,1,1,1,0.2223948433204488,Columbia
3970,1,1,1,1,1,0.2223948433204488,Baker
2841,1,1,1,1,1,0.2223948433204488,Columbia
2840,1,1,1,1,1,0.2223948433204488,Suwannee
2839,1,1,1,1,1,0.2223948433204488,Baker
4019,1,1,1,1,1,0.2223948433204488,Columbia
4018,1,1,1,1,1,0.2223948433204488,Suwannee
4014,1,1,1,1,1,0.2223948433204488,Union
4012,1,1,1,1,1,0.2223948433204488,Columbia
2921,1,1,1,1,1,0.2223948433204488,Suwannee
2919,1,1,1,1,1,0.2223948433204488,Baker
4034,1,1,1,1,1,0.2223948433204488,Suwannee
4032,1,1,1,1,1,0.2223948433204488,Columbia
4029,1,1,1,1,1,0.2223948433204488,Columbia
4027,1,1,1,1,1,0.2223948433204488,Columbia
3990,1,1,1,1,1,0.2223948433204488,Columbia
2860,1,1,1,1,1,0.2223948433204488,Suwannee
2859,1,1,1,1,1,0.2223948433204488,Baker
2881,1,1,1,1,1,0.2223948433204488,Suwannee
2877,1,1,1,1,1,0.2223948433204488,Baker
2875,1,1,1,1,1,0.2223948433204488,Baker
3986,1,1,1,1,1,0.2223948433204488,Columbia
3983,1,1,1,1,1,0.2223948433204488,Columbia
3982,1,1,1,1,1,0.2223948433204488,Union
2953,1,1,1,1,1,0.2223948433204488,Columbia
2950,1,1,1,1,1,0.2223948433204488,Columbia
4000,1,1,1,1,1,0.2223948433204488,Columbia
3998,1,1,1,1,1,0.2223948433204488,Union
3997,1,1,1,1,1,0.2223948433204488,Columbia
3991,1,1,1,1,1,0.2223948433204488,Baker
4026,1,1,1,1,1,0.2223948433204488,Columbia
2598,1,1,1,1,1,0.2223948433204488,Columbia
2544,1,1,1,1,1,0.2223948433204488,Baker
2542,1,1,1,1,1,0.2223948433204488,Baker
2539,1,1,1,1,1,0.2223948433204488,Baker
4288,1,1,1,1,1,0.2223948433204488,Columbia
4284,1,1,1,1,1,0.2223948433204488,Columbia
2564,1,1,1,1,1,0.2223948433204488,Suwannee
2562,1,1,1,1,1,0.2223948433204488,Baker
2559,1,1,1,1,1,0.2223948433204488,Baker
2556,1,1,1,1,1,0.2223948433204488,Columbia
2626,1,1,1,1,1,0.2223948433204488,Columbia
2615,1,1,1,1,1,0.2223948433204488,Suwannee
2612,1,1,1,1,1,0.2223948433204488,Columbia
2761,1,1,1,1,1,0.2223948433204488,Baker
2606,1,1,1,1,1,0.2223948433204488,Columbia
4239,1,1,1,1,1,0.2223948433204488,Columbia
4235,1,1,1,1,1,0.2223948433204488,Suwannee
2633,1,1,1,1,1,0.2223948433204488,Columbia
2628,1,1,1,1,1,0.2223948433204488,Suwannee
4261,1,1,1,1,1,0.2223948433204488,Columbia
4252,1,1,1,1,1,0.2223948433204488,Columbia
4251,1,1,1,1,1,0.2223948433204488,Columbia
4242,1,1,1,1,1,0.2223948433204488,Columbia
2580,1,1,1,1,1,0.2223948433204488,Suwannee
2575,1,1,1,1,1,0.2223948433204488,Baker
2574,1,1,1,1,1,0.2223948433204488,Baker
2572,1,1,1,1,1,0.2223948433204488,Columbia
4262,1,1,1,1,1,0.2223948433204488,Columbia
2609,1,1,1,1,1,0.2223948433204488,Baker
2510,1,1,1,1,1,0.2223948433204488,Columbia
2568,1,1,1,1,1,0.2223948433204488,Baker
2565,1,1,1,1,1,0.2223948433204488,Suwannee
2537,1,1,1,1,1,0.2223948433204488,Baker
2529,1,1,1,1,1,0.2223948433204488,Baker
2528,1,1,1,1,1,0.2223948433204488,Columbia
2525,1,1,1,1,1,0.2223948433204488,Columbia
4325,1,1,1,1,1,0.2223948433204488,Union
4318,1,1,1,1,1,0.2223948433204488,Columbia
4315,1,1,1,1,1,0.2223948433204488,Columbia
4314,1,1,1,1,1,0.2223948433204488,Suwannee
4313,1,1,1,1,1,0.2223948433204488,Union
4308,1,1,1,1,1,0.2223948433204488,Columbia
2600,1,1,1,1,1,0.2223948433204488,Columbia
2483,1,1,1,1,1,0.2223948433204488,Columbia
2480,1,1,1,1,1,0.2223948433204488,Suwannee
2479,1,1,1,1,1,0.2223948433204488,Baker
2475,1,1,1,1,1,0.2223948433204488,Columbia
2592,1,1,1,1,1,0.2223948433204488,Columbia
2591,1,1,1,1,1,0.2223948433204488,Columbia
2588,1,1,1,1,1,0.2223948433204488,Baker
2586,1,1,1,1,1,0.2223948433204488,Baker
4283,1,1,1,1,1,0.2223948433204488,Suwannee
4280,1,1,1,1,1,0.2223948433204488,Columbia
4279,1,1,1,1,1,0.2223948433204488,Union
4273,1,1,1,1,1,0.2223948433204488,Columbia
4272,1,1,1,1,1,0.2223948433204488,Suwannee
4271,1,1,1,1,1,0.2223948433204488,Columbia
2484,1,1,1,1,1,0.2223948433204488,Columbia
4187,1,1,1,1,1,0.2223948433204488,Union
4186,1,1,1,1,1,0.2223948433204488,Suwannee
4180,1,1,1,1,1,0.2223948433204488,Suwannee
2675,1,1,1,1,1,0.2223948433204488,Suwannee
4199,1,1,1,1,1,0.2223948433204488,Union
4198,1,1,1,1,1,0.2223948433204488,Suwannee
4197,1,1,1,1,1,0.2223948433204488,Columbia
4196,1,1,1,1,1,0.2223948433204488,Suwannee
4194,1,1,1,1,1,0.2223948433204488,Suwannee
4193,1,1,1,1,1,0.2223948433204488,Suwannee
4191,1,1,1,1,1,0.2223948433204488,Suwannee
2689,1,1,1,1,1,0.2223948433204488,Columbia
2683,1,1,1,1,1,0.2223948433204488,Suwannee
4209,1,1,1,1,1,0.2223948433204488,Columbia
2676,1,1,1,1,1,0.2223948433204488,Baker
4146,1,1,1,1,1,0.2223948433204488,Columbia
4142,1,1,1,1,1,0.2223948433204488,Columbia
4141,1,1,1,1,1,0.2223948433204488,Columbia
4139,1,1,1,1,1,0.2223948433204488,Suwannee
4164,1,1,1,1,1,0.2223948433204488,Columbia
4159,1,1,1,1,1,0.2223948433204488,Union
4158,1,1,1,1,1,0.2223948433204488,Columbia
4156,1,1,1,1,1,0.2223948433204488,Columbia
2750,1,1,1,1,1,0.2223948433204488,Suwannee
2749,1,1,1,1,1,0.2223948433204488,Baker
2744,1,1,1,1,1,0.2223948433204488,Columbia
2739,1,1,1,1,1,0.2223948433204488,Baker
4165,1,1,1,1,1,0.2223948433204488,Columbia
2678,1,1,1,1,1,0.2223948433204488,Suwannee
4207,1,1,1,1,1,0.2223948433204488,Suwannee
4204,1,1,1,1,1,0.2223948433204488,Union
4203,1,1,1,1,1,0.2223948433204488,Suwannee
2695,1,1,1,1,1,0.2223948433204488,Suwannee
2694,1,1,1,1,1,0.2223948433204488,Suwannee
4232,1,1,1,1,1,0.2223948433204488,Union
4231,1,1,1,1,1,0.2223948433204488,Suwannee
4227,1,1,1,1,1,0.2223948433204488,Suwannee
4224,1,1,1,1,1,0.2223948433204488,Union
4219,1,1,1,1,1,0.2223948433204488,Union
4215,1,1,1,1,1,0.2223948433204488,Union
4214,1,1,1,1,1,0.2223948433204488,Union
2646,1,1,1,1,1,0.2223948433204488,Columbia
2644,1,1,1,1,1,0.2223948433204488,Suwannee
4188,1,1,1,1,1,0.2223948433204488,Suwannee
2604,1,1,1,1,1,0.2223948433204488,Baker
2666,1,1,1,1,1,0.2223948433204488,Columbia
2663,1,1,1,1,1,0.2223948433204488,Baker
2660,1,1,1,1,1,0.2223948433204488,Baker
2657,1,1,1,1,1,0.2223948433204488,Columbia
2654,1,1,1,1,1,0.2223948433204488,Suwannee
2730,1,1,1,1,1,0.2223948433204488,Suwannee
2728,1,1,1,1,1,0.2223948433204488,Baker
2712,1,1,1,1,1,0.2223948433204488,Columbia
2707,1,1,1,1,1,0.2223948433204488,Columbia
2705,1,1,1,1,1,0.2223948433204488,Columbia
2701,1,1,1,1,1,0.2223948433204488,Columbia
4190,1,1,1,1,1,0.2223948433204488,Union
4189,1,1,1,1,1,0.2223948433204488,Columbia
2642,1,1,1,1,1,0.2223948433204488,Suwannee
3324,1,1,1,1,1,0.2223948433204488,Columbia
3322,1,1,1,1,1,0.2223948433204488,Columbia
3315,1,1,1,1,1,0.2223948433204488,Baker
3423,1,1,1,1,1,0.2223948433204488,Columbia
3422,1,1,1,1,1,0.2223948433204488,Columbia
3421,1,1,1,1,1,0.2223948433204488,Columbia
3419,1,1,1,1,1,0.2223948433204488,Baker
3382,1,1,1,1,1,0.2223948433204488,Columbia
3379,1,1,1,1,1,0.2223948433204488,Baker
3375,1,1,1,1,1,0.2223948433204488,Columbia
3667,1,1,1,1,1,0.2223948433204488,Columbia
3661,1,1,1,1,1,0.2223948433204488,Columbia
3660,1,1,1,1,1,0.2223948433204488,Columbia
3003,1,1,1,1,1,0.2223948433204488,Baker
3389,1,1,1,1,1,0.2223948433204488,Columbia
3386,1,1,1,1,1,0.2223948433204488,Baker
3348,1,1,1,1,1,0.2223948433204488,Baker
3684,1,1,1,1,1,0.2223948433204488,Columbia
3682,1,1,1,1,1,0.2223948433204488,Columbia
3677,1,1,1,1,1,0.2223948433204488,Columbia
3439,1,1,1,1,1,0.2223948433204488,Columbia
3435,1,1,1,1,1,0.2223948433204488,Columbia
3494,1,1,1,1,1,0.2223948433204488,Columbia
3491,1,1,1,1,1,0.2223948433204488,Columbia
3484,1,1,1,1,1,0.2223948433204488,Suwannee
3482,1,1,1,1,1,0.2223948433204488,Columbia
3460,1,1,1,1,1,0.2223948433204488,Columbia
3454,1,1,1,1,1,0.2223948433204488,Columbia
3401,1,1,1,1,1,0.2223948433204488,Columbia
3289,1,1,1,1,1,0.2223948433204488,Baker
3287,1,1,1,1,1,0.2223948433204488,Columbia
3284,1,1,1,1,1,0.2223948433204488,Columbia
3283,1,1,1,1,1,0.2223948433204488,Columbia
3734,1,1,1,1,1,0.2223948433204488,Suwannee
3731,1,1,1,1,1,0.2223948433204488,Baker
3303,1,1,1,1,1,0.2223948433204488,Columbia
3298,1,1,1,1,1,0.2223948433204488,Columbia
3752,1,1,1,1,1,0.2223948433204488,Columbia
3747,1,1,1,1,1,0.2223948433204488,Suwannee
3738,1,1,1,1,1,0.2223948433204488,Baker
3737,1,1,1,1,1,0.2223948433204488,Columbia
3695,1,1,1,1,1,0.2223948433204488,Suwannee
3325,1,1,1,1,1,0.2223948433204488,Columbia
3692,1,1,1,1,1,0.2223948433204488,Baker
3367,1,1,1,1,1,0.2223948433204488,Baker
3360,1,1,1,1,1,0.2223948433204488,Columbia
3354,1,1,1,1,1,0.2223948433204488,Columbia
3714,1,1,1,1,1,0.2223948433204488,Columbia
3704,1,1,1,1,1,0.2223948433204488,Columbia
3699,1,1,1,1,1,0.2223948433204488,Baker
3697,1,1,1,1,1,0.2223948433204488,Baker
3311,1,1,1,1,1,0.2223948433204488,Suwannee
3310,1,1,1,1,1,0.2223948433204488,Baker
3309,1,1,1,1,1,0.2223948433204488,Columbia
3721,1,1,1,1,1,0.2223948433204488,Columbia
3719,1,1,1,1,1,0.2223948433204488,Baker
3718,1,1,1,1,1,0.2223948433204488,Columbia
3694,1,1,1,1,1,0.2223948433204488,Columbia
3618,1,1,1,1,1,0.2223948433204488,Baker
62,1,1,1,1,1,0.2223948433204488,Hamilton
60,1,1,1,1,1,0.2223948433204488,Hamilton
59,1,1,1,1,1,0.2223948433204488,Hamilton
57,1,1,1,1,1,0.2223948433204488,Baker
53,1,1,1,1,1,0.2223948433204488,Columbia
51,1,1,1,1,1,0.2223948433204488,Columbia
6032,1,1,1,1,1,0.2223948433204488,Columbia
71,1,1,1,1,1,0.2223948433204488,Baker
68,1,1,1,1,1,0.2223948433204488,Baker
67,1,1,1,1,1,0.2223948433204488,Hamilton
66,1,1,1,1,1,0.2223948433204488,Hamilton
6047,1,1,1,1,1,0.2223948433204488,Columbia
3450,1,1,1,1,1,0.2223948433204488,Baker
6039,1,1,1,1,1,0.2223948433204488,Columbia
6038,1,1,1,1,1,0.2223948433204488,Columbia
6035,1,1,1,1,1,0.2223948433204488,Columbia
6034,1,1,1,1,1,0.2223948433204488,Columbia
28,1,1,1,1,1,0.2223948433204488,Baker
7,1,1,1,1,1,0.2223948433204488,Baker
6055,1,1,1,1,1,0.2223948433204488,Columbia
6048,1,1,1,1,1,0.2223948433204488,Columbia
12,1,1,1,1,1,0.2223948433204488,Baker
6077,1,1,1,1,1,0.2223948433204488,Columbia
47,1,1,1,1,1,0.2223948433204488,Baker
90,1,1,1,1,1,0.2223948433204488,Baker
32,1,1,1,1,1,0.2223948433204488,Baker
31,1,1,1,1,1,0.2223948433204488,Baker
6044,1,1,1,1,1,0.2223948433204488,Suwannee
3448,1,1,1,1,1,0.2223948433204488,Baker
3444,1,1,1,1,1,0.2223948433204488,Baker
3643,1,1,1,1,1,0.2223948433204488,Columbia
3642,1,1,1,1,1,0.2223948433204488,Suwannee
3639,1,1,1,1,1,0.2223948433204488,Baker
3637,1,1,1,1,1,0.2223948433204488,Columbia
3634,1,1,1,1,1,0.2223948433204488,Baker
3631,1,1,1,1,1,0.2223948433204488,Columbia
3414,1,1,1,1,1,0.2223948433204488,Columbia
3412,1,1,1,1,1,0.2223948433204488,Baker
3656,1,1,1,1,1,0.2223948433204488,Columbia
3648,1,1,1,1,1,0.2223948433204488,Baker
3646,1,1,1,1,1,0.2223948433204488,Columbia
3562,1,1,1,1,1,0.2223948433204488,Columbia
3622,1,1,1,1,1,0.2223948433204488,Baker
3552,1,1,1,1,1,0.2223948433204488,Baker
3549,1,1,1,1,1,0.2223948433204488,Baker
3546,1,1,1,1,1,0.2223948433204488,Suwannee
3519,1,1,1,1,1,0.2223948433204488,Suwannee
3518,1,1,1,1,1,0.2223948433204488,Suwannee
3516,1,1,1,1,1,0.2223948433204488,Baker
3508,1,1,1,1,1,0.2223948433204488,Columbia
3502,1,1,1,1,1,0.2223948433204488,Columbia
3603,1,1,1,1,1,0.2223948433204488,Columbia
3599,1,1,1,1,1,0.2223948433204488,Suwannee
3529,1,1,1,1,1,0.2223948433204488,Baker
3523,1,1,1,1,1,0.2223948433204488,Columbia
3476,1,1,1,1,1,0.2223948433204488,Suwannee
3626,1,1,1,1,1,0.2223948433204488,Baker
3557,1,1,1,1,1,0.2223948433204488,Baker
3907,1,1,1,1,1,0.2223948433204488,Suwannee
3904,1,1,1,1,1,0.2223948433204488,Columbia
3901,1,1,1,1,1,0.2223948433204488,Columbia
3042,1,1,1,1,1,0.2223948433204488,Columbia
3029,1,1,1,1,1,0.2223948433204488,Baker
3027,1,1,1,1,1,0.2223948433204488,Columbia
3024,1,1,1,1,1,0.2223948433204488,Columbia
3022,1,1,1,1,1,0.2223948433204488,Baker
3095,1,1,1,1,1,0.2223948433204488,Suwannee
3089,1,1,1,1,1,0.2223948433204488,Columbia
3143,1,1,1,1,1,0.2223948433204488,Columbia
3142,1,1,1,1,1,0.2223948433204488,Columbia
3139,1,1,1,1,1,0.2223948433204488,Columbia
3290,1,1,1,1,1,0.2223948433204488,Columbia
3851,1,1,1,1,1,0.2223948433204488,Suwannee
3114,1,1,1,1,1,0.2223948433204488,Columbia
3112,1,1,1,1,1,0.2223948433204488,Columbia
3864,1,1,1,1,1,0.2223948433204488,Columbia
3863,1,1,1,1,1,0.2223948433204488,Columbia
3855,1,1,1,1,1,0.2223948433204488,Baker
3056,1,1,1,1,1,0.2223948433204488,Columbia
3882,1,1,1,1,1,0.2223948433204488,Baker
3880,1,1,1,1,1,0.2223948433204488,Suwannee
3876,1,1,1,1,1,0.2223948433204488,Baker
3167,1,1,1,1,1,0.2223948433204488,Columbia
3164,1,1,1,1,1,0.2223948433204488,Columbia
3163,1,1,1,1,1,0.2223948433204488,Columbia
3159,1,1,1,1,1,0.2223948433204488,Baker
3854,1,1,1,1,1,0.2223948433204488,Columbia
3000,1,1,1,1,1,0.2223948433204488,Columbia
3049,1,1,1,1,1,0.2223948433204488,Columbia
3018,1,1,1,1,1,0.2223948433204488,Columbia
3016,1,1,1,1,1,0.2223948433204488,Suwannee
3014,1,1,1,1,1,0.2223948433204488,Columbia
3011,1,1,1,1,1,0.2223948433204488,Baker
3009,1,1,1,1,1,0.2223948433204488,Columbia
3008,1,1,1,1,1,0.2223948433204488,Suwannee
3934,1,1,1,1,1,0.2223948433204488,Suwannee
3929,1,1,1,1,1,0.2223948433204488,Baker
3925,1,1,1,1,1,0.2223948433204488,Baker
2957,1,1,1,1,1,0.2223948433204488,Columbia
3946,1,1,1,1,1,0.2223948433204488,Suwannee
3911,1,1,1,1,1,0.2223948433204488,Baker
3942,1,1,1,1,1,0.2223948433204488,Suwannee
3941,1,1,1,1,1,0.2223948433204488,Suwannee
3940,1,1,1,1,1,0.2223948433204488,Columbia
3076,1,1,1,1,1,0.2223948433204488,Baker
3073,1,1,1,1,1,0.2223948433204488,Columbia
3072,1,1,1,1,1,0.2223948433204488,Columbia
3070,1,1,1,1,1,0.2223948433204488,Baker
3067,1,1,1,1,1,0.2223948433204488,Columbia
3065,1,1,1,1,1,0.2223948433204488,Columbia
3899,1,1,1,1,1,0.2223948433204488,Baker
3895,1,1,1,1,1,0.2223948433204488,Baker
3886,1,1,1,1,1,0.2223948433204488,Baker
3079,1,1,1,1,1,0.2223948433204488,Baker
3078,1,1,1,1,1,0.2223948433204488,Columbia
3945,1,1,1,1,1,0.2223948433204488,Suwannee
3209,1,1,1,1,1,0.2223948433204488,Baker
3152,1,1,1,1,1,0.2223948433204488,Columbia
3147,1,1,1,1,1,0.2223948433204488,Baker
3813,1,1,1,1,1,0.2223948433204488,Baker
3812,1,1,1,1,1,0.2223948433204488,Suwannee
3269,1,1,1,1,1,0.2223948433204488,Columbia
3268,1,1,1,1,1,0.2223948433204488,Columbia
3252,1,1,1,1,1,0.2223948433204488,Suwannee
3777,1,1,1,1,1,0.2223948433204488,Columbia
3776,1,1,1,1,1,0.2223948433204488,Columbia
3773,1,1,1,1,1,0.2223948433204488,Columbia
3765,1,1,1,1,1,0.2223948433204488,Columbia
3764,1,1,1,1,1,0.2223948433204488,Suwannee
3158,1,1,1,1,1,0.2223948433204488,Columbia
3218,1,1,1,1,1,0.2223948433204488,Columbia
3217,1,1,1,1,1,0.2223948433204488,Baker
3215,1,1,1,1,1,0.2223948433204488,Columbia
3778,1,1,1,1,1,0.2223948433204488,Columbia
3237,1,1,1,1,1,0.2223948433204488,Baker
3233,1,1,1,1,1,0.2223948433204488,Baker
3230,1,1,1,1,1,0.2223948433204488,Columbia
3222,1,1,1,1,1,0.2223948433204488,Columbia
3220,1,1,1,1,1,0.2223948433204488,Baker
3336,1,1,1,1,1,0.2223948433204488,Columbia
3333,1,1,1,1,1,0.2223948433204488,Columbia
3331,1,1,1,1,1,0.2223948433204488,Baker
3328,1,1,1,1,1,0.2223948433204488,Columbia
3296,1,1,1,1,1,0.2223948433204488,Columbia
3755,1,1,1,1,1,0.2223948433204488,Columbia
3827,1,1,1,1,1,0.2223948433204488,Columbia
3822,1,1,1,1,1,0.2223948433204488,Suwannee
3820,1,1,1,1,1,0.2223948433204488,Baker
3175,1,1,1,1,1,0.2223948433204488,Columbia
3174,1,1,1,1,1,0.2223948433204488,Suwannee
3173,1,1,1,1,1,0.2223948433204488,Columbia
3843,1,1,1,1,1,0.2223948433204488,Suwannee
3842,1,1,1,1,1,0.2223948433204488,Baker
3836,1,1,1,1,1,0.2223948433204488,Suwannee
3829,1,1,1,1,1,0.2223948433204488,Baker
3133,1,1,1,1,1,0.2223948433204488,Columbia
3128,1,1,1,1,1,0.2223948433204488,Columbia
3123,1,1,1,1,1,0.2223948433204488,Columbia
3189,1,1,1,1,1,0.2223948433204488,Columbia
3788,1,1,1,1,1,0.2223948433204488,Suwannee
3185,1,1,1,1,1,0.2223948433204488,Columbia
3180,1,1,1,1,1,0.2223948433204488,Baker
3179,1,1,1,1,1,0.2223948433204488,Baker
3207,1,1,1,1,1,0.2223948433204488,Columbia
3205,1,1,1,1,1,0.2223948433204488,Suwannee
3204,1,1,1,1,1,0.2223948433204488,Columbia
3202,1,1,1,1,1,0.2223948433204488,Columbia
3198,1,1,1,1,1,0.2223948433204488,Suwannee
3195,1,1,1,1,1,0.2223948433204488,Columbia
3192,1,1,1,1,1,0.2223948433204488,Columbia
3795,1,1,1,1,1,0.2223948433204488,Suwannee
3794,1,1,1,1,1,0.2223948433204488,Baker
3792,1,1,1,1,1,0.2223948433204488,Columbia
3790,1,1,1,1,1,0.2223948433204488,Baker
3188,1,1,1,1,1,0.2223948433204488,Suwannee
1767,1,1,1,1,1,0.2223948433204488,Columbia
1758,1,1,1,1,1,0.2223948433204488,Baker
1756,1,1,1,1,1,0.2223948433204488,Baker
4866,1,1,1,1,1,0.2223948433204488,Union
4862,1,1,1,1,1,0.2223948433204488,Union
4849,1,1,1,1,1,0.2223948433204488,Union
4847,1,1,1,1,1,0.2223948433204488,Union
4846,1,1,1,1,1,0.2223948433204488,Union
1715,1,1,1,1,1,0.2223948433204488,Columbia
1712,1,1,1,1,1,0.2223948433204488,Columbia
1707,1,1,1,1,1,0.2223948433204488,Hamilton
4874,1,1,1,1,1,0.2223948433204488,Union
4870,1,1,1,1,1,0.2223948433204488,Union
2519,1,1,1,1,1,0.2223948433204488,Suwannee
1726,1,1,1,1,1,0.2223948433204488,Hamilton
1725,1,1,1,1,1,0.2223948433204488,Suwannee
1724,1,1,1,1,1,0.2223948433204488,Baker
1719,1,1,1,1,1,0.2223948433204488,Columbia
1716,1,1,1,1,1,0.2223948433204488,Columbia
1783,1,1,1,1,1,0.2223948433204488,Baker
1781,1,1,1,1,1,0.2223948433204488,Hamilton
1776,1,1,1,1,1,0.2223948433204488,Columbia
1773,1,1,1,1,1,0.2223948433204488,Columbia
1772,1,1,1,1,1,0.2223948433204488,Columbia
1833,1,1,1,1,1,0.2223948433204488,Baker
1832,1,1,1,1,1,0.2223948433204488,Columbia
1802,1,1,1,1,1,0.2223948433204488,Baker
1787,1,1,1,1,1,0.2223948433204488,Baker
1733,1,1,1,1,1,0.2223948433204488,Columbia
4908,1,1,1,1,1,0.2223948433204488,Union
1615,1,1,1,1,1,0.2223948433204488,Baker
1613,1,1,1,1,1,0.2223948433204488,Hamilton
4937,1,1,1,1,1,0.2223948433204488,Union
4930,1,1,1,1,1,0.2223948433204488,Union
4924,1,1,1,1,1,0.2223948433204488,Union
1630,1,1,1,1,1,0.2223948433204488,Columbia
1629,1,1,1,1,1,0.2223948433204488,Columbia
1624,1,1,1,1,1,0.2223948433204488,Columbia
1617,1,1,1,1,1,0.2223948433204488,Columbia
1688,1,1,1,1,1,0.2223948433204488,Columbia
1686,1,1,1,1,1,0.2223948433204488,Hamilton
1685,1,1,1,1,1,0.2223948433204488,Baker
4896,1,1,1,1,1,0.2223948433204488,Union
1738,1,1,1,1,1,0.2223948433204488,Columbia
1736,1,1,1,1,1,0.2223948433204488,Hamilton
4880,1,1,1,1,1,0.2223948433204488,Union
1703,1,1,1,1,1,0.2223948433204488,Columbia
1698,1,1,1,1,1,0.2223948433204488,Columbia
1693,1,1,1,1,1,0.2223948433204488,Hamilton
4893,1,1,1,1,1,0.2223948433204488,Union
4889,1,1,1,1,1,0.2223948433204488,Union
4887,1,1,1,1,1,0.2223948433204488,Union
1651,1,1,1,1,1,0.2223948433204488,Baker
1643,1,1,1,1,1,0.2223948433204488,Baker
4904,1,1,1,1,1,0.2223948433204488,Union
4901,1,1,1,1,1,0.2223948433204488,Columbia
4899,1,1,1,1,1,0.2223948433204488,Union
1682,1,1,1,1,1,0.2223948433204488,Hamilton
1820,1,1,1,1,1,0.2223948433204488,Hamilton
1818,1,1,1,1,1,0.2223948433204488,Columbia
1813,1,1,1,1,1,0.2223948433204488,Hamilton
1885,1,1,1,1,1,0.2223948433204488,Baker
1882,1,1,1,1,1,0.2223948433204488,Hamilton
1870,1,1,1,1,1,0.2223948433204488,Columbia
1867,1,1,1,1,1,0.2223948433204488,Baker
1922,1,1,1,1,1,0.2223948433204488,Baker
4759,1,1,1,1,1,0.2223948433204488,Union
4757,1,1,1,1,1,0.2223948433204488,Union
4755,1,1,1,1,1,0.2223948433204488,Union
4754,1,1,1,1,1,0.2223948433204488,Union
4748,1,1,1,1,1,0.2223948433204488,Union
1784,1,1,1,1,1,0.2223948433204488,Hamilton
4773,1,1,1,1,1,0.2223948433204488,Union
4769,1,1,1,1,1,0.2223948433204488,Union
4768,1,1,1,1,1,0.2223948433204488,Union
4766,1,1,1,1,1,0.2223948433204488,Union
4765,1,1,1,1,1,0.2223948433204488,Union
4764,1,1,1,1,1,0.2223948433204488,Union
4761,1,1,1,1,1,0.2223948433204488,Union
1840,1,1,1,1,1,0.2223948433204488,Baker
4778,1,1,1,1,1,0.2223948433204488,Suwannee
4777,1,1,1,1,1,0.2223948433204488,Union
4775,1,1,1,1,1,0.2223948433204488,Union
4774,1,1,1,1,1,0.2223948433204488,Union
4720,1,1,1,1,1,0.2223948433204488,Union
4719,1,1,1,1,1,0.2223948433204488,Union
1893,1,1,1,1,1,0.2223948433204488,Hamilton
4825,1,1,1,1,1,0.2223948433204488,Columbia
4824,1,1,1,1,1,0.2223948433204488,Union
4820,1,1,1,1,1,0.2223948433204488,Union
4814,1,1,1,1,1,0.2223948433204488,Union
1755,1,1,1,1,1,0.2223948433204488,Baker
1744,1,1,1,1,1,0.2223948433204488,Columbia
1742,1,1,1,1,1,0.2223948433204488,Columbia
4839,1,1,1,1,1,0.2223948433204488,Union
4834,1,1,1,1,1,0.2223948433204488,Union
4828,1,1,1,1,1,0.2223948433204488,Union
1864,1,1,1,1,1,0.2223948433204488,Columbia
1861,1,1,1,1,1,0.2223948433204488,Baker
1858,1,1,1,1,1,0.2223948433204488,Baker
1821,1,1,1,1,1,0.2223948433204488,Hamilton
1845,1,1,1,1,1,0.2223948433204488,Hamilton
4796,1,1,1,1,1,0.2223948433204488,Union
4790,1,1,1,1,1,0.2223948433204488,Union
4789,1,1,1,1,1,0.2223948433204488,Union
4787,1,1,1,1,1,0.2223948433204488,Columbia
4785,1,1,1,1,1,0.2223948433204488,Union
4782,1,1,1,1,1,0.2223948433204488,Columbia
1810,1,1,1,1,1,0.2223948433204488,Columbia
4807,1,1,1,1,1,0.2223948433204488,Union
4806,1,1,1,1,1,0.2223948433204488,Union
4803,1,1,1,1,1,0.2223948433204488,Union
4802,1,1,1,1,1,0.2223948433204488,Union
1826,1,1,1,1,1,0.2223948433204488,Columbia
1825,1,1,1,1,1,0.2223948433204488,Columbia
29,1,1,1,1,1,0.2223948433204488,Baker
1358,1,1,1,1,1,0.2223948433204488,Hamilton
5039,1,1,1,1,1,0.2223948433204488,Union
5038,1,1,1,1,1,0.2223948433204488,Union
5036,1,1,1,1,1,0.2223948433204488,Union
1435,1,1,1,1,1,0.2223948433204488,Baker
1433,1,1,1,1,1,0.2223948433204488,Baker
5053,1,1,1,1,1,0.2223948433204488,Union
5052,1,1,1,1,1,0.2223948433204488,Union
5051,1,1,1,1,1,0.2223948433204488,Union
5046,1,1,1,1,1,0.2223948433204488,Union
5042,1,1,1,1,1,0.2223948433204488,Union
1387,1,1,1,1,1,0.2223948433204488,Hamilton
5061,1,1,1,1,1,0.2223948433204488,Suwannee
4921,1,1,1,1,1,0.2223948433204488,Union
5058,1,1,1,1,1,0.2223948433204488,Union
5057,1,1,1,1,1,0.2223948433204488,Union
1405,1,1,1,1,1,0.2223948433204488,Baker
1404,1,1,1,1,1,0.2223948433204488,Columbia
1398,1,1,1,1,1,0.2223948433204488,Columbia
1396,1,1,1,1,1,0.2223948433204488,Hamilton
1394,1,1,1,1,1,0.2223948433204488,Hamilton
1393,1,1,1,1,1,0.2223948433204488,Baker
1389,1,1,1,1,1,0.2223948433204488,Columbia
1460,1,1,1,1,1,0.2223948433204488,Columbia
1456,1,1,1,1,1,0.2223948433204488,Columbia
1504,1,1,1,1,1,0.2223948433204488,Baker
1470,1,1,1,1,1,0.2223948433204488,Columbia
1467,1,1,1,1,1,0.2223948433204488,Hamilton
5060,1,1,1,1,1,0.2223948433204488,Union
1372,1,1,1,1,1,0.2223948433204488,Columbia
5118,1,1,1,1,1,0.2223948433204488,Union
5116,1,1,1,1,1,0.2223948433204488,Union
5113,1,1,1,1,1,0.2223948433204488,Union
5111,1,1,1,1,1,0.2223948433204488,Suwannee
1326,1,1,1,1,1,0.2223948433204488,Hamilton
5127,1,1,1,1,1,0.2223948433204488,Union
5124,1,1,1,1,1,0.2223948433204488,Columbia
5123,1,1,1,1,1,0.2223948433204488,Suwannee
1343,1,1,1,1,1,0.2223948433204488,Columbia
1341,1,1,1,1,1,0.2223948433204488,Hamilton
1332,1,1,1,1,1,0.2223948433204488,Hamilton
1331,1,1,1,1,1,0.2223948433204488,Hamilton
1365,1,1,1,1,1,0.2223948433204488,Hamilton
1408,1,1,1,1,1,0.2223948433204488,Columbia
1407,1,1,1,1,1,0.2223948433204488,Hamilton
1406,1,1,1,1,1,0.2223948433204488,Hamilton
5087,1,1,1,1,1,0.2223948433204488,Union
5085,1,1,1,1,1,0.2223948433204488,Union
5083,1,1,1,1,1,0.2223948433204488,Union
5076,1,1,1,1,1,0.2223948433204488,Union
1356,1,1,1,1,1,0.2223948433204488,Hamilton
5098,1,1,1,1,1,0.2223948433204488,Union
5096,1,1,1,1,1,0.2223948433204488,Union
5093,1,1,1,1,1,0.2223948433204488,Union
5091,1,1,1,1,1,0.2223948433204488,Union
5088,1,1,1,1,1,0.2223948433204488,Union
1367,1,1,1,1,1,0.2223948433204488,Columbia
1412,1,1,1,1,1,0.2223948433204488,Hamilton
1585,1,1,1,1,1,0.2223948433204488,Columbia
1584,1,1,1,1,1,0.2223948433204488,Hamilton
1581,1,1,1,1,1,0.2223948433204488,Baker
4941,1,1,1,1,1,0.2223948433204488,Union
1595,1,1,1,1,1,0.2223948433204488,Hamilton
1590,1,1,1,1,1,0.2223948433204488,Columbia
4954,1,1,1,1,1,0.2223948433204488,Union
4951,1,1,1,1,1,0.2223948433204488,Columbia
4949,1,1,1,1,1,0.2223948433204488,Union
4948,1,1,1,1,1,0.2223948433204488,Union
4947,1,1,1,1,1,0.2223948433204488,Union
4946,1,1,1,1,1,0.2223948433204488,Columbia
4945,1,1,1,1,1,0.2223948433204488,Columbia
1465,1,1,1,1,1,0.2223948433204488,Columbia
1548,1,1,1,1,1,0.2223948433204488,Hamilton
4968,1,1,1,1,1,0.2223948433204488,Union
4960,1,1,1,1,1,0.2223948433204488,Union
4958,1,1,1,1,1,0.2223948433204488,Union
4957,1,1,1,1,1,0.2223948433204488,Columbia
4955,1,1,1,1,1,0.2223948433204488,Union
1671,1,1,1,1,1,0.2223948433204488,Columbia
1667,1,1,1,1,1,0.2223948433204488,Baker
1664,1,1,1,1,1,0.2223948433204488,Hamilton
1658,1,1,1,1,1,0.2223948433204488,Columbia
1657,1,1,1,1,1,0.2223948433204488,Columbia
1655,1,1,1,1,1,0.2223948433204488,Baker
1654,1,1,1,1,1,0.2223948433204488,Baker
4923,1,1,1,1,1,0.2223948433204488,Union
1551,1,1,1,1,1,0.2223948433204488,Hamilton
1464,1,1,1,1,1,0.2223948433204488,Columbia
1461,1,1,1,1,1,0.2223948433204488,Columbia
5014,1,1,1,1,1,0.2223948433204488,Union
5009,1,1,1,1,1,0.2223948433204488,Union
1481,1,1,1,1,1,0.2223948433204488,Columbia
1478,1,1,1,1,1,0.2223948433204488,Columbia
1424,1,1,1,1,1,0.2223948433204488,Baker
1419,1,1,1,1,1,0.2223948433204488,Baker
5025,1,1,1,1,1,0.2223948433204488,Union
1577,1,1,1,1,1,0.2223948433204488,Columbia
1572,1,1,1,1,1,0.2223948433204488,Columbia
1571,1,1,1,1,1,0.2223948433204488,Hamilton
1570,1,1,1,1,1,0.2223948433204488,Hamilton
4974,1,1,1,1,1,0.2223948433204488,Union
1587,1,1,1,1,1,0.2223948433204488,Baker
4972,1,1,1,1,1,0.2223948433204488,Union
1538,1,1,1,1,1,0.2223948433204488,Columbia
4991,1,1,1,1,1,0.2223948433204488,Union
4984,1,1,1,1,1,0.2223948433204488,Suwannee
4982,1,1,1,1,1,0.2223948433204488,Union
4981,1,1,1,1,1,0.2223948433204488,Union
4977,1,1,1,1,1,0.2223948433204488,Union
1497,1,1,1,1,1,0.2223948433204488,Baker
1489,1,1,1,1,1,0.2223948433204488,Hamilton
1483,1,1,1,1,1,0.2223948433204488,Columbia
4999,1,1,1,1,1,0.2223948433204488,Union
4995,1,1,1,1,1,0.2223948433204488,Union
4994,1,1,1,1,1,0.2223948433204488,Columbia
1589,1,1,1,1,1,0.2223948433204488,Columbia
4973,1,1,1,1,1,0.2223948433204488,Union
2310,1,1,1,1,1,0.2223948433204488,Suwannee
4486,1,1,1,1,1,0.2223948433204488,Union
4483,1,1,1,1,1,0.2223948433204488,Union
4482,1,1,1,1,1,0.2223948433204488,Union
4480,1,1,1,1,1,0.2223948433204488,Union
4469,1,1,1,1,1,0.2223948433204488,Union
2266,1,1,1,1,1,0.2223948433204488,Suwannee
2265,1,1,1,1,1,0.2223948433204488,Suwannee
2262,1,1,1,1,1,0.2223948433204488,Columbia
2252,1,1,1,1,1,0.2223948433204488,Columbia
4442,1,1,1,1,1,0.2223948433204488,Union
4440,1,1,1,1,1,0.2223948433204488,Columbia
4439,1,1,1,1,1,0.2223948433204488,Columbia
4718,1,1,1,1,1,0.2223948433204488,Union
4436,1,1,1,1,1,0.2223948433204488,Union
4433,1,1,1,1,1,0.2223948433204488,Union
4458,1,1,1,1,1,0.2223948433204488,Union
4457,1,1,1,1,1,0.2223948433204488,Columbia
4456,1,1,1,1,1,0.2223948433204488,Columbia
4449,1,1,1,1,1,0.2223948433204488,Columbia
4448,1,1,1,1,1,0.2223948433204488,Union
2323,1,1,1,1,1,0.2223948433204488,Suwannee
2321,1,1,1,1,1,0.2223948433204488,Columbia
2318,1,1,1,1,1,0.2223948433204488,Columbia
2317,1,1,1,1,1,0.2223948433204488,Suwannee
2286,1,1,1,1,1,0.2223948433204488,Hamilton
2344,1,1,1,1,1,0.2223948433204488,Baker
2341,1,1,1,1,1,0.2223948433204488,Suwannee
4437,1,1,1,1,1,0.2223948433204488,Union
2166,1,1,1,1,1,0.2223948433204488,Hamilton
4549,1,1,1,1,1,0.2223948433204488,Union
4545,1,1,1,1,1,0.2223948433204488,Union
4492,1,1,1,1,1,0.2223948433204488,Union
2275,1,1,1,1,1,0.2223948433204488,Hamilton
2273,1,1,1,1,1,0.2223948433204488,Columbia
4497,1,1,1,1,1,0.2223948433204488,Union
4496,1,1,1,1,1,0.2223948433204488,Union
4494,1,1,1,1,1,0.2223948433204488,Union
4519,1,1,1,1,1,0.2223948433204488,Union
4518,1,1,1,1,1,0.2223948433204488,Suwannee
4516,1,1,1,1,1,0.2223948433204488,Columbia
4513,1,1,1,1,1,0.2223948433204488,Union
2313,1,1,1,1,1,0.2223948433204488,Hamilton
4509,1,1,1,1,1,0.2223948433204488,Columbia
2234,1,1,1,1,1,0.2223948433204488,Hamilton
2228,1,1,1,1,1,0.2223948433204488,Hamilton
2225,1,1,1,1,1,0.2223948433204488,Suwannee
4520,1,1,1,1,1,0.2223948433204488,Suwannee
2305,1,1,1,1,1,0.2223948433204488,Baker
2304,1,1,1,1,1,0.2223948433204488,Hamilton
2302,1,1,1,1,1,0.2223948433204488,Suwannee
2296,1,1,1,1,1,0.2223948433204488,Suwannee
2295,1,1,1,1,1,0.2223948433204488,Suwannee
2293,1,1,1,1,1,0.2223948433204488,Suwannee
4460,1,1,1,1,1,0.2223948433204488,Union
4459,1,1,1,1,1,0.2223948433204488,Union
2314,1,1,1,1,1,0.2223948433204488,Baker
4512,1,1,1,1,1,0.2223948433204488,Columbia
2432,1,1,1,1,1,0.2223948433204488,Baker
2429,1,1,1,1,1,0.2223948433204488,Suwannee
4373,1,1,1,1,1,0.2223948433204488,Union
4365,1,1,1,1,1,0.2223948433204488,Columbia
4364,1,1,1,1,1,0.2223948433204488,Columbia
2442,1,1,1,1,1,0.2223948433204488,Columbia
2385,1,1,1,1,1,0.2223948433204488,Baker
2383,1,1,1,1,1,0.2223948433204488,Suwannee
4392,1,1,1,1,1,0.2223948433204488,Union
2499,1,1,1,1,1,0.2223948433204488,Baker
2498,1,1,1,1,1,0.2223948433204488,Columbia
2497,1,1,1,1,1,0.2223948433204488,Suwannee
2495,1,1,1,1,1,0.2223948433204488,Columbia
2340,1,1,1,1,1,0.2223948433204488,Suwannee
4337,1,1,1,1,1,0.2223948433204488,Union
4333,1,1,1,1,1,0.2223948433204488,Columbia
2445,1,1,1,1,1,0.2223948433204488,Suwannee
4362,1,1,1,1,1,0.2223948433204488,Union
4361,1,1,1,1,1,0.2223948433204488,Union
4351,1,1,1,1,1,0.2223948433204488,Union
4350,1,1,1,1,1,0.2223948433204488,Union
2469,1,1,1,1,1,0.2223948433204488,Columbia
2468,1,1,1,1,1,0.2223948433204488,Columbia
2466,1,1,1,1,1,0.2223948433204488,Baker
2456,1,1,1,1,1,0.2223948433204488,Columbia
2453,1,1,1,1,1,0.2223948433204488,Suwannee
2449,1,1,1,1,1,0.2223948433204488,Columbia
2521,1,1,1,1,1,0.2223948433204488,Columbia
4344,1,1,1,1,1,0.2223948433204488,Union
2339,1,1,1,1,1,0.2223948433204488,Columbia
2338,1,1,1,1,1,0.2223948433204488,Hamilton
2335,1,1,1,1,1,0.2223948433204488,Baker
2331,1,1,1,1,1,0.2223948433204488,Baker
2399,1,1,1,1,1,0.2223948433204488,Suwannee
2395,1,1,1,1,1,0.2223948433204488,Suwannee
2394,1,1,1,1,1,0.2223948433204488,Columbia
2393,1,1,1,1,1,0.2223948433204488,Baker
2389,1,1,1,1,1,0.2223948433204488,Suwannee
2388,1,1,1,1,1,0.2223948433204488,Baker
4405,1,1,1,1,1,0.2223948433204488,Suwannee
4403,1,1,1,1,1,0.2223948433204488,Columbia
4402,1,1,1,1,1,0.2223948433204488,Union
4400,1,1,1,1,1,0.2223948433204488,Union
2434,1,1,1,1,1,0.2223948433204488,Suwannee
2406,1,1,1,1,1,0.2223948433204488,Columbia
2354,1,1,1,1,1,0.2223948433204488,Baker
2350,1,1,1,1,1,0.2223948433204488,Suwannee
2348,1,1,1,1,1,0.2223948433204488,Columbia
4424,1,1,1,1,1,0.2223948433204488,Union
4414,1,1,1,1,1,0.2223948433204488,Union
4409,1,1,1,1,1,0.2223948433204488,Suwannee
4427,1,1,1,1,1,0.2223948433204488,Columbia
2374,1,1,1,1,1,0.2223948433204488,Suwannee
2370,1,1,1,1,1,0.2223948433204488,Baker
2368,1,1,1,1,1,0.2223948433204488,Suwannee
2420,1,1,1,1,1,0.2223948433204488,Suwannee
2414,1,1,1,1,1,0.2223948433204488,Suwannee
2413,1,1,1,1,1,0.2223948433204488,Suwannee
4398,1,1,1,1,1,0.2223948433204488,Columbia
4685,1,1,1,1,1,0.2223948433204488,Union
1933,1,1,1,1,1,0.2223948433204488,Hamilton
1932,1,1,1,1,1,0.2223948433204488,Baker
4711,1,1,1,1,1,0.2223948433204488,Union
4710,1,1,1,1,1,0.2223948433204488,Union
4709,1,1,1,1,1,0.2223948433204488,Columbia
4697,1,1,1,1,1,0.2223948433204488,Union
1947,1,1,1,1,1,0.2223948433204488,Columbia
1944,1,1,1,1,1,0.2223948433204488,Suwannee
1941,1,1,1,1,1,0.2223948433204488,Columbia
1940,1,1,1,1,1,0.2223948433204488,Columbia
1939,1,1,1,1,1,0.2223948433204488,Columbia
2024,1,1,1,1,1,0.2223948433204488,Suwannee
4524,1,1,1,1,1,0.2223948433204488,Columbia
2000,1,1,1,1,1,0.2223948433204488,Baker
1996,1,1,1,1,1,0.2223948433204488,Baker
4658,1,1,1,1,1,0.2223948433204488,Columbia
4657,1,1,1,1,1,0.2223948433204488,Union
4653,1,1,1,1,1,0.2223948433204488,Columbia
4652,1,1,1,1,1,0.2223948433204488,Columbia
2025,1,1,1,1,1,0.2223948433204488,Columbia
4673,1,1,1,1,1,0.2223948433204488,Union
4664,1,1,1,1,1,0.2223948433204488,Union
4661,1,1,1,1,1,0.2223948433204488,Union
1963,1,1,1,1,1,0.2223948433204488,Hamilton
4676,1,1,1,1,1,0.2223948433204488,Union
2089,1,1,1,1,1,0.2223948433204488,Columbia
2085,1,1,1,1,1,0.2223948433204488,Baker
2022,1,1,1,1,1,0.2223948433204488,Columbia
1962,1,1,1,1,1,0.2223948433204488,Suwannee
1958,1,1,1,1,1,0.2223948433204488,Hamilton
1957,1,1,1,1,1,0.2223948433204488,Suwannee
1955,1,1,1,1,1,0.2223948433204488,Columbia
4743,1,1,1,1,1,0.2223948433204488,Suwannee
4742,1,1,1,1,1,0.2223948433204488,Union
4729,1,1,1,1,1,0.2223948433204488,Union
4726,1,1,1,1,1,0.2223948433204488,Union
1904,1,1,1,1,1,0.2223948433204488,Hamilton
1903,1,1,1,1,1,0.2223948433204488,Baker
1901,1,1,1,1,1,0.2223948433204488,Columbia
1900,1,1,1,1,1,0.2223948433204488,Columbia
1899,1,1,1,1,1,0.2223948433204488,Hamilton
4686,1,1,1,1,1,0.2223948433204488,Union
4745,1,1,1,1,1,0.2223948433204488,Union
1917,1,1,1,1,1,0.2223948433204488,Columbia
1916,1,1,1,1,1,0.2223948433204488,Columbia
1915,1,1,1,1,1,0.2223948433204488,Hamilton
1913,1,1,1,1,1,0.2223948433204488,Columbia
1911,1,1,1,1,1,0.2223948433204488,Columbia
1910,1,1,1,1,1,0.2223948433204488,Columbia
1990,1,1,1,1,1,0.2223948433204488,Baker
1988,1,1,1,1,1,0.2223948433204488,Columbia
1983,1,1,1,1,1,0.2223948433204488,Suwannee
1975,1,1,1,1,1,0.2223948433204488,Suwannee
1974,1,1,1,1,1,0.2223948433204488,Suwannee
4694,1,1,1,1,1,0.2223948433204488,Union
4690,1,1,1,1,1,0.2223948433204488,Union
4746,1,1,1,1,1,0.2223948433204488,Union
2067,1,1,1,1,1,0.2223948433204488,Columbia
2063,1,1,1,1,1,0.2223948433204488,Hamilton
2061,1,1,1,1,1,0.2223948433204488,Suwannee
4610,1,1,1,1,1,0.2223948433204488,Union
2185,1,1,1,1,1,0.2223948433204488,Suwannee
2184,1,1,1,1,1,0.2223948433204488,Suwannee
2173,1,1,1,1,1,0.2223948433204488,Suwannee
4575,1,1,1,1,1,0.2223948433204488,Union
4570,1,1,1,1,1,0.2223948433204488,Columbia
4565,1,1,1,1,1,0.2223948433204488,Union
4559,1,1,1,1,1,0.2223948433204488,Union
2133,1,1,1,1,1,0.2223948433204488,Hamilton
2130,1,1,1,1,1,0.2223948433204488,Baker
2072,1,1,1,1,1,0.2223948433204488,Hamilton
2152,1,1,1,1,1,0.2223948433204488,Baker
2140,1,1,1,1,1,0.2223948433204488,Baker
2137,1,1,1,1,1,0.2223948433204488,Hamilton
2249,1,1,1,1,1,0.2223948433204488,Hamilton
2248,1,1,1,1,1,0.2223948433204488,Hamilton
2243,1,1,1,1,1,0.2223948433204488,Hamilton
2235,1,1,1,1,1,0.2223948433204488,Hamilton
2215,1,1,1,1,1,0.2223948433204488,Baker
2214,1,1,1,1,1,0.2223948433204488,Suwannee
2192,1,1,1,1,1,0.2223948433204488,Baker
4538,1,1,1,1,1,0.2223948433204488,Union
4537,1,1,1,1,1,0.2223948433204488,Union
4534,1,1,1,1,1,0.2223948433204488,Suwannee
4527,1,1,1,1,1,0.2223948433204488,Suwannee
4584,1,1,1,1,1,0.2223948433204488,Union
2071,1,1,1,1,1,0.2223948433204488,Columbia
2070,1,1,1,1,1,0.2223948433204488,Hamilton
4632,1,1,1,1,1,0.2223948433204488,Columbia
4626,1,1,1,1,1,0.2223948433204488,Union
4623,1,1,1,1,1,0.2223948433204488,Columbia
4622,1,1,1,1,1,0.2223948433204488,Union
4620,1,1,1,1,1,0.2223948433204488,Union
2038,1,1,1,1,1,0.2223948433204488,Suwannee
2034,1,1,1,1,1,0.2223948433204488,Hamilton
2028,1,1,1,1,1,0.2223948433204488,Columbia
4642,1,1,1,1,1,0.2223948433204488,Union
4640,1,1,1,1,1,0.2223948433204488,Columbia
2052,1,1,1,1,1,0.2223948433204488,Baker
2051,1,1,1,1,1,0.2223948433204488,Baker
4597,1,1,1,1,1,0.2223948433204488,Columbia
2040,1,1,1,1,1,0.2223948433204488,Hamilton
2102,1,1,1,1,1,0.2223948433204488,Hamilton
2092,1,1,1,1,1,0.2223948433204488,Hamilton
2091,1,1,1,1,1,0.2223948433204488,Suwannee
2154,1,1,1,1,1,0.2223948433204488,Hamilton
4592,1,1,1,1,1,0.2223948433204488,Union
4587,1,1,1,1,1,0.2223948433204488,Union
2113,1,1,1,1,1,0.2223948433204488,Columbia
2110,1,1,1,1,1,0.2223948433204488,Baker
2105,1,1,1,1,1,0.2223948433204488,Hamilton
4606,1,1,1,1,1,0.2223948433204488,Columbia
4605,1,1,1,1,1,0.2223948433204488,Union
4604,1,1,1,1,1,0.2223948433204488,Union
4603,1,1,1,1,1,0.2223948433204488,Union
2047,1,1,1,1,1,0.2223948433204488,Baker
