scenario,unit_id,tm_id,PLT_CN,county,owner_class,forest_branch,acres,SMZ_Pct,riparian,stand_age,prescription,template,n_entries,cuts
smz_split,TM13183_Baker_O3_SMZ,13183,43266266020004,Baker,private_family,hardwood,2.001553589884039,100.0,True,73.0,no_management,no_management,0,False
smz_split,TM13183_Baker_O6_SMZ,13183,43266266020004,Baker,federal,hardwood,0.6671845299613464,100.0,True,73.0,no_management,no_management,0,False
smz_split,TM13183_Columbia_O6_SMZ,13183,43266266020004,Columbia,federal,hardwood,5.337476239690771,100.0,True,73.0,no_management,no_management,0,False
smz_split,TM13275_Hamilton_O3_SMZ,13275,43441517010478,Hamilton,private_family,pine,1.5567639032431415,100.0,True,69.0,no_management,no_management,0,False
smz_split,TM13431_Suwannee_O3_SMZ,13431,43854884020004,Suwannee,private_family,hardwood,0.2223948433204488,100.0,True,63.0,no_management,no_management,0,False
smz_split,TM13432_Columbia_O3_SMZ,13432,43854936020004,Columbia,private_family,hardwood,3.335922649806732,100.0,True,81.0,no_management,no_management,0,False
smz_split,TM13432_Columbia_O4_SMZ,13432,43854936020004,Columbia,private_industrial,hardwood,0.6671845299613464,100.0,True,81.0,no_management,no_management,0,False
smz_split,TM13432_Columbia_O7_SMZ,13432,43854936020004,Columbia,state,hardwood,0.4447896866408976,100.0,True,81.0,no_management,no_management,0,False
smz_split,TM13432_Hamilton_O3_SMZ,13432,43854936020004,Hamilton,private_family,hardwood,0.8895793732817951,100.0,True,81.0,no_management,no_management,0,False
smz_split,TM13432_Suwannee_O3_SMZ,13432,43854936020004,Suwannee,private_family,hardwood,1.7791587465635903,100.0,True,81.0,no_management,no_management,0,False
smz_split,TM13432_Suwannee_O4_SMZ,13432,43854936020004,Suwannee,private_industrial,hardwood,0.2223948433204488,100.0,True,81.0,no_management,no_management,0,False
smz_split,TM13435_Columbia_O3_SMZ,13435,43855081020004,Columbia,private_family,pine,1.3343690599226927,100.0,True,13.0,no_management,no_management,0,False
smz_split,TM13435_Columbia_O4_SMZ,13435,43855081020004,Columbia,private_industrial,pine,2.223948433204488,100.0,True,13.0,no_management,no_management,0,False
smz_split,TM13435_Hamilton_O3_SMZ,13435,43855081020004,Hamilton,private_family,pine,6.894240142933912,100.0,True,13.0,no_management,no_management,0,False
smz_split,TM13435_Hamilton_O4_SMZ,13435,43855081020004,Hamilton,private_industrial,pine,10.452557636061092,100.0,True,13.0,no_management,no_management,0,False
smz_split,TM13435_Hamilton_O8_SMZ,13435,43855081020004,Hamilton,local,pine,0.2223948433204488,100.0,True,13.0,no_management,no_management,0,False
smz_split,TM13435_Suwannee_O3_SMZ,13435,43855081020004,Suwannee,private_family,pine,2.223948433204488,100.0,True,13.0,no_management,no_management,0,False
smz_split,TM13435_Suwannee_O4_SMZ,13435,43855081020004,Suwannee,private_industrial,pine,0.6671845299613464,100.0,True,13.0,no_management,no_management,0,False
smz_split,TM13436_Baker_O3_SMZ,13436,43855099020004,Baker,private_family,hardwood,0.6671845299613464,100.0,True,78.0,no_management,no_management,0,False
smz_split,TM13436_Columbia_O3_SMZ,13436,43855099020004,Columbia,private_family,hardwood,12.454111225945132,100.0,True,78.0,no_management,no_management,0,False
smz_split,TM13436_Columbia_O4_SMZ,13436,43855099020004,Columbia,private_industrial,hardwood,2.2239484332044874,100.0,True,78.0,no_management,no_management,0,False
smz_split,TM13436_Columbia_O8_SMZ,13436,43855099020004,Columbia,local,hardwood,2.001553589884039,100.0,True,78.0,no_management,no_management,0,False
smz_split,TM13436_Suwannee_O3_SMZ,13436,43855099020004,Suwannee,private_family,hardwood,2.446343276524937,100.0,True,78.0,no_management,no_management,0,False
smz_split,TM13436_Union_O3_SMZ,13436,43855099020004,Union,private_family,hardwood,14.010875129188273,100.0,True,78.0,no_management,no_management,0,False
smz_split,TM13436_Union_O4_SMZ,13436,43855099020004,Union,private_industrial,hardwood,2.891132963165834,100.0,True,78.0,no_management,no_management,0,False
smz_split,TM13436_Union_O7_SMZ,13436,43855099020004,Union,state,hardwood,0.4447896866408976,100.0,True,78.0,no_management,no_management,0,False
smz_split,TM13437_Baker_O4_SMZ,13437,43855124020004,Baker,private_industrial,pine,0.2223948433204488,100.0,True,39.0,no_management,no_management,0,False
smz_split,TM13443_Baker_O3_SMZ,13443,43855291020004,Baker,private_family,hardwood,0.6671845299613464,100.0,True,76.0,no_management,no_management,0,False
smz_split,TM13443_Baker_O4_SMZ,13443,43855291020004,Baker,private_industrial,hardwood,0.2223948433204488,100.0,True,76.0,no_management,no_management,0,False
smz_split,TM13443_Columbia_O6_SMZ,13443,43855291020004,Columbia,federal,hardwood,0.4447896866408976,100.0,True,76.0,no_management,no_management,0,False
smz_split,TM13445_Baker_O3_SMZ,13445,43855313020004,Baker,private_family,pine,1.3343690599226927,100.0,True,16.0,no_management,no_management,0,False
smz_split,TM13445_Baker_O4_SMZ,13445,43855313020004,Baker,private_industrial,pine,1.111974216602244,100.0,True,16.0,no_management,no_management,0,False
smz_split,TM13445_Columbia_O3_SMZ,13445,43855313020004,Columbia,private_family,pine,0.6671845299613464,100.0,True,16.0,no_management,no_management,0,False
smz_split,TM13445_Columbia_O4_SMZ,13445,43855313020004,Columbia,private_industrial,pine,1.111974216602244,100.0,True,16.0,no_management,no_management,0,False
smz_split,TM13445_Hamilton_O3_SMZ,13445,43855313020004,Hamilton,private_family,pine,3.5583174931271806,100.0,True,16.0,no_management,no_management,0,False
smz_split,TM13445_Suwannee_O3_SMZ,13445,43855313020004,Suwannee,private_family,pine,2.6687381198453854,100.0,True,16.0,no_management,no_management,0,False
smz_split,TM13445_Union_O3_SMZ,13445,43855313020004,Union,private_family,pine,6.671845299613463,100.0,True,16.0,no_management,no_management,0,False
smz_split,TM13446_Baker_O4_SMZ,13446,43855325020004,Baker,private_industrial,pine,0.2223948433204488,100.0,True,35.0,no_management,no_management,0,False
smz_split,TM13447_Baker_O3_SMZ,13447,43855332020004,Baker,private_family,pine,12.231716382624683,100.0,True,30.0,no_management,no_management,0,False
smz_split,TM13447_Baker_O4_SMZ,13447,43855332020004,Baker,private_industrial,pine,2.891132963165834,100.0,True,30.0,no_management,no_management,0,False
smz_split,TM13447_Baker_O7_SMZ,13447,43855332020004,Baker,state,pine,0.2223948433204488,100.0,True,30.0,no_management,no_management,0,False
smz_split,TM13447_Union_O3_SMZ,13447,43855332020004,Union,private_family,pine,13.566085442547376,100.0,True,30.0,no_management,no_management,0,False
smz_split,TM13447_Union_O4_SMZ,13447,43855332020004,Union,private_industrial,pine,0.4447896866408976,100.0,True,30.0,no_management,no_management,0,False
smz_split,TM13447_Union_O7_SMZ,13447,43855332020004,Union,state,pine,5.115081396370321,100.0,True,30.0,no_management,no_management,0,False
smz_split,TM14309_Baker_O3_SMZ,14309,46158741020004,Baker,private_family,hardwood,1.111974216602244,100.0,True,9.0,no_management,no_management,0,False
smz_split,TM16547_Baker_O3_SMZ,16547,61264238010478,Baker,private_family,pine,85.17722499173188,100.0,True,32.0,no_management,no_management,0,False
smz_split,TM16547_Baker_O4_SMZ,16547,61264238010478,Baker,private_industrial,pine,20.905115272122185,100.0,True,32.0,no_management,no_management,0,False
smz_split,TM16547_Baker_O6_SMZ,16547,61264238010478,Baker,federal,pine,0.6671845299613464,100.0,True,32.0,no_management,no_management,0,False
smz_split,TM16547_Baker_O7_SMZ,16547,61264238010478,Baker,state,pine,0.4447896866408976,100.0,True,32.0,no_management,no_management,0,False
smz_split,TM16547_Baker_O8_SMZ,16547,61264238010478,Baker,local,pine,2.001553589884039,100.0,True,32.0,no_management,no_management,0,False
smz_split,TM16547_Columbia_O3_SMZ,16547,61264238010478,Columbia,private_family,pine,1.111974216602244,100.0,True,32.0,no_management,no_management,0,False
smz_split,TM16547_Columbia_O6_SMZ,16547,61264238010478,Columbia,federal,pine,1.7791587465635903,100.0,True,32.0,no_management,no_management,0,False
smz_split,TM16547_Columbia_O8_SMZ,16547,61264238010478,Columbia,local,pine,0.2223948433204488,100.0,True,32.0,no_management,no_management,0,False
smz_split,TM16547_Hamilton_O3_SMZ,16547,61264238010478,Hamilton,private_family,pine,1.7791587465635903,100.0,True,32.0,no_management,no_management,0,False
smz_split,TM16547_Hamilton_O4_SMZ,16547,61264238010478,Hamilton,private_industrial,pine,0.8895793732817951,100.0,True,32.0,no_management,no_management,0,False
smz_split,TM16547_Suwannee_O3_SMZ,16547,61264238010478,Suwannee,private_family,pine,1.7791587465635903,100.0,True,32.0,no_management,no_management,0,False
smz_split,TM16547_Suwannee_O4_SMZ,16547,61264238010478,Suwannee,private_industrial,pine,0.2223948433204488,100.0,True,32.0,no_management,no_management,0,False
smz_split,TM16549_Baker_O3_SMZ,16549,61280243010478,Baker,private_family,hardwood,0.4447896866408976,100.0,True,31.0,no_management,no_management,0,False
smz_split,TM16549_Columbia_O3_SMZ,16549,61280243010478,Columbia,private_family,hardwood,0.6671845299613464,100.0,True,31.0,no_management,no_management,0,False
smz_split,TM16549_Columbia_O4_SMZ,16549,61280243010478,Columbia,private_industrial,hardwood,0.6671845299613464,100.0,True,31.0,no_management,no_management,0,False
smz_split,TM16549_Hamilton_O3_SMZ,16549,61280243010478,Hamilton,private_family,hardwood,1.7791587465635903,100.0,True,31.0,no_management,no_management,0,False
smz_split,TM16549_Hamilton_O4_SMZ,16549,61280243010478,Hamilton,private_industrial,hardwood,0.4447896866408976,100.0,True,31.0,no_management,no_management,0,False
smz_split,TM16549_Suwannee_O3_SMZ,16549,61280243010478,Suwannee,private_family,hardwood,0.4447896866408976,100.0,True,31.0,no_management,no_management,0,False
smz_split,TM16549_Union_O3_SMZ,16549,61280243010478,Union,private_family,hardwood,0.4447896866408976,100.0,True,31.0,no_management,no_management,0,False
smz_split,TM16549_Union_O7_SMZ,16549,61280243010478,Union,state,hardwood,0.2223948433204488,100.0,True,31.0,no_management,no_management,0,False
smz_split,TM16564_Columbia_O3_SMZ,16564,61354193010478,Columbia,private_family,pine,0.2223948433204488,100.0,True,24.0,no_management,no_management,0,False
smz_split,TM16564_Columbia_O8_SMZ,16564,61354193010478,Columbia,local,pine,0.2223948433204488,100.0,True,24.0,no_management,no_management,0,False
smz_split,TM16582_Baker_O3_SMZ,16582,61420940010478,Baker,private_family,other,0.2223948433204488,100.0,True,103.0,no_management,no_management,0,False
smz_split,TM16608_Baker_O3_SMZ,16608,61601464010478,Baker,private_family,pine,0.2223948433204488,100.0,True,46.0,no_management,no_management,0,False
smz_split,TM16608_Baker_O4_SMZ,16608,61601464010478,Baker,private_industrial,pine,0.4447896866408976,100.0,True,46.0,no_management,no_management,0,False
smz_split,TM17787_Baker_O3_SMZ,17787,85172032010478,Baker,private_family,hardwood,1.111974216602244,100.0,True,56.0,no_management,no_management,0,False
smz_split,TM17787_Baker_O8_SMZ,17787,85172032010478,Baker,local,hardwood,0.2223948433204488,100.0,True,56.0,no_management,no_management,0,False
smz_split,TM18437_Baker_O3_SMZ,18437,90825681010478,Baker,private_family,hardwood,0.8895793732817951,100.0,True,75.0,no_management,no_management,0,False
smz_split,TM18437_Baker_O4_SMZ,18437,90825681010478,Baker,private_industrial,hardwood,0.4447896866408976,100.0,True,75.0,no_management,no_management,0,False
smz_split,TM18437_Columbia_O3_SMZ,18437,90825681010478,Columbia,private_family,hardwood,4.447896866408976,100.0,True,75.0,no_management,no_management,0,False
smz_split,TM18437_Columbia_O7_SMZ,18437,90825681010478,Columbia,state,hardwood,1.111974216602244,100.0,True,75.0,no_management,no_management,0,False
smz_split,TM18437_Union_O3_SMZ,18437,90825681010478,Union,private_family,hardwood,54.7091314568304,100.0,True,75.0,no_management,no_management,0,False
smz_split,TM18437_Union_O4_SMZ,18437,90825681010478,Union,private_industrial,hardwood,30.91288322154238,100.0,True,75.0,no_management,no_management,0,False
smz_split,TM18437_Union_O7_SMZ,18437,90825681010478,Union,state,hardwood,1.3343690599226927,100.0,True,75.0,no_management,no_management,0,False
smz_split,TM18437_Union_O8_SMZ,18437,90825681010478,Union,local,hardwood,0.6671845299613464,100.0,True,75.0,no_management,no_management,0,False
smz_split,TM21183_Union_O3_SMZ,21183,134677819010854,Union,private_family,pine,2.223948433204488,100.0,True,15.0,no_management,no_management,0,False
smz_split,TM21259_Baker_O3_SMZ,21259,140564077010478,Baker,private_family,hardwood,4.670291709729424,100.0,True,55.0,no_management,no_management,0,False
smz_split,TM21259_Baker_O4_SMZ,21259,140564077010478,Baker,private_industrial,hardwood,5.782265926331668,100.0,True,55.0,no_management,no_management,0,False
smz_split,TM21259_Columbia_O3_SMZ,21259,140564077010478,Columbia,private_family,hardwood,2.8911329631658345,100.0,True,55.0,no_management,no_management,0,False
smz_split,TM21259_Columbia_O6_SMZ,21259,140564077010478,Columbia,federal,hardwood,0.6671845299613464,100.0,True,55.0,no_management,no_management,0,False
smz_split,TM21259_Columbia_O8_SMZ,21259,140564077010478,Columbia,local,hardwood,0.6671845299613464,100.0,True,55.0,no_management,no_management,0,False
smz_split,TM21259_Hamilton_O3_SMZ,21259,140564077010478,Hamilton,private_family,hardwood,10.674952479381542,100.0,True,55.0,no_management,no_management,0,False
smz_split,TM21259_Hamilton_O4_SMZ,21259,140564077010478,Hamilton,private_industrial,hardwood,2.6687381198453854,100.0,True,55.0,no_management,no_management,0,False
smz_split,TM21259_Hamilton_O7_SMZ,21259,140564077010478,Hamilton,state,hardwood,0.2223948433204488,100.0,True,55.0,no_management,no_management,0,False
smz_split,TM21259_Suwannee_O3_SMZ,21259,140564077010478,Suwannee,private_family,hardwood,11.786926695983786,100.0,True,55.0,no_management,no_management,0,False
smz_split,TM21259_Suwannee_O4_SMZ,21259,140564077010478,Suwannee,private_industrial,hardwood,5.782265926331668,100.0,True,55.0,no_management,no_management,0,False
smz_split,TM21259_Union_O3_SMZ,21259,140564077010478,Union,private_family,hardwood,0.8895793732817951,100.0,True,55.0,no_management,no_management,0,False
smz_split,TM21262_Baker_O3_SMZ,21262,140566167010478,Baker,private_family,pine,0.2223948433204488,100.0,True,84.0,no_management,no_management,0,False
smz_split,TM21262_Baker_O4_SMZ,21262,140566167010478,Baker,private_industrial,pine,0.2223948433204488,100.0,True,84.0,no_management,no_management,0,False
smz_split,TM21262_Columbia_O8_SMZ,21262,140566167010478,Columbia,local,pine,0.2223948433204488,100.0,True,84.0,no_management,no_management,0,False
smz_split,TM21262_Union_O3_SMZ,21262,140566167010478,Union,private_family,pine,1.3343690599226927,100.0,True,84.0,no_management,no_management,0,False
smz_split,TM21265_Baker_O3_SMZ,21265,140568302010478,Baker,private_family,hardwood,0.2223948433204488,100.0,True,28.0,no_management,no_management,0,False
smz_split,TM21265_Baker_O4_SMZ,21265,140568302010478,Baker,private_industrial,hardwood,0.2223948433204488,100.0,True,28.0,no_management,no_management,0,False
smz_split,TM21265_Columbia_O3_SMZ,21265,140568302010478,Columbia,private_family,hardwood,1.7791587465635903,100.0,True,28.0,no_management,no_management,0,False
smz_split,TM21265_Columbia_O4_SMZ,21265,140568302010478,Columbia,private_industrial,hardwood,0.6671845299613464,100.0,True,28.0,no_management,no_management,0,False
smz_split,TM21265_Columbia_O8_SMZ,21265,140568302010478,Columbia,local,hardwood,0.4447896866408976,100.0,True,28.0,no_management,no_management,0,False
smz_split,TM21265_Hamilton_O3_SMZ,21265,140568302010478,Hamilton,private_family,hardwood,0.8895793732817951,100.0,True,28.0,no_management,no_management,0,False
smz_split,TM21265_Hamilton_O4_SMZ,21265,140568302010478,Hamilton,private_industrial,hardwood,0.6671845299613464,100.0,True,28.0,no_management,no_management,0,False
smz_split,TM21265_Hamilton_O7_SMZ,21265,140568302010478,Hamilton,state,hardwood,0.2223948433204488,100.0,True,28.0,no_management,no_management,0,False
smz_split,TM21265_Suwannee_O4_SMZ,21265,140568302010478,Suwannee,private_industrial,hardwood,0.6671845299613464,100.0,True,28.0,no_management,no_management,0,False
smz_split,TM21265_Union_O3_SMZ,21265,140568302010478,Union,private_family,hardwood,0.2223948433204488,100.0,True,28.0,no_management,no_management,0,False
smz_split,TM21269_Baker_O3_SMZ,21269,140582800010478,Baker,private_family,pine,0.2223948433204488,100.0,True,24.0,no_management,no_management,0,False
smz_split,TM21269_Union_O3_SMZ,21269,140582800010478,Union,private_family,pine,0.2223948433204488,100.0,True,24.0,no_management,no_management,0,False
smz_split,TM21272_Baker_O3_SMZ,21272,140599486010478,Baker,private_family,hardwood,0.2223948433204488,100.0,True,61.0,no_management,no_management,0,False
smz_split,TM21604_Columbia_O3_SMZ,21604,153666119010854,Columbia,private_family,hardwood,1.111974216602244,100.0,True,14.0,no_management,no_management,0,False
smz_split,TM23747_Baker_O3_SMZ,23747,173002836010854,Baker,private_family,pine,16.45721840571321,100.0,True,41.0,no_management,no_management,0,False
smz_split,TM23747_Baker_O4_SMZ,23747,173002836010854,Baker,private_industrial,pine,0.4447896866408976,100.0,True,41.0,no_management,no_management,0,False
smz_split,TM23747_Baker_O6_SMZ,23747,173002836010854,Baker,federal,pine,4.447896866408976,100.0,True,41.0,no_management,no_management,0,False
smz_split,TM23747_Columbia_O6_SMZ,23747,173002836010854,Columbia,federal,pine,20.237930742160838,100.0,True,41.0,no_management,no_management,0,False
smz_split,TM23747_Columbia_O8_SMZ,23747,173002836010854,Columbia,local,pine,0.4447896866408976,100.0,True,41.0,no_management,no_management,0,False
smz_split,TM23747_Hamilton_O4_SMZ,23747,173002836010854,Hamilton,private_industrial,pine,0.6671845299613464,100.0,True,41.0,no_management,no_management,0,False
smz_split,TM23747_Union_O3_SMZ,23747,173002836010854,Union,private_family,pine,0.2223948433204488,100.0,True,41.0,no_management,no_management,0,False
smz_split,TM23748_Baker_O3_SMZ,23748,173002842010854,Baker,private_family,pine,27.57696057173565,100.0,True,45.0,no_management,no_management,0,False
smz_split,TM23748_Baker_O4_SMZ,23748,173002842010854,Baker,private_industrial,pine,5.337476239690771,100.0,True,45.0,no_management,no_management,0,False
smz_split,TM23748_Baker_O6_SMZ,23748,173002842010854,Baker,federal,pine,1.7791587465635903,100.0,True,45.0,no_management,no_management,0,False
smz_split,TM23748_Columbia_O3_SMZ,23748,173002842010854,Columbia,private_family,pine,17.791587465635903,100.0,True,45.0,no_management,no_management,0,False
smz_split,TM23748_Columbia_O4_SMZ,23748,173002842010854,Columbia,private_industrial,pine,2.446343276524937,100.0,True,45.0,no_management,no_management,0,False
smz_split,TM23748_Columbia_O6_SMZ,23748,173002842010854,Columbia,federal,pine,9.562978262779298,100.0,True,45.0,no_management,no_management,0,False
smz_split,TM23748_Columbia_O8_SMZ,23748,173002842010854,Columbia,local,pine,6.671845299613463,100.0,True,45.0,no_management,no_management,0,False
smz_split,TM23748_Suwannee_O3_SMZ,23748,173002842010854,Suwannee,private_family,pine,2.001553589884039,100.0,True,45.0,no_management,no_management,0,False
smz_split,TM23748_Suwannee_O4_SMZ,23748,173002842010854,Suwannee,private_industrial,pine,2.6687381198453854,100.0,True,45.0,no_management,no_management,0,False
smz_split,TM23748_Union_O3_SMZ,23748,173002842010854,Union,private_family,pine,137.88480285867826,100.0,True,45.0,no_management,no_management,0,False
smz_split,TM23748_Union_O4_SMZ,23748,173002842010854,Union,private_industrial,pine,3.113527806486283,100.0,True,45.0,no_management,no_management,0,False
smz_split,TM23749_Baker_O3_SMZ,23749,173002845010854,Baker,private_family,pine,2.891132963165834,100.0,True,114.0,no_management,no_management,0,False
smz_split,TM23749_Baker_O6_SMZ,23749,173002845010854,Baker,federal,pine,4.003107179768078,100.0,True,114.0,no_management,no_management,0,False
smz_split,TM23749_Columbia_O6_SMZ,23749,173002845010854,Columbia,federal,pine,37.8071233644763,100.0,True,114.0,no_management,no_management,0,False
smz_split,TM23749_Columbia_O8_SMZ,23749,173002845010854,Columbia,local,pine,1.111974216602244,100.0,True,114.0,no_management,no_management,0,False
smz_split,TM23749_Hamilton_O4_SMZ,23749,173002845010854,Hamilton,private_industrial,pine,0.4447896866408976,100.0,True,114.0,no_management,no_management,0,False
smz_split,TM24316_Baker_O3_SMZ,24316,176548896010854,Baker,private_family,hardwood,6.449450456293015,100.0,True,135.0,no_management,no_management,0,False
smz_split,TM24316_Baker_O4_SMZ,24316,176548896010854,Baker,private_industrial,hardwood,1.7791587465635903,100.0,True,135.0,no_management,no_management,0,False
smz_split,TM24316_Baker_O8_SMZ,24316,176548896010854,Baker,local,hardwood,0.4447896866408976,100.0,True,135.0,no_management,no_management,0,False
smz_split,TM24316_Columbia_O3_SMZ,24316,176548896010854,Columbia,private_family,hardwood,18.681166838917697,100.0,True,135.0,no_management,no_management,0,False
smz_split,TM24316_Columbia_O4_SMZ,24316,176548896010854,Columbia,private_industrial,hardwood,6.671845299613463,100.0,True,135.0,no_management,no_management,0,False
smz_split,TM24316_Columbia_O8_SMZ,24316,176548896010854,Columbia,local,hardwood,7.783819516215708,100.0,True,135.0,no_management,no_management,0,False
smz_split,TM24316_Hamilton_O3_SMZ,24316,176548896010854,Hamilton,private_family,hardwood,25.353012138531163,100.0,True,135.0,no_management,no_management,0,False
smz_split,TM24316_Hamilton_O4_SMZ,24316,176548896010854,Hamilton,private_industrial,hardwood,9.340583419458849,100.0,True,135.0,no_management,no_management,0,False
smz_split,TM24316_Hamilton_O7_SMZ,24316,176548896010854,Hamilton,state,hardwood,0.4447896866408976,100.0,True,135.0,no_management,no_management,0,False
smz_split,TM24316_Hamilton_O8_SMZ,24316,176548896010854,Hamilton,local,hardwood,0.2223948433204488,100.0,True,135.0,no_management,no_management,0,False
smz_split,TM24316_Suwannee_O3_SMZ,24316,176548896010854,Suwannee,private_family,hardwood,10.007767949420195,100.0,True,135.0,no_management,no_management,0,False
smz_split,TM24316_Suwannee_O4_SMZ,24316,176548896010854,Suwannee,private_industrial,hardwood,1.5567639032431415,100.0,True,135.0,no_management,no_management,0,False
smz_split,TM24316_Union_O3_SMZ,24316,176548896010854,Union,private_family,hardwood,13.788480285867825,100.0,True,135.0,no_management,no_management,0,False
smz_split,TM24316_Union_O4_SMZ,24316,176548896010854,Union,private_industrial,hardwood,0.4447896866408976,100.0,True,135.0,no_management,no_management,0,False
smz_split,TM24484_Union_O4_SMZ,24484,176859634010854,Union,private_industrial,hardwood,0.2223948433204488,100.0,True,68.0,no_management,no_management,0,False
smz_split,TM24486_Baker_O3_SMZ,24486,176859705010854,Baker,private_family,pine,1.111974216602244,100.0,True,34.0,no_management,no_management,0,False
smz_split,TM24486_Baker_O4_SMZ,24486,176859705010854,Baker,private_industrial,pine,1.3343690599226927,100.0,True,34.0,no_management,no_management,0,False
smz_split,TM24486_Columbia_O3_SMZ,24486,176859705010854,Columbia,private_family,pine,9.118188576138401,100.0,True,34.0,no_management,no_management,0,False
smz_split,TM24486_Columbia_O4_SMZ,24486,176859705010854,Columbia,private_industrial,pine,2.2239484332044874,100.0,True,34.0,no_management,no_management,0,False
smz_split,TM24486_Columbia_O6_SMZ,24486,176859705010854,Columbia,federal,pine,2.446343276524937,100.0,True,34.0,no_management,no_management,0,False
smz_split,TM24486_Columbia_O8_SMZ,24486,176859705010854,Columbia,local,pine,4.670291709729424,100.0,True,34.0,no_management,no_management,0,False
smz_split,TM24486_Suwannee_O3_SMZ,24486,176859705010854,Suwannee,private_family,pine,0.2223948433204488,100.0,True,34.0,no_management,no_management,0,False
smz_split,TM24486_Union_O3_SMZ,24486,176859705010854,Union,private_family,pine,2.891132963165834,100.0,True,34.0,no_management,no_management,0,False
smz_split,TM24488_Columbia_O3_SMZ,24488,176859781010854,Columbia,private_family,pine,0.4447896866408976,100.0,True,25.0,no_management,no_management,0,False
smz_split,TM24488_Columbia_O4_SMZ,24488,176859781010854,Columbia,private_industrial,pine,0.2223948433204488,100.0,True,25.0,no_management,no_management,0,False
smz_split,TM24488_Union_O3_SMZ,24488,176859781010854,Union,private_family,pine,0.2223948433204488,100.0,True,25.0,no_management,no_management,0,False
smz_split,TM24498_Hamilton_O3_SMZ,24498,176860080010854,Hamilton,private_family,other,0.8895793732817951,100.0,True,41.0,no_management,no_management,0,False
smz_split,TM24498_Hamilton_O4_SMZ,24498,176860080010854,Hamilton,private_industrial,other,0.6671845299613464,100.0,True,41.0,no_management,no_management,0,False
smz_split,TM24503_Hamilton_O4_SMZ,24503,176860221010854,Hamilton,private_industrial,hardwood,0.2223948433204488,100.0,True,26.0,no_management,no_management,0,False
smz_split,TM24504_Union_O3_SMZ,24504,176860271010854,Union,private_family,hardwood,2.223948433204488,100.0,True,90.0,no_management,no_management,0,False
smz_split,TM24508_Columbia_O8_SMZ,24508,176860474010854,Columbia,local,hardwood,0.2223948433204488,100.0,True,25.0,no_management,no_management,0,False
smz_split,TM24508_Union_O3_SMZ,24508,176860474010854,Union,private_family,hardwood,0.8895793732817951,100.0,True,25.0,no_management,no_management,0,False
smz_split,TM24512_Baker_O3_SMZ,24512,176860601010854,Baker,private_family,hardwood,1.7791587465635903,100.0,True,30.0,no_management,no_management,0,False
smz_split,TM24512_Baker_O4_SMZ,24512,176860601010854,Baker,private_industrial,hardwood,0.2223948433204488,100.0,True,30.0,no_management,no_management,0,False
smz_split,TM24512_Baker_O8_SMZ,24512,176860601010854,Baker,local,hardwood,0.4447896866408976,100.0,True,30.0,no_management,no_management,0,False
smz_split,TM24512_Columbia_O3_SMZ,24512,176860601010854,Columbia,private_family,hardwood,0.2223948433204488,100.0,True,30.0,no_management,no_management,0,False
smz_split,TM24512_Hamilton_O3_SMZ,24512,176860601010854,Hamilton,private_family,hardwood,0.2223948433204488,100.0,True,30.0,no_management,no_management,0,False
smz_split,TM24512_Suwannee_O4_SMZ,24512,176860601010854,Suwannee,private_industrial,hardwood,0.4447896866408976,100.0,True,30.0,no_management,no_management,0,False
smz_split,TM24512_Union_O3_SMZ,24512,176860601010854,Union,private_family,hardwood,0.2223948433204488,100.0,True,30.0,no_management,no_management,0,False
smz_split,TM24515_Baker_O3_SMZ,24515,176860754010854,Baker,private_family,hardwood,3.5583174931271806,100.0,True,26.0,no_management,no_management,0,False
smz_split,TM24515_Baker_O4_SMZ,24515,176860754010854,Baker,private_industrial,hardwood,0.6671845299613464,100.0,True,26.0,no_management,no_management,0,False
smz_split,TM24515_Columbia_O3_SMZ,24515,176860754010854,Columbia,private_family,hardwood,14.678059659149621,100.0,True,26.0,no_management,no_management,0,False
smz_split,TM24515_Columbia_O4_SMZ,24515,176860754010854,Columbia,private_industrial,hardwood,4.225502023088527,100.0,True,26.0,no_management,no_management,0,False
smz_split,TM24515_Columbia_O7_SMZ,24515,176860754010854,Columbia,state,hardwood,0.2223948433204488,100.0,True,26.0,no_management,no_management,0,False
smz_split,TM24515_Columbia_O8_SMZ,24515,176860754010854,Columbia,local,hardwood,3.5583174931271806,100.0,True,26.0,no_management,no_management,0,False
smz_split,TM24515_Hamilton_O3_SMZ,24515,176860754010854,Hamilton,private_family,hardwood,21.572299802083535,100.0,True,26.0,no_management,no_management,0,False
smz_split,TM24515_Hamilton_O4_SMZ,24515,176860754010854,Hamilton,private_industrial,hardwood,3.5583174931271806,100.0,True,26.0,no_management,no_management,0,False
smz_split,TM24515_Hamilton_O7_SMZ,24515,176860754010854,Hamilton,state,hardwood,0.4447896866408976,100.0,True,26.0,no_management,no_management,0,False
smz_split,TM24515_Suwannee_O3_SMZ,24515,176860754010854,Suwannee,private_family,hardwood,14.010875129188273,100.0,True,26.0,no_management,no_management,0,False
smz_split,TM24515_Suwannee_O4_SMZ,24515,176860754010854,Suwannee,private_industrial,hardwood,5.115081396370322,100.0,True,26.0,no_management,no_management,0,False
smz_split,TM24515_Union_O3_SMZ,24515,176860754010854,Union,private_family,hardwood,7.116634986254361,100.0,True,26.0,no_management,no_management,0,False
smz_split,TM24515_Union_O4_SMZ,24515,176860754010854,Union,private_industrial,hardwood,2.6687381198453854,100.0,True,26.0,no_management,no_management,0,False
smz_split,TM24515_Union_O7_SMZ,24515,176860754010854,Union,state,hardwood,0.2223948433204488,100.0,True,26.0,no_management,no_management,0,False
smz_split,TM24515_Union_O8_SMZ,24515,176860754010854,Union,local,hardwood,0.2223948433204488,100.0,True,26.0,no_management,no_management,0,False
smz_split,TM2623_Columbia_O3_SMZ,2623,17498047010478,Columbia,private_family,pine,0.2223948433204488,100.0,True,47.0,no_management,no_management,0,False
smz_split,TM2623_Suwannee_O4_SMZ,2623,17498047010478,Suwannee,private_industrial,pine,1.7791587465635903,100.0,True,47.0,no_management,no_management,0,False
smz_split,TM2623_Union_O3_SMZ,2623,17498047010478,Union,private_family,pine,0.2223948433204488,100.0,True,47.0,no_management,no_management,0,False
smz_split,TM2683_Union_O3_SMZ,2683,20220154010478,Union,private_family,other,0.2223948433204488,100.0,True,24.0,no_management,no_management,0,False
smz_split,TM2693_Suwannee_O3_SMZ,2693,20250670010478,Suwannee,private_family,hardwood,1.111974216602244,100.0,True,40.0,no_management,no_management,0,False
smz_split,TM2693_Suwannee_O4_SMZ,2693,20250670010478,Suwannee,private_industrial,hardwood,2.891132963165834,100.0,True,40.0,no_management,no_management,0,False
smz_split,TM2699_Baker_O3_SMZ,2699,20266493010478,Baker,private_family,hardwood,0.2223948433204488,100.0,True,75.0,no_management,no_management,0,False
smz_split,TM2699_Columbia_O3_SMZ,2699,20266493010478,Columbia,private_family,hardwood,0.2223948433204488,100.0,True,75.0,no_management,no_management,0,False
smz_split,TM2699_Columbia_O4_SMZ,2699,20266493010478,Columbia,private_industrial,hardwood,0.2223948433204488,100.0,True,75.0,no_management,no_management,0,False
smz_split,TM2699_Hamilton_O3_SMZ,2699,20266493010478,Hamilton,private_family,hardwood,2.001553589884039,100.0,True,75.0,no_management,no_management,0,False
smz_split,TM2699_Hamilton_O4_SMZ,2699,20266493010478,Hamilton,private_industrial,hardwood,1.5567639032431415,100.0,True,75.0,no_management,no_management,0,False
smz_split,TM2699_Suwannee_O3_SMZ,2699,20266493010478,Suwannee,private_family,hardwood,1.5567639032431415,100.0,True,75.0,no_management,no_management,0,False
smz_split,TM2700_Baker_O3_SMZ,2700,20267385010478,Baker,private_family,hardwood,5.115081396370321,100.0,True,50.0,no_management,no_management,0,False
smz_split,TM2700_Baker_O4_SMZ,2700,20267385010478,Baker,private_industrial,hardwood,3.780712336447629,100.0,True,50.0,no_management,no_management,0,False
smz_split,TM2700_Columbia_O3_SMZ,2700,20267385010478,Columbia,private_family,hardwood,28.91132963165834,100.0,True,50.0,no_management,no_management,0,False
smz_split,TM2700_Columbia_O4_SMZ,2700,20267385010478,Columbia,private_industrial,hardwood,1.5567639032431415,100.0,True,50.0,no_management,no_management,0,False
smz_split,TM2700_Columbia_O6_SMZ,2700,20267385010478,Columbia,federal,hardwood,0.6671845299613464,100.0,True,50.0,no_management,no_management,0,False
smz_split,TM2700_Columbia_O7_SMZ,2700,20267385010478,Columbia,state,hardwood,0.4447896866408976,100.0,True,50.0,no_management,no_management,0,False
smz_split,TM2700_Columbia_O8_SMZ,2700,20267385010478,Columbia,local,hardwood,3.5583174931271806,100.0,True,50.0,no_management,no_management,0,False
smz_split,TM2700_Suwannee_O3_SMZ,2700,20267385010478,Suwannee,private_family,hardwood,1.5567639032431415,100.0,True,50.0,no_management,no_management,0,False
smz_split,TM2700_Suwannee_O4_SMZ,2700,20267385010478,Suwannee,private_industrial,hardwood,0.2223948433204488,100.0,True,50.0,no_management,no_management,0,False
smz_split,TM2700_Union_O3_SMZ,2700,20267385010478,Union,private_family,hardwood,42.47741507420572,100.0,True,50.0,no_management,no_management,0,False
smz_split,TM2700_Union_O4_SMZ,2700,20267385010478,Union,private_industrial,hardwood,5.337476239690771,100.0,True,50.0,no_management,no_management,0,False
smz_split,TM2700_Union_O7_SMZ,2700,20267385010478,Union,state,hardwood,2.001553589884039,100.0,True,50.0,no_management,no_management,0,False
smz_split,TM2700_Union_O8_SMZ,2700,20267385010478,Union,local,hardwood,0.4447896866408976,100.0,True,50.0,no_management,no_management,0,False
smz_split,TM2704_Union_O3_SMZ,2704,20272447010478,Union,private_family,hardwood,0.2223948433204488,100.0,True,20.0,no_management,no_management,0,False
smz_split,TM2707_Columbia_O3_SMZ,2707,20282429010478,Columbia,private_family,pine,0.4447896866408976,100.0,True,19.0,no_management,no_management,0,False
smz_split,TM2707_Suwannee_O3_SMZ,2707,20282429010478,Suwannee,private_family,pine,0.2223948433204488,100.0,True,19.0,no_management,no_management,0,False
smz_split,TM2707_Union_O3_SMZ,2707,20282429010478,Union,private_family,pine,1.3343690599226927,100.0,True,19.0,no_management,no_management,0,False
smz_split,TM2718_Columbia_O3_SMZ,2718,20303487010478,Columbia,private_family,pine,0.6671845299613464,100.0,True,38.0,no_management,no_management,0,False
smz_split,TM2718_Columbia_O4_SMZ,2718,20303487010478,Columbia,private_industrial,pine,0.4447896866408976,100.0,True,38.0,no_management,no_management,0,False
smz_split,TM2718_Columbia_O8_SMZ,2718,20303487010478,Columbia,local,pine,0.4447896866408976,100.0,True,38.0,no_management,no_management,0,False
smz_split,TM2718_Suwannee_O3_SMZ,2718,20303487010478,Suwannee,private_family,pine,0.4447896866408976,100.0,True,38.0,no_management,no_management,0,False
smz_split,TM2718_Union_O3_SMZ,2718,20303487010478,Union,private_family,pine,0.2223948433204488,100.0,True,38.0,no_management,no_management,0,False
smz_split,TM2724_Suwannee_O3_SMZ,2724,20306534010478,Suwannee,private_family,pine,1.3343690599226927,100.0,True,61.0,no_management,no_management,0,False
smz_split,TM2731_Hamilton_O4_SMZ,2731,20322920010478,Hamilton,private_industrial,pine,1.111974216602244,100.0,True,22.0,no_management,no_management,0,False
smz_split,TM2731_Suwannee_O3_SMZ,2731,20322920010478,Suwannee,private_family,pine,0.8895793732817951,100.0,True,22.0,no_management,no_management,0,False
smz_split,TM2735_Union_O3_SMZ,2735,20331288010478,Union,private_family,pine,1.111974216602244,100.0,True,36.0,no_management,no_management,0,False
smz_split,TM2739_Baker_O3_SMZ,2739,20336120010478,Baker,private_family,hardwood,0.2223948433204488,100.0,True,75.0,no_management,no_management,0,False
smz_split,TM2739_Baker_O4_SMZ,2739,20336120010478,Baker,private_industrial,hardwood,2.001553589884039,100.0,True,75.0,no_management,no_management,0,False
smz_split,TM2739_Columbia_O3_SMZ,2739,20336120010478,Columbia,private_family,hardwood,5.55987108301122,100.0,True,75.0,no_management,no_management,0,False
smz_split,TM2739_Columbia_O4_SMZ,2739,20336120010478,Columbia,private_industrial,hardwood,8.228609202856605,100.0,True,75.0,no_management,no_management,0,False
smz_split,TM2739_Columbia_O8_SMZ,2739,20336120010478,Columbia,local,hardwood,0.8895793732817951,100.0,True,75.0,no_management,no_management,0,False
smz_split,TM2739_Suwannee_O3_SMZ,2739,20336120010478,Suwannee,private_family,hardwood,0.2223948433204488,100.0,True,75.0,no_management,no_management,0,False
smz_split,TM2739_Suwannee_O8_SMZ,2739,20336120010478,Suwannee,local,hardwood,0.2223948433204488,100.0,True,75.0,no_management,no_management,0,False
smz_split,TM2739_Union_O3_SMZ,2739,20336120010478,Union,private_family,hardwood,146.11341206153483,100.0,True,75.0,no_management,no_management,0,False
smz_split,TM2739_Union_O4_SMZ,2739,20336120010478,Union,private_industrial,hardwood,35.80556977459226,100.0,True,75.0,no_management,no_management,0,False
smz_split,TM2739_Union_O7_SMZ,2739,20336120010478,Union,state,hardwood,3.5583174931271806,100.0,True,75.0,no_management,no_management,0,False
smz_split,TM2739_Union_O8_SMZ,2739,20336120010478,Union,local,hardwood,1.7791587465635903,100.0,True,75.0,no_management,no_management,0,False
smz_split,TM2743_Baker_O3_SMZ,2743,20342987010478,Baker,private_family,pine,28.688934788337896,100.0,True,96.0,no_management,no_management,0,False
smz_split,TM2743_Baker_O4_SMZ,2743,20342987010478,Baker,private_industrial,pine,2.891132963165834,100.0,True,96.0,no_management,no_management,0,False
smz_split,TM2743_Baker_O6_SMZ,2743,20342987010478,Baker,federal,pine,13.788480285867825,100.0,True,96.0,no_management,no_management,0,False
smz_split,TM2743_Columbia_O3_SMZ,2743,20342987010478,Columbia,private_family,pine,0.2223948433204488,100.0,True,96.0,no_management,no_management,0,False
smz_split,TM2743_Columbia_O6_SMZ,2743,20342987010478,Columbia,federal,pine,21.794694645403982,100.0,True,96.0,no_management,no_management,0,False
smz_split,TM31032_Baker_O3_SMZ,31032,218218211020004,Baker,private_family,hardwood,0.6671845299613464,100.0,True,75.0,no_management,no_management,0,False
smz_split,TM31037_Columbia_O3_SMZ,31037,218218426020004,Columbia,private_family,hardwood,7.33902982957481,100.0,True,75.0,no_management,no_management,0,False
smz_split,TM31037_Columbia_O4_SMZ,31037,218218426020004,Columbia,private_industrial,hardwood,2.891132963165834,100.0,True,75.0,no_management,no_management,0,False
smz_split,TM31037_Columbia_O8_SMZ,31037,218218426020004,Columbia,local,hardwood,0.2223948433204488,100.0,True,75.0,no_management,no_management,0,False
smz_split,TM31037_Hamilton_O3_SMZ,31037,218218426020004,Hamilton,private_family,hardwood,15.790033875751863,100.0,True,75.0,no_management,no_management,0,False
smz_split,TM31037_Hamilton_O4_SMZ,31037,218218426020004,Hamilton,private_industrial,hardwood,5.782265926331669,100.0,True,75.0,no_management,no_management,0,False
smz_split,TM31037_Hamilton_O8_SMZ,31037,218218426020004,Hamilton,local,hardwood,0.2223948433204488,100.0,True,75.0,no_management,no_management,0,False
smz_split,TM31037_Suwannee_O3_SMZ,31037,218218426020004,Suwannee,private_family,hardwood,9.785373106099748,100.0,True,75.0,no_management,no_management,0,False
smz_split,TM31037_Suwannee_O4_SMZ,31037,218218426020004,Suwannee,private_industrial,hardwood,3.335922649806732,100.0,True,75.0,no_management,no_management,0,False
smz_split,TM31037_Union_O3_SMZ,31037,218218426020004,Union,private_family,hardwood,0.4447896866408976,100.0,True,75.0,no_management,no_management,0,False
smz_split,TM31039_Union_O3_SMZ,31039,218218532020004,Union,private_family,pine,2.891132963165834,100.0,True,23.0,no_management,no_management,0,False
smz_split,TM31039_Union_O4_SMZ,31039,218218532020004,Union,private_industrial,pine,0.2223948433204488,100.0,True,23.0,no_management,no_management,0,False
smz_split,TM31044_Columbia_O3_SMZ,31044,218218630020004,Columbia,private_family,other,0.4447896866408976,100.0,True,11.0,no_management,no_management,0,False
smz_split,TM31044_Hamilton_O3_SMZ,31044,218218630020004,Hamilton,private_family,other,0.4447896866408976,100.0,True,11.0,no_management,no_management,0,False
smz_split,TM31044_Hamilton_O4_SMZ,31044,218218630020004,Hamilton,private_industrial,other,0.4447896866408976,100.0,True,11.0,no_management,no_management,0,False
smz_split,TM31045_Baker_O3_SMZ,31045,218218672020004,Baker,private_family,pine,0.6671845299613464,100.0,True,42.0,no_management,no_management,0,False
smz_split,TM31045_Columbia_O3_SMZ,31045,218218672020004,Columbia,private_family,pine,9.562978262779296,100.0,True,42.0,no_management,no_management,0,False
smz_split,TM31045_Columbia_O4_SMZ,31045,218218672020004,Columbia,private_industrial,pine,5.115081396370321,100.0,True,42.0,no_management,no_management,0,False
smz_split,TM31045_Columbia_O6_SMZ,31045,218218672020004,Columbia,federal,pine,3.5583174931271806,100.0,True,42.0,no_management,no_management,0,False
smz_split,TM31045_Columbia_O8_SMZ,31045,218218672020004,Columbia,local,pine,0.6671845299613464,100.0,True,42.0,no_management,no_management,0,False
smz_split,TM31045_Suwannee_O3_SMZ,31045,218218672020004,Suwannee,private_family,pine,1.7791587465635903,100.0,True,42.0,no_management,no_management,0,False
smz_split,TM31045_Suwannee_O4_SMZ,31045,218218672020004,Suwannee,private_industrial,pine,5.782265926331668,100.0,True,42.0,no_management,no_management,0,False
smz_split,TM31045_Union_O3_SMZ,31045,218218672020004,Union,private_family,pine,0.2223948433204488,100.0,True,42.0,no_management,no_management,0,False
smz_split,TM31047_Hamilton_O4_SMZ,31047,218218851020004,Hamilton,private_industrial,hardwood,0.2223948433204488,100.0,True,17.0,no_management,no_management,0,False
smz_split,TM31047_Union_O3_SMZ,31047,218218851020004,Union,private_family,hardwood,0.2223948433204488,100.0,True,17.0,no_management,no_management,0,False
smz_split,TM31048_Baker_O3_SMZ,31048,218219125020004,Baker,private_family,pine,6.671845299613464,100.0,True,32.0,no_management,no_management,0,False
smz_split,TM31048_Baker_O7_SMZ,31048,218219125020004,Baker,state,pine,0.4447896866408976,100.0,True,32.0,no_management,no_management,0,False
smz_split,TM31048_Columbia_O6_SMZ,31048,218219125020004,Columbia,federal,pine,19.348351368879044,100.0,True,32.0,no_management,no_management,0,False
smz_split,TM31048_Hamilton_O7_SMZ,31048,218219125020004,Hamilton,state,pine,3.335922649806732,100.0,True,32.0,no_management,no_management,0,False
smz_split,TM31050_Union_O3_SMZ,31050,218219353020004,Union,private_family,pine,0.2223948433204488,100.0,True,55.0,no_management,no_management,0,False
smz_split,TM31050_Union_O4_SMZ,31050,218219353020004,Union,private_industrial,pine,0.2223948433204488,100.0,True,55.0,no_management,no_management,0,False
smz_split,TM31051_Baker_O3_SMZ,31051,218219354020004,Baker,private_family,pine,0.4447896866408976,100.0,True,60.0,no_management,no_management,0,False
smz_split,TM31051_Baker_O4_SMZ,31051,218219354020004,Baker,private_industrial,pine,0.2223948433204488,100.0,True,60.0,no_management,no_management,0,False
smz_split,TM31051_Union_O3_SMZ,31051,218219354020004,Union,private_family,pine,0.4447896866408976,100.0,True,60.0,no_management,no_management,0,False
smz_split,TM31057_Columbia_O8_SMZ,31057,218219380020004,Columbia,local,other,0.2223948433204488,100.0,True,55.0,no_management,no_management,0,False
smz_split,TM32406_Baker_O3_SMZ,32406,236497515010854,Baker,private_family,hardwood,1.111974216602244,100.0,True,14.0,no_management,no_management,0,False
smz_split,TM32406_Hamilton_O3_SMZ,32406,236497515010854,Hamilton,private_family,hardwood,0.6671845299613464,100.0,True,14.0,no_management,no_management,0,False
smz_split,TM32406_Union_O3_SMZ,32406,236497515010854,Union,private_family,hardwood,0.2223948433204488,100.0,True,14.0,no_management,no_management,0,False
smz_split,TM32408_Baker_O3_SMZ,32408,236497707010854,Baker,private_family,hardwood,15.567639032431416,100.0,True,49.0,no_management,no_management,0,False
smz_split,TM32408_Baker_O4_SMZ,32408,236497707010854,Baker,private_industrial,hardwood,6.894240142933913,100.0,True,49.0,no_management,no_management,0,False
smz_split,TM32408_Baker_O6_SMZ,32408,236497707010854,Baker,federal,hardwood,0.6671845299613464,100.0,True,49.0,no_management,no_management,0,False
smz_split,TM32408_Baker_O8_SMZ,32408,236497707010854,Baker,local,hardwood,1.3343690599226927,100.0,True,49.0,no_management,no_management,0,False
smz_split,TM32408_Columbia_O3_SMZ,32408,236497707010854,Columbia,private_family,hardwood,37.13993883451495,100.0,True,49.0,no_management,no_management,0,False
smz_split,TM32408_Columbia_O4_SMZ,32408,236497707010854,Columbia,private_industrial,hardwood,36.0279646179127,100.0,True,49.0,no_management,no_management,0,False
smz_split,TM32408_Columbia_O6_SMZ,32408,236497707010854,Columbia,federal,hardwood,0.6671845299613464,100.0,True,49.0,no_management,no_management,0,False
smz_split,TM32408_Columbia_O8_SMZ,32408,236497707010854,Columbia,local,hardwood,12.89890091258603,100.0,True,49.0,no_management,no_management,0,False
smz_split,TM32408_Hamilton_O3_SMZ,32408,236497707010854,Hamilton,private_family,hardwood,51.15081396370322,100.0,True,49.0,no_management,no_management,0,False
smz_split,TM32408_Hamilton_O4_SMZ,32408,236497707010854,Hamilton,private_industrial,hardwood,15.345244189110966,100.0,True,49.0,no_management,no_management,0,False
smz_split,TM32408_Hamilton_O7_SMZ,32408,236497707010854,Hamilton,state,hardwood,0.6671845299613464,100.0,True,49.0,no_management,no_management,0,False
smz_split,TM32408_Hamilton_O8_SMZ,32408,236497707010854,Hamilton,local,hardwood,0.8895793732817951,100.0,True,49.0,no_management,no_management,0,False
smz_split,TM32408_Suwannee_O3_SMZ,32408,236497707010854,Suwannee,private_family,hardwood,34.24880587134911,100.0,True,49.0,no_management,no_management,0,False
smz_split,TM32408_Suwannee_O4_SMZ,32408,236497707010854,Suwannee,private_industrial,hardwood,3.1135278064862826,100.0,True,49.0,no_management,no_management,0,False
smz_split,TM33345_Baker_O3_SMZ,33345,249673568010854,Baker,private_family,pine,0.6671845299613464,100.0,True,38.0,no_management,no_management,0,False
smz_split,TM33345_Baker_O4_SMZ,33345,249673568010854,Baker,private_industrial,pine,0.2223948433204488,100.0,True,38.0,no_management,no_management,0,False
smz_split,TM33346_Hamilton_O3_SMZ,33346,249673610010854,Hamilton,private_family,pine,0.2223948433204488,100.0,True,26.0,no_management,no_management,0,False
smz_split,TM33346_Suwannee_O3_SMZ,33346,249673610010854,Suwannee,private_family,pine,0.4447896866408976,100.0,True,26.0,no_management,no_management,0,False
smz_split,TM33348_Baker_O3_SMZ,33348,249673677010854,Baker,private_family,hardwood,0.2223948433204488,100.0,True,10.0,no_management,no_management,0,False
smz_split,TM33348_Columbia_O3_SMZ,33348,249673677010854,Columbia,private_family,hardwood,0.2223948433204488,100.0,True,10.0,no_management,no_management,0,False
smz_split,TM33348_Hamilton_O3_SMZ,33348,249673677010854,Hamilton,private_family,hardwood,1.111974216602244,100.0,True,10.0,no_management,no_management,0,False
smz_split,TM33348_Hamilton_O7_SMZ,33348,249673677010854,Hamilton,state,hardwood,0.2223948433204488,100.0,True,10.0,no_management,no_management,0,False
smz_split,TM33348_Suwannee_O3_SMZ,33348,249673677010854,Suwannee,private_family,hardwood,0.8895793732817951,100.0,True,10.0,no_management,no_management,0,False
smz_split,TM33353_Union_O3_SMZ,33353,249673771010854,Union,private_family,hardwood,2.446343276524937,100.0,True,34.0,no_management,no_management,0,False
smz_split,TM35017_Union_O3_SMZ,35017,259079310010854,Union,private_family,hardwood,0.4447896866408976,100.0,True,54.0,no_management,no_management,0,False
smz_split,TM35215_Hamilton_O3_SMZ,35215,259082814010854,Hamilton,private_family,hardwood,0.2223948433204488,100.0,True,120.0,no_management,no_management,0,False
smz_split,TM35220_Baker_O3_SMZ,35220,259083023010854,Baker,private_family,other,5.115081396370322,100.0,True,30.0,no_management,no_management,0,False
smz_split,TM35220_Baker_O4_SMZ,35220,259083023010854,Baker,private_industrial,other,0.8895793732817951,100.0,True,30.0,no_management,no_management,0,False
smz_split,TM35220_Baker_O6_SMZ,35220,259083023010854,Baker,federal,other,0.2223948433204488,100.0,True,30.0,no_management,no_management,0,False
smz_split,TM35220_Columbia_O3_SMZ,35220,259083023010854,Columbia,private_family,other,162.7930253105685,100.0,True,30.0,no_management,no_management,0,False
smz_split,TM35220_Columbia_O4_SMZ,35220,259083023010854,Columbia,private_industrial,other,78.72777453543887,100.0,True,30.0,no_management,no_management,0,False
smz_split,TM35220_Columbia_O6_SMZ,35220,259083023010854,Columbia,federal,other,6.0046607696521175,100.0,True,30.0,no_management,no_management,0,False
smz_split,TM35220_Columbia_O8_SMZ,35220,259083023010854,Columbia,local,other,26.687381198453856,100.0,True,30.0,no_management,no_management,0,False
smz_split,TM35220_Hamilton_O3_SMZ,35220,259083023010854,Hamilton,private_family,other,257.9780182517206,100.0,True,30.0,no_management,no_management,0,False
smz_split,TM35220_Hamilton_O4_SMZ,35220,259083023010854,Hamilton,private_industrial,other,70.05437564594136,100.0,True,30.0,no_management,no_management,0,False
smz_split,TM35220_Hamilton_O6_SMZ,35220,259083023010854,Hamilton,federal,other,0.8895793732817951,100.0,True,30.0,no_management,no_management,0,False
smz_split,TM35220_Hamilton_O7_SMZ,35220,259083023010854,Hamilton,state,other,2.6687381198453854,100.0,True,30.0,no_management,no_management,0,False
smz_split,TM35220_Hamilton_O8_SMZ,35220,259083023010854,Hamilton,local,other,4.225502023088527,100.0,True,30.0,no_management,no_management,0,False
smz_split,TM35220_Suwannee_O3_SMZ,35220,259083023010854,Suwannee,private_family,other,150.11651924130294,100.0,True,30.0,no_management,no_management,0,False
smz_split,TM35220_Suwannee_O4_SMZ,35220,259083023010854,Suwannee,private_industrial,other,24.463432765249365,100.0,True,30.0,no_management,no_management,0,False
smz_split,TM35220_Suwannee_O8_SMZ,35220,259083023010854,Suwannee,local,other,0.6671845299613464,100.0,True,30.0,no_management,no_management,0,False
smz_split,TM35220_Union_O3_SMZ,35220,259083023010854,Union,private_family,other,2.223948433204488,100.0,True,30.0,no_management,no_management,0,False
smz_split,TM35225_Hamilton_O3_SMZ,35225,259083269010854,Hamilton,private_family,hardwood,0.2223948433204488,100.0,True,20.0,no_management,no_management,0,False
smz_split,TM35225_Suwannee_O3_SMZ,35225,259083269010854,Suwannee,private_family,hardwood,0.2223948433204488,100.0,True,20.0,no_management,no_management,0,False
smz_split,TM35373_Columbia_O3_SMZ,35373,259178232010854,Columbia,private_family,pine,0.2223948433204488,100.0,True,48.0,no_management,no_management,0,False
smz_split,TM35375_Columbia_O3_SMZ,35375,259178255010854,Columbia,private_family,pine,0.4447896866408976,100.0,True,36.0,no_management,no_management,0,False
smz_split,TM35375_Suwannee_O3_SMZ,35375,259178255010854,Suwannee,private_family,pine,0.8895793732817951,100.0,True,36.0,no_management,no_management,0,False
smz_split,TM35375_Suwannee_O8_SMZ,35375,259178255010854,Suwannee,local,pine,0.2223948433204488,100.0,True,36.0,no_management,no_management,0,False
smz_split,TM35375_Union_O3_SMZ,35375,259178255010854,Union,private_family,pine,0.4447896866408976,100.0,True,36.0,no_management,no_management,0,False
smz_split,TM35377_Baker_O3_SMZ,35377,259178350010854,Baker,private_family,hardwood,2.6687381198453854,100.0,True,13.0,no_management,no_management,0,False
smz_split,TM35377_Baker_O4_SMZ,35377,259178350010854,Baker,private_industrial,hardwood,7.783819516215707,100.0,True,13.0,no_management,no_management,0,False
smz_split,TM35377_Columbia_O3_SMZ,35377,259178350010854,Columbia,private_family,hardwood,0.4447896866408976,100.0,True,13.0,no_management,no_management,0,False
smz_split,TM35377_Columbia_O4_SMZ,35377,259178350010854,Columbia,private_industrial,hardwood,0.2223948433204488,100.0,True,13.0,no_management,no_management,0,False
smz_split,TM35377_Hamilton_O3_SMZ,35377,259178350010854,Hamilton,private_family,hardwood,0.8895793732817951,100.0,True,13.0,no_management,no_management,0,False
smz_split,TM35377_Union_O3_SMZ,35377,259178350010854,Union,private_family,hardwood,1.3343690599226927,100.0,True,13.0,no_management,no_management,0,False
smz_split,TM35377_Union_O4_SMZ,35377,259178350010854,Union,private_industrial,hardwood,0.8895793732817951,100.0,True,13.0,no_management,no_management,0,False
smz_split,TM35378_Baker_O3_SMZ,35378,259178355010854,Baker,private_family,hardwood,5.115081396370321,100.0,True,28.0,no_management,no_management,0,False
smz_split,TM35378_Baker_O4_SMZ,35378,259178355010854,Baker,private_industrial,hardwood,1.7791587465635903,100.0,True,28.0,no_management,no_management,0,False
smz_split,TM35378_Columbia_O3_SMZ,35378,259178355010854,Columbia,private_family,hardwood,43.81178413412841,100.0,True,28.0,no_management,no_management,0,False
smz_split,TM35378_Columbia_O4_SMZ,35378,259178355010854,Columbia,private_industrial,hardwood,12.676506069265582,100.0,True,28.0,no_management,no_management,0,False
smz_split,TM35378_Columbia_O6_SMZ,35378,259178355010854,Columbia,federal,hardwood,1.111974216602244,100.0,True,28.0,no_management,no_management,0,False
smz_split,TM35378_Columbia_O7_SMZ,35378,259178355010854,Columbia,state,hardwood,0.2223948433204488,100.0,True,28.0,no_management,no_management,0,False
smz_split,TM35378_Columbia_O8_SMZ,35378,259178355010854,Columbia,local,hardwood,7.116634986254361,100.0,True,28.0,no_management,no_management,0,False
smz_split,TM35378_Hamilton_O3_SMZ,35378,259178355010854,Hamilton,private_family,hardwood,1.7791587465635903,100.0,True,28.0,no_management,no_management,0,False
smz_split,TM35378_Hamilton_O4_SMZ,35378,259178355010854,Hamilton,private_industrial,hardwood,0.2223948433204488,100.0,True,28.0,no_management,no_management,0,False
smz_split,TM35378_Suwannee_O3_SMZ,35378,259178355010854,Suwannee,private_family,hardwood,7.561424672895259,100.0,True,28.0,no_management,no_management,0,False
smz_split,TM35378_Union_O3_SMZ,35378,259178355010854,Union,private_family,hardwood,48.03728615721693,100.0,True,28.0,no_management,no_management,0,False
smz_split,TM35378_Union_O4_SMZ,35378,259178355010854,Union,private_industrial,hardwood,11.119742166022439,100.0,True,28.0,no_management,no_management,0,False
smz_split,TM35378_Union_O7_SMZ,35378,259178355010854,Union,state,hardwood,0.2223948433204488,100.0,True,28.0,no_management,no_management,0,False
smz_split,TM35378_Union_O8_SMZ,35378,259178355010854,Union,local,hardwood,0.6671845299613464,100.0,True,28.0,no_management,no_management,0,False
smz_split,TM35379_Baker_O4_SMZ,35379,259178358010854,Baker,private_industrial,hardwood,0.2223948433204488,100.0,True,48.0,no_management,no_management,0,False
smz_split,TM35379_Columbia_O3_SMZ,35379,259178358010854,Columbia,private_family,hardwood,37.362333677835394,100.0,True,48.0,no_management,no_management,0,False
smz_split,TM35379_Columbia_O4_SMZ,35379,259178358010854,Columbia,private_industrial,hardwood,4.892686553049874,100.0,True,48.0,no_management,no_management,0,False
smz_split,TM35379_Columbia_O7_SMZ,35379,259178358010854,Columbia,state,hardwood,0.2223948433204488,100.0,True,48.0,no_management,no_management,0,False
smz_split,TM35379_Columbia_O8_SMZ,35379,259178358010854,Columbia,local,hardwood,1.111974216602244,100.0,True,48.0,no_management,no_management,0,False
smz_split,TM35379_Hamilton_O3_SMZ,35379,259178358010854,Hamilton,private_family,hardwood,0.6671845299613464,100.0,True,48.0,no_management,no_management,0,False
smz_split,TM35379_Union_O3_SMZ,35379,259178358010854,Union,private_family,hardwood,31.802462594824178,100.0,True,48.0,no_management,no_management,0,False
smz_split,TM35379_Union_O4_SMZ,35379,259178358010854,Union,private_industrial,hardwood,18.01398230895635,100.0,True,48.0,no_management,no_management,0,False
smz_split,TM35382_Union_O3_SMZ,35382,259178386010854,Union,private_family,pine,29.35611931829924,100.0,True,38.0,no_management,no_management,0,False
smz_split,TM35382_Union_O4_SMZ,35382,259178386010854,Union,private_industrial,pine,8.673398889497502,100.0,True,38.0,no_management,no_management,0,False
smz_split,TM35382_Union_O7_SMZ,35382,259178386010854,Union,state,pine,2.891132963165834,100.0,True,38.0,no_management,no_management,0,False
smz_split,TM35382_Union_O8_SMZ,35382,259178386010854,Union,local,pine,0.4447896866408976,100.0,True,38.0,no_management,no_management,0,False
smz_split,TM35383_Columbia_O3_SMZ,35383,259178425010854,Columbia,private_family,hardwood,0.2223948433204488,100.0,True,30.0,no_management,no_management,0,False
smz_split,TM35383_Union_O3_SMZ,35383,259178425010854,Union,private_family,hardwood,2.446343276524937,100.0,True,30.0,no_management,no_management,0,False
smz_split,TM35385_Baker_O3_SMZ,35385,259178448010854,Baker,private_family,other,4.225502023088527,100.0,True,48.0,no_management,no_management,0,False
smz_split,TM35385_Baker_O4_SMZ,35385,259178448010854,Baker,private_industrial,other,1.7791587465635903,100.0,True,48.0,no_management,no_management,0,False
smz_split,TM35385_Baker_O7_SMZ,35385,259178448010854,Baker,state,other,0.2223948433204488,100.0,True,48.0,no_management,no_management,0,False
smz_split,TM35385_Union_O4_SMZ,35385,259178448010854,Union,private_industrial,other,0.2223948433204488,100.0,True,48.0,no_management,no_management,0,False
smz_split,TM35385_Union_O7_SMZ,35385,259178448010854,Union,state,other,0.8895793732817951,100.0,True,48.0,no_management,no_management,0,False
smz_split,TM35386_Union_O3_SMZ,35386,259178502010854,Union,private_family,hardwood,1.111974216602244,100.0,True,45.0,no_management,no_management,0,False
smz_split,TM35386_Union_O4_SMZ,35386,259178502010854,Union,private_industrial,hardwood,0.4447896866408976,100.0,True,45.0,no_management,no_management,0,False
smz_split,TM35386_Union_O8_SMZ,35386,259178502010854,Union,local,hardwood,0.2223948433204488,100.0,True,45.0,no_management,no_management,0,False
smz_split,TM35521_Hamilton_O3_SMZ,35521,264159751489998,Hamilton,private_family,hardwood,0.6671845299613464,100.0,True,17.0,no_management,no_management,0,False
smz_split,TM36736_Baker_O4_SMZ,36736,289514938489998,Baker,private_industrial,hardwood,0.2223948433204488,100.0,True,141.0,no_management,no_management,0,False
smz_split,TM36736_Columbia_O3_SMZ,36736,289514938489998,Columbia,private_family,hardwood,50.03883974710098,100.0,True,141.0,no_management,no_management,0,False
smz_split,TM36736_Columbia_O4_SMZ,36736,289514938489998,Columbia,private_industrial,hardwood,13.121295755906479,100.0,True,141.0,no_management,no_management,0,False
smz_split,TM36736_Columbia_O8_SMZ,36736,289514938489998,Columbia,local,hardwood,4.003107179768078,100.0,True,141.0,no_management,no_management,0,False
smz_split,TM36736_Suwannee_O3_SMZ,36736,289514938489998,Suwannee,private_family,hardwood,28.02175025837655,100.0,True,141.0,no_management,no_management,0,False
smz_split,TM36736_Suwannee_O4_SMZ,36736,289514938489998,Suwannee,private_industrial,hardwood,0.2223948433204488,100.0,True,141.0,no_management,no_management,0,False
smz_split,TM36736_Suwannee_O7_SMZ,36736,289514938489998,Suwannee,state,hardwood,0.2223948433204488,100.0,True,141.0,no_management,no_management,0,False
smz_split,TM36736_Union_O3_SMZ,36736,289514938489998,Union,private_family,hardwood,66.71845299613463,100.0,True,141.0,no_management,no_management,0,False
smz_split,TM36736_Union_O4_SMZ,36736,289514938489998,Union,private_industrial,hardwood,12.67650606926558,100.0,True,141.0,no_management,no_management,0,False
smz_split,TM36738_Columbia_O8_SMZ,36738,289514941489998,Columbia,local,pine,0.2223948433204488,100.0,True,31.0,no_management,no_management,0,False
smz_split,TM36740_Columbia_O3_SMZ,36740,289514950489998,Columbia,private_family,pine,0.4447896866408976,100.0,True,67.0,no_management,no_management,0,False
smz_split,TM36771_Hamilton_O3_SMZ,36771,289515061489998,Hamilton,private_family,hardwood,7.561424672895258,100.0,True,87.0,no_management,no_management,0,False
smz_split,TM36771_Hamilton_O4_SMZ,36771,289515061489998,Hamilton,private_industrial,hardwood,3.113527806486283,100.0,True,87.0,no_management,no_management,0,False
smz_split,TM36771_Suwannee_O3_SMZ,36771,289515061489998,Suwannee,private_family,hardwood,2.223948433204488,100.0,True,87.0,no_management,no_management,0,False
smz_split,TM36771_Suwannee_O4_SMZ,36771,289515061489998,Suwannee,private_industrial,hardwood,0.4447896866408976,100.0,True,87.0,no_management,no_management,0,False
smz_split,TM36786_Baker_O3_SMZ,36786,289515115489998,Baker,private_family,pine,1.5567639032431415,100.0,True,37.0,no_management,no_management,0,False
smz_split,TM36786_Baker_O4_SMZ,36786,289515115489998,Baker,private_industrial,pine,0.2223948433204488,100.0,True,37.0,no_management,no_management,0,False
smz_split,TM36788_Suwannee_O3_SMZ,36788,289515121489998,Suwannee,private_family,pine,0.4447896866408976,100.0,True,15.0,no_management,no_management,0,False
smz_split,TM36788_Suwannee_O4_SMZ,36788,289515121489998,Suwannee,private_industrial,pine,0.2223948433204488,100.0,True,15.0,no_management,no_management,0,False
smz_split,TM36788_Union_O3_SMZ,36788,289515121489998,Union,private_family,pine,3.335922649806732,100.0,True,15.0,no_management,no_management,0,False
smz_split,TM36792_Hamilton_O3_SMZ,36792,289515140489998,Hamilton,private_family,pine,0.4447896866408976,100.0,True,27.0,no_management,no_management,0,False
smz_split,TM36794_Baker_O3_SMZ,36794,289515149489998,Baker,private_family,pine,0.4447896866408976,100.0,True,41.0,no_management,no_management,0,False
smz_split,TM36794_Baker_O6_SMZ,36794,289515149489998,Baker,federal,pine,0.4447896866408976,100.0,True,41.0,no_management,no_management,0,False
smz_split,TM36794_Columbia_O6_SMZ,36794,289515149489998,Columbia,federal,pine,1.7791587465635903,100.0,True,41.0,no_management,no_management,0,False
smz_split,TM36818_Hamilton_O3_SMZ,36818,289515324489998,Hamilton,private_family,hardwood,3.780712336447629,100.0,True,37.0,no_management,no_management,0,False
smz_split,TM36818_Hamilton_O4_SMZ,36818,289515324489998,Hamilton,private_industrial,hardwood,2.223948433204488,100.0,True,37.0,no_management,no_management,0,False
smz_split,TM36818_Suwannee_O3_SMZ,36818,289515324489998,Suwannee,private_family,hardwood,0.2223948433204488,100.0,True,37.0,no_management,no_management,0,False
smz_split,TM36818_Suwannee_O4_SMZ,36818,289515324489998,Suwannee,private_industrial,hardwood,0.2223948433204488,100.0,True,37.0,no_management,no_management,0,False
smz_split,TM36819_Hamilton_O3_SMZ,36819,289515325489998,Hamilton,private_family,pine,0.2223948433204488,100.0,True,14.0,no_management,no_management,0,False
smz_split,TM36819_Suwannee_O3_SMZ,36819,289515325489998,Suwannee,private_family,pine,0.4447896866408976,100.0,True,14.0,no_management,no_management,0,False
smz_split,TM36819_Union_O3_SMZ,36819,289515325489998,Union,private_family,pine,0.2223948433204488,100.0,True,14.0,no_management,no_management,0,False
smz_split,TM36820_Hamilton_O4_SMZ,36820,289515326489998,Hamilton,private_industrial,pine,0.2223948433204488,100.0,True,82.0,no_management,no_management,0,False
smz_split,TM36821_Columbia_O4_SMZ,36821,289515327489998,Columbia,private_industrial,hardwood,0.2223948433204488,100.0,True,37.0,no_management,no_management,0,False
smz_split,TM36821_Columbia_O6_SMZ,36821,289515327489998,Columbia,federal,hardwood,0.2223948433204488,100.0,True,37.0,no_management,no_management,0,False
smz_split,TM36821_Hamilton_O3_SMZ,36821,289515327489998,Hamilton,private_family,hardwood,0.8895793732817951,100.0,True,37.0,no_management,no_management,0,False
smz_split,TM36821_Hamilton_O4_SMZ,36821,289515327489998,Hamilton,private_industrial,hardwood,0.2223948433204488,100.0,True,37.0,no_management,no_management,0,False
smz_split,TM36821_Suwannee_O3_SMZ,36821,289515327489998,Suwannee,private_family,hardwood,0.6671845299613464,100.0,True,37.0,no_management,no_management,0,False
smz_split,TM36821_Suwannee_O4_SMZ,36821,289515327489998,Suwannee,private_industrial,hardwood,0.4447896866408976,100.0,True,37.0,no_management,no_management,0,False
smz_split,TM36821_Union_O3_SMZ,36821,289515327489998,Union,private_family,hardwood,0.4447896866408976,100.0,True,37.0,no_management,no_management,0,False
smz_split,TM36823_Baker_O3_SMZ,36823,289515330489998,Baker,private_family,pine,4.003107179768079,100.0,True,87.0,no_management,no_management,0,False
smz_split,TM36823_Baker_O4_SMZ,36823,289515330489998,Baker,private_industrial,pine,1.3343690599226927,100.0,True,87.0,no_management,no_management,0,False
smz_split,TM36823_Columbia_O3_SMZ,36823,289515330489998,Columbia,private_family,pine,0.6671845299613464,100.0,True,87.0,no_management,no_management,0,False
smz_split,TM36823_Columbia_O4_SMZ,36823,289515330489998,Columbia,private_industrial,pine,2.446343276524937,100.0,True,87.0,no_management,no_management,0,False
smz_split,TM36823_Columbia_O8_SMZ,36823,289515330489998,Columbia,local,pine,0.2223948433204488,100.0,True,87.0,no_management,no_management,0,False
smz_split,TM36823_Union_O3_SMZ,36823,289515330489998,Union,private_family,pine,47.37010162725559,100.0,True,87.0,no_management,no_management,0,False
smz_split,TM36823_Union_O4_SMZ,36823,289515330489998,Union,private_industrial,pine,6.894240142933913,100.0,True,87.0,no_management,no_management,0,False
smz_split,TM36823_Union_O7_SMZ,36823,289515330489998,Union,state,pine,1.5567639032431415,100.0,True,87.0,no_management,no_management,0,False
smz_split,TM36823_Union_O8_SMZ,36823,289515330489998,Union,local,pine,0.6671845299613464,100.0,True,87.0,no_management,no_management,0,False
smz_split,TM36824_Baker_O3_SMZ,36824,289515345489998,Baker,private_family,hardwood,60.49139738316207,100.0,True,150.0,no_management,no_management,0,False
smz_split,TM36824_Baker_O4_SMZ,36824,289515345489998,Baker,private_industrial,hardwood,22.239484332044878,100.0,True,150.0,no_management,no_management,0,False
smz_split,TM36824_Baker_O7_SMZ,36824,289515345489998,Baker,state,hardwood,0.4447896866408976,100.0,True,150.0,no_management,no_management,0,False
smz_split,TM36824_Baker_O8_SMZ,36824,289515345489998,Baker,local,hardwood,18.236377152276802,100.0,True,150.0,no_management,no_management,0,False
smz_split,TM36824_Union_O3_SMZ,36824,289515345489998,Union,private_family,hardwood,1.3343690599226927,100.0,True,150.0,no_management,no_management,0,False
smz_split,TM36824_Union_O7_SMZ,36824,289515345489998,Union,state,hardwood,1.111974216602244,100.0,True,150.0,no_management,no_management,0,False
smz_split,TM36828_Union_O3_SMZ,36828,289515362489998,Union,private_family,other,8.006214359536157,100.0,True,56.0,no_management,no_management,0,False
smz_split,TM36828_Union_O4_SMZ,36828,289515362489998,Union,private_industrial,other,1.3343690599226927,100.0,True,56.0,no_management,no_management,0,False
smz_split,TM36828_Union_O7_SMZ,36828,289515362489998,Union,state,other,0.2223948433204488,100.0,True,56.0,no_management,no_management,0,False
smz_split,TM36829_Baker_O4_SMZ,36829,289515364489998,Baker,private_industrial,pine,0.8895793732817951,100.0,True,43.0,no_management,no_management,0,False
smz_split,TM36830_Baker_O3_SMZ,36830,289515366489998,Baker,private_family,hardwood,3.113527806486283,100.0,True,69.0,no_management,no_management,0,False
smz_split,TM36830_Baker_O4_SMZ,36830,289515366489998,Baker,private_industrial,hardwood,0.6671845299613464,100.0,True,69.0,no_management,no_management,0,False
smz_split,TM36830_Columbia_O3_SMZ,36830,289515366489998,Columbia,private_family,hardwood,0.6671845299613464,100.0,True,69.0,no_management,no_management,0,False
smz_split,TM36830_Union_O3_SMZ,36830,289515366489998,Union,private_family,hardwood,32.02485743814462,100.0,True,69.0,no_management,no_management,0,False
smz_split,TM36830_Union_O4_SMZ,36830,289515366489998,Union,private_industrial,hardwood,11.342137009342888,100.0,True,69.0,no_management,no_management,0,False
smz_split,TM36840_Baker_O3_SMZ,36840,289515419489998,Baker,private_family,hardwood,0.2223948433204488,100.0,True,58.0,no_management,no_management,0,False
smz_split,TM36840_Baker_O4_SMZ,36840,289515419489998,Baker,private_industrial,hardwood,0.4447896866408976,100.0,True,58.0,no_management,no_management,0,False
smz_split,TM36841_Baker_O3_SMZ,36841,289515421489998,Baker,private_family,hardwood,0.4447896866408976,100.0,True,35.0,no_management,no_management,0,False
smz_split,TM36841_Baker_O6_SMZ,36841,289515421489998,Baker,federal,hardwood,0.2223948433204488,100.0,True,35.0,no_management,no_management,0,False
smz_split,TM36841_Columbia_O6_SMZ,36841,289515421489998,Columbia,federal,hardwood,0.4447896866408976,100.0,True,35.0,no_management,no_management,0,False
smz_split,TM36844_Suwannee_O3_SMZ,36844,289515430489998,Suwannee,private_family,pine,0.2223948433204488,100.0,True,77.0,no_management,no_management,0,False
smz_split,TM36847_Baker_O3_SMZ,36847,289515438489998,Baker,private_family,pine,1.111974216602244,100.0,True,18.0,no_management,no_management,0,False
smz_split,TM36847_Baker_O4_SMZ,36847,289515438489998,Baker,private_industrial,pine,0.2223948433204488,100.0,True,18.0,no_management,no_management,0,False
smz_split,TM36847_Columbia_O6_SMZ,36847,289515438489998,Columbia,federal,pine,2.001553589884039,100.0,True,18.0,no_management,no_management,0,False
smz_split,TM36847_Union_O3_SMZ,36847,289515438489998,Union,private_family,pine,0.2223948433204488,100.0,True,18.0,no_management,no_management,0,False
smz_split,TM36853_Baker_O3_SMZ,36853,289515485489998,Baker,private_family,hardwood,0.2223948433204488,100.0,True,20.0,no_management,no_management,0,False
smz_split,TM36853_Columbia_O3_SMZ,36853,289515485489998,Columbia,private_family,hardwood,0.6671845299613464,100.0,True,20.0,no_management,no_management,0,False
smz_split,TM36853_Columbia_O4_SMZ,36853,289515485489998,Columbia,private_industrial,hardwood,0.8895793732817951,100.0,True,20.0,no_management,no_management,0,False
smz_split,TM36853_Columbia_O8_SMZ,36853,289515485489998,Columbia,local,hardwood,0.6671845299613464,100.0,True,20.0,no_management,no_management,0,False
smz_split,TM36853_Hamilton_O3_SMZ,36853,289515485489998,Hamilton,private_family,hardwood,2.6687381198453854,100.0,True,20.0,no_management,no_management,0,False
smz_split,TM36853_Hamilton_O4_SMZ,36853,289515485489998,Hamilton,private_industrial,hardwood,1.3343690599226927,100.0,True,20.0,no_management,no_management,0,False
smz_split,TM36853_Suwannee_O3_SMZ,36853,289515485489998,Suwannee,private_family,hardwood,0.8895793732817951,100.0,True,20.0,no_management,no_management,0,False
smz_split,TM36859_Hamilton_O3_SMZ,36859,289515526489998,Hamilton,private_family,pine,0.4447896866408976,100.0,True,36.0,no_management,no_management,0,False
smz_split,TM36861_Union_O3_SMZ,36861,289515533489998,Union,private_family,hardwood,0.2223948433204488,100.0,True,17.0,no_management,no_management,0,False
smz_split,TM36864_Baker_O3_SMZ,36864,289515540489998,Baker,private_family,hardwood,1.3343690599226927,100.0,True,67.0,no_management,no_management,0,False
smz_split,TM36864_Baker_O4_SMZ,36864,289515540489998,Baker,private_industrial,hardwood,0.2223948433204488,100.0,True,67.0,no_management,no_management,0,False
smz_split,TM36870_Baker_O3_SMZ,36870,289515560489998,Baker,private_family,hardwood,7.116634986254361,100.0,True,103.0,no_management,no_management,0,False
smz_split,TM36870_Baker_O4_SMZ,36870,289515560489998,Baker,private_industrial,hardwood,1.111974216602244,100.0,True,103.0,no_management,no_management,0,False
smz_split,TM36870_Baker_O8_SMZ,36870,289515560489998,Baker,local,hardwood,0.8895793732817951,100.0,True,103.0,no_management,no_management,0,False
smz_split,TM36873_Baker_O3_SMZ,36873,289515570489998,Baker,private_family,pine,0.2223948433204488,100.0,True,15.0,no_management,no_management,0,False
smz_split,TM36873_Columbia_O4_SMZ,36873,289515570489998,Columbia,private_industrial,pine,0.2223948433204488,100.0,True,15.0,no_management,no_management,0,False
smz_split,TM36873_Union_O3_SMZ,36873,289515570489998,Union,private_family,pine,0.8895793732817951,100.0,True,15.0,no_management,no_management,0,False
smz_split,TM36896_Columbia_O3_SMZ,36896,289515723489998,Columbia,private_family,hardwood,14.233269972508722,100.0,True,15.0,no_management,no_management,0,False
smz_split,TM36896_Columbia_O4_SMZ,36896,289515723489998,Columbia,private_industrial,hardwood,0.6671845299613464,100.0,True,15.0,no_management,no_management,0,False
smz_split,TM36896_Suwannee_O3_SMZ,36896,289515723489998,Suwannee,private_family,hardwood,2.001553589884039,100.0,True,15.0,no_management,no_management,0,False
smz_split,TM36896_Suwannee_O4_SMZ,36896,289515723489998,Suwannee,private_industrial,hardwood,0.2223948433204488,100.0,True,15.0,no_management,no_management,0,False
smz_split,TM36896_Union_O3_SMZ,36896,289515723489998,Union,private_family,hardwood,2.6687381198453854,100.0,True,15.0,no_management,no_management,0,False
smz_split,TM36896_Union_O4_SMZ,36896,289515723489998,Union,private_industrial,hardwood,0.8895793732817951,100.0,True,15.0,no_management,no_management,0,False
smz_split,TM36897_Baker_O3_SMZ,36897,289515725489998,Baker,private_family,other,34.02641102802867,100.0,True,37.0,no_management,no_management,0,False
smz_split,TM36897_Baker_O4_SMZ,36897,289515725489998,Baker,private_industrial,other,7.33902982957481,100.0,True,37.0,no_management,no_management,0,False
smz_split,TM36897_Baker_O6_SMZ,36897,289515725489998,Baker,federal,other,0.2223948433204488,100.0,True,37.0,no_management,no_management,0,False
smz_split,TM36897_Baker_O7_SMZ,36897,289515725489998,Baker,state,other,0.2223948433204488,100.0,True,37.0,no_management,no_management,0,False
smz_split,TM36897_Baker_O8_SMZ,36897,289515725489998,Baker,local,other,2.6687381198453854,100.0,True,37.0,no_management,no_management,0,False
smz_split,TM36897_Columbia_O3_SMZ,36897,289515725489998,Columbia,private_family,other,100.96725886748375,100.0,True,37.0,no_management,no_management,0,False
smz_split,TM36897_Columbia_O4_SMZ,36897,289515725489998,Columbia,private_industrial,other,40.92065117096258,100.0,True,37.0,no_management,no_management,0,False
smz_split,TM36897_Columbia_O6_SMZ,36897,289515725489998,Columbia,federal,other,10.452557636061092,100.0,True,37.0,no_management,no_management,0,False
smz_split,TM36897_Columbia_O8_SMZ,36897,289515725489998,Columbia,local,other,22.906668862006228,100.0,True,37.0,no_management,no_management,0,False
smz_split,TM36897_Hamilton_O3_SMZ,36897,289515725489998,Hamilton,private_family,other,164.57218405713212,100.0,True,37.0,no_management,no_management,0,False
smz_split,TM36897_Hamilton_O4_SMZ,36897,289515725489998,Hamilton,private_industrial,other,57.37786957667579,100.0,True,37.0,no_management,no_management,0,False
smz_split,TM36897_Hamilton_O6_SMZ,36897,289515725489998,Hamilton,federal,other,1.7791587465635903,100.0,True,37.0,no_management,no_management,0,False
smz_split,TM36897_Hamilton_O7_SMZ,36897,289515725489998,Hamilton,state,other,2.446343276524937,100.0,True,37.0,no_management,no_management,0,False
smz_split,TM36897_Hamilton_O8_SMZ,36897,289515725489998,Hamilton,local,other,0.2223948433204488,100.0,True,37.0,no_management,no_management,0,False
smz_split,TM36897_Suwannee_O3_SMZ,36897,289515725489998,Suwannee,private_family,other,72.5007189224663,100.0,True,37.0,no_management,no_management,0,False
smz_split,TM36897_Suwannee_O4_SMZ,36897,289515725489998,Suwannee,private_industrial,other,9.562978262779298,100.0,True,37.0,no_management,no_management,0,False
smz_split,TM36897_Suwannee_O8_SMZ,36897,289515725489998,Suwannee,local,other,0.8895793732817951,100.0,True,37.0,no_management,no_management,0,False
smz_split,TM36903_Union_O3_SMZ,36903,289515763489998,Union,private_family,pine,0.2223948433204488,100.0,True,11.0,no_management,no_management,0,False
smz_split,TM36905_Baker_O4_SMZ,36905,289515771489998,Baker,private_industrial,hardwood,1.111974216602244,100.0,True,42.0,no_management,no_management,0,False
smz_split,TM36905_Union_O3_SMZ,36905,289515771489998,Union,private_family,hardwood,3.335922649806732,100.0,True,42.0,no_management,no_management,0,False
smz_split,TM36905_Union_O4_SMZ,36905,289515771489998,Union,private_industrial,hardwood,1.7791587465635903,100.0,True,42.0,no_management,no_management,0,False
smz_split,TM36906_Columbia_O3_SMZ,36906,289515773489998,Columbia,private_family,pine,0.4447896866408976,100.0,True,21.0,no_management,no_management,0,False
smz_split,TM36906_Union_O3_SMZ,36906,289515773489998,Union,private_family,pine,0.2223948433204488,100.0,True,21.0,no_management,no_management,0,False
smz_split,TM36911_Baker_O3_SMZ,36911,289515792489998,Baker,private_family,hardwood,2.446343276524937,100.0,True,50.0,no_management,no_management,0,False
smz_split,TM36911_Baker_O4_SMZ,36911,289515792489998,Baker,private_industrial,hardwood,0.8895793732817951,100.0,True,50.0,no_management,no_management,0,False
smz_split,TM36911_Columbia_O6_SMZ,36911,289515792489998,Columbia,federal,hardwood,2.6687381198453854,100.0,True,50.0,no_management,no_management,0,False
smz_split,TM36912_Baker_O3_SMZ,36912,289515793489998,Baker,private_family,other,0.2223948433204488,100.0,True,36.0,no_management,no_management,0,False
smz_split,TM36912_Union_O3_SMZ,36912,289515793489998,Union,private_family,other,10.452557636061092,100.0,True,36.0,no_management,no_management,0,False
smz_split,TM36912_Union_O4_SMZ,36912,289515793489998,Union,private_industrial,other,2.8911329631658345,100.0,True,36.0,no_management,no_management,0,False
smz_split,TM36912_Union_O7_SMZ,36912,289515793489998,Union,state,other,0.4447896866408976,100.0,True,36.0,no_management,no_management,0,False
smz_split,TM36912_Union_O8_SMZ,36912,289515793489998,Union,local,other,1.111974216602244,100.0,True,36.0,no_management,no_management,0,False
smz_split,TM36927_Baker_O3_SMZ,36927,289515931489998,Baker,private_family,hardwood,3.5583174931271806,100.0,True,51.0,no_management,no_management,0,False
smz_split,TM36927_Columbia_O3_SMZ,36927,289515931489998,Columbia,private_family,hardwood,0.2223948433204488,100.0,True,51.0,no_management,no_management,0,False
smz_split,TM36927_Union_O3_SMZ,36927,289515931489998,Union,private_family,hardwood,5.55987108301122,100.0,True,51.0,no_management,no_management,0,False
smz_split,TM36927_Union_O4_SMZ,36927,289515931489998,Union,private_industrial,hardwood,0.4447896866408976,100.0,True,51.0,no_management,no_management,0,False
smz_split,TM36928_Baker_O3_SMZ,36928,289515933489998,Baker,private_family,hardwood,0.6671845299613464,100.0,True,108.0,no_management,no_management,0,False
smz_split,TM36928_Baker_O4_SMZ,36928,289515933489998,Baker,private_industrial,hardwood,1.5567639032431415,100.0,True,108.0,no_management,no_management,0,False
smz_split,TM36929_Baker_O6_SMZ,36929,289515934489998,Baker,federal,hardwood,1.3343690599226927,100.0,True,14.0,no_management,no_management,0,False
smz_split,TM36929_Columbia_O6_SMZ,36929,289515934489998,Columbia,federal,hardwood,0.4447896866408976,100.0,True,14.0,no_management,no_management,0,False
smz_split,TM36932_Baker_O3_SMZ,36932,289515944489998,Baker,private_family,other,7.561424672895258,100.0,True,67.0,no_management,no_management,0,False
smz_split,TM36932_Baker_O4_SMZ,36932,289515944489998,Baker,private_industrial,other,8.228609202856605,100.0,True,67.0,no_management,no_management,0,False
smz_split,TM36932_Baker_O8_SMZ,36932,289515944489998,Baker,local,other,0.2223948433204488,100.0,True,67.0,no_management,no_management,0,False
smz_split,TM36932_Columbia_O3_SMZ,36932,289515944489998,Columbia,private_family,other,1.7791587465635903,100.0,True,67.0,no_management,no_management,0,False
smz_split,TM36932_Columbia_O4_SMZ,36932,289515944489998,Columbia,private_industrial,other,1.7791587465635903,100.0,True,67.0,no_management,no_management,0,False
smz_split,TM36932_Columbia_O6_SMZ,36932,289515944489998,Columbia,federal,other,1.7791587465635903,100.0,True,67.0,no_management,no_management,0,False
smz_split,TM36932_Columbia_O8_SMZ,36932,289515944489998,Columbia,local,other,1.111974216602244,100.0,True,67.0,no_management,no_management,0,False
smz_split,TM36932_Suwannee_O3_SMZ,36932,289515944489998,Suwannee,private_family,other,0.4447896866408976,100.0,True,67.0,no_management,no_management,0,False
smz_split,TM36932_Union_O3_SMZ,36932,289515944489998,Union,private_family,other,26.242591511812957,100.0,True,67.0,no_management,no_management,0,False
smz_split,TM36932_Union_O4_SMZ,36932,289515944489998,Union,private_industrial,other,5.115081396370322,100.0,True,67.0,no_management,no_management,0,False
smz_split,TM36933_Union_O3_SMZ,36933,289515945489998,Union,private_family,hardwood,0.2223948433204488,100.0,True,71.0,no_management,no_management,0,False
smz_split,TM36934_Baker_O3_SMZ,36934,289515946489998,Baker,private_family,hardwood,2.6687381198453854,100.0,True,36.0,no_management,no_management,0,False
smz_split,TM36934_Baker_O4_SMZ,36934,289515946489998,Baker,private_industrial,hardwood,4.892686553049873,100.0,True,36.0,no_management,no_management,0,False
smz_split,TM36934_Columbia_O3_SMZ,36934,289515946489998,Columbia,private_family,hardwood,2.891132963165834,100.0,True,36.0,no_management,no_management,0,False
smz_split,TM36934_Columbia_O4_SMZ,36934,289515946489998,Columbia,private_industrial,hardwood,2.446343276524937,100.0,True,36.0,no_management,no_management,0,False
smz_split,TM36934_Columbia_O6_SMZ,36934,289515946489998,Columbia,federal,hardwood,1.5567639032431415,100.0,True,36.0,no_management,no_management,0,False
smz_split,TM36934_Columbia_O8_SMZ,36934,289515946489998,Columbia,local,hardwood,1.111974216602244,100.0,True,36.0,no_management,no_management,0,False
smz_split,TM36934_Hamilton_O3_SMZ,36934,289515946489998,Hamilton,private_family,hardwood,0.6671845299613464,100.0,True,36.0,no_management,no_management,0,False
smz_split,TM36934_Hamilton_O4_SMZ,36934,289515946489998,Hamilton,private_industrial,hardwood,0.2223948433204488,100.0,True,36.0,no_management,no_management,0,False
smz_split,TM36934_Hamilton_O7_SMZ,36934,289515946489998,Hamilton,state,hardwood,0.4447896866408976,100.0,True,36.0,no_management,no_management,0,False
smz_split,TM36934_Suwannee_O3_SMZ,36934,289515946489998,Suwannee,private_family,hardwood,0.8895793732817951,100.0,True,36.0,no_management,no_management,0,False
smz_split,TM36935_Baker_O3_SMZ,36935,289515947489998,Baker,private_family,pine,24.018643078608466,100.0,True,22.0,no_management,no_management,0,False
smz_split,TM36935_Baker_O6_SMZ,36935,289515947489998,Baker,federal,pine,3.3359226498067316,100.0,True,22.0,no_management,no_management,0,False
smz_split,TM36935_Columbia_O6_SMZ,36935,289515947489998,Columbia,federal,pine,0.8895793732817951,100.0,True,22.0,no_management,no_management,0,False
smz_split,TM36935_Columbia_O8_SMZ,36935,289515947489998,Columbia,local,pine,2.223948433204488,100.0,True,22.0,no_management,no_management,0,False
smz_split,TM36937_Baker_O4_SMZ,36937,289515957489998,Baker,private_industrial,hardwood,1.7791587465635903,100.0,True,111.0,no_management,no_management,0,False
smz_split,TM36938_Baker_O3_SMZ,36938,289515961489998,Baker,private_family,hardwood,48.03728615721694,100.0,True,35.0,no_management,no_management,0,False
smz_split,TM36938_Baker_O4_SMZ,36938,289515961489998,Baker,private_industrial,hardwood,4.225502023088527,100.0,True,35.0,no_management,no_management,0,False
smz_split,TM36938_Baker_O7_SMZ,36938,289515961489998,Baker,state,hardwood,0.4447896866408976,100.0,True,35.0,no_management,no_management,0,False
smz_split,TM36938_Baker_O8_SMZ,36938,289515961489998,Baker,local,hardwood,3.5583174931271806,100.0,True,35.0,no_management,no_management,0,False
smz_split,TM36938_Union_O3_SMZ,36938,289515961489998,Union,private_family,hardwood,2.891132963165834,100.0,True,35.0,no_management,no_management,0,False
smz_split,TM36938_Union_O4_SMZ,36938,289515961489998,Union,private_industrial,hardwood,0.6671845299613464,100.0,True,35.0,no_management,no_management,0,False
smz_split,TM36938_Union_O7_SMZ,36938,289515961489998,Union,state,hardwood,0.2223948433204488,100.0,True,35.0,no_management,no_management,0,False
smz_split,TM36939_Baker_O3_SMZ,36939,289515962489998,Baker,private_family,pine,35.360780087951355,100.0,True,55.0,no_management,no_management,0,False
smz_split,TM36939_Baker_O4_SMZ,36939,289515962489998,Baker,private_industrial,pine,17.569192622315455,100.0,True,55.0,no_management,no_management,0,False
smz_split,TM36939_Baker_O6_SMZ,36939,289515962489998,Baker,federal,pine,0.2223948433204488,100.0,True,55.0,no_management,no_management,0,False
smz_split,TM36939_Columbia_O3_SMZ,36939,289515962489998,Columbia,private_family,pine,20.460325585481286,100.0,True,55.0,no_management,no_management,0,False
smz_split,TM36939_Columbia_O4_SMZ,36939,289515962489998,Columbia,private_industrial,pine,14.010875129188273,100.0,True,55.0,no_management,no_management,0,False
smz_split,TM36939_Columbia_O6_SMZ,36939,289515962489998,Columbia,federal,pine,6.227055612972565,100.0,True,55.0,no_management,no_management,0,False
smz_split,TM36939_Columbia_O8_SMZ,36939,289515962489998,Columbia,local,pine,5.5598710830112195,100.0,True,55.0,no_management,no_management,0,False
smz_split,TM36939_Hamilton_O3_SMZ,36939,289515962489998,Hamilton,private_family,pine,4.892686553049873,100.0,True,55.0,no_management,no_management,0,False
smz_split,TM36939_Hamilton_O7_SMZ,36939,289515962489998,Hamilton,state,pine,0.8895793732817951,100.0,True,55.0,no_management,no_management,0,False
smz_split,TM36939_Union_O3_SMZ,36939,289515962489998,Union,private_family,pine,43.589389290807965,100.0,True,55.0,no_management,no_management,0,False
smz_split,TM36939_Union_O4_SMZ,36939,289515962489998,Union,private_industrial,pine,3.5583174931271806,100.0,True,55.0,no_management,no_management,0,False
smz_split,TM36939_Union_O7_SMZ,36939,289515962489998,Union,state,pine,12.231716382624684,100.0,True,55.0,no_management,no_management,0,False
smz_split,TM36940_Baker_O3_SMZ,36940,289515963489998,Baker,private_family,pine,2.2239484332044874,100.0,True,91.0,no_management,no_management,0,False
smz_split,TM36940_Baker_O4_SMZ,36940,289515963489998,Baker,private_industrial,pine,1.3343690599226927,100.0,True,91.0,no_management,no_management,0,False
smz_split,TM36941_Baker_O3_SMZ,36941,289515964489998,Baker,private_family,other,14.233269972508722,100.0,True,58.0,no_management,no_management,0,False
smz_split,TM36941_Baker_O4_SMZ,36941,289515964489998,Baker,private_industrial,other,4.892686553049874,100.0,True,58.0,no_management,no_management,0,False
smz_split,TM36941_Baker_O8_SMZ,36941,289515964489998,Baker,local,other,0.2223948433204488,100.0,True,58.0,no_management,no_management,0,False
smz_split,TM36941_Columbia_O3_SMZ,36941,289515964489998,Columbia,private_family,other,0.6671845299613464,100.0,True,58.0,no_management,no_management,0,False
smz_split,TM36941_Columbia_O4_SMZ,36941,289515964489998,Columbia,private_industrial,other,0.2223948433204488,100.0,True,58.0,no_management,no_management,0,False
smz_split,TM36941_Columbia_O8_SMZ,36941,289515964489998,Columbia,local,other,0.6671845299613464,100.0,True,58.0,no_management,no_management,0,False
smz_split,TM36941_Hamilton_O3_SMZ,36941,289515964489998,Hamilton,private_family,other,3.5583174931271806,100.0,True,58.0,no_management,no_management,0,False
smz_split,TM36941_Hamilton_O4_SMZ,36941,289515964489998,Hamilton,private_industrial,other,0.2223948433204488,100.0,True,58.0,no_management,no_management,0,False
smz_split,TM36941_Suwannee_O3_SMZ,36941,289515964489998,Suwannee,private_family,other,2.891132963165834,100.0,True,58.0,no_management,no_management,0,False
smz_split,TM36941_Suwannee_O4_SMZ,36941,289515964489998,Suwannee,private_industrial,other,2.4463432765249364,100.0,True,58.0,no_management,no_management,0,False
smz_split,TM36941_Union_O3_SMZ,36941,289515964489998,Union,private_family,other,7.339029829574811,100.0,True,58.0,no_management,no_management,0,False
smz_split,TM36941_Union_O4_SMZ,36941,289515964489998,Union,private_industrial,other,0.4447896866408976,100.0,True,58.0,no_management,no_management,0,False
smz_split,TM36941_Union_O7_SMZ,36941,289515964489998,Union,state,other,0.2223948433204488,100.0,True,58.0,no_management,no_management,0,False
smz_split,TM36941_Union_O8_SMZ,36941,289515964489998,Union,local,other,0.2223948433204488,100.0,True,58.0,no_management,no_management,0,False
smz_split,TM36942_Union_O3_SMZ,36942,289515970489998,Union,private_family,hardwood,0.2223948433204488,100.0,True,84.0,no_management,no_management,0,False
smz_split,TM36958_Baker_O4_SMZ,36958,289516188489998,Baker,private_industrial,hardwood,0.2223948433204488,100.0,True,77.0,no_management,no_management,0,False
smz_split,TM36958_Columbia_O4_SMZ,36958,289516188489998,Columbia,private_industrial,hardwood,0.2223948433204488,100.0,True,77.0,no_management,no_management,0,False
smz_split,TM36958_Columbia_O6_SMZ,36958,289516188489998,Columbia,federal,hardwood,0.4447896866408976,100.0,True,77.0,no_management,no_management,0,False
smz_split,TM36958_Suwannee_O4_SMZ,36958,289516188489998,Suwannee,private_industrial,hardwood,0.4447896866408976,100.0,True,77.0,no_management,no_management,0,False
smz_split,TM36961_Baker_O3_SMZ,36961,289516222489998,Baker,private_family,pine,0.6671845299613464,100.0,True,36.0,no_management,no_management,0,False
smz_split,TM36961_Columbia_O3_SMZ,36961,289516222489998,Columbia,private_family,pine,3.5583174931271806,100.0,True,36.0,no_management,no_management,0,False
smz_split,TM36961_Columbia_O4_SMZ,36961,289516222489998,Columbia,private_industrial,pine,2.446343276524937,100.0,True,36.0,no_management,no_management,0,False
smz_split,TM36961_Hamilton_O3_SMZ,36961,289516222489998,Hamilton,private_family,pine,3.113527806486283,100.0,True,36.0,no_management,no_management,0,False
smz_split,TM36961_Hamilton_O4_SMZ,36961,289516222489998,Hamilton,private_industrial,pine,1.111974216602244,100.0,True,36.0,no_management,no_management,0,False
smz_split,TM36961_Suwannee_O3_SMZ,36961,289516222489998,Suwannee,private_family,pine,1.5567639032431415,100.0,True,36.0,no_management,no_management,0,False
smz_split,TM36961_Suwannee_O4_SMZ,36961,289516222489998,Suwannee,private_industrial,pine,0.2223948433204488,100.0,True,36.0,no_management,no_management,0,False
smz_split,TM36961_Union_O3_SMZ,36961,289516222489998,Union,private_family,pine,0.4447896866408976,100.0,True,36.0,no_management,no_management,0,False
smz_split,TM36962_Baker_O3_SMZ,36962,289516223489998,Baker,private_family,hardwood,8.006214359536155,100.0,True,72.0,no_management,no_management,0,False
smz_split,TM36962_Baker_O4_SMZ,36962,289516223489998,Baker,private_industrial,hardwood,1.5567639032431415,100.0,True,72.0,no_management,no_management,0,False
smz_split,TM36962_Columbia_O3_SMZ,36962,289516223489998,Columbia,private_family,hardwood,136.55043379875556,100.0,True,72.0,no_management,no_management,0,False
smz_split,TM36962_Columbia_O4_SMZ,36962,289516223489998,Columbia,private_industrial,hardwood,47.59249647057604,100.0,True,72.0,no_management,no_management,0,False
smz_split,TM36962_Columbia_O6_SMZ,36962,289516223489998,Columbia,federal,hardwood,1.111974216602244,100.0,True,72.0,no_management,no_management,0,False
smz_split,TM36962_Columbia_O8_SMZ,36962,289516223489998,Columbia,local,hardwood,18.681166838917697,100.0,True,72.0,no_management,no_management,0,False
smz_split,TM36962_Hamilton_O3_SMZ,36962,289516223489998,Hamilton,private_family,hardwood,107.86149901041766,100.0,True,72.0,no_management,no_management,0,False
smz_split,TM36962_Hamilton_O4_SMZ,36962,289516223489998,Hamilton,private_industrial,hardwood,23.351458548647123,100.0,True,72.0,no_management,no_management,0,False
smz_split,TM36962_Hamilton_O6_SMZ,36962,289516223489998,Hamilton,federal,hardwood,1.111974216602244,100.0,True,72.0,no_management,no_management,0,False
smz_split,TM36962_Hamilton_O7_SMZ,36962,289516223489998,Hamilton,state,hardwood,0.6671845299613464,100.0,True,72.0,no_management,no_management,0,False
smz_split,TM36962_Hamilton_O8_SMZ,36962,289516223489998,Hamilton,local,hardwood,1.3343690599226927,100.0,True,72.0,no_management,no_management,0,False
smz_split,TM36962_Suwannee_O3_SMZ,36962,289516223489998,Suwannee,private_family,hardwood,106.97191963713587,100.0,True,72.0,no_management,no_management,0,False
smz_split,TM36962_Suwannee_O4_SMZ,36962,289516223489998,Suwannee,private_industrial,hardwood,31.13527806486283,100.0,True,72.0,no_management,no_management,0,False
smz_split,TM36962_Suwannee_O7_SMZ,36962,289516223489998,Suwannee,state,hardwood,0.6671845299613464,100.0,True,72.0,no_management,no_management,0,False
smz_split,TM36962_Suwannee_O8_SMZ,36962,289516223489998,Suwannee,local,hardwood,0.6671845299613464,100.0,True,72.0,no_management,no_management,0,False
smz_split,TM36962_Union_O3_SMZ,36962,289516223489998,Union,private_family,hardwood,47.81489131389649,100.0,True,72.0,no_management,no_management,0,False
smz_split,TM36962_Union_O4_SMZ,36962,289516223489998,Union,private_industrial,hardwood,13.121295755906479,100.0,True,72.0,no_management,no_management,0,False
smz_split,TM36962_Union_O7_SMZ,36962,289516223489998,Union,state,hardwood,0.6671845299613464,100.0,True,72.0,no_management,no_management,0,False
smz_split,TM36963_Suwannee_O3_SMZ,36963,289516224489998,Suwannee,private_family,pine,0.4447896866408976,100.0,True,24.0,no_management,no_management,0,False
smz_split,TM36964_Columbia_O3_SMZ,36964,289516229489998,Columbia,private_family,hardwood,1.111974216602244,100.0,True,61.0,no_management,no_management,0,False
smz_split,TM36964_Columbia_O8_SMZ,36964,289516229489998,Columbia,local,hardwood,0.4447896866408976,100.0,True,61.0,no_management,no_management,0,False
smz_split,TM36964_Hamilton_O3_SMZ,36964,289516229489998,Hamilton,private_family,hardwood,0.6671845299613464,100.0,True,61.0,no_management,no_management,0,False
smz_split,TM36964_Hamilton_O4_SMZ,36964,289516229489998,Hamilton,private_industrial,hardwood,0.2223948433204488,100.0,True,61.0,no_management,no_management,0,False
smz_split,TM36964_Suwannee_O3_SMZ,36964,289516229489998,Suwannee,private_family,hardwood,0.4447896866408976,100.0,True,61.0,no_management,no_management,0,False
smz_split,TM36964_Union_O3_SMZ,36964,289516229489998,Union,private_family,hardwood,1.111974216602244,100.0,True,61.0,no_management,no_management,0,False
smz_split,TM36965_Baker_O3_SMZ,36965,289516230489998,Baker,private_family,hardwood,0.6671845299613464,100.0,True,33.0,no_management,no_management,0,False
smz_split,TM36965_Baker_O4_SMZ,36965,289516230489998,Baker,private_industrial,hardwood,0.8895793732817951,100.0,True,33.0,no_management,no_management,0,False
smz_split,TM36965_Columbia_O3_SMZ,36965,289516230489998,Columbia,private_family,hardwood,29.13372447497879,100.0,True,33.0,no_management,no_management,0,False
smz_split,TM36965_Columbia_O4_SMZ,36965,289516230489998,Columbia,private_industrial,hardwood,9.785373106099748,100.0,True,33.0,no_management,no_management,0,False
smz_split,TM36965_Columbia_O8_SMZ,36965,289516230489998,Columbia,local,hardwood,6.449450456293015,100.0,True,33.0,no_management,no_management,0,False
smz_split,TM36965_Hamilton_O3_SMZ,36965,289516230489998,Hamilton,private_family,hardwood,14.233269972508722,100.0,True,33.0,no_management,no_management,0,False
smz_split,TM36965_Hamilton_O4_SMZ,36965,289516230489998,Hamilton,private_industrial,hardwood,2.891132963165834,100.0,True,33.0,no_management,no_management,0,False
smz_split,TM36965_Suwannee_O3_SMZ,36965,289516230489998,Suwannee,private_family,hardwood,22.01708948872443,100.0,True,33.0,no_management,no_management,0,False
smz_split,TM36965_Suwannee_O4_SMZ,36965,289516230489998,Suwannee,private_industrial,hardwood,5.5598710830112195,100.0,True,33.0,no_management,no_management,0,False
smz_split,TM36965_Union_O3_SMZ,36965,289516230489998,Union,private_family,hardwood,10.674952479381542,100.0,True,33.0,no_management,no_management,0,False
smz_split,TM36965_Union_O4_SMZ,36965,289516230489998,Union,private_industrial,hardwood,0.4447896866408976,100.0,True,33.0,no_management,no_management,0,False
smz_split,TM36966_Columbia_O3_SMZ,36966,289516233489998,Columbia,private_family,pine,3.335922649806732,100.0,True,14.0,no_management,no_management,0,False
smz_split,TM36966_Union_O3_SMZ,36966,289516233489998,Union,private_family,pine,6.894240142933913,100.0,True,14.0,no_management,no_management,0,False
smz_split,TM36967_Union_O3_SMZ,36967,289516234489998,Union,private_family,pine,0.8895793732817951,100.0,True,37.0,no_management,no_management,0,False
smz_split,TM36968_Columbia_O6_SMZ,36968,289516340489998,Columbia,federal,pine,2.891132963165834,100.0,True,73.0,no_management,no_management,0,False
smz_split,TM36971_Baker_O3_SMZ,36971,289516357489998,Baker,private_family,pine,5.115081396370322,100.0,True,80.0,no_management,no_management,0,False
smz_split,TM36971_Baker_O4_SMZ,36971,289516357489998,Baker,private_industrial,pine,6.671845299613464,100.0,True,80.0,no_management,no_management,0,False
smz_split,TM36971_Columbia_O3_SMZ,36971,289516357489998,Columbia,private_family,pine,1.3343690599226927,100.0,True,80.0,no_management,no_management,0,False
smz_split,TM36971_Columbia_O6_SMZ,36971,289516357489998,Columbia,federal,pine,2.2239484332044874,100.0,True,80.0,no_management,no_management,0,False
smz_split,TM36971_Columbia_O8_SMZ,36971,289516357489998,Columbia,local,pine,0.2223948433204488,100.0,True,80.0,no_management,no_management,0,False
smz_split,TM36971_Union_O3_SMZ,36971,289516357489998,Union,private_family,pine,5.782265926331668,100.0,True,80.0,no_management,no_management,0,False
smz_split,TM36971_Union_O4_SMZ,36971,289516357489998,Union,private_industrial,pine,0.2223948433204488,100.0,True,80.0,no_management,no_management,0,False
smz_split,TM40969_Baker_O3_SMZ,40969,351508220489998,Baker,private_family,hardwood,0.8895793732817951,100.0,True,46.0,no_management,no_management,0,False
smz_split,TM43046_Columbia_O3_SMZ,43046,374860898489998,Columbia,private_family,other,0.2223948433204488,100.0,True,12.0,no_management,no_management,0,False
smz_split,TM43046_Hamilton_O3_SMZ,43046,374860898489998,Hamilton,private_family,other,14.455664815829172,100.0,True,12.0,no_management,no_management,0,False
smz_split,TM43046_Hamilton_O4_SMZ,43046,374860898489998,Hamilton,private_industrial,other,1.111974216602244,100.0,True,12.0,no_management,no_management,0,False
smz_split,TM43046_Hamilton_O8_SMZ,43046,374860898489998,Hamilton,local,other,0.4447896866408976,100.0,True,12.0,no_management,no_management,0,False
smz_split,TM43054_Baker_O3_SMZ,43054,374860913489998,Baker,private_family,hardwood,83.3980662451683,100.0,True,52.0,no_management,no_management,0,False
smz_split,TM43054_Baker_O4_SMZ,43054,374860913489998,Baker,private_industrial,hardwood,25.57540698185161,100.0,True,52.0,no_management,no_management,0,False
smz_split,TM43054_Baker_O7_SMZ,43054,374860913489998,Baker,state,hardwood,0.6671845299613464,100.0,True,52.0,no_management,no_management,0,False
smz_split,TM43054_Baker_O8_SMZ,43054,374860913489998,Baker,local,hardwood,5.115081396370322,100.0,True,52.0,no_management,no_management,0,False
smz_split,TM43054_Columbia_O3_SMZ,43054,374860913489998,Columbia,private_family,hardwood,9.1181885761384,100.0,True,52.0,no_management,no_management,0,False
smz_split,TM43054_Columbia_O4_SMZ,43054,374860913489998,Columbia,private_industrial,hardwood,11.119742166022439,100.0,True,52.0,no_management,no_management,0,False
smz_split,TM43054_Columbia_O8_SMZ,43054,374860913489998,Columbia,local,hardwood,7.33902982957481,100.0,True,52.0,no_management,no_management,0,False
smz_split,TM43054_Hamilton_O3_SMZ,43054,374860913489998,Hamilton,private_family,hardwood,23.351458548647123,100.0,True,52.0,no_management,no_management,0,False
smz_split,TM43054_Hamilton_O4_SMZ,43054,374860913489998,Hamilton,private_industrial,hardwood,32.69204196810597,100.0,True,52.0,no_management,no_management,0,False
smz_split,TM43054_Hamilton_O7_SMZ,43054,374860913489998,Hamilton,state,hardwood,0.2223948433204488,100.0,True,52.0,no_management,no_management,0,False
smz_split,TM43054_Hamilton_O8_SMZ,43054,374860913489998,Hamilton,local,hardwood,0.2223948433204488,100.0,True,52.0,no_management,no_management,0,False
smz_split,TM43054_Suwannee_O3_SMZ,43054,374860913489998,Suwannee,private_family,hardwood,4.225502023088527,100.0,True,52.0,no_management,no_management,0,False
smz_split,TM43054_Suwannee_O4_SMZ,43054,374860913489998,Suwannee,private_industrial,hardwood,1.111974216602244,100.0,True,52.0,no_management,no_management,0,False
smz_split,TM43054_Union_O3_SMZ,43054,374860913489998,Union,private_family,hardwood,14.455664815829172,100.0,True,52.0,no_management,no_management,0,False
smz_split,TM43054_Union_O4_SMZ,43054,374860913489998,Union,private_industrial,hardwood,0.8895793732817951,100.0,True,52.0,no_management,no_management,0,False
smz_split,TM43067_Baker_O3_SMZ,43067,374860959489998,Baker,private_family,other,0.4447896866408976,100.0,True,61.0,no_management,no_management,0,False
smz_split,TM43067_Columbia_O3_SMZ,43067,374860959489998,Columbia,private_family,other,0.2223948433204488,100.0,True,61.0,no_management,no_management,0,False
smz_split,TM43067_Columbia_O6_SMZ,43067,374860959489998,Columbia,federal,other,22.46187917536533,100.0,True,61.0,no_management,no_management,0,False
smz_split,TM43067_Columbia_O8_SMZ,43067,374860959489998,Columbia,local,other,0.2223948433204488,100.0,True,61.0,no_management,no_management,0,False
smz_split,TM43067_Hamilton_O3_SMZ,43067,374860959489998,Hamilton,private_family,other,1.5567639032431415,100.0,True,61.0,no_management,no_management,0,False
smz_split,TM43067_Hamilton_O7_SMZ,43067,374860959489998,Hamilton,state,other,2.001553589884039,100.0,True,61.0,no_management,no_management,0,False
smz_split,TM43068_Union_O3_SMZ,43068,374860961489998,Union,private_family,hardwood,0.2223948433204488,100.0,True,15.0,no_management,no_management,0,False
smz_split,TM43076_Baker_O6_SMZ,43076,374860995489998,Baker,federal,hardwood,0.4447896866408976,100.0,True,41.0,no_management,no_management,0,False
smz_split,TM43078_Union_O3_SMZ,43078,374860997489998,Union,private_family,other,0.2223948433204488,100.0,True,56.0,no_management,no_management,0,False
smz_split,TM43086_Baker_O3_SMZ,43086,374861013489998,Baker,private_family,other,0.6671845299613464,100.0,True,81.0,no_management,no_management,0,False
smz_split,TM43086_Baker_O4_SMZ,43086,374861013489998,Baker,private_industrial,other,0.8895793732817951,100.0,True,81.0,no_management,no_management,0,False
smz_split,TM43086_Union_O3_SMZ,43086,374861013489998,Union,private_family,other,1.3343690599226927,100.0,True,81.0,no_management,no_management,0,False
smz_split,TM43090_Baker_O4_SMZ,43090,374861032489998,Baker,private_industrial,other,0.2223948433204488,100.0,True,7.0,no_management,no_management,0,False
smz_split,TM43111_Columbia_O6_SMZ,43111,374861121489998,Columbia,federal,pine,0.4447896866408976,100.0,True,51.0,no_management,no_management,0,False
smz_split,TM43151_Baker_O3_SMZ,43151,374861300489998,Baker,private_family,pine,75.16945704231169,100.0,True,19.0,no_management,no_management,0,False
smz_split,TM43151_Baker_O4_SMZ,43151,374861300489998,Baker,private_industrial,pine,16.90200809235411,100.0,True,19.0,no_management,no_management,0,False
smz_split,TM43151_Baker_O6_SMZ,43151,374861300489998,Baker,federal,pine,0.2223948433204488,100.0,True,19.0,no_management,no_management,0,False
smz_split,TM43151_Baker_O8_SMZ,43151,374861300489998,Baker,local,pine,0.2223948433204488,100.0,True,19.0,no_management,no_management,0,False
smz_split,TM43151_Columbia_O3_SMZ,43151,374861300489998,Columbia,private_family,pine,9.785373106099746,100.0,True,19.0,no_management,no_management,0,False
smz_split,TM43151_Columbia_O4_SMZ,43151,374861300489998,Columbia,private_industrial,pine,6.671845299613463,100.0,True,19.0,no_management,no_management,0,False
smz_split,TM43151_Columbia_O6_SMZ,43151,374861300489998,Columbia,federal,pine,10.230162792740643,100.0,True,19.0,no_management,no_management,0,False
smz_split,TM43151_Columbia_O8_SMZ,43151,374861300489998,Columbia,local,pine,1.111974216602244,100.0,True,19.0,no_management,no_management,0,False
smz_split,TM43151_Suwannee_O3_SMZ,43151,374861300489998,Suwannee,private_family,pine,0.6671845299613464,100.0,True,19.0,no_management,no_management,0,False
smz_split,TM43151_Suwannee_O4_SMZ,43151,374861300489998,Suwannee,private_industrial,pine,5.115081396370321,100.0,True,19.0,no_management,no_management,0,False
smz_split,TM43151_Union_O3_SMZ,43151,374861300489998,Union,private_family,pine,227.06513503017823,100.0,True,19.0,no_management,no_management,0,False
smz_split,TM43151_Union_O4_SMZ,43151,374861300489998,Union,private_industrial,pine,4.225502023088527,100.0,True,19.0,no_management,no_management,0,False
smz_split,TM43152_Baker_O3_SMZ,43152,374861302489998,Baker,private_family,hardwood,2.223948433204488,100.0,True,39.0,no_management,no_management,0,False
smz_split,TM43152_Baker_O4_SMZ,43152,374861302489998,Baker,private_industrial,hardwood,0.2223948433204488,100.0,True,39.0,no_management,no_management,0,False
smz_split,TM43152_Baker_O8_SMZ,43152,374861302489998,Baker,local,hardwood,0.2223948433204488,100.0,True,39.0,no_management,no_management,0,False
smz_split,TM43152_Union_O3_SMZ,43152,374861302489998,Union,private_family,hardwood,1.5567639032431415,100.0,True,39.0,no_management,no_management,0,False
smz_split,TM43152_Union_O4_SMZ,43152,374861302489998,Union,private_industrial,hardwood,0.6671845299613464,100.0,True,39.0,no_management,no_management,0,False
smz_split,TM43152_Union_O7_SMZ,43152,374861302489998,Union,state,hardwood,0.2223948433204488,100.0,True,39.0,no_management,no_management,0,False
smz_split,TM43157_Baker_O4_SMZ,43157,374861329489998,Baker,private_industrial,pine,0.2223948433204488,100.0,True,38.0,no_management,no_management,0,False
smz_split,TM43162_Union_O4_SMZ,43162,374861341489998,Union,private_industrial,other,0.2223948433204488,100.0,True,43.0,no_management,no_management,0,False
smz_split,TM43163_Columbia_O3_SMZ,43163,374861344489998,Columbia,private_family,other,0.4447896866408976,100.0,True,79.0,no_management,no_management,0,False
smz_split,TM43163_Union_O3_SMZ,43163,374861344489998,Union,private_family,other,8.673398889497502,100.0,True,79.0,no_management,no_management,0,False
smz_split,TM43163_Union_O4_SMZ,43163,374861344489998,Union,private_industrial,other,0.8895793732817951,100.0,True,79.0,no_management,no_management,0,False
smz_split,TM43163_Union_O8_SMZ,43163,374861344489998,Union,local,other,0.2223948433204488,100.0,True,79.0,no_management,no_management,0,False
smz_split,TM43167_Union_O4_SMZ,43167,374861365489998,Union,private_industrial,hardwood,0.2223948433204488,100.0,True,98.0,no_management,no_management,0,False
smz_split,TM43175_Baker_O3_SMZ,43175,374861391489998,Baker,private_family,pine,0.4447896866408976,100.0,True,84.0,no_management,no_management,0,False
smz_split,TM43175_Baker_O4_SMZ,43175,374861391489998,Baker,private_industrial,pine,0.2223948433204488,100.0,True,84.0,no_management,no_management,0,False
smz_split,TM43175_Columbia_O6_SMZ,43175,374861391489998,Columbia,federal,pine,2.446343276524937,100.0,True,84.0,no_management,no_management,0,False
smz_split,TM43181_Baker_O3_SMZ,43181,374861410489998,Baker,private_family,hardwood,40.25346664100123,100.0,True,70.0,no_management,no_management,0,False
smz_split,TM43181_Baker_O4_SMZ,43181,374861410489998,Baker,private_industrial,hardwood,1.111974216602244,100.0,True,70.0,no_management,no_management,0,False
smz_split,TM43181_Baker_O6_SMZ,43181,374861410489998,Baker,federal,hardwood,2.001553589884039,100.0,True,70.0,no_management,no_management,0,False
smz_split,TM43181_Columbia_O6_SMZ,43181,374861410489998,Columbia,federal,hardwood,7.116634986254361,100.0,True,70.0,no_management,no_management,0,False
smz_split,TM43187_Hamilton_O3_SMZ,43187,374861459489998,Hamilton,private_family,other,12.454111225945132,100.0,True,63.0,no_management,no_management,0,False
smz_split,TM43187_Hamilton_O4_SMZ,43187,374861459489998,Hamilton,private_industrial,other,4.225502023088526,100.0,True,63.0,no_management,no_management,0,False
smz_split,TM43187_Hamilton_O6_SMZ,43187,374861459489998,Hamilton,federal,other,0.2223948433204488,100.0,True,63.0,no_management,no_management,0,False
smz_split,TM43187_Hamilton_O7_SMZ,43187,374861459489998,Hamilton,state,other,0.2223948433204488,100.0,True,63.0,no_management,no_management,0,False
smz_split,TM43188_Columbia_O3_SMZ,43188,374861464489998,Columbia,private_family,pine,1.111974216602244,100.0,True,32.0,no_management,no_management,0,False
smz_split,TM43188_Columbia_O4_SMZ,43188,374861464489998,Columbia,private_industrial,pine,0.4447896866408976,100.0,True,32.0,no_management,no_management,0,False
smz_split,TM43188_Columbia_O8_SMZ,43188,374861464489998,Columbia,local,pine,0.2223948433204488,100.0,True,32.0,no_management,no_management,0,False
smz_split,TM43188_Suwannee_O4_SMZ,43188,374861464489998,Suwannee,private_industrial,pine,0.2223948433204488,100.0,True,32.0,no_management,no_management,0,False
smz_split,TM43192_Columbia_O3_SMZ,43192,374861495489998,Columbia,private_family,hardwood,0.6671845299613464,100.0,True,55.0,no_management,no_management,0,False
smz_split,TM43192_Columbia_O6_SMZ,43192,374861495489998,Columbia,federal,hardwood,0.6671845299613464,100.0,True,55.0,no_management,no_management,0,False
smz_split,TM43193_Baker_O3_SMZ,43193,374861498489998,Baker,private_family,hardwood,1.7791587465635903,100.0,True,43.0,no_management,no_management,0,False
smz_split,TM43193_Baker_O4_SMZ,43193,374861498489998,Baker,private_industrial,hardwood,1.3343690599226927,100.0,True,43.0,no_management,no_management,0,False
smz_split,TM43193_Columbia_O3_SMZ,43193,374861498489998,Columbia,private_family,hardwood,1.7791587465635903,100.0,True,43.0,no_management,no_management,0,False
smz_split,TM43193_Columbia_O4_SMZ,43193,374861498489998,Columbia,private_industrial,hardwood,0.2223948433204488,100.0,True,43.0,no_management,no_management,0,False
smz_split,TM43193_Hamilton_O4_SMZ,43193,374861498489998,Hamilton,private_industrial,hardwood,0.6671845299613464,100.0,True,43.0,no_management,no_management,0,False
smz_split,TM43193_Hamilton_O7_SMZ,43193,374861498489998,Hamilton,state,hardwood,0.2223948433204488,100.0,True,43.0,no_management,no_management,0,False
smz_split,TM43193_Suwannee_O3_SMZ,43193,374861498489998,Suwannee,private_family,hardwood,1.3343690599226927,100.0,True,43.0,no_management,no_management,0,False
smz_split,TM43193_Suwannee_O4_SMZ,43193,374861498489998,Suwannee,private_industrial,hardwood,0.6671845299613464,100.0,True,43.0,no_management,no_management,0,False
smz_split,TM43196_Columbia_O3_SMZ,43196,374861503489998,Columbia,private_family,hardwood,2.001553589884039,100.0,True,45.0,no_management,no_management,0,False
smz_split,TM43197_Columbia_O4_SMZ,43197,374861504489998,Columbia,private_industrial,pine,0.2223948433204488,100.0,True,18.0,no_management,no_management,0,False
smz_split,TM43200_Baker_O3_SMZ,43200,374861516489998,Baker,private_family,other,6.0046607696521175,100.0,True,96.0,no_management,no_management,0,False
smz_split,TM43200_Baker_O4_SMZ,43200,374861516489998,Baker,private_industrial,other,0.2223948433204488,100.0,True,96.0,no_management,no_management,0,False
smz_split,TM43200_Columbia_O6_SMZ,43200,374861516489998,Columbia,federal,other,2.223948433204488,100.0,True,96.0,no_management,no_management,0,False
smz_split,TM43201_Baker_O3_SMZ,43201,374861518489998,Baker,private_family,hardwood,0.6671845299613464,100.0,True,64.0,no_management,no_management,0,False
smz_split,TM43201_Union_O3_SMZ,43201,374861518489998,Union,private_family,hardwood,2.891132963165834,100.0,True,64.0,no_management,no_management,0,False
smz_split,TM43201_Union_O4_SMZ,43201,374861518489998,Union,private_industrial,hardwood,0.6671845299613464,100.0,True,64.0,no_management,no_management,0,False
smz_split,TM43201_Union_O7_SMZ,43201,374861518489998,Union,state,hardwood,0.4447896866408976,100.0,True,64.0,no_management,no_management,0,False
smz_split,TM43202_Columbia_O3_SMZ,43202,374861522489998,Columbia,private_family,hardwood,1.7791587465635903,100.0,True,80.0,no_management,no_management,0,False
smz_split,TM43202_Columbia_O4_SMZ,43202,374861522489998,Columbia,private_industrial,hardwood,0.8895793732817951,100.0,True,80.0,no_management,no_management,0,False
smz_split,TM43203_Baker_O3_SMZ,43203,374861529489998,Baker,private_family,pine,1.5567639032431415,100.0,True,87.0,no_management,no_management,0,False
smz_split,TM43203_Baker_O4_SMZ,43203,374861529489998,Baker,private_industrial,pine,3.780712336447629,100.0,True,87.0,no_management,no_management,0,False
smz_split,TM43204_Columbia_O3_SMZ,43204,374861532489998,Columbia,private_family,pine,0.4447896866408976,100.0,True,18.0,no_management,no_management,0,False
smz_split,TM43204_Columbia_O4_SMZ,43204,374861532489998,Columbia,private_industrial,pine,0.2223948433204488,100.0,True,18.0,no_management,no_management,0,False
smz_split,TM43204_Suwannee_O3_SMZ,43204,374861532489998,Suwannee,private_family,pine,0.8895793732817951,100.0,True,18.0,no_management,no_management,0,False
smz_split,TM43204_Suwannee_O4_SMZ,43204,374861532489998,Suwannee,private_industrial,pine,0.6671845299613464,100.0,True,18.0,no_management,no_management,0,False
smz_split,TM43206_Union_O4_SMZ,43206,374861540489998,Union,private_industrial,pine,0.2223948433204488,100.0,True,18.0,no_management,no_management,0,False
smz_split,TM43210_Union_O3_SMZ,43210,374861554489998,Union,private_family,pine,2.001553589884039,100.0,True,62.0,no_management,no_management,0,False
smz_split,TM43210_Union_O4_SMZ,43210,374861554489998,Union,private_industrial,pine,0.8895793732817951,100.0,True,62.0,no_management,no_management,0,False
smz_split,TM43210_Union_O8_SMZ,43210,374861554489998,Union,local,pine,0.2223948433204488,100.0,True,62.0,no_management,no_management,0,False
smz_split,TM43212_Baker_O3_SMZ,43212,374861563489998,Baker,private_family,pine,0.6671845299613464,100.0,True,33.0,no_management,no_management,0,False
smz_split,TM43212_Baker_O4_SMZ,43212,374861563489998,Baker,private_industrial,pine,0.4447896866408976,100.0,True,33.0,no_management,no_management,0,False
smz_split,TM43214_Union_O3_SMZ,43214,374861569489998,Union,private_family,pine,1.5567639032431415,100.0,True,17.0,no_management,no_management,0,False
smz_split,TM43214_Union_O4_SMZ,43214,374861569489998,Union,private_industrial,pine,0.4447896866408976,100.0,True,17.0,no_management,no_management,0,False
smz_split,TM43214_Union_O8_SMZ,43214,374861569489998,Union,local,pine,0.6671845299613464,100.0,True,17.0,no_management,no_management,0,False
smz_split,TM43217_Baker_O3_SMZ,43217,374861587489998,Baker,private_family,hardwood,1.111974216602244,100.0,True,67.0,no_management,no_management,0,False
smz_split,TM43225_Baker_O3_SMZ,43225,374861608489998,Baker,private_family,hardwood,5.55987108301122,100.0,True,51.0,no_management,no_management,0,False
smz_split,TM43225_Baker_O4_SMZ,43225,374861608489998,Baker,private_industrial,hardwood,1.5567639032431415,100.0,True,51.0,no_management,no_management,0,False
smz_split,TM43225_Baker_O7_SMZ,43225,374861608489998,Baker,state,hardwood,0.2223948433204488,100.0,True,51.0,no_management,no_management,0,False
smz_split,TM43225_Baker_O8_SMZ,43225,374861608489998,Baker,local,hardwood,0.2223948433204488,100.0,True,51.0,no_management,no_management,0,False
smz_split,TM43225_Columbia_O3_SMZ,43225,374861608489998,Columbia,private_family,hardwood,1.3343690599226927,100.0,True,51.0,no_management,no_management,0,False
smz_split,TM43225_Columbia_O4_SMZ,43225,374861608489998,Columbia,private_industrial,hardwood,0.4447896866408976,100.0,True,51.0,no_management,no_management,0,False
smz_split,TM43225_Columbia_O8_SMZ,43225,374861608489998,Columbia,local,hardwood,0.2223948433204488,100.0,True,51.0,no_management,no_management,0,False
smz_split,TM43225_Hamilton_O3_SMZ,43225,374861608489998,Hamilton,private_family,hardwood,0.2223948433204488,100.0,True,51.0,no_management,no_management,0,False
smz_split,TM43225_Union_O3_SMZ,43225,374861608489998,Union,private_family,hardwood,3.7807123364476296,100.0,True,51.0,no_management,no_management,0,False
smz_split,TM43225_Union_O4_SMZ,43225,374861608489998,Union,private_industrial,hardwood,0.2223948433204488,100.0,True,51.0,no_management,no_management,0,False
smz_split,TM43234_Hamilton_O3_SMZ,43234,374861672489998,Hamilton,private_family,pine,11.342137009342888,100.0,True,15.0,no_management,no_management,0,False
smz_split,TM43234_Hamilton_O4_SMZ,43234,374861672489998,Hamilton,private_industrial,pine,5.337476239690771,100.0,True,15.0,no_management,no_management,0,False
smz_split,TM43235_Hamilton_O3_SMZ,43235,374861676489998,Hamilton,private_family,pine,9.562978262779298,100.0,True,19.0,no_management,no_management,0,False
smz_split,TM43235_Hamilton_O4_SMZ,43235,374861676489998,Hamilton,private_industrial,pine,6.671845299613464,100.0,True,19.0,no_management,no_management,0,False
smz_split,TM43237_Columbia_O3_SMZ,43237,374861690489998,Columbia,private_family,hardwood,0.2223948433204488,100.0,True,60.0,no_management,no_management,0,False
smz_split,TM43237_Columbia_O4_SMZ,43237,374861690489998,Columbia,private_industrial,hardwood,1.3343690599226927,100.0,True,60.0,no_management,no_management,0,False
smz_split,TM43237_Columbia_O8_SMZ,43237,374861690489998,Columbia,local,hardwood,4.892686553049874,100.0,True,60.0,no_management,no_management,0,False
smz_split,TM43237_Hamilton_O3_SMZ,43237,374861690489998,Hamilton,private_family,hardwood,3.5583174931271806,100.0,True,60.0,no_management,no_management,0,False
smz_split,TM43237_Hamilton_O4_SMZ,43237,374861690489998,Hamilton,private_industrial,hardwood,0.6671845299613464,100.0,True,60.0,no_management,no_management,0,False
smz_split,TM43237_Hamilton_O7_SMZ,43237,374861690489998,Hamilton,state,hardwood,0.2223948433204488,100.0,True,60.0,no_management,no_management,0,False
smz_split,TM43237_Suwannee_O3_SMZ,43237,374861690489998,Suwannee,private_family,hardwood,1.7791587465635903,100.0,True,60.0,no_management,no_management,0,False
smz_split,TM43237_Suwannee_O4_SMZ,43237,374861690489998,Suwannee,private_industrial,hardwood,0.4447896866408976,100.0,True,60.0,no_management,no_management,0,False
smz_split,TM43238_Columbia_O3_SMZ,43238,374861703489998,Columbia,private_family,hardwood,0.6671845299613464,100.0,True,105.0,no_management,no_management,0,False
smz_split,TM43238_Columbia_O4_SMZ,43238,374861703489998,Columbia,private_industrial,hardwood,0.2223948433204488,100.0,True,105.0,no_management,no_management,0,False
smz_split,TM43238_Union_O3_SMZ,43238,374861703489998,Union,private_family,hardwood,0.2223948433204488,100.0,True,105.0,no_management,no_management,0,False
smz_split,TM43239_Baker_O3_SMZ,43239,374861704489998,Baker,private_family,pine,0.2223948433204488,100.0,True,18.0,no_management,no_management,0,False
smz_split,TM43239_Columbia_O3_SMZ,43239,374861704489998,Columbia,private_family,pine,12.009321539304235,100.0,True,18.0,no_management,no_management,0,False
smz_split,TM43239_Columbia_O4_SMZ,43239,374861704489998,Columbia,private_industrial,pine,3.5583174931271806,100.0,True,18.0,no_management,no_management,0,False
smz_split,TM43239_Columbia_O6_SMZ,43239,374861704489998,Columbia,federal,pine,0.2223948433204488,100.0,True,18.0,no_management,no_management,0,False
smz_split,TM43239_Columbia_O8_SMZ,43239,374861704489998,Columbia,local,pine,4.892686553049874,100.0,True,18.0,no_management,no_management,0,False
smz_split,TM43239_Hamilton_O3_SMZ,43239,374861704489998,Hamilton,private_family,pine,0.2223948433204488,100.0,True,18.0,no_management,no_management,0,False
smz_split,TM43239_Hamilton_O4_SMZ,43239,374861704489998,Hamilton,private_industrial,pine,0.2223948433204488,100.0,True,18.0,no_management,no_management,0,False
smz_split,TM43239_Suwannee_O3_SMZ,43239,374861704489998,Suwannee,private_family,pine,0.6671845299613464,100.0,True,18.0,no_management,no_management,0,False
smz_split,TM43239_Union_O3_SMZ,43239,374861704489998,Union,private_family,pine,25.57540698185161,100.0,True,18.0,no_management,no_management,0,False
smz_split,TM43239_Union_O4_SMZ,43239,374861704489998,Union,private_industrial,pine,0.8895793732817951,100.0,True,18.0,no_management,no_management,0,False
smz_split,TM43262_Baker_O4_SMZ,43262,374861796489998,Baker,private_industrial,other,0.2223948433204488,100.0,True,93.0,no_management,no_management,0,False
smz_split,TM43286_Columbia_O6_SMZ,43286,374861925489998,Columbia,federal,pine,0.2223948433204488,100.0,True,76.0,no_management,no_management,0,False
smz_split,TM43287_Baker_O3_SMZ,43287,374861932489998,Baker,private_family,pine,1.5567639032431415,100.0,True,53.0,no_management,no_management,0,False
smz_split,TM43288_Baker_O3_SMZ,43288,374861934489998,Baker,private_family,pine,0.4447896866408976,100.0,True,12.0,no_management,no_management,0,False
smz_split,TM43288_Union_O3_SMZ,43288,374861934489998,Union,private_family,pine,0.2223948433204488,100.0,True,12.0,no_management,no_management,0,False
smz_split,TM43290_Union_O3_SMZ,43290,374861936489998,Union,private_family,hardwood,0.2223948433204488,100.0,True,14.0,no_management,no_management,0,False
smz_split,TM43291_Baker_O3_SMZ,43291,374861937489998,Baker,private_family,pine,54.2643417701895,100.0,True,25.0,no_management,no_management,0,False
smz_split,TM43291_Baker_O4_SMZ,43291,374861937489998,Baker,private_industrial,pine,11.564531852663336,100.0,True,25.0,no_management,no_management,0,False
smz_split,TM43291_Baker_O7_SMZ,43291,374861937489998,Baker,state,pine,0.4447896866408976,100.0,True,25.0,no_management,no_management,0,False
smz_split,TM43291_Baker_O8_SMZ,43291,374861937489998,Baker,local,pine,2.2239484332044874,100.0,True,25.0,no_management,no_management,0,False
smz_split,TM43291_Union_O3_SMZ,43291,374861937489998,Union,private_family,pine,48.92686553049874,100.0,True,25.0,no_management,no_management,0,False
smz_split,TM43291_Union_O4_SMZ,43291,374861937489998,Union,private_industrial,pine,28.688934788337892,100.0,True,25.0,no_management,no_management,0,False
smz_split,TM43291_Union_O7_SMZ,43291,374861937489998,Union,state,pine,23.57385339196757,100.0,True,25.0,no_management,no_management,0,False
smz_split,TM43291_Union_O8_SMZ,43291,374861937489998,Union,local,pine,2.8911329631658345,100.0,True,25.0,no_management,no_management,0,False
smz_split,TM43292_Baker_O3_SMZ,43292,374861938489998,Baker,private_family,pine,0.2223948433204488,100.0,True,22.0,no_management,no_management,0,False
smz_split,TM43292_Union_O3_SMZ,43292,374861938489998,Union,private_family,pine,0.2223948433204488,100.0,True,22.0,no_management,no_management,0,False
smz_split,TM43292_Union_O4_SMZ,43292,374861938489998,Union,private_industrial,pine,0.4447896866408976,100.0,True,22.0,no_management,no_management,0,False
smz_split,TM43294_Baker_O3_SMZ,43294,374861940489998,Baker,private_family,other,10.230162792740645,100.0,True,38.0,no_management,no_management,0,False
smz_split,TM43294_Baker_O4_SMZ,43294,374861940489998,Baker,private_industrial,other,1.3343690599226927,100.0,True,38.0,no_management,no_management,0,False
smz_split,TM43294_Baker_O7_SMZ,43294,374861940489998,Baker,state,other,0.2223948433204488,100.0,True,38.0,no_management,no_management,0,False
smz_split,TM43294_Union_O3_SMZ,43294,374861940489998,Union,private_family,other,15.122849345790517,100.0,True,38.0,no_management,no_management,0,False
smz_split,TM43294_Union_O4_SMZ,43294,374861940489998,Union,private_industrial,other,4.225502023088527,100.0,True,38.0,no_management,no_management,0,False
smz_split,TM43294_Union_O7_SMZ,43294,374861940489998,Union,state,other,1.5567639032431415,100.0,True,38.0,no_management,no_management,0,False
smz_split,TM43294_Union_O8_SMZ,43294,374861940489998,Union,local,other,0.2223948433204488,100.0,True,38.0,no_management,no_management,0,False
smz_split,TM43315_Baker_O3_SMZ,43315,374862210489998,Baker,private_family,other,0.6671845299613464,100.0,True,41.0,no_management,no_management,0,False
smz_split,TM43315_Columbia_O3_SMZ,43315,374862210489998,Columbia,private_family,other,7.783819516215708,100.0,True,41.0,no_management,no_management,0,False
smz_split,TM43315_Columbia_O4_SMZ,43315,374862210489998,Columbia,private_industrial,other,1.5567639032431415,100.0,True,41.0,no_management,no_management,0,False
smz_split,TM43315_Columbia_O8_SMZ,43315,374862210489998,Columbia,local,other,2.446343276524937,100.0,True,41.0,no_management,no_management,0,False
smz_split,TM43315_Hamilton_O3_SMZ,43315,374862210489998,Hamilton,private_family,other,12.89890091258603,100.0,True,41.0,no_management,no_management,0,False
smz_split,TM43315_Hamilton_O4_SMZ,43315,374862210489998,Hamilton,private_industrial,other,4.892686553049873,100.0,True,41.0,no_management,no_management,0,False
smz_split,TM43315_Hamilton_O6_SMZ,43315,374862210489998,Hamilton,federal,other,0.2223948433204488,100.0,True,41.0,no_management,no_management,0,False
smz_split,TM43315_Suwannee_O3_SMZ,43315,374862210489998,Suwannee,private_family,other,3.780712336447629,100.0,True,41.0,no_management,no_management,0,False
smz_split,TM43315_Suwannee_O4_SMZ,43315,374862210489998,Suwannee,private_industrial,other,0.6671845299613464,100.0,True,41.0,no_management,no_management,0,False
smz_split,TM43315_Union_O3_SMZ,43315,374862210489998,Union,private_family,other,5.337476239690771,100.0,True,41.0,no_management,no_management,0,False
smz_split,TM43315_Union_O4_SMZ,43315,374862210489998,Union,private_industrial,other,0.6671845299613464,100.0,True,41.0,no_management,no_management,0,False
smz_split,TM43321_Baker_O3_SMZ,43321,374862323489998,Baker,private_family,pine,1.111974216602244,100.0,True,55.0,no_management,no_management,0,False
smz_split,TM43321_Baker_O6_SMZ,43321,374862323489998,Baker,federal,pine,0.8895793732817951,100.0,True,55.0,no_management,no_management,0,False
smz_split,TM43321_Columbia_O6_SMZ,43321,374862323489998,Columbia,federal,pine,0.4447896866408976,100.0,True,55.0,no_management,no_management,0,False
smz_split,TM43325_Union_O3_SMZ,43325,374862331489998,Union,private_family,pine,0.2223948433204488,100.0,True,85.0,no_management,no_management,0,False
smz_split,TM43326_Baker_O3_SMZ,43326,374862340489998,Baker,private_family,hardwood,25.130617295210715,100.0,True,45.0,no_management,no_management,0,False
smz_split,TM43326_Baker_O4_SMZ,43326,374862340489998,Baker,private_industrial,hardwood,8.895793732817951,100.0,True,45.0,no_management,no_management,0,False
smz_split,TM43326_Columbia_O3_SMZ,43326,374862340489998,Columbia,private_family,hardwood,3.5583174931271806,100.0,True,45.0,no_management,no_management,0,False
smz_split,TM43326_Columbia_O4_SMZ,43326,374862340489998,Columbia,private_industrial,hardwood,1.7791587465635903,100.0,True,45.0,no_management,no_management,0,False
smz_split,TM43326_Columbia_O6_SMZ,43326,374862340489998,Columbia,federal,hardwood,0.6671845299613464,100.0,True,45.0,no_management,no_management,0,False
smz_split,TM43326_Columbia_O8_SMZ,43326,374862340489998,Columbia,local,hardwood,1.3343690599226927,100.0,True,45.0,no_management,no_management,0,False
smz_split,TM43326_Hamilton_O3_SMZ,43326,374862340489998,Hamilton,private_family,hardwood,0.6671845299613464,100.0,True,45.0,no_management,no_management,0,False
smz_split,TM43326_Hamilton_O4_SMZ,43326,374862340489998,Hamilton,private_industrial,hardwood,0.2223948433204488,100.0,True,45.0,no_management,no_management,0,False
smz_split,TM43326_Suwannee_O3_SMZ,43326,374862340489998,Suwannee,private_family,hardwood,0.6671845299613464,100.0,True,45.0,no_management,no_management,0,False
smz_split,TM43326_Suwannee_O4_SMZ,43326,374862340489998,Suwannee,private_industrial,hardwood,1.5567639032431415,100.0,True,45.0,no_management,no_management,0,False
smz_split,TM43326_Union_O3_SMZ,43326,374862340489998,Union,private_family,hardwood,17.791587465635903,100.0,True,45.0,no_management,no_management,0,False
smz_split,TM43326_Union_O4_SMZ,43326,374862340489998,Union,private_industrial,hardwood,1.3343690599226927,100.0,True,45.0,no_management,no_management,0,False
smz_split,TM43326_Union_O8_SMZ,43326,374862340489998,Union,local,hardwood,0.2223948433204488,100.0,True,45.0,no_management,no_management,0,False
smz_split,TM43336_Baker_O3_SMZ,43336,374862361489998,Baker,private_family,pine,0.2223948433204488,100.0,True,70.0,no_management,no_management,0,False
smz_split,TM43336_Baker_O4_SMZ,43336,374862361489998,Baker,private_industrial,pine,0.4447896866408976,100.0,True,70.0,no_management,no_management,0,False
smz_split,TM43336_Columbia_O6_SMZ,43336,374862361489998,Columbia,federal,pine,0.4447896866408976,100.0,True,70.0,no_management,no_management,0,False
smz_split,TM45047_Baker_O3_SMZ,45047,385730105489998,Baker,private_family,hardwood,20.01553589884039,100.0,True,75.0,no_management,no_management,0,False
smz_split,TM45047_Baker_O4_SMZ,45047,385730105489998,Baker,private_industrial,hardwood,4.892686553049873,100.0,True,75.0,no_management,no_management,0,False
smz_split,TM45047_Baker_O7_SMZ,45047,385730105489998,Baker,state,hardwood,0.2223948433204488,100.0,True,75.0,no_management,no_management,0,False
smz_split,TM45047_Baker_O8_SMZ,45047,385730105489998,Baker,local,hardwood,1.111974216602244,100.0,True,75.0,no_management,no_management,0,False
smz_split,TM45047_Columbia_O3_SMZ,45047,385730105489998,Columbia,private_family,hardwood,18.45877199559725,100.0,True,75.0,no_management,no_management,0,False
smz_split,TM45047_Columbia_O4_SMZ,45047,385730105489998,Columbia,private_industrial,hardwood,4.892686553049874,100.0,True,75.0,no_management,no_management,0,False
smz_split,TM45047_Columbia_O6_SMZ,45047,385730105489998,Columbia,federal,hardwood,1.111974216602244,100.0,True,75.0,no_management,no_management,0,False
smz_split,TM45047_Columbia_O7_SMZ,45047,385730105489998,Columbia,state,hardwood,0.2223948433204488,100.0,True,75.0,no_management,no_management,0,False
smz_split,TM45047_Columbia_O8_SMZ,45047,385730105489998,Columbia,local,hardwood,0.8895793732817951,100.0,True,75.0,no_management,no_management,0,False
smz_split,TM45047_Hamilton_O3_SMZ,45047,385730105489998,Hamilton,private_family,hardwood,10.674952479381542,100.0,True,75.0,no_management,no_management,0,False
smz_split,TM45047_Hamilton_O4_SMZ,45047,385730105489998,Hamilton,private_industrial,hardwood,1.7791587465635903,100.0,True,75.0,no_management,no_management,0,False
smz_split,TM45047_Hamilton_O7_SMZ,45047,385730105489998,Hamilton,state,hardwood,0.2223948433204488,100.0,True,75.0,no_management,no_management,0,False
smz_split,TM45047_Suwannee_O3_SMZ,45047,385730105489998,Suwannee,private_family,hardwood,14.233269972508722,100.0,True,75.0,no_management,no_management,0,False
smz_split,TM45047_Suwannee_O4_SMZ,45047,385730105489998,Suwannee,private_industrial,hardwood,2.223948433204488,100.0,True,75.0,no_management,no_management,0,False
smz_split,TM45047_Suwannee_O7_SMZ,45047,385730105489998,Suwannee,state,hardwood,0.2223948433204488,100.0,True,75.0,no_management,no_management,0,False
smz_split,TM45047_Union_O3_SMZ,45047,385730105489998,Union,private_family,hardwood,19.348351368879044,100.0,True,75.0,no_management,no_management,0,False
smz_split,TM45047_Union_O4_SMZ,45047,385730105489998,Union,private_industrial,hardwood,4.225502023088527,100.0,True,75.0,no_management,no_management,0,False
smz_split,TM45047_Union_O7_SMZ,45047,385730105489998,Union,state,hardwood,0.2223948433204488,100.0,True,75.0,no_management,no_management,0,False
smz_split,TM45047_Union_O8_SMZ,45047,385730105489998,Union,local,hardwood,0.4447896866408976,100.0,True,75.0,no_management,no_management,0,False
smz_split,TM45048_Union_O4_SMZ,45048,385730126489998,Union,private_industrial,hardwood,0.4447896866408976,100.0,True,8.0,no_management,no_management,0,False
smz_split,TM45395_Baker_O3_SMZ,45395,386107026489998,Baker,private_family,hardwood,1.5567639032431415,100.0,True,20.0,no_management,no_management,0,False
smz_split,TM45395_Baker_O4_SMZ,45395,386107026489998,Baker,private_industrial,hardwood,1.7791587465635903,100.0,True,20.0,no_management,no_management,0,False
smz_split,TM45395_Baker_O8_SMZ,45395,386107026489998,Baker,local,hardwood,1.7791587465635903,100.0,True,20.0,no_management,no_management,0,False
smz_split,TM45497_Baker_O3_SMZ,45497,386113727489998,Baker,private_family,other,0.8895793732817951,100.0,True,52.0,no_management,no_management,0,False
smz_split,TM45497_Columbia_O3_SMZ,45497,386113727489998,Columbia,private_family,other,0.2223948433204488,100.0,True,52.0,no_management,no_management,0,False
smz_split,TM47366_Baker_O3_SMZ,47366,433062557489998,Baker,private_family,hardwood,6.894240142933913,100.0,True,20.0,no_management,no_management,0,False
smz_split,TM47617_Baker_O3_SMZ,47617,443867435489998,Baker,private_family,other,0.2223948433204488,100.0,True,65.0,no_management,no_management,0,False
smz_split,TM47617_Columbia_O3_SMZ,47617,443867435489998,Columbia,private_family,other,2.6687381198453854,100.0,True,65.0,no_management,no_management,0,False
smz_split,TM47617_Columbia_O4_SMZ,47617,443867435489998,Columbia,private_industrial,other,0.4447896866408976,100.0,True,65.0,no_management,no_management,0,False
smz_split,TM47617_Columbia_O8_SMZ,47617,443867435489998,Columbia,local,other,0.2223948433204488,100.0,True,65.0,no_management,no_management,0,False
smz_split,TM47617_Suwannee_O3_SMZ,47617,443867435489998,Suwannee,private_family,other,0.4447896866408976,100.0,True,65.0,no_management,no_management,0,False
smz_split,TM47617_Suwannee_O4_SMZ,47617,443867435489998,Suwannee,private_industrial,other,0.2223948433204488,100.0,True,65.0,no_management,no_management,0,False
smz_split,TM47617_Union_O3_SMZ,47617,443867435489998,Union,private_family,other,0.8895793732817951,100.0,True,65.0,no_management,no_management,0,False
smz_split,TM48429_Columbia_O3_SMZ,48429,448939593489998,Columbia,private_family,hardwood,0.6671845299613464,100.0,True,75.0,no_management,no_management,0,False
smz_split,TM48429_Columbia_O4_SMZ,48429,448939593489998,Columbia,private_industrial,hardwood,0.4447896866408976,100.0,True,75.0,no_management,no_management,0,False
smz_split,TM48429_Columbia_O8_SMZ,48429,448939593489998,Columbia,local,hardwood,0.4447896866408976,100.0,True,75.0,no_management,no_management,0,False
smz_split,TM48429_Hamilton_O3_SMZ,48429,448939593489998,Hamilton,private_family,hardwood,0.2223948433204488,100.0,True,75.0,no_management,no_management,0,False
smz_split,TM48429_Suwannee_O3_SMZ,48429,448939593489998,Suwannee,private_family,hardwood,2.001553589884039,100.0,True,75.0,no_management,no_management,0,False
smz_split,TM48429_Suwannee_O4_SMZ,48429,448939593489998,Suwannee,private_industrial,hardwood,0.6671845299613464,100.0,True,75.0,no_management,no_management,0,False
smz_split,TM48429_Union_O3_SMZ,48429,448939593489998,Union,private_family,hardwood,0.6671845299613464,100.0,True,75.0,no_management,no_management,0,False
smz_split,TM48430_Baker_O3_SMZ,48430,448939594489998,Baker,private_family,hardwood,0.2223948433204488,100.0,True,50.0,no_management,no_management,0,False
smz_split,TM48445_Baker_O3_SMZ,48445,448939642489998,Baker,private_family,pine,33.80401618470822,100.0,True,59.0,no_management,no_management,0,False
smz_split,TM48445_Baker_O4_SMZ,48445,448939642489998,Baker,private_industrial,pine,0.6671845299613464,100.0,True,59.0,no_management,no_management,0,False
smz_split,TM48445_Baker_O6_SMZ,48445,448939642489998,Baker,federal,pine,18.681166838917697,100.0,True,59.0,no_management,no_management,0,False
smz_split,TM48445_Columbia_O3_SMZ,48445,448939642489998,Columbia,private_family,pine,2.001553589884039,100.0,True,59.0,no_management,no_management,0,False
smz_split,TM48445_Columbia_O6_SMZ,48445,448939642489998,Columbia,federal,pine,86.28919920833413,100.0,True,59.0,no_management,no_management,0,False
smz_split,TM48445_Columbia_O8_SMZ,48445,448939642489998,Columbia,local,pine,1.111974216602244,100.0,True,59.0,no_management,no_management,0,False
smz_split,TM48445_Hamilton_O3_SMZ,48445,448939642489998,Hamilton,private_family,pine,2.001553589884039,100.0,True,59.0,no_management,no_management,0,False
smz_split,TM48445_Hamilton_O7_SMZ,48445,448939642489998,Hamilton,state,pine,9.562978262779298,100.0,True,59.0,no_management,no_management,0,False
smz_split,TM48477_Baker_O3_SMZ,48477,448939744489998,Baker,private_family,hardwood,15.345244189110966,100.0,True,35.0,no_management,no_management,0,False
smz_split,TM48477_Baker_O4_SMZ,48477,448939744489998,Baker,private_industrial,hardwood,0.2223948433204488,100.0,True,35.0,no_management,no_management,0,False
smz_split,TM48477_Baker_O6_SMZ,48477,448939744489998,Baker,federal,hardwood,0.8895793732817951,100.0,True,35.0,no_management,no_management,0,False
smz_split,TM48477_Columbia_O6_SMZ,48477,448939744489998,Columbia,federal,hardwood,1.111974216602244,100.0,True,35.0,no_management,no_management,0,False
smz_split,TM48477_Hamilton_O3_SMZ,48477,448939744489998,Hamilton,private_family,hardwood,0.2223948433204488,100.0,True,35.0,no_management,no_management,0,False
smz_split,TM48477_Hamilton_O7_SMZ,48477,448939744489998,Hamilton,state,hardwood,0.6671845299613464,100.0,True,35.0,no_management,no_management,0,False
smz_split,TM48492_Columbia_O4_SMZ,48492,448939790489998,Columbia,private_industrial,pine,1.5567639032431415,100.0,True,81.0,no_management,no_management,0,False
smz_split,TM48492_Columbia_O8_SMZ,48492,448939790489998,Columbia,local,pine,0.2223948433204488,100.0,True,81.0,no_management,no_management,0,False
smz_split,TM48492_Union_O3_SMZ,48492,448939790489998,Union,private_family,pine,0.4447896866408976,100.0,True,81.0,no_management,no_management,0,False
smz_split,TM48492_Union_O4_SMZ,48492,448939790489998,Union,private_industrial,pine,0.2223948433204488,100.0,True,81.0,no_management,no_management,0,False
smz_split,TM48503_Union_O3_SMZ,48503,448939827489998,Union,private_family,hardwood,0.6671845299613464,100.0,True,100.0,no_management,no_management,0,False
smz_split,TM48503_Union_O4_SMZ,48503,448939827489998,Union,private_industrial,hardwood,1.111974216602244,100.0,True,100.0,no_management,no_management,0,False
smz_split,TM48503_Union_O8_SMZ,48503,448939827489998,Union,local,hardwood,0.2223948433204488,100.0,True,100.0,no_management,no_management,0,False
smz_split,TM48525_Baker_O3_SMZ,48525,448939977489998,Baker,private_family,hardwood,0.4447896866408976,100.0,True,100.0,no_management,no_management,0,False
smz_split,TM48525_Baker_O4_SMZ,48525,448939977489998,Baker,private_industrial,hardwood,0.8895793732817951,100.0,True,100.0,no_management,no_management,0,False
smz_split,TM48525_Union_O3_SMZ,48525,448939977489998,Union,private_family,hardwood,11.119742166022439,100.0,True,100.0,no_management,no_management,0,False
smz_split,TM48525_Union_O4_SMZ,48525,448939977489998,Union,private_industrial,hardwood,0.8895793732817951,100.0,True,100.0,no_management,no_management,0,False
smz_split,TM48525_Union_O7_SMZ,48525,448939977489998,Union,state,hardwood,2.223948433204488,100.0,True,100.0,no_management,no_management,0,False
smz_split,TM48527_Baker_O4_SMZ,48527,448940000489998,Baker,private_industrial,hardwood,2.2239484332044874,100.0,True,90.0,no_management,no_management,0,False
smz_split,TM48528_Baker_O3_SMZ,48528,448940007489998,Baker,private_family,hardwood,0.2223948433204488,100.0,True,20.0,no_management,no_management,0,False
smz_split,TM48528_Baker_O4_SMZ,48528,448940007489998,Baker,private_industrial,hardwood,0.4447896866408976,100.0,True,20.0,no_management,no_management,0,False
smz_split,TM48528_Baker_O8_SMZ,48528,448940007489998,Baker,local,hardwood,0.4447896866408976,100.0,True,20.0,no_management,no_management,0,False
smz_split,TM48530_Baker_O3_SMZ,48530,448940015489998,Baker,private_family,hardwood,1.3343690599226927,100.0,True,33.0,no_management,no_management,0,False
smz_split,TM48530_Union_O3_SMZ,48530,448940015489998,Union,private_family,hardwood,2.6687381198453854,100.0,True,33.0,no_management,no_management,0,False
smz_split,TM48530_Union_O4_SMZ,48530,448940015489998,Union,private_industrial,hardwood,0.8895793732817951,100.0,True,33.0,no_management,no_management,0,False
smz_split,TM48539_Columbia_O3_SMZ,48539,448940076489998,Columbia,private_family,hardwood,1.3343690599226927,100.0,True,63.0,no_management,no_management,0,False
smz_split,TM48539_Columbia_O4_SMZ,48539,448940076489998,Columbia,private_industrial,hardwood,0.2223948433204488,100.0,True,63.0,no_management,no_management,0,False
smz_split,TM48549_Columbia_O3_SMZ,48549,448940134489998,Columbia,private_family,pine,0.2223948433204488,100.0,True,13.0,no_management,no_management,0,False
smz_split,TM48549_Columbia_O4_SMZ,48549,448940134489998,Columbia,private_industrial,pine,0.2223948433204488,100.0,True,13.0,no_management,no_management,0,False
smz_split,TM48550_Columbia_O4_SMZ,48550,448940136489998,Columbia,private_industrial,hardwood,0.2223948433204488,100.0,True,55.0,no_management,no_management,0,False
smz_split,TM48550_Hamilton_O4_SMZ,48550,448940136489998,Hamilton,private_industrial,hardwood,0.4447896866408976,100.0,True,55.0,no_management,no_management,0,False
smz_split,TM48550_Suwannee_O3_SMZ,48550,448940136489998,Suwannee,private_family,hardwood,0.2223948433204488,100.0,True,55.0,no_management,no_management,0,False
smz_split,TM48552_Columbia_O3_SMZ,48552,448940142489998,Columbia,private_family,pine,0.6671845299613464,100.0,True,24.0,no_management,no_management,0,False
smz_split,TM48552_Columbia_O4_SMZ,48552,448940142489998,Columbia,private_industrial,pine,0.2223948433204488,100.0,True,24.0,no_management,no_management,0,False
smz_split,TM48552_Union_O3_SMZ,48552,448940142489998,Union,private_family,pine,0.8895793732817951,100.0,True,24.0,no_management,no_management,0,False
smz_split,TM48556_Baker_O3_SMZ,48556,448940165489998,Baker,private_family,hardwood,0.4447896866408976,100.0,True,20.0,no_management,no_management,0,False
smz_split,TM48556_Baker_O4_SMZ,48556,448940165489998,Baker,private_industrial,hardwood,1.111974216602244,100.0,True,20.0,no_management,no_management,0,False
smz_split,TM48556_Suwannee_O3_SMZ,48556,448940165489998,Suwannee,private_family,hardwood,0.8895793732817951,100.0,True,20.0,no_management,no_management,0,False
smz_split,TM48556_Suwannee_O4_SMZ,48556,448940165489998,Suwannee,private_industrial,hardwood,0.8895793732817951,100.0,True,20.0,no_management,no_management,0,False
smz_split,TM48557_Columbia_O3_SMZ,48557,448940171489998,Columbia,private_family,pine,4.892686553049874,100.0,True,24.0,no_management,no_management,0,False
smz_split,TM48557_Columbia_O4_SMZ,48557,448940171489998,Columbia,private_industrial,pine,3.113527806486283,100.0,True,24.0,no_management,no_management,0,False
smz_split,TM48557_Columbia_O6_SMZ,48557,448940171489998,Columbia,federal,pine,0.2223948433204488,100.0,True,24.0,no_management,no_management,0,False
smz_split,TM48557_Columbia_O8_SMZ,48557,448940171489998,Columbia,local,pine,4.003107179768079,100.0,True,24.0,no_management,no_management,0,False
smz_split,TM48557_Hamilton_O3_SMZ,48557,448940171489998,Hamilton,private_family,pine,1.111974216602244,100.0,True,24.0,no_management,no_management,0,False
smz_split,TM48557_Hamilton_O7_SMZ,48557,448940171489998,Hamilton,state,pine,0.4447896866408976,100.0,True,24.0,no_management,no_management,0,False
smz_split,TM48557_Suwannee_O3_SMZ,48557,448940171489998,Suwannee,private_family,pine,2.8911329631658345,100.0,True,24.0,no_management,no_management,0,False
smz_split,TM48557_Suwannee_O4_SMZ,48557,448940171489998,Suwannee,private_industrial,pine,0.8895793732817951,100.0,True,24.0,no_management,no_management,0,False
smz_split,TM48557_Union_O3_SMZ,48557,448940171489998,Union,private_family,pine,0.2223948433204488,100.0,True,24.0,no_management,no_management,0,False
smz_split,TM48557_Union_O4_SMZ,48557,448940171489998,Union,private_industrial,pine,0.2223948433204488,100.0,True,24.0,no_management,no_management,0,False
smz_split,TM48560_Columbia_O3_SMZ,48560,448940175489998,Columbia,private_family,hardwood,0.2223948433204488,100.0,True,41.0,no_management,no_management,0,False
smz_split,TM48560_Suwannee_O3_SMZ,48560,448940175489998,Suwannee,private_family,hardwood,2.6687381198453854,100.0,True,41.0,no_management,no_management,0,False
smz_split,TM48560_Union_O3_SMZ,48560,448940175489998,Union,private_family,hardwood,0.6671845299613464,100.0,True,41.0,no_management,no_management,0,False
smz_split,TM48562_Baker_O3_SMZ,48562,448940184489998,Baker,private_family,hardwood,7.783819516215708,100.0,True,50.0,no_management,no_management,0,False
smz_split,TM48562_Baker_O4_SMZ,48562,448940184489998,Baker,private_industrial,hardwood,0.4447896866408976,100.0,True,50.0,no_management,no_management,0,False
smz_split,TM48562_Columbia_O3_SMZ,48562,448940184489998,Columbia,private_family,hardwood,0.4447896866408976,100.0,True,50.0,no_management,no_management,0,False
smz_split,TM48562_Columbia_O6_SMZ,48562,448940184489998,Columbia,federal,hardwood,3.5583174931271806,100.0,True,50.0,no_management,no_management,0,False
smz_split,TM48566_Columbia_O3_SMZ,48566,448940190489998,Columbia,private_family,hardwood,0.4447896866408976,100.0,True,150.0,no_management,no_management,0,False
smz_split,TM48566_Union_O3_SMZ,48566,448940190489998,Union,private_family,hardwood,5.115081396370321,100.0,True,150.0,no_management,no_management,0,False
smz_split,TM48566_Union_O4_SMZ,48566,448940190489998,Union,private_industrial,hardwood,0.2223948433204488,100.0,True,150.0,no_management,no_management,0,False
smz_split,TM48570_Hamilton_O4_SMZ,48570,448940205489998,Hamilton,private_industrial,pine,0.2223948433204488,100.0,True,5.0,no_management,no_management,0,False
smz_split,TM48571_Baker_O3_SMZ,48571,448940206489998,Baker,private_family,pine,1.3343690599226927,100.0,True,28.0,no_management,no_management,0,False
smz_split,TM48571_Baker_O4_SMZ,48571,448940206489998,Baker,private_industrial,pine,2.6687381198453854,100.0,True,28.0,no_management,no_management,0,False
smz_split,TM48571_Columbia_O3_SMZ,48571,448940206489998,Columbia,private_family,pine,13.566085442547376,100.0,True,28.0,no_management,no_management,0,False
smz_split,TM48571_Columbia_O4_SMZ,48571,448940206489998,Columbia,private_industrial,pine,18.2363771522768,100.0,True,28.0,no_management,no_management,0,False
smz_split,TM48571_Columbia_O6_SMZ,48571,448940206489998,Columbia,federal,pine,2.223948433204488,100.0,True,28.0,no_management,no_management,0,False
smz_split,TM48571_Columbia_O8_SMZ,48571,448940206489998,Columbia,local,pine,6.227055612972565,100.0,True,28.0,no_management,no_management,0,False
smz_split,TM48571_Hamilton_O3_SMZ,48571,448940206489998,Hamilton,private_family,pine,11.786926695983786,100.0,True,28.0,no_management,no_management,0,False
smz_split,TM48571_Hamilton_O4_SMZ,48571,448940206489998,Hamilton,private_industrial,pine,2.223948433204488,100.0,True,28.0,no_management,no_management,0,False
smz_split,TM48571_Hamilton_O7_SMZ,48571,448940206489998,Hamilton,state,pine,0.8895793732817951,100.0,True,28.0,no_management,no_management,0,False
smz_split,TM48571_Hamilton_O8_SMZ,48571,448940206489998,Hamilton,local,pine,0.6671845299613464,100.0,True,28.0,no_management,no_management,0,False
smz_split,TM48571_Suwannee_O3_SMZ,48571,448940206489998,Suwannee,private_family,pine,2.446343276524937,100.0,True,28.0,no_management,no_management,0,False
smz_split,TM48571_Suwannee_O4_SMZ,48571,448940206489998,Suwannee,private_industrial,pine,1.111974216602244,100.0,True,28.0,no_management,no_management,0,False
smz_split,TM48572_Columbia_O4_SMZ,48572,448940207489998,Columbia,private_industrial,hardwood,0.2223948433204488,100.0,True,102.0,no_management,no_management,0,False
smz_split,TM48572_Columbia_O8_SMZ,48572,448940207489998,Columbia,local,hardwood,0.8895793732817951,100.0,True,102.0,no_management,no_management,0,False
smz_split,TM48572_Suwannee_O3_SMZ,48572,448940207489998,Suwannee,private_family,hardwood,0.6671845299613464,100.0,True,102.0,no_management,no_management,0,False
smz_split,TM48572_Union_O3_SMZ,48572,448940207489998,Union,private_family,hardwood,0.8895793732817951,100.0,True,102.0,no_management,no_management,0,False
smz_split,TM48588_Baker_O3_SMZ,48588,448940337489998,Baker,private_family,hardwood,0.6671845299613464,100.0,True,20.0,no_management,no_management,0,False
smz_split,TM48588_Baker_O4_SMZ,48588,448940337489998,Baker,private_industrial,hardwood,0.6671845299613464,100.0,True,20.0,no_management,no_management,0,False
smz_split,TM48588_Columbia_O3_SMZ,48588,448940337489998,Columbia,private_family,hardwood,6.4494504562930155,100.0,True,20.0,no_management,no_management,0,False
smz_split,TM48588_Columbia_O4_SMZ,48588,448940337489998,Columbia,private_industrial,hardwood,1.3343690599226927,100.0,True,20.0,no_management,no_management,0,False
smz_split,TM48588_Columbia_O8_SMZ,48588,448940337489998,Columbia,local,hardwood,2.891132963165834,100.0,True,20.0,no_management,no_management,0,False
smz_split,TM48588_Hamilton_O3_SMZ,48588,448940337489998,Hamilton,private_family,hardwood,16.234823562392762,100.0,True,20.0,no_management,no_management,0,False
smz_split,TM48588_Hamilton_O4_SMZ,48588,448940337489998,Hamilton,private_industrial,hardwood,6.0046607696521175,100.0,True,20.0,no_management,no_management,0,False
smz_split,TM48588_Suwannee_O3_SMZ,48588,448940337489998,Suwannee,private_family,hardwood,2.001553589884039,100.0,True,20.0,no_management,no_management,0,False
smz_split,TM48588_Suwannee_O4_SMZ,48588,448940337489998,Suwannee,private_industrial,hardwood,0.8895793732817951,100.0,True,20.0,no_management,no_management,0,False
smz_split,TM48588_Suwannee_O7_SMZ,48588,448940337489998,Suwannee,state,hardwood,0.2223948433204488,100.0,True,20.0,no_management,no_management,0,False
smz_split,TM48588_Union_O3_SMZ,48588,448940337489998,Union,private_family,hardwood,0.4447896866408976,100.0,True,20.0,no_management,no_management,0,False
smz_split,TM48589_Columbia_O3_SMZ,48589,448940340489998,Columbia,private_family,pine,5.115081396370321,100.0,True,22.0,no_management,no_management,0,False
smz_split,TM48589_Columbia_O4_SMZ,48589,448940340489998,Columbia,private_industrial,pine,3.5583174931271806,100.0,True,22.0,no_management,no_management,0,False
smz_split,TM48589_Columbia_O6_SMZ,48589,448940340489998,Columbia,federal,pine,0.2223948433204488,100.0,True,22.0,no_management,no_management,0,False
smz_split,TM48589_Columbia_O8_SMZ,48589,448940340489998,Columbia,local,pine,2.446343276524937,100.0,True,22.0,no_management,no_management,0,False
smz_split,TM48589_Hamilton_O3_SMZ,48589,448940340489998,Hamilton,private_family,pine,18.01398230895635,100.0,True,22.0,no_management,no_management,0,False
smz_split,TM48589_Hamilton_O4_SMZ,48589,448940340489998,Hamilton,private_industrial,pine,10.674952479381542,100.0,True,22.0,no_management,no_management,0,False
smz_split,TM48589_Hamilton_O8_SMZ,48589,448940340489998,Hamilton,local,pine,0.2223948433204488,100.0,True,22.0,no_management,no_management,0,False
smz_split,TM48589_Suwannee_O3_SMZ,48589,448940340489998,Suwannee,private_family,pine,4.003107179768078,100.0,True,22.0,no_management,no_management,0,False
smz_split,TM48589_Suwannee_O4_SMZ,48589,448940340489998,Suwannee,private_industrial,pine,5.337476239690771,100.0,True,22.0,no_management,no_management,0,False
smz_split,TM48589_Suwannee_O8_SMZ,48589,448940340489998,Suwannee,local,pine,0.2223948433204488,100.0,True,22.0,no_management,no_management,0,False
smz_split,TM48590_Hamilton_O3_SMZ,48590,448940341489998,Hamilton,private_family,hardwood,0.2223948433204488,100.0,True,92.0,no_management,no_management,0,False
smz_split,TM48592_Columbia_O3_SMZ,48592,448940348489998,Columbia,private_family,hardwood,22.239484332044878,100.0,True,75.0,no_management,no_management,0,False
smz_split,TM48592_Columbia_O4_SMZ,48592,448940348489998,Columbia,private_industrial,hardwood,2.6687381198453854,100.0,True,75.0,no_management,no_management,0,False
smz_split,TM48592_Columbia_O8_SMZ,48592,448940348489998,Columbia,local,hardwood,5.337476239690771,100.0,True,75.0,no_management,no_management,0,False
smz_split,TM48592_Hamilton_O3_SMZ,48592,448940348489998,Hamilton,private_family,hardwood,58.48984379327803,100.0,True,75.0,no_management,no_management,0,False
smz_split,TM48592_Hamilton_O4_SMZ,48592,448940348489998,Hamilton,private_industrial,hardwood,18.236377152276802,100.0,True,75.0,no_management,no_management,0,False
smz_split,TM48592_Hamilton_O6_SMZ,48592,448940348489998,Hamilton,federal,hardwood,0.2223948433204488,100.0,True,75.0,no_management,no_management,0,False
smz_split,TM48592_Hamilton_O7_SMZ,48592,448940348489998,Hamilton,state,hardwood,0.2223948433204488,100.0,True,75.0,no_management,no_management,0,False
smz_split,TM48592_Hamilton_O8_SMZ,48592,448940348489998,Hamilton,local,hardwood,0.6671845299613464,100.0,True,75.0,no_management,no_management,0,False
smz_split,TM48592_Suwannee_O3_SMZ,48592,448940348489998,Suwannee,private_family,hardwood,52.04039333698501,100.0,True,75.0,no_management,no_management,0,False
smz_split,TM48592_Suwannee_O4_SMZ,48592,448940348489998,Suwannee,private_industrial,hardwood,10.89734732270199,100.0,True,75.0,no_management,no_management,0,False
smz_split,TM48592_Suwannee_O7_SMZ,48592,448940348489998,Suwannee,state,hardwood,0.4447896866408976,100.0,True,75.0,no_management,no_management,0,False
smz_split,TM48592_Suwannee_O8_SMZ,48592,448940348489998,Suwannee,local,hardwood,0.4447896866408976,100.0,True,75.0,no_management,no_management,0,False
smz_split,TM48594_Columbia_O3_SMZ,48594,448940350489998,Columbia,private_family,hardwood,4.670291709729424,100.0,True,41.0,no_management,no_management,0,False
smz_split,TM48594_Columbia_O4_SMZ,48594,448940350489998,Columbia,private_industrial,hardwood,0.4447896866408976,100.0,True,41.0,no_management,no_management,0,False
smz_split,TM48594_Columbia_O8_SMZ,48594,448940350489998,Columbia,local,hardwood,0.2223948433204488,100.0,True,41.0,no_management,no_management,0,False
smz_split,TM48594_Hamilton_O3_SMZ,48594,448940350489998,Hamilton,private_family,hardwood,9.562978262779298,100.0,True,41.0,no_management,no_management,0,False
smz_split,TM48594_Hamilton_O4_SMZ,48594,448940350489998,Hamilton,private_industrial,hardwood,0.2223948433204488,100.0,True,41.0,no_management,no_management,0,False
smz_split,TM48594_Suwannee_O3_SMZ,48594,448940350489998,Suwannee,private_family,hardwood,16.902008092354105,100.0,True,41.0,no_management,no_management,0,False
smz_split,TM48594_Suwannee_O4_SMZ,48594,448940350489998,Suwannee,private_industrial,hardwood,1.111974216602244,100.0,True,41.0,no_management,no_management,0,False
smz_split,TM48595_Baker_O3_SMZ,48595,448940352489998,Baker,private_family,hardwood,9.562978262779296,100.0,True,60.0,no_management,no_management,0,False
smz_split,TM48595_Baker_O4_SMZ,48595,448940352489998,Baker,private_industrial,hardwood,5.337476239690771,100.0,True,60.0,no_management,no_management,0,False
smz_split,TM48595_Baker_O8_SMZ,48595,448940352489998,Baker,local,hardwood,0.8895793732817951,100.0,True,60.0,no_management,no_management,0,False
smz_split,TM48595_Columbia_O3_SMZ,48595,448940352489998,Columbia,private_family,hardwood,2.4463432765249364,100.0,True,60.0,no_management,no_management,0,False
smz_split,TM48595_Columbia_O4_SMZ,48595,448940352489998,Columbia,private_industrial,hardwood,0.6671845299613464,100.0,True,60.0,no_management,no_management,0,False
smz_split,TM48595_Columbia_O6_SMZ,48595,448940352489998,Columbia,federal,hardwood,0.2223948433204488,100.0,True,60.0,no_management,no_management,0,False
smz_split,TM48595_Columbia_O8_SMZ,48595,448940352489998,Columbia,local,hardwood,0.2223948433204488,100.0,True,60.0,no_management,no_management,0,False
smz_split,TM48595_Hamilton_O3_SMZ,48595,448940352489998,Hamilton,private_family,hardwood,4.225502023088526,100.0,True,60.0,no_management,no_management,0,False
smz_split,TM48595_Hamilton_O4_SMZ,48595,448940352489998,Hamilton,private_industrial,hardwood,9.785373106099746,100.0,True,60.0,no_management,no_management,0,False
smz_split,TM48595_Suwannee_O3_SMZ,48595,448940352489998,Suwannee,private_family,hardwood,4.892686553049873,100.0,True,60.0,no_management,no_management,0,False
smz_split,TM48595_Suwannee_O4_SMZ,48595,448940352489998,Suwannee,private_industrial,hardwood,1.111974216602244,100.0,True,60.0,no_management,no_management,0,False
smz_split,TM48595_Union_O3_SMZ,48595,448940352489998,Union,private_family,hardwood,1.7791587465635903,100.0,True,60.0,no_management,no_management,0,False
smz_split,TM48595_Union_O7_SMZ,48595,448940352489998,Union,state,hardwood,1.111974216602244,100.0,True,60.0,no_management,no_management,0,False
smz_split,TM48596_Baker_O3_SMZ,48596,448940355489998,Baker,private_family,hardwood,66.27366330949374,100.0,True,101.0,no_management,no_management,0,False
smz_split,TM48596_Baker_O4_SMZ,48596,448940355489998,Baker,private_industrial,hardwood,15.790033875751863,100.0,True,101.0,no_management,no_management,0,False
smz_split,TM48596_Baker_O7_SMZ,48596,448940355489998,Baker,state,hardwood,0.6671845299613464,100.0,True,101.0,no_management,no_management,0,False
smz_split,TM48596_Baker_O8_SMZ,48596,448940355489998,Baker,local,hardwood,3.5583174931271806,100.0,True,101.0,no_management,no_management,0,False
smz_split,TM48596_Columbia_O3_SMZ,48596,448940355489998,Columbia,private_family,hardwood,76.05903641559348,100.0,True,101.0,no_management,no_management,0,False
smz_split,TM48596_Columbia_O4_SMZ,48596,448940355489998,Columbia,private_industrial,hardwood,43.589389290807965,100.0,True,101.0,no_management,no_management,0,False
smz_split,TM48596_Columbia_O6_SMZ,48596,448940355489998,Columbia,federal,hardwood,7.33902982957481,100.0,True,101.0,no_management,no_management,0,False
smz_split,TM48596_Columbia_O8_SMZ,48596,448940355489998,Columbia,local,hardwood,25.79780182517206,100.0,True,101.0,no_management,no_management,0,False
smz_split,TM48596_Hamilton_O3_SMZ,48596,448940355489998,Hamilton,private_family,hardwood,95.40738778447253,100.0,True,101.0,no_management,no_management,0,False
smz_split,TM48596_Hamilton_O4_SMZ,48596,448940355489998,Hamilton,private_industrial,hardwood,18.236377152276802,100.0,True,101.0,no_management,no_management,0,False
smz_split,TM48596_Hamilton_O6_SMZ,48596,448940355489998,Hamilton,federal,hardwood,0.8895793732817951,100.0,True,101.0,no_management,no_management,0,False
smz_split,TM48596_Hamilton_O7_SMZ,48596,448940355489998,Hamilton,state,hardwood,3.780712336447629,100.0,True,101.0,no_management,no_management,0,False
smz_split,TM48596_Suwannee_O3_SMZ,48596,448940355489998,Suwannee,private_family,hardwood,54.04194692686906,100.0,True,101.0,no_management,no_management,0,False
smz_split,TM48596_Suwannee_O4_SMZ,48596,448940355489998,Suwannee,private_industrial,hardwood,7.783819516215708,100.0,True,101.0,no_management,no_management,0,False
smz_split,TM48596_Suwannee_O7_SMZ,48596,448940355489998,Suwannee,state,hardwood,0.2223948433204488,100.0,True,101.0,no_management,no_management,0,False
smz_split,TM48596_Suwannee_O8_SMZ,48596,448940355489998,Suwannee,local,hardwood,0.4447896866408976,100.0,True,101.0,no_management,no_management,0,False
smz_split,TM48596_Union_O3_SMZ,48596,448940355489998,Union,private_family,hardwood,25.797801825172062,100.0,True,101.0,no_management,no_management,0,False
smz_split,TM48596_Union_O4_SMZ,48596,448940355489998,Union,private_industrial,hardwood,5.115081396370321,100.0,True,101.0,no_management,no_management,0,False
smz_split,TM48596_Union_O7_SMZ,48596,448940355489998,Union,state,hardwood,2.223948433204488,100.0,True,101.0,no_management,no_management,0,False
smz_split,TM48597_Columbia_O6_SMZ,48597,448940360489998,Columbia,federal,hardwood,0.2223948433204488,100.0,True,40.0,no_management,no_management,0,False
smz_split,TM48598_Columbia_O3_SMZ,48598,448940363489998,Columbia,private_family,hardwood,0.2223948433204488,100.0,True,91.0,no_management,no_management,0,False
smz_split,TM48598_Columbia_O4_SMZ,48598,448940363489998,Columbia,private_industrial,hardwood,0.2223948433204488,100.0,True,91.0,no_management,no_management,0,False
smz_split,TM48598_Hamilton_O3_SMZ,48598,448940363489998,Hamilton,private_family,hardwood,0.6671845299613464,100.0,True,91.0,no_management,no_management,0,False
smz_split,TM48598_Suwannee_O3_SMZ,48598,448940363489998,Suwannee,private_family,hardwood,0.4447896866408976,100.0,True,91.0,no_management,no_management,0,False
smz_split,TM48607_Baker_O3_SMZ,48607,448940384489998,Baker,private_family,hardwood,1.111974216602244,100.0,True,46.0,no_management,no_management,0,False
smz_split,TM48607_Baker_O4_SMZ,48607,448940384489998,Baker,private_industrial,hardwood,0.4447896866408976,100.0,True,46.0,no_management,no_management,0,False
smz_split,TM48607_Columbia_O3_SMZ,48607,448940384489998,Columbia,private_family,hardwood,2.6687381198453854,100.0,True,46.0,no_management,no_management,0,False
smz_split,TM48607_Columbia_O4_SMZ,48607,448940384489998,Columbia,private_industrial,hardwood,1.7791587465635903,100.0,True,46.0,no_management,no_management,0,False
smz_split,TM48607_Columbia_O8_SMZ,48607,448940384489998,Columbia,local,hardwood,0.6671845299613464,100.0,True,46.0,no_management,no_management,0,False
smz_split,TM48607_Hamilton_O4_SMZ,48607,448940384489998,Hamilton,private_industrial,hardwood,0.2223948433204488,100.0,True,46.0,no_management,no_management,0,False
smz_split,TM48607_Suwannee_O3_SMZ,48607,448940384489998,Suwannee,private_family,hardwood,1.3343690599226927,100.0,True,46.0,no_management,no_management,0,False
smz_split,TM48607_Suwannee_O4_SMZ,48607,448940384489998,Suwannee,private_industrial,hardwood,1.5567639032431415,100.0,True,46.0,no_management,no_management,0,False
smz_split,TM48607_Union_O3_SMZ,48607,448940384489998,Union,private_family,hardwood,1.5567639032431415,100.0,True,46.0,no_management,no_management,0,False
smz_split,TM48607_Union_O4_SMZ,48607,448940384489998,Union,private_industrial,hardwood,0.6671845299613464,100.0,True,46.0,no_management,no_management,0,False
smz_split,TM48608_Columbia_O3_SMZ,48608,448940387489998,Columbia,private_family,hardwood,6.227055612972566,100.0,True,107.0,no_management,no_management,0,False
smz_split,TM48608_Columbia_O4_SMZ,48608,448940387489998,Columbia,private_industrial,hardwood,0.4447896866408976,100.0,True,107.0,no_management,no_management,0,False
smz_split,TM48608_Columbia_O7_SMZ,48608,448940387489998,Columbia,state,hardwood,0.4447896866408976,100.0,True,107.0,no_management,no_management,0,False
smz_split,TM48608_Suwannee_O3_SMZ,48608,448940387489998,Suwannee,private_family,hardwood,0.8895793732817951,100.0,True,107.0,no_management,no_management,0,False
smz_split,TM48608_Union_O3_SMZ,48608,448940387489998,Union,private_family,hardwood,28.466539945017445,100.0,True,107.0,no_management,no_management,0,False
smz_split,TM48608_Union_O4_SMZ,48608,448940387489998,Union,private_industrial,hardwood,2.6687381198453854,100.0,True,107.0,no_management,no_management,0,False
smz_split,TM48608_Union_O7_SMZ,48608,448940387489998,Union,state,hardwood,0.6671845299613464,100.0,True,107.0,no_management,no_management,0,False
smz_split,TM48608_Union_O8_SMZ,48608,448940387489998,Union,local,hardwood,0.4447896866408976,100.0,True,107.0,no_management,no_management,0,False
smz_split,TM48609_Union_O3_SMZ,48609,448940391489998,Union,private_family,other,2.446343276524937,100.0,True,19.0,no_management,no_management,0,False
smz_split,TM48609_Union_O4_SMZ,48609,448940391489998,Union,private_industrial,other,2.446343276524937,100.0,True,19.0,no_management,no_management,0,False
smz_split,TM48609_Union_O8_SMZ,48609,448940391489998,Union,local,other,0.4447896866408976,100.0,True,19.0,no_management,no_management,0,False
smz_split,TM48627_Columbia_O3_SMZ,48627,448940560489998,Columbia,private_family,pine,0.4447896866408976,100.0,True,24.0,no_management,no_management,0,False
smz_split,TM48627_Union_O3_SMZ,48627,448940560489998,Union,private_family,pine,0.6671845299613464,100.0,True,24.0,no_management,no_management,0,False
smz_split,TM48632_Baker_O3_SMZ,48632,448940577489998,Baker,private_family,pine,28.021750258376546,100.0,True,25.0,no_management,no_management,0,False
smz_split,TM48632_Baker_O4_SMZ,48632,448940577489998,Baker,private_industrial,pine,2.446343276524937,100.0,True,25.0,no_management,no_management,0,False
smz_split,TM48632_Baker_O6_SMZ,48632,448940577489998,Baker,federal,pine,0.2223948433204488,100.0,True,25.0,no_management,no_management,0,False
smz_split,TM48632_Baker_O7_SMZ,48632,448940577489998,Baker,state,pine,1.111974216602244,100.0,True,25.0,no_management,no_management,0,False
smz_split,TM48632_Columbia_O3_SMZ,48632,448940577489998,Columbia,private_family,pine,0.2223948433204488,100.0,True,25.0,no_management,no_management,0,False
smz_split,TM48632_Columbia_O6_SMZ,48632,448940577489998,Columbia,federal,pine,18.01398230895635,100.0,True,25.0,no_management,no_management,0,False
smz_split,TM48632_Columbia_O8_SMZ,48632,448940577489998,Columbia,local,pine,0.2223948433204488,100.0,True,25.0,no_management,no_management,0,False
smz_split,TM48632_Hamilton_O3_SMZ,48632,448940577489998,Hamilton,private_family,pine,0.4447896866408976,100.0,True,25.0,no_management,no_management,0,False
smz_split,TM48632_Hamilton_O4_SMZ,48632,448940577489998,Hamilton,private_industrial,pine,0.4447896866408976,100.0,True,25.0,no_management,no_management,0,False
smz_split,TM48633_Baker_O3_SMZ,48633,448940579489998,Baker,private_family,pine,4.892686553049874,100.0,True,18.0,no_management,no_management,0,False
smz_split,TM48633_Baker_O6_SMZ,48633,448940579489998,Baker,federal,pine,0.2223948433204488,100.0,True,18.0,no_management,no_management,0,False
smz_split,TM48634_Baker_O3_SMZ,48634,448940584489998,Baker,private_family,pine,25.79780182517206,100.0,True,40.0,no_management,no_management,0,False
smz_split,TM48634_Baker_O6_SMZ,48634,448940584489998,Baker,federal,pine,0.2223948433204488,100.0,True,40.0,no_management,no_management,0,False
smz_split,TM48634_Columbia_O6_SMZ,48634,448940584489998,Columbia,federal,pine,60.93618706980297,100.0,True,40.0,no_management,no_management,0,False
smz_split,TM48634_Hamilton_O3_SMZ,48634,448940584489998,Hamilton,private_family,pine,0.4447896866408976,100.0,True,40.0,no_management,no_management,0,False
smz_split,TM48634_Hamilton_O7_SMZ,48634,448940584489998,Hamilton,state,pine,2.6687381198453854,100.0,True,40.0,no_management,no_management,0,False
smz_split,TM48636_Baker_O3_SMZ,48636,448940596489998,Baker,private_family,hardwood,2.6687381198453854,100.0,True,78.0,no_management,no_management,0,False
smz_split,TM48636_Baker_O4_SMZ,48636,448940596489998,Baker,private_industrial,hardwood,1.3343690599226927,100.0,True,78.0,no_management,no_management,0,False
smz_split,TM48636_Columbia_O4_SMZ,48636,448940596489998,Columbia,private_industrial,hardwood,0.4447896866408976,100.0,True,78.0,no_management,no_management,0,False
smz_split,TM48636_Union_O3_SMZ,48636,448940596489998,Union,private_family,hardwood,9.785373106099746,100.0,True,78.0,no_management,no_management,0,False
smz_split,TM48636_Union_O4_SMZ,48636,448940596489998,Union,private_industrial,hardwood,0.4447896866408976,100.0,True,78.0,no_management,no_management,0,False
smz_split,TM48658_Baker_O3_SMZ,48658,448940864489998,Baker,private_family,pine,14.010875129188275,100.0,True,28.0,no_management,no_management,0,False
smz_split,TM48658_Baker_O4_SMZ,48658,448940864489998,Baker,private_industrial,pine,4.892686553049874,100.0,True,28.0,no_management,no_management,0,False
smz_split,TM48658_Baker_O7_SMZ,48658,448940864489998,Baker,state,pine,0.4447896866408976,100.0,True,28.0,no_management,no_management,0,False
smz_split,TM48658_Baker_O8_SMZ,48658,448940864489998,Baker,local,pine,0.8895793732817951,100.0,True,28.0,no_management,no_management,0,False
smz_split,TM48658_Columbia_O3_SMZ,48658,448940864489998,Columbia,private_family,pine,35.360780087951355,100.0,True,28.0,no_management,no_management,0,False
smz_split,TM48658_Columbia_O4_SMZ,48658,448940864489998,Columbia,private_industrial,pine,8.673398889497502,100.0,True,28.0,no_management,no_management,0,False
smz_split,TM48658_Columbia_O6_SMZ,48658,448940864489998,Columbia,federal,pine,8.451004046177054,100.0,True,28.0,no_management,no_management,0,False
smz_split,TM48658_Columbia_O8_SMZ,48658,448940864489998,Columbia,local,pine,3.113527806486283,100.0,True,28.0,no_management,no_management,0,False
smz_split,TM48658_Hamilton_O3_SMZ,48658,448940864489998,Hamilton,private_family,pine,18.236377152276802,100.0,True,28.0,no_management,no_management,0,False
smz_split,TM48658_Hamilton_O4_SMZ,48658,448940864489998,Hamilton,private_industrial,pine,13.343690599226928,100.0,True,28.0,no_management,no_management,0,False
smz_split,TM48658_Hamilton_O7_SMZ,48658,448940864489998,Hamilton,state,pine,0.6671845299613464,100.0,True,28.0,no_management,no_management,0,False
smz_split,TM48658_Hamilton_O8_SMZ,48658,448940864489998,Hamilton,local,pine,0.2223948433204488,100.0,True,28.0,no_management,no_management,0,False
smz_split,TM48658_Suwannee_O3_SMZ,48658,448940864489998,Suwannee,private_family,pine,15.345244189110964,100.0,True,28.0,no_management,no_management,0,False
smz_split,TM48658_Suwannee_O4_SMZ,48658,448940864489998,Suwannee,private_industrial,pine,3.5583174931271806,100.0,True,28.0,no_management,no_management,0,False
smz_split,TM48658_Union_O3_SMZ,48658,448940864489998,Union,private_family,pine,19.348351368879044,100.0,True,28.0,no_management,no_management,0,False
smz_split,TM48658_Union_O4_SMZ,48658,448940864489998,Union,private_industrial,pine,0.8895793732817951,100.0,True,28.0,no_management,no_management,0,False
smz_split,TM48660_Baker_O4_SMZ,48660,448940876489998,Baker,private_industrial,other,0.4447896866408976,100.0,True,0.0,no_management,no_management,0,False
smz_split,TM48661_Union_O3_SMZ,48661,448940879489998,Union,private_family,hardwood,0.2223948433204488,100.0,True,29.0,no_management,no_management,0,False
smz_split,TM48668_Baker_O3_SMZ,48668,448940993489998,Baker,private_family,pine,1.7791587465635903,100.0,True,37.0,no_management,no_management,0,False
smz_split,TM48668_Baker_O4_SMZ,48668,448940993489998,Baker,private_industrial,pine,0.6671845299613464,100.0,True,37.0,no_management,no_management,0,False
smz_split,TM48668_Columbia_O4_SMZ,48668,448940993489998,Columbia,private_industrial,pine,0.4447896866408976,100.0,True,37.0,no_management,no_management,0,False
smz_split,TM48668_Hamilton_O4_SMZ,48668,448940993489998,Hamilton,private_industrial,pine,0.2223948433204488,100.0,True,37.0,no_management,no_management,0,False
smz_split,TM48668_Union_O3_SMZ,48668,448940993489998,Union,private_family,pine,8.895793732817951,100.0,True,37.0,no_management,no_management,0,False
smz_split,TM48668_Union_O4_SMZ,48668,448940993489998,Union,private_industrial,pine,0.6671845299613464,100.0,True,37.0,no_management,no_management,0,False
smz_split,TM48668_Union_O7_SMZ,48668,448940993489998,Union,state,pine,0.4447896866408976,100.0,True,37.0,no_management,no_management,0,False
smz_split,TM48668_Union_O8_SMZ,48668,448940993489998,Union,local,pine,0.2223948433204488,100.0,True,37.0,no_management,no_management,0,False
smz_split,TM48670_Baker_O3_SMZ,48670,448940999489998,Baker,private_family,hardwood,62.048161286405204,100.0,True,69.0,no_management,no_management,0,False
smz_split,TM48670_Baker_O4_SMZ,48670,448940999489998,Baker,private_industrial,hardwood,31.802462594824178,100.0,True,69.0,no_management,no_management,0,False
smz_split,TM48670_Baker_O7_SMZ,48670,448940999489998,Baker,state,hardwood,0.2223948433204488,100.0,True,69.0,no_management,no_management,0,False
smz_split,TM48670_Baker_O8_SMZ,48670,448940999489998,Baker,local,hardwood,0.8895793732817951,100.0,True,69.0,no_management,no_management,0,False
smz_split,TM48670_Columbia_O3_SMZ,48670,448940999489998,Columbia,private_family,hardwood,0.6671845299613464,100.0,True,69.0,no_management,no_management,0,False
smz_split,TM48670_Union_O3_SMZ,48670,448940999489998,Union,private_family,hardwood,12.009321539304235,100.0,True,69.0,no_management,no_management,0,False
smz_split,TM48670_Union_O4_SMZ,48670,448940999489998,Union,private_industrial,hardwood,1.3343690599226927,100.0,True,69.0,no_management,no_management,0,False
smz_split,TM48670_Union_O7_SMZ,48670,448940999489998,Union,state,hardwood,0.2223948433204488,100.0,True,69.0,no_management,no_management,0,False
smz_split,TM48671_Baker_O3_SMZ,48671,448941000489998,Baker,private_family,other,0.2223948433204488,100.0,True,52.0,no_management,no_management,0,False
smz_split,TM48671_Columbia_O3_SMZ,48671,448941000489998,Columbia,private_family,other,1.7791587465635903,100.0,True,52.0,no_management,no_management,0,False
smz_split,TM48671_Columbia_O4_SMZ,48671,448941000489998,Columbia,private_industrial,other,0.4447896866408976,100.0,True,52.0,no_management,no_management,0,False
smz_split,TM48671_Columbia_O6_SMZ,48671,448941000489998,Columbia,federal,other,0.2223948433204488,100.0,True,52.0,no_management,no_management,0,False
smz_split,TM48671_Columbia_O8_SMZ,48671,448941000489998,Columbia,local,other,0.2223948433204488,100.0,True,52.0,no_management,no_management,0,False
smz_split,TM48671_Hamilton_O3_SMZ,48671,448941000489998,Hamilton,private_family,other,0.8895793732817951,100.0,True,52.0,no_management,no_management,0,False
smz_split,TM48671_Suwannee_O3_SMZ,48671,448941000489998,Suwannee,private_family,other,0.4447896866408976,100.0,True,52.0,no_management,no_management,0,False
smz_split,TM48671_Suwannee_O4_SMZ,48671,448941000489998,Suwannee,private_industrial,other,0.2223948433204488,100.0,True,52.0,no_management,no_management,0,False
smz_split,TM48671_Union_O3_SMZ,48671,448941000489998,Union,private_family,other,0.2223948433204488,100.0,True,52.0,no_management,no_management,0,False
smz_split,TM48672_Baker_O3_SMZ,48672,448941001489998,Baker,private_family,pine,7.116634986254361,100.0,True,32.0,no_management,no_management,0,False
smz_split,TM48672_Baker_O4_SMZ,48672,448941001489998,Baker,private_industrial,pine,2.4463432765249364,100.0,True,32.0,no_management,no_management,0,False
smz_split,TM48672_Columbia_O3_SMZ,48672,448941001489998,Columbia,private_family,pine,1.111974216602244,100.0,True,32.0,no_management,no_management,0,False
smz_split,TM48672_Columbia_O4_SMZ,48672,448941001489998,Columbia,private_industrial,pine,0.6671845299613464,100.0,True,32.0,no_management,no_management,0,False
smz_split,TM48672_Columbia_O8_SMZ,48672,448941001489998,Columbia,local,pine,2.001553589884039,100.0,True,32.0,no_management,no_management,0,False
smz_split,TM48672_Hamilton_O3_SMZ,48672,448941001489998,Hamilton,private_family,pine,1.3343690599226927,100.0,True,32.0,no_management,no_management,0,False
smz_split,TM48672_Suwannee_O3_SMZ,48672,448941001489998,Suwannee,private_family,pine,2.891132963165834,100.0,True,32.0,no_management,no_management,0,False
smz_split,TM48672_Suwannee_O4_SMZ,48672,448941001489998,Suwannee,private_industrial,pine,0.4447896866408976,100.0,True,32.0,no_management,no_management,0,False
smz_split,TM48672_Suwannee_O8_SMZ,48672,448941001489998,Suwannee,local,pine,0.2223948433204488,100.0,True,32.0,no_management,no_management,0,False
smz_split,TM48672_Union_O3_SMZ,48672,448941001489998,Union,private_family,pine,11.119742166022439,100.0,True,32.0,no_management,no_management,0,False
smz_split,TM48672_Union_O4_SMZ,48672,448941001489998,Union,private_industrial,pine,0.4447896866408976,100.0,True,32.0,no_management,no_management,0,False
smz_split,TM48676_Baker_O3_SMZ,48676,448941011489998,Baker,private_family,pine,0.4447896866408976,100.0,True,38.0,no_management,no_management,0,False
smz_split,TM48676_Baker_O4_SMZ,48676,448941011489998,Baker,private_industrial,pine,0.2223948433204488,100.0,True,38.0,no_management,no_management,0,False
smz_split,TM48676_Baker_O6_SMZ,48676,448941011489998,Baker,federal,pine,0.4447896866408976,100.0,True,38.0,no_management,no_management,0,False
smz_split,TM48676_Columbia_O4_SMZ,48676,448941011489998,Columbia,private_industrial,pine,0.2223948433204488,100.0,True,38.0,no_management,no_management,0,False
smz_split,TM48676_Columbia_O6_SMZ,48676,448941011489998,Columbia,federal,pine,0.4447896866408976,100.0,True,38.0,no_management,no_management,0,False
smz_split,TM48676_Columbia_O8_SMZ,48676,448941011489998,Columbia,local,pine,0.2223948433204488,100.0,True,38.0,no_management,no_management,0,False
smz_split,TM48676_Hamilton_O4_SMZ,48676,448941011489998,Hamilton,private_industrial,pine,0.6671845299613464,100.0,True,38.0,no_management,no_management,0,False
smz_split,TM49948_Hamilton_O3_SMZ,49948,451136155489998,Hamilton,private_family,hardwood,1.5567639032431415,100.0,True,56.0,no_management,no_management,0,False
smz_split,TM49948_Hamilton_O4_SMZ,49948,451136155489998,Hamilton,private_industrial,hardwood,4.225502023088527,100.0,True,56.0,no_management,no_management,0,False
smz_split,TM50098_Baker_O3_SMZ,50098,451136592489998,Baker,private_family,hardwood,62.71534581636656,100.0,True,26.0,no_management,no_management,0,False
smz_split,TM50098_Baker_O4_SMZ,50098,451136592489998,Baker,private_industrial,hardwood,10.89734732270199,100.0,True,26.0,no_management,no_management,0,False
smz_split,TM50098_Baker_O7_SMZ,50098,451136592489998,Baker,state,hardwood,0.6671845299613464,100.0,True,26.0,no_management,no_management,0,False
smz_split,TM50098_Baker_O8_SMZ,50098,451136592489998,Baker,local,hardwood,10.007767949420195,100.0,True,26.0,no_management,no_management,0,False
smz_split,TM50098_Hamilton_O3_SMZ,50098,451136592489998,Hamilton,private_family,hardwood,0.2223948433204488,100.0,True,26.0,no_management,no_management,0,False
smz_split,TM50098_Union_O3_SMZ,50098,451136592489998,Union,private_family,hardwood,2.891132963165834,100.0,True,26.0,no_management,no_management,0,False
smz_split,TM50098_Union_O4_SMZ,50098,451136592489998,Union,private_industrial,hardwood,0.4447896866408976,100.0,True,26.0,no_management,no_management,0,False
smz_split,TM50098_Union_O7_SMZ,50098,451136592489998,Union,state,hardwood,6.227055612972566,100.0,True,26.0,no_management,no_management,0,False
smz_split,TM50107_Hamilton_O3_SMZ,50107,451136641489998,Hamilton,private_family,hardwood,0.2223948433204488,100.0,True,20.0,no_management,no_management,0,False
smz_split,TM50107_Suwannee_O3_SMZ,50107,451136641489998,Suwannee,private_family,hardwood,0.2223948433204488,100.0,True,20.0,no_management,no_management,0,False
smz_split,TM50146_Columbia_O3_SMZ,50146,451136772489998,Columbia,private_family,pine,0.6671845299613464,100.0,True,16.0,no_management,no_management,0,False
smz_split,TM50146_Hamilton_O3_SMZ,50146,451136772489998,Hamilton,private_family,pine,2.223948433204488,100.0,True,16.0,no_management,no_management,0,False
smz_split,TM50146_Hamilton_O4_SMZ,50146,451136772489998,Hamilton,private_industrial,pine,0.6671845299613464,100.0,True,16.0,no_management,no_management,0,False
smz_split,TM50146_Suwannee_O3_SMZ,50146,451136772489998,Suwannee,private_family,pine,0.6671845299613464,100.0,True,16.0,no_management,no_management,0,False
smz_split,TM50147_Columbia_O3_SMZ,50147,451136773489998,Columbia,private_family,hardwood,0.4447896866408976,100.0,True,68.0,no_management,no_management,0,False
smz_split,TM50147_Columbia_O8_SMZ,50147,451136773489998,Columbia,local,hardwood,3.335922649806732,100.0,True,68.0,no_management,no_management,0,False
smz_split,TM50147_Hamilton_O3_SMZ,50147,451136773489998,Hamilton,private_family,hardwood,42.03262538756482,100.0,True,68.0,no_management,no_management,0,False
smz_split,TM50147_Hamilton_O4_SMZ,50147,451136773489998,Hamilton,private_industrial,hardwood,8.895793732817951,100.0,True,68.0,no_management,no_management,0,False
smz_split,TM50154_Hamilton_O3_SMZ,50154,451136790489998,Hamilton,private_family,hardwood,0.4447896866408976,100.0,True,50.0,no_management,no_management,0,False
smz_split,TM50155_Columbia_O3_SMZ,50155,451136792489998,Columbia,private_family,other,0.4447896866408976,100.0,True,96.0,no_management,no_management,0,False
smz_split,TM50155_Columbia_O8_SMZ,50155,451136792489998,Columbia,local,other,1.3343690599226927,100.0,True,96.0,no_management,no_management,0,False
smz_split,TM50155_Hamilton_O3_SMZ,50155,451136792489998,Hamilton,private_family,other,7.783819516215708,100.0,True,96.0,no_management,no_management,0,False
smz_split,TM50155_Hamilton_O4_SMZ,50155,451136792489998,Hamilton,private_industrial,other,2.446343276524937,100.0,True,96.0,no_management,no_management,0,False
smz_split,TM50155_Hamilton_O8_SMZ,50155,451136792489998,Hamilton,local,other,0.4447896866408976,100.0,True,96.0,no_management,no_management,0,False
smz_split,TM50155_Suwannee_O3_SMZ,50155,451136792489998,Suwannee,private_family,other,2.6687381198453854,100.0,True,96.0,no_management,no_management,0,False
smz_split,TM50155_Suwannee_O4_SMZ,50155,451136792489998,Suwannee,private_industrial,other,0.2223948433204488,100.0,True,96.0,no_management,no_management,0,False
smz_split,TM50160_Hamilton_O3_SMZ,50160,451136801489998,Hamilton,private_family,pine,1.111974216602244,100.0,True,24.0,no_management,no_management,0,False
smz_split,TM50160_Hamilton_O4_SMZ,50160,451136801489998,Hamilton,private_industrial,pine,0.2223948433204488,100.0,True,24.0,no_management,no_management,0,False
smz_split,TM50161_Hamilton_O3_SMZ,50161,451136803489998,Hamilton,private_family,hardwood,0.2223948433204488,100.0,True,46.0,no_management,no_management,0,False
smz_split,TM50161_Hamilton_O4_SMZ,50161,451136803489998,Hamilton,private_industrial,hardwood,0.2223948433204488,100.0,True,46.0,no_management,no_management,0,False
smz_split,TM50161_Suwannee_O4_SMZ,50161,451136803489998,Suwannee,private_industrial,hardwood,0.6671845299613464,100.0,True,46.0,no_management,no_management,0,False
smz_split,TM50163_Columbia_O3_SMZ,50163,451136805489998,Columbia,private_family,hardwood,0.4447896866408976,100.0,True,10.0,no_management,no_management,0,False
smz_split,TM50163_Hamilton_O3_SMZ,50163,451136805489998,Hamilton,private_family,hardwood,0.4447896866408976,100.0,True,10.0,no_management,no_management,0,False
smz_split,TM50163_Hamilton_O4_SMZ,50163,451136805489998,Hamilton,private_industrial,hardwood,0.4447896866408976,100.0,True,10.0,no_management,no_management,0,False
smz_split,TM50163_Suwannee_O3_SMZ,50163,451136805489998,Suwannee,private_family,hardwood,0.4447896866408976,100.0,True,10.0,no_management,no_management,0,False
smz_split,TM50179_Columbia_O3_SMZ,50179,451136876489998,Columbia,private_family,hardwood,2.6687381198453854,100.0,True,55.0,no_management,no_management,0,False
smz_split,TM50179_Columbia_O4_SMZ,50179,451136876489998,Columbia,private_industrial,hardwood,1.111974216602244,100.0,True,55.0,no_management,no_management,0,False
smz_split,TM50179_Columbia_O6_SMZ,50179,451136876489998,Columbia,federal,hardwood,1.3343690599226927,100.0,True,55.0,no_management,no_management,0,False
smz_split,TM50179_Hamilton_O3_SMZ,50179,451136876489998,Hamilton,private_family,hardwood,19.793141055519943,100.0,True,55.0,no_management,no_management,0,False
smz_split,TM50179_Hamilton_O4_SMZ,50179,451136876489998,Hamilton,private_industrial,hardwood,15.345244189110968,100.0,True,55.0,no_management,no_management,0,False
smz_split,TM50179_Hamilton_O8_SMZ,50179,451136876489998,Hamilton,local,hardwood,2.001553589884039,100.0,True,55.0,no_management,no_management,0,False
smz_split,TM50179_Suwannee_O3_SMZ,50179,451136876489998,Suwannee,private_family,hardwood,1.7791587465635903,100.0,True,55.0,no_management,no_management,0,False
smz_split,TM50179_Suwannee_O4_SMZ,50179,451136876489998,Suwannee,private_industrial,hardwood,1.3343690599226927,100.0,True,55.0,no_management,no_management,0,False
smz_split,TM50183_Baker_O3_SMZ,50183,451136888489998,Baker,private_family,hardwood,60.26900253984162,100.0,True,52.0,no_management,no_management,0,False
smz_split,TM50183_Baker_O4_SMZ,50183,451136888489998,Baker,private_industrial,hardwood,0.6671845299613464,100.0,True,52.0,no_management,no_management,0,False
smz_split,TM50183_Baker_O6_SMZ,50183,451136888489998,Baker,federal,hardwood,5.115081396370322,100.0,True,52.0,no_management,no_management,0,False
smz_split,TM50183_Columbia_O3_SMZ,50183,451136888489998,Columbia,private_family,hardwood,0.4447896866408976,100.0,True,52.0,no_management,no_management,0,False
smz_split,TM50183_Columbia_O6_SMZ,50183,451136888489998,Columbia,federal,hardwood,21.572299802083535,100.0,True,52.0,no_management,no_management,0,False
smz_split,TM50183_Hamilton_O3_SMZ,50183,451136888489998,Hamilton,private_family,hardwood,0.2223948433204488,100.0,True,52.0,no_management,no_management,0,False
smz_split,TM50183_Suwannee_O3_SMZ,50183,451136888489998,Suwannee,private_family,hardwood,0.4447896866408976,100.0,True,52.0,no_management,no_management,0,False
smz_split,TM50188_Columbia_O6_SMZ,50188,451136915489998,Columbia,federal,hardwood,0.4447896866408976,100.0,True,26.0,no_management,no_management,0,False
smz_split,TM50191_Hamilton_O3_SMZ,50191,451136925489998,Hamilton,private_family,hardwood,0.2223948433204488,100.0,True,88.0,no_management,no_management,0,False
smz_split,TM50202_Columbia_O3_SMZ,50202,451136963489998,Columbia,private_family,hardwood,0.4447896866408976,100.0,True,21.0,no_management,no_management,0,False
smz_split,TM50202_Suwannee_O4_SMZ,50202,451136963489998,Suwannee,private_industrial,hardwood,0.2223948433204488,100.0,True,21.0,no_management,no_management,0,False
smz_split,TM50202_Union_O3_SMZ,50202,451136963489998,Union,private_family,hardwood,0.2223948433204488,100.0,True,21.0,no_management,no_management,0,False
smz_split,TM50203_Hamilton_O3_SMZ,50203,451136968489998,Hamilton,private_family,hardwood,0.2223948433204488,100.0,True,95.0,no_management,no_management,0,False
smz_split,TM50203_Hamilton_O4_SMZ,50203,451136968489998,Hamilton,private_industrial,hardwood,0.2223948433204488,100.0,True,95.0,no_management,no_management,0,False
smz_split,TM50207_Baker_O3_SMZ,50207,451136981489998,Baker,private_family,hardwood,47.81489131389649,100.0,True,44.0,no_management,no_management,0,False
smz_split,TM50207_Baker_O4_SMZ,50207,451136981489998,Baker,private_industrial,hardwood,1.7791587465635903,100.0,True,44.0,no_management,no_management,0,False
smz_split,TM50207_Baker_O6_SMZ,50207,451136981489998,Baker,federal,hardwood,2.001553589884039,100.0,True,44.0,no_management,no_management,0,False
smz_split,TM50207_Baker_O7_SMZ,50207,451136981489998,Baker,state,hardwood,0.6671845299613464,100.0,True,44.0,no_management,no_management,0,False
smz_split,TM50207_Columbia_O3_SMZ,50207,451136981489998,Columbia,private_family,hardwood,0.4447896866408976,100.0,True,44.0,no_management,no_management,0,False
smz_split,TM50207_Columbia_O6_SMZ,50207,451136981489998,Columbia,federal,hardwood,53.8195520835486,100.0,True,44.0,no_management,no_management,0,False
smz_split,TM50207_Hamilton_O3_SMZ,50207,451136981489998,Hamilton,private_family,hardwood,0.2223948433204488,100.0,True,44.0,no_management,no_management,0,False
smz_split,TM50207_Hamilton_O7_SMZ,50207,451136981489998,Hamilton,state,hardwood,2.446343276524937,100.0,True,44.0,no_management,no_management,0,False
smz_split,TM50210_Hamilton_O4_SMZ,50210,451136996489998,Hamilton,private_industrial,pine,0.2223948433204488,100.0,True,21.0,no_management,no_management,0,False
smz_split,TM50212_Hamilton_O3_SMZ,50212,451136999489998,Hamilton,private_family,pine,1.5567639032431415,100.0,True,121.0,no_management,no_management,0,False
smz_split,TM50967_Baker_O3_SMZ,50967,451408239489998,Baker,private_family,other,0.4447896866408976,100.0,True,34.0,no_management,no_management,0,False
smz_split,TM50967_Columbia_O6_SMZ,50967,451408239489998,Columbia,federal,other,0.2223948433204488,100.0,True,34.0,no_management,no_management,0,False
smz_split,TM51531_Columbia_O3_SMZ,51531,461362822489998,Columbia,private_family,pine,0.2223948433204488,100.0,True,36.0,no_management,no_management,0,False
smz_split,TM53774_Baker_O3_SMZ,53774,484311003489998,Baker,private_family,hardwood,8.673398889497502,100.0,True,30.0,no_management,no_management,0,False
smz_split,TM53774_Baker_O4_SMZ,53774,484311003489998,Baker,private_industrial,hardwood,3.780712336447629,100.0,True,30.0,no_management,no_management,0,False
smz_split,TM53774_Baker_O8_SMZ,53774,484311003489998,Baker,local,hardwood,0.4447896866408976,100.0,True,30.0,no_management,no_management,0,False
smz_split,TM53774_Columbia_O3_SMZ,53774,484311003489998,Columbia,private_family,hardwood,0.8895793732817951,100.0,True,30.0,no_management,no_management,0,False
smz_split,TM53774_Hamilton_O3_SMZ,53774,484311003489998,Hamilton,private_family,hardwood,3.3359226498067316,100.0,True,30.0,no_management,no_management,0,False
smz_split,TM53774_Hamilton_O4_SMZ,53774,484311003489998,Hamilton,private_industrial,hardwood,0.6671845299613464,100.0,True,30.0,no_management,no_management,0,False
smz_split,TM53774_Suwannee_O3_SMZ,53774,484311003489998,Suwannee,private_family,hardwood,2.891132963165834,100.0,True,30.0,no_management,no_management,0,False
smz_split,TM53774_Suwannee_O4_SMZ,53774,484311003489998,Suwannee,private_industrial,hardwood,0.6671845299613464,100.0,True,30.0,no_management,no_management,0,False
smz_split,TM53774_Union_O3_SMZ,53774,484311003489998,Union,private_family,hardwood,0.2223948433204488,100.0,True,30.0,no_management,no_management,0,False
smz_split,TM55429_Columbia_O3_SMZ,55429,495147823126144,Columbia,private_family,pine,0.2223948433204488,100.0,True,36.0,no_management,no_management,0,False
smz_split,TM55429_Columbia_O4_SMZ,55429,495147823126144,Columbia,private_industrial,pine,0.2223948433204488,100.0,True,36.0,no_management,no_management,0,False
smz_split,TM55429_Hamilton_O3_SMZ,55429,495147823126144,Hamilton,private_family,pine,2.891132963165834,100.0,True,36.0,no_management,no_management,0,False
smz_split,TM55429_Hamilton_O4_SMZ,55429,495147823126144,Hamilton,private_industrial,pine,2.446343276524937,100.0,True,36.0,no_management,no_management,0,False
smz_split,TM55429_Suwannee_O3_SMZ,55429,495147823126144,Suwannee,private_family,pine,0.4447896866408976,100.0,True,36.0,no_management,no_management,0,False
smz_split,TM55429_Suwannee_O4_SMZ,55429,495147823126144,Suwannee,private_industrial,pine,0.8895793732817951,100.0,True,36.0,no_management,no_management,0,False
smz_split,TM55471_Baker_O3_SMZ,55471,495147975126144,Baker,private_family,hardwood,0.2223948433204488,100.0,True,12.0,no_management,no_management,0,False
smz_split,TM59213_Baker_O3_SMZ,59213,533664592126144,Baker,private_family,other,0.8895793732817951,100.0,True,56.0,no_management,no_management,0,False
smz_split,TM59213_Baker_O6_SMZ,59213,533664592126144,Baker,federal,other,0.4447896866408976,100.0,True,56.0,no_management,no_management,0,False
smz_split,TM59213_Columbia_O3_SMZ,59213,533664592126144,Columbia,private_family,other,0.6671845299613464,100.0,True,56.0,no_management,no_management,0,False
smz_split,TM59213_Columbia_O6_SMZ,59213,533664592126144,Columbia,federal,other,37.584728521155846,100.0,True,56.0,no_management,no_management,0,False
smz_split,TM59213_Columbia_O8_SMZ,59213,533664592126144,Columbia,local,other,1.5567639032431415,100.0,True,56.0,no_management,no_management,0,False
smz_split,TM59213_Hamilton_O3_SMZ,59213,533664592126144,Hamilton,private_family,other,1.111974216602244,100.0,True,56.0,no_management,no_management,0,False
smz_split,TM59213_Hamilton_O4_SMZ,59213,533664592126144,Hamilton,private_industrial,other,0.2223948433204488,100.0,True,56.0,no_management,no_management,0,False
smz_split,TM59213_Hamilton_O7_SMZ,59213,533664592126144,Hamilton,state,other,0.2223948433204488,100.0,True,56.0,no_management,no_management,0,False
smz_split,TM59293_Suwannee_O3_SMZ,59293,533664906126144,Suwannee,private_family,hardwood,0.2223948433204488,100.0,True,60.0,no_management,no_management,0,False
smz_split,TM59294_Baker_O3_SMZ,59294,533664907126144,Baker,private_family,pine,0.2223948433204488,100.0,True,21.0,no_management,no_management,0,False
smz_split,TM59294_Columbia_O3_SMZ,59294,533664907126144,Columbia,private_family,pine,8.451004046177054,100.0,True,21.0,no_management,no_management,0,False
smz_split,TM59294_Columbia_O4_SMZ,59294,533664907126144,Columbia,private_industrial,pine,4.447896866408976,100.0,True,21.0,no_management,no_management,0,False
smz_split,TM59294_Columbia_O8_SMZ,59294,533664907126144,Columbia,local,pine,0.2223948433204488,100.0,True,21.0,no_management,no_management,0,False
smz_split,TM59294_Hamilton_O3_SMZ,59294,533664907126144,Hamilton,private_family,pine,18.681166838917697,100.0,True,21.0,no_management,no_management,0,False
smz_split,TM59294_Hamilton_O4_SMZ,59294,533664907126144,Hamilton,private_industrial,pine,8.451004046177054,100.0,True,21.0,no_management,no_management,0,False
smz_split,TM59294_Hamilton_O7_SMZ,59294,533664907126144,Hamilton,state,pine,0.6671845299613464,100.0,True,21.0,no_management,no_management,0,False
smz_split,TM59294_Suwannee_O3_SMZ,59294,533664907126144,Suwannee,private_family,pine,6.894240142933912,100.0,True,21.0,no_management,no_management,0,False
smz_split,TM59294_Suwannee_O4_SMZ,59294,533664907126144,Suwannee,private_industrial,pine,3.5583174931271806,100.0,True,21.0,no_management,no_management,0,False
smz_split,TM59295_Hamilton_O3_SMZ,59295,533664908126144,Hamilton,private_family,hardwood,1.7791587465635903,100.0,True,72.0,no_management,no_management,0,False
smz_split,TM59295_Hamilton_O4_SMZ,59295,533664908126144,Hamilton,private_industrial,hardwood,2.6687381198453854,100.0,True,72.0,no_management,no_management,0,False
smz_split,TM59323_Columbia_O6_SMZ,59323,533664995126144,Columbia,federal,pine,1.7791587465635903,100.0,True,34.0,no_management,no_management,0,False
smz_split,TM59348_Columbia_O3_SMZ,59348,533665078126144,Columbia,private_family,hardwood,0.6671845299613464,100.0,True,86.0,no_management,no_management,0,False
smz_split,TM59348_Columbia_O4_SMZ,59348,533665078126144,Columbia,private_industrial,hardwood,0.2223948433204488,100.0,True,86.0,no_management,no_management,0,False
smz_split,TM59348_Columbia_O8_SMZ,59348,533665078126144,Columbia,local,hardwood,0.2223948433204488,100.0,True,86.0,no_management,no_management,0,False
smz_split,TM59348_Hamilton_O3_SMZ,59348,533665078126144,Hamilton,private_family,hardwood,5.782265926331669,100.0,True,86.0,no_management,no_management,0,False
smz_split,TM59348_Hamilton_O4_SMZ,59348,533665078126144,Hamilton,private_industrial,hardwood,2.891132963165834,100.0,True,86.0,no_management,no_management,0,False
smz_split,TM59348_Suwannee_O3_SMZ,59348,533665078126144,Suwannee,private_family,hardwood,1.3343690599226927,100.0,True,86.0,no_management,no_management,0,False
smz_split,TM59383_Hamilton_O3_SMZ,59383,533665216126144,Hamilton,private_family,hardwood,10.452557636061094,100.0,True,92.0,no_management,no_management,0,False
smz_split,TM59383_Hamilton_O4_SMZ,59383,533665216126144,Hamilton,private_industrial,hardwood,2.446343276524937,100.0,True,92.0,no_management,no_management,0,False
smz_split,TM59421_Baker_O3_SMZ,59421,533665369126144,Baker,private_family,hardwood,1.111974216602244,100.0,True,16.0,no_management,no_management,0,False
smz_split,TM59421_Baker_O6_SMZ,59421,533665369126144,Baker,federal,hardwood,3.5583174931271806,100.0,True,16.0,no_management,no_management,0,False
smz_split,TM59421_Columbia_O3_SMZ,59421,533665369126144,Columbia,private_family,hardwood,0.2223948433204488,100.0,True,16.0,no_management,no_management,0,False
smz_split,TM59421_Columbia_O4_SMZ,59421,533665369126144,Columbia,private_industrial,hardwood,0.2223948433204488,100.0,True,16.0,no_management,no_management,0,False
smz_split,TM59421_Columbia_O6_SMZ,59421,533665369126144,Columbia,federal,hardwood,23.79624823528802,100.0,True,16.0,no_management,no_management,0,False
smz_split,TM59428_Baker_O3_SMZ,59428,533665395126144,Baker,private_family,pine,48.03728615721693,100.0,True,36.0,no_management,no_management,0,False
smz_split,TM59428_Baker_O4_SMZ,59428,533665395126144,Baker,private_industrial,pine,1.3343690599226927,100.0,True,36.0,no_management,no_management,0,False
smz_split,TM59428_Baker_O6_SMZ,59428,533665395126144,Baker,federal,pine,51.37320880702367,100.0,True,36.0,no_management,no_management,0,False
smz_split,TM59428_Columbia_O3_SMZ,59428,533665395126144,Columbia,private_family,pine,0.4447896866408976,100.0,True,36.0,no_management,no_management,0,False
smz_split,TM59428_Columbia_O4_SMZ,59428,533665395126144,Columbia,private_industrial,pine,0.2223948433204488,100.0,True,36.0,no_management,no_management,0,False
smz_split,TM59428_Columbia_O6_SMZ,59428,533665395126144,Columbia,federal,pine,38.02951820779674,100.0,True,36.0,no_management,no_management,0,False
smz_split,TM59428_Columbia_O8_SMZ,59428,533665395126144,Columbia,local,pine,0.6671845299613464,100.0,True,36.0,no_management,no_management,0,False
smz_split,TM59428_Hamilton_O3_SMZ,59428,533665395126144,Hamilton,private_family,pine,0.6671845299613464,100.0,True,36.0,no_management,no_management,0,False
smz_split,TM59428_Hamilton_O7_SMZ,59428,533665395126144,Hamilton,state,pine,0.2223948433204488,100.0,True,36.0,no_management,no_management,0,False
smz_split,TM59875_Hamilton_O3_SMZ,59875,545869488126144,Hamilton,private_family,hardwood,0.2223948433204488,100.0,True,15.0,no_management,no_management,0,False
smz_split,TM60339_Baker_O4_SMZ,60339,548083851126144,Baker,private_industrial,hardwood,0.2223948433204488,100.0,True,48.0,no_management,no_management,0,False
smz_split,TM60339_Hamilton_O3_SMZ,60339,548083851126144,Hamilton,private_family,hardwood,0.2223948433204488,100.0,True,48.0,no_management,no_management,0,False
smz_split,TM60339_Suwannee_O3_SMZ,60339,548083851126144,Suwannee,private_family,hardwood,0.2223948433204488,100.0,True,48.0,no_management,no_management,0,False
smz_split,TM60339_Union_O3_SMZ,60339,548083851126144,Union,private_family,hardwood,0.2223948433204488,100.0,True,48.0,no_management,no_management,0,False
smz_split,TM61698_Hamilton_O3_SMZ,61698,559255329126144,Hamilton,private_family,hardwood,0.2223948433204488,100.0,True,6.0,no_management,no_management,0,False
smz_split,TM63999_Baker_O3_SMZ,63999,635664107126144,Baker,private_family,hardwood,2.891132963165834,100.0,True,20.0,no_management,no_management,0,False
smz_split,TM63999_Baker_O4_SMZ,63999,635664107126144,Baker,private_industrial,hardwood,2.891132963165834,100.0,True,20.0,no_management,no_management,0,False
smz_split,TM63999_Baker_O6_SMZ,63999,635664107126144,Baker,federal,hardwood,0.8895793732817951,100.0,True,20.0,no_management,no_management,0,False
smz_split,TM63999_Columbia_O3_SMZ,63999,635664107126144,Columbia,private_family,hardwood,0.2223948433204488,100.0,True,20.0,no_management,no_management,0,False
smz_split,TM64114_Hamilton_O3_SMZ,64114,635664537126144,Hamilton,private_family,pine,0.2223948433204488,100.0,True,11.0,no_management,no_management,0,False
smz_split,TM64165_Columbia_O3_SMZ,64165,635664709126144,Columbia,private_family,hardwood,0.6671845299613464,100.0,True,94.0,no_management,no_management,0,False
smz_split,TM64165_Columbia_O4_SMZ,64165,635664709126144,Columbia,private_industrial,hardwood,0.2223948433204488,100.0,True,94.0,no_management,no_management,0,False
smz_split,TM64165_Hamilton_O3_SMZ,64165,635664709126144,Hamilton,private_family,hardwood,0.8895793732817951,100.0,True,94.0,no_management,no_management,0,False
smz_split,TM64165_Hamilton_O4_SMZ,64165,635664709126144,Hamilton,private_industrial,hardwood,0.2223948433204488,100.0,True,94.0,no_management,no_management,0,False
smz_split,TM64165_Suwannee_O3_SMZ,64165,635664709126144,Suwannee,private_family,hardwood,0.4447896866408976,100.0,True,94.0,no_management,no_management,0,False
smz_split,TM64165_Suwannee_O4_SMZ,64165,635664709126144,Suwannee,private_industrial,hardwood,0.4447896866408976,100.0,True,94.0,no_management,no_management,0,False
smz_split,TM64167_Baker_O3_SMZ,64167,635664717126144,Baker,private_family,pine,6.671845299613464,100.0,True,53.0,no_management,no_management,0,False
smz_split,TM64167_Baker_O4_SMZ,64167,635664717126144,Baker,private_industrial,pine,2.6687381198453854,100.0,True,53.0,no_management,no_management,0,False
smz_split,TM64167_Baker_O8_SMZ,64167,635664717126144,Baker,local,pine,0.2223948433204488,100.0,True,53.0,no_management,no_management,0,False
smz_split,TM64167_Columbia_O3_SMZ,64167,635664717126144,Columbia,private_family,pine,2.446343276524937,100.0,True,53.0,no_management,no_management,0,False
smz_split,TM64167_Columbia_O4_SMZ,64167,635664717126144,Columbia,private_industrial,pine,0.8895793732817951,100.0,True,53.0,no_management,no_management,0,False
smz_split,TM64167_Columbia_O6_SMZ,64167,635664717126144,Columbia,federal,pine,1.7791587465635903,100.0,True,53.0,no_management,no_management,0,False
smz_split,TM64167_Columbia_O8_SMZ,64167,635664717126144,Columbia,local,pine,1.7791587465635903,100.0,True,53.0,no_management,no_management,0,False
smz_split,TM64167_Hamilton_O3_SMZ,64167,635664717126144,Hamilton,private_family,pine,5.5598710830112195,100.0,True,53.0,no_management,no_management,0,False
smz_split,TM64167_Hamilton_O4_SMZ,64167,635664717126144,Hamilton,private_industrial,pine,6.0046607696521175,100.0,True,53.0,no_management,no_management,0,False
smz_split,TM64167_Hamilton_O7_SMZ,64167,635664717126144,Hamilton,state,pine,0.2223948433204488,100.0,True,53.0,no_management,no_management,0,False
smz_split,TM64167_Suwannee_O3_SMZ,64167,635664717126144,Suwannee,private_family,pine,1.5567639032431415,100.0,True,53.0,no_management,no_management,0,False
smz_split,TM64167_Suwannee_O4_SMZ,64167,635664717126144,Suwannee,private_industrial,pine,1.111974216602244,100.0,True,53.0,no_management,no_management,0,False
smz_split,TM64167_Union_O3_SMZ,64167,635664717126144,Union,private_family,pine,10.230162792740645,100.0,True,53.0,no_management,no_management,0,False
smz_split,TM64172_Hamilton_O3_SMZ,64172,635664732126144,Hamilton,private_family,other,0.4447896866408976,100.0,True,53.0,no_management,no_management,0,False
smz_split,TM64173_Baker_O3_SMZ,64173,635664733126144,Baker,private_family,hardwood,1.111974216602244,100.0,True,61.0,no_management,no_management,0,False
smz_split,TM64173_Columbia_O3_SMZ,64173,635664733126144,Columbia,private_family,hardwood,1.3343690599226927,100.0,True,61.0,no_management,no_management,0,False
smz_split,TM64173_Columbia_O4_SMZ,64173,635664733126144,Columbia,private_industrial,hardwood,0.8895793732817951,100.0,True,61.0,no_management,no_management,0,False
smz_split,TM64173_Hamilton_O3_SMZ,64173,635664733126144,Hamilton,private_family,hardwood,14.455664815829172,100.0,True,61.0,no_management,no_management,0,False
smz_split,TM64173_Hamilton_O4_SMZ,64173,635664733126144,Hamilton,private_industrial,hardwood,6.449450456293015,100.0,True,61.0,no_management,no_management,0,False
smz_split,TM64173_Hamilton_O7_SMZ,64173,635664733126144,Hamilton,state,hardwood,0.2223948433204488,100.0,True,61.0,no_management,no_management,0,False
smz_split,TM64173_Hamilton_O8_SMZ,64173,635664733126144,Hamilton,local,hardwood,0.4447896866408976,100.0,True,61.0,no_management,no_management,0,False
smz_split,TM64173_Suwannee_O3_SMZ,64173,635664733126144,Suwannee,private_family,hardwood,1.3343690599226927,100.0,True,61.0,no_management,no_management,0,False
smz_split,TM64173_Suwannee_O4_SMZ,64173,635664733126144,Suwannee,private_industrial,hardwood,0.2223948433204488,100.0,True,61.0,no_management,no_management,0,False
smz_split,TM64192_Columbia_O6_SMZ,64192,635664809126144,Columbia,federal,hardwood,0.4447896866408976,100.0,True,14.0,no_management,no_management,0,False
smz_split,TM64214_Hamilton_O3_SMZ,64214,635664891126144,Hamilton,private_family,other,0.6671845299613464,100.0,True,55.0,no_management,no_management,0,False
smz_split,TM64215_Suwannee_O3_SMZ,64215,635664892126144,Suwannee,private_family,pine,0.2223948433204488,100.0,True,6.0,no_management,no_management,0,False
smz_split,TM64218_Baker_O4_SMZ,64218,635664902126144,Baker,private_industrial,pine,1.5567639032431415,100.0,True,55.0,no_management,no_management,0,False
smz_split,TM64218_Columbia_O3_SMZ,64218,635664902126144,Columbia,private_family,pine,0.2223948433204488,100.0,True,55.0,no_management,no_management,0,False
smz_split,TM64219_Baker_O3_SMZ,64219,635664906126144,Baker,private_family,hardwood,51.81799849366457,100.0,True,70.0,no_management,no_management,0,False
smz_split,TM64219_Baker_O4_SMZ,64219,635664906126144,Baker,private_industrial,hardwood,25.79780182517206,100.0,True,70.0,no_management,no_management,0,False
smz_split,TM64219_Columbia_O3_SMZ,64219,635664906126144,Columbia,private_family,hardwood,4.892686553049873,100.0,True,70.0,no_management,no_management,0,False
smz_split,TM64219_Columbia_O4_SMZ,64219,635664906126144,Columbia,private_industrial,hardwood,4.003107179768078,100.0,True,70.0,no_management,no_management,0,False
smz_split,TM64219_Columbia_O8_SMZ,64219,635664906126144,Columbia,local,hardwood,5.115081396370322,100.0,True,70.0,no_management,no_management,0,False
smz_split,TM64219_Hamilton_O3_SMZ,64219,635664906126144,Hamilton,private_family,hardwood,10.452557636061092,100.0,True,70.0,no_management,no_management,0,False
smz_split,TM64219_Hamilton_O4_SMZ,64219,635664906126144,Hamilton,private_industrial,hardwood,5.55987108301122,100.0,True,70.0,no_management,no_management,0,False
smz_split,TM64219_Suwannee_O3_SMZ,64219,635664906126144,Suwannee,private_family,hardwood,5.337476239690771,100.0,True,70.0,no_management,no_management,0,False
smz_split,TM64219_Suwannee_O4_SMZ,64219,635664906126144,Suwannee,private_industrial,hardwood,0.6671845299613464,100.0,True,70.0,no_management,no_management,0,False
smz_split,TM64221_Baker_O3_SMZ,64221,635664926126144,Baker,private_family,pine,1.111974216602244,100.0,True,19.0,no_management,no_management,0,False
smz_split,TM64221_Baker_O4_SMZ,64221,635664926126144,Baker,private_industrial,pine,3.1135278064862826,100.0,True,19.0,no_management,no_management,0,False
smz_split,TM64226_Baker_O3_SMZ,64226,635664945126144,Baker,private_family,pine,6.449450456293015,100.0,True,60.0,no_management,no_management,0,False
smz_split,TM64226_Baker_O4_SMZ,64226,635664945126144,Baker,private_industrial,pine,2.001553589884039,100.0,True,60.0,no_management,no_management,0,False
smz_split,TM64226_Baker_O7_SMZ,64226,635664945126144,Baker,state,pine,0.2223948433204488,100.0,True,60.0,no_management,no_management,0,False
smz_split,TM64226_Columbia_O3_SMZ,64226,635664945126144,Columbia,private_family,pine,11.786926695983787,100.0,True,60.0,no_management,no_management,0,False
smz_split,TM64226_Columbia_O4_SMZ,64226,635664945126144,Columbia,private_industrial,pine,1.3343690599226927,100.0,True,60.0,no_management,no_management,0,False
smz_split,TM64226_Columbia_O6_SMZ,64226,635664945126144,Columbia,federal,pine,0.6671845299613464,100.0,True,60.0,no_management,no_management,0,False
smz_split,TM64226_Columbia_O8_SMZ,64226,635664945126144,Columbia,local,pine,0.4447896866408976,100.0,True,60.0,no_management,no_management,0,False
smz_split,TM64226_Hamilton_O3_SMZ,64226,635664945126144,Hamilton,private_family,pine,2.891132963165834,100.0,True,60.0,no_management,no_management,0,False
smz_split,TM64226_Hamilton_O4_SMZ,64226,635664945126144,Hamilton,private_industrial,pine,2.223948433204488,100.0,True,60.0,no_management,no_management,0,False
smz_split,TM64226_Hamilton_O7_SMZ,64226,635664945126144,Hamilton,state,pine,0.4447896866408976,100.0,True,60.0,no_management,no_management,0,False
smz_split,TM64226_Suwannee_O3_SMZ,64226,635664945126144,Suwannee,private_family,pine,4.892686553049873,100.0,True,60.0,no_management,no_management,0,False
smz_split,TM64226_Suwannee_O4_SMZ,64226,635664945126144,Suwannee,private_industrial,pine,2.223948433204488,100.0,True,60.0,no_management,no_management,0,False
smz_split,TM64226_Union_O3_SMZ,64226,635664945126144,Union,private_family,pine,1.5567639032431415,100.0,True,60.0,no_management,no_management,0,False
smz_split,TM64266_Baker_O6_SMZ,64266,638333749126144,Baker,federal,pine,0.2223948433204488,100.0,True,30.0,no_management,no_management,0,False
smz_split,TM64272_Columbia_O3_SMZ,64272,638333771126144,Columbia,private_family,other,0.2223948433204488,100.0,True,51.0,no_management,no_management,0,False
smz_split,TM64290_Union_O3_SMZ,64290,638333840126144,Union,private_family,hardwood,0.6671845299613464,100.0,True,55.0,no_management,no_management,0,False
smz_split,TM64293_Baker_O3_SMZ,64293,638333844126144,Baker,private_family,pine,7.783819516215707,100.0,True,5.0,no_management,no_management,0,False
smz_split,TM64293_Baker_O4_SMZ,64293,638333844126144,Baker,private_industrial,pine,2.891132963165834,100.0,True,5.0,no_management,no_management,0,False
smz_split,TM64293_Columbia_O3_SMZ,64293,638333844126144,Columbia,private_family,pine,7.33902982957481,100.0,True,5.0,no_management,no_management,0,False
smz_split,TM64293_Columbia_O4_SMZ,64293,638333844126144,Columbia,private_industrial,pine,5.115081396370321,100.0,True,5.0,no_management,no_management,0,False
smz_split,TM64293_Columbia_O8_SMZ,64293,638333844126144,Columbia,local,pine,1.7791587465635903,100.0,True,5.0,no_management,no_management,0,False
smz_split,TM64293_Hamilton_O3_SMZ,64293,638333844126144,Hamilton,private_family,pine,2.001553589884039,100.0,True,5.0,no_management,no_management,0,False
smz_split,TM64293_Hamilton_O4_SMZ,64293,638333844126144,Hamilton,private_industrial,pine,0.2223948433204488,100.0,True,5.0,no_management,no_management,0,False
smz_split,TM64293_Suwannee_O3_SMZ,64293,638333844126144,Suwannee,private_family,pine,16.45721840571321,100.0,True,5.0,no_management,no_management,0,False
smz_split,TM64293_Suwannee_O4_SMZ,64293,638333844126144,Suwannee,private_industrial,pine,1.111974216602244,100.0,True,5.0,no_management,no_management,0,False
smz_split,TM64293_Union_O3_SMZ,64293,638333844126144,Union,private_family,pine,35.360780087951355,100.0,True,5.0,no_management,no_management,0,False
smz_split,TM64293_Union_O4_SMZ,64293,638333844126144,Union,private_industrial,pine,1.3343690599226927,100.0,True,5.0,no_management,no_management,0,False
smz_split,TM64293_Union_O8_SMZ,64293,638333844126144,Union,local,pine,0.2223948433204488,100.0,True,5.0,no_management,no_management,0,False
smz_split,TM64294_Baker_O3_SMZ,64294,638333845126144,Baker,private_family,pine,3.7807123364476296,100.0,True,5.0,no_management,no_management,0,False
smz_split,TM64294_Baker_O4_SMZ,64294,638333845126144,Baker,private_industrial,pine,2.446343276524937,100.0,True,5.0,no_management,no_management,0,False
smz_split,TM64298_Columbia_O4_SMZ,64298,638333866126144,Columbia,private_industrial,pine,0.2223948433204488,100.0,True,4.0,no_management,no_management,0,False
smz_split,TM64298_Suwannee_O3_SMZ,64298,638333866126144,Suwannee,private_family,pine,0.6671845299613464,100.0,True,4.0,no_management,no_management,0,False
smz_split,TM64329_Baker_O3_SMZ,64329,638333977126144,Baker,private_family,hardwood,0.2223948433204488,100.0,True,30.0,no_management,no_management,0,False
smz_split,TM64329_Columbia_O3_SMZ,64329,638333977126144,Columbia,private_family,hardwood,1.111974216602244,100.0,True,30.0,no_management,no_management,0,False
smz_split,TM64329_Hamilton_O3_SMZ,64329,638333977126144,Hamilton,private_family,hardwood,0.8895793732817951,100.0,True,30.0,no_management,no_management,0,False
smz_split,TM64329_Suwannee_O3_SMZ,64329,638333977126144,Suwannee,private_family,hardwood,0.4447896866408976,100.0,True,30.0,no_management,no_management,0,False
smz_split,TM64329_Union_O3_SMZ,64329,638333977126144,Union,private_family,hardwood,5.782265926331668,100.0,True,30.0,no_management,no_management,0,False
smz_split,TM64329_Union_O4_SMZ,64329,638333977126144,Union,private_industrial,hardwood,0.8895793732817951,100.0,True,30.0,no_management,no_management,0,False
smz_split,TM64343_Baker_O3_SMZ,64343,638334109126144,Baker,private_family,pine,0.2223948433204488,100.0,True,91.0,no_management,no_management,0,False
smz_split,TM64343_Columbia_O6_SMZ,64343,638334109126144,Columbia,federal,pine,5.782265926331668,100.0,True,91.0,no_management,no_management,0,False
smz_split,TM64343_Hamilton_O3_SMZ,64343,638334109126144,Hamilton,private_family,pine,0.2223948433204488,100.0,True,91.0,no_management,no_management,0,False
smz_split,TM64344_Baker_O3_SMZ,64344,638334110126144,Baker,private_family,pine,1.5567639032431415,100.0,True,24.0,no_management,no_management,0,False
smz_split,TM64344_Baker_O4_SMZ,64344,638334110126144,Baker,private_industrial,pine,0.4447896866408976,100.0,True,24.0,no_management,no_management,0,False
smz_split,TM64344_Columbia_O6_SMZ,64344,638334110126144,Columbia,federal,pine,0.8895793732817951,100.0,True,24.0,no_management,no_management,0,False
smz_split,TM64349_Baker_O4_SMZ,64349,638334127126144,Baker,private_industrial,pine,0.2223948433204488,100.0,True,22.0,no_management,no_management,0,False
smz_split,TM64368_Baker_O3_SMZ,64368,638334272126144,Baker,private_family,hardwood,0.2223948433204488,100.0,True,18.0,no_management,no_management,0,False
smz_split,TM64368_Columbia_O3_SMZ,64368,638334272126144,Columbia,private_family,hardwood,0.6671845299613464,100.0,True,18.0,no_management,no_management,0,False
smz_split,TM64368_Hamilton_O3_SMZ,64368,638334272126144,Hamilton,private_family,hardwood,0.2223948433204488,100.0,True,18.0,no_management,no_management,0,False
smz_split,TM64368_Hamilton_O4_SMZ,64368,638334272126144,Hamilton,private_industrial,hardwood,0.2223948433204488,100.0,True,18.0,no_management,no_management,0,False
smz_split,TM64373_Union_O3_SMZ,64373,638334300126144,Union,private_family,pine,2.446343276524937,100.0,True,12.0,no_management,no_management,0,False
smz_split,TM64375_Baker_O3_SMZ,64375,638334307126144,Baker,private_family,hardwood,0.2223948433204488,100.0,True,73.0,no_management,no_management,0,False
smz_split,TM64376_Columbia_O3_SMZ,64376,638334315126144,Columbia,private_family,pine,2.446343276524937,100.0,True,22.0,no_management,no_management,0,False
smz_split,TM64376_Suwannee_O3_SMZ,64376,638334315126144,Suwannee,private_family,pine,0.2223948433204488,100.0,True,22.0,no_management,no_management,0,False
smz_split,TM64376_Union_O3_SMZ,64376,638334315126144,Union,private_family,pine,0.6671845299613464,100.0,True,22.0,no_management,no_management,0,False
smz_split,TM64380_Baker_O3_SMZ,64380,638334324126144,Baker,private_family,hardwood,1.111974216602244,100.0,True,46.0,no_management,no_management,0,False
smz_split,TM64380_Baker_O8_SMZ,64380,638334324126144,Baker,local,hardwood,0.2223948433204488,100.0,True,46.0,no_management,no_management,0,False
smz_split,TM64380_Columbia_O3_SMZ,64380,638334324126144,Columbia,private_family,hardwood,0.4447896866408976,100.0,True,46.0,no_management,no_management,0,False
smz_split,TM64380_Union_O3_SMZ,64380,638334324126144,Union,private_family,hardwood,17.56919262231545,100.0,True,46.0,no_management,no_management,0,False
smz_split,TM64380_Union_O4_SMZ,64380,638334324126144,Union,private_industrial,hardwood,9.34058341945885,100.0,True,46.0,no_management,no_management,0,False
smz_split,TM64380_Union_O7_SMZ,64380,638334324126144,Union,state,hardwood,6.449450456293015,100.0,True,46.0,no_management,no_management,0,False
smz_split,TM64382_Baker_O3_SMZ,64382,638334334126144,Baker,private_family,pine,0.2223948433204488,100.0,True,17.0,no_management,no_management,0,False
smz_split,TM64382_Baker_O4_SMZ,64382,638334334126144,Baker,private_industrial,pine,0.4447896866408976,100.0,True,17.0,no_management,no_management,0,False
smz_split,TM64383_Baker_O3_SMZ,64383,638334339126144,Baker,private_family,other,6.449450456293015,100.0,True,21.0,no_management,no_management,0,False
smz_split,TM64383_Baker_O4_SMZ,64383,638334339126144,Baker,private_industrial,other,10.674952479381542,100.0,True,21.0,no_management,no_management,0,False
smz_split,TM64383_Suwannee_O3_SMZ,64383,638334339126144,Suwannee,private_family,other,0.4447896866408976,100.0,True,21.0,no_management,no_management,0,False
smz_split,TM64383_Suwannee_O4_SMZ,64383,638334339126144,Suwannee,private_industrial,other,0.2223948433204488,100.0,True,21.0,no_management,no_management,0,False
smz_split,TM64384_Baker_O3_SMZ,64384,638334343126144,Baker,private_family,other,1.3343690599226927,100.0,True,90.0,no_management,no_management,0,False
smz_split,TM64384_Baker_O6_SMZ,64384,638334343126144,Baker,federal,other,0.6671845299613464,100.0,True,90.0,no_management,no_management,0,False
smz_split,TM64384_Columbia_O6_SMZ,64384,638334343126144,Columbia,federal,other,3.7807123364476296,100.0,True,90.0,no_management,no_management,0,False
smz_split,TM64384_Columbia_O8_SMZ,64384,638334343126144,Columbia,local,other,1.3343690599226927,100.0,True,90.0,no_management,no_management,0,False
smz_split,TM64385_Columbia_O3_SMZ,64385,638334348126144,Columbia,private_family,hardwood,0.2223948433204488,100.0,True,85.0,no_management,no_management,0,False
smz_split,TM64385_Suwannee_O3_SMZ,64385,638334348126144,Suwannee,private_family,hardwood,5.782265926331668,100.0,True,85.0,no_management,no_management,0,False
smz_split,TM64386_Union_O3_SMZ,64386,638334353126144,Union,private_family,hardwood,0.6671845299613464,100.0,True,65.0,no_management,no_management,0,False
smz_split,TM64389_Columbia_O3_SMZ,64389,638334380126144,Columbia,private_family,hardwood,0.2223948433204488,100.0,True,75.0,no_management,no_management,0,False
smz_split,TM64389_Columbia_O4_SMZ,64389,638334380126144,Columbia,private_industrial,hardwood,0.2223948433204488,100.0,True,75.0,no_management,no_management,0,False
smz_split,TM64389_Suwannee_O3_SMZ,64389,638334380126144,Suwannee,private_family,hardwood,0.2223948433204488,100.0,True,75.0,no_management,no_management,0,False
smz_split,TM64389_Union_O3_SMZ,64389,638334380126144,Union,private_family,hardwood,0.6671845299613464,100.0,True,75.0,no_management,no_management,0,False
smz_split,TM64403_Hamilton_O3_SMZ,64403,638334483126144,Hamilton,private_family,other,4.892686553049874,100.0,True,37.0,no_management,no_management,0,False
smz_split,TM64403_Hamilton_O4_SMZ,64403,638334483126144,Hamilton,private_industrial,other,0.4447896866408976,100.0,True,37.0,no_management,no_management,0,False
smz_split,TM64404_Hamilton_O4_SMZ,64404,638334487126144,Hamilton,private_industrial,pine,0.2223948433204488,100.0,True,16.0,no_management,no_management,0,False
smz_split,TM64405_Baker_O3_SMZ,64405,638334488126144,Baker,private_family,hardwood,6.0046607696521175,100.0,True,16.0,no_management,no_management,0,False
smz_split,TM64405_Baker_O4_SMZ,64405,638334488126144,Baker,private_industrial,hardwood,6.227055612972566,100.0,True,16.0,no_management,no_management,0,False
smz_split,TM64405_Baker_O8_SMZ,64405,638334488126144,Baker,local,hardwood,0.4447896866408976,100.0,True,16.0,no_management,no_management,0,False
smz_split,TM64405_Columbia_O3_SMZ,64405,638334488126144,Columbia,private_family,hardwood,0.2223948433204488,100.0,True,16.0,no_management,no_management,0,False
smz_split,TM64405_Columbia_O8_SMZ,64405,638334488126144,Columbia,local,hardwood,0.6671845299613464,100.0,True,16.0,no_management,no_management,0,False
smz_split,TM64405_Hamilton_O3_SMZ,64405,638334488126144,Hamilton,private_family,hardwood,26.02019666849251,100.0,True,16.0,no_management,no_management,0,False
smz_split,TM64405_Hamilton_O4_SMZ,64405,638334488126144,Hamilton,private_industrial,hardwood,4.003107179768078,100.0,True,16.0,no_management,no_management,0,False
smz_split,TM64405_Hamilton_O6_SMZ,64405,638334488126144,Hamilton,federal,hardwood,0.2223948433204488,100.0,True,16.0,no_management,no_management,0,False
smz_split,TM64405_Hamilton_O7_SMZ,64405,638334488126144,Hamilton,state,hardwood,0.8895793732817951,100.0,True,16.0,no_management,no_management,0,False
smz_split,TM64405_Hamilton_O8_SMZ,64405,638334488126144,Hamilton,local,hardwood,0.8895793732817951,100.0,True,16.0,no_management,no_management,0,False
smz_split,TM64405_Suwannee_O3_SMZ,64405,638334488126144,Suwannee,private_family,hardwood,5.337476239690771,100.0,True,16.0,no_management,no_management,0,False
smz_split,TM64405_Suwannee_O4_SMZ,64405,638334488126144,Suwannee,private_industrial,hardwood,0.2223948433204488,100.0,True,16.0,no_management,no_management,0,False
smz_split,TM64406_Baker_O3_SMZ,64406,638334495126144,Baker,private_family,pine,4.003107179768078,100.0,True,29.0,no_management,no_management,0,False
smz_split,TM64406_Baker_O4_SMZ,64406,638334495126144,Baker,private_industrial,pine,5.337476239690771,100.0,True,29.0,no_management,no_management,0,False
smz_split,TM64406_Columbia_O3_SMZ,64406,638334495126144,Columbia,private_family,pine,30.245698691581033,100.0,True,29.0,no_management,no_management,0,False
smz_split,TM64406_Columbia_O4_SMZ,64406,638334495126144,Columbia,private_industrial,pine,22.906668862006224,100.0,True,29.0,no_management,no_management,0,False
smz_split,TM64406_Columbia_O6_SMZ,64406,638334495126144,Columbia,federal,pine,0.8895793732817951,100.0,True,29.0,no_management,no_management,0,False
smz_split,TM64406_Columbia_O8_SMZ,64406,638334495126144,Columbia,local,pine,4.003107179768079,100.0,True,29.0,no_management,no_management,0,False
smz_split,TM64406_Hamilton_O3_SMZ,64406,638334495126144,Hamilton,private_family,pine,28.466539945017445,100.0,True,29.0,no_management,no_management,0,False
smz_split,TM64406_Hamilton_O4_SMZ,64406,638334495126144,Hamilton,private_industrial,pine,18.236377152276802,100.0,True,29.0,no_management,no_management,0,False
smz_split,TM64406_Hamilton_O7_SMZ,64406,638334495126144,Hamilton,state,pine,1.111974216602244,100.0,True,29.0,no_management,no_management,0,False
smz_split,TM64406_Hamilton_O8_SMZ,64406,638334495126144,Hamilton,local,pine,0.2223948433204488,100.0,True,29.0,no_management,no_management,0,False
smz_split,TM64406_Suwannee_O3_SMZ,64406,638334495126144,Suwannee,private_family,pine,7.561424672895258,100.0,True,29.0,no_management,no_management,0,False
smz_split,TM64406_Suwannee_O4_SMZ,64406,638334495126144,Suwannee,private_industrial,pine,1.5567639032431415,100.0,True,29.0,no_management,no_management,0,False
smz_split,TM64407_Baker_O3_SMZ,64407,638334496126144,Baker,private_family,hardwood,17.791587465635903,100.0,True,7.0,no_management,no_management,0,False
smz_split,TM64407_Baker_O4_SMZ,64407,638334496126144,Baker,private_industrial,hardwood,19.793141055519943,100.0,True,7.0,no_management,no_management,0,False
smz_split,TM64407_Columbia_O3_SMZ,64407,638334496126144,Columbia,private_family,hardwood,1.111974216602244,100.0,True,7.0,no_management,no_management,0,False
smz_split,TM64407_Columbia_O4_SMZ,64407,638334496126144,Columbia,private_industrial,hardwood,0.4447896866408976,100.0,True,7.0,no_management,no_management,0,False
smz_split,TM64407_Columbia_O6_SMZ,64407,638334496126144,Columbia,federal,hardwood,0.6671845299613464,100.0,True,7.0,no_management,no_management,0,False
smz_split,TM64407_Columbia_O8_SMZ,64407,638334496126144,Columbia,local,hardwood,0.2223948433204488,100.0,True,7.0,no_management,no_management,0,False
smz_split,TM64407_Hamilton_O3_SMZ,64407,638334496126144,Hamilton,private_family,hardwood,34.91599040131046,100.0,True,7.0,no_management,no_management,0,False
smz_split,TM64407_Hamilton_O4_SMZ,64407,638334496126144,Hamilton,private_industrial,hardwood,7.116634986254361,100.0,True,7.0,no_management,no_management,0,False
smz_split,TM64407_Hamilton_O7_SMZ,64407,638334496126144,Hamilton,state,hardwood,0.6671845299613464,100.0,True,7.0,no_management,no_management,0,False
smz_split,TM64407_Suwannee_O3_SMZ,64407,638334496126144,Suwannee,private_family,hardwood,29.356119318299243,100.0,True,7.0,no_management,no_management,0,False
smz_split,TM64407_Suwannee_O4_SMZ,64407,638334496126144,Suwannee,private_industrial,hardwood,18.236377152276802,100.0,True,7.0,no_management,no_management,0,False
smz_split,TM64407_Union_O3_SMZ,64407,638334496126144,Union,private_family,hardwood,0.4447896866408976,100.0,True,7.0,no_management,no_management,0,False
smz_split,TM64417_Union_O3_SMZ,64417,638334544126144,Union,private_family,other,2.001553589884039,100.0,True,48.0,no_management,no_management,0,False
smz_split,TM64419_Union_O3_SMZ,64419,638334555126144,Union,private_family,pine,1.3343690599226927,100.0,True,32.0,no_management,no_management,0,False
smz_split,TM64419_Union_O4_SMZ,64419,638334555126144,Union,private_industrial,pine,1.5567639032431415,100.0,True,32.0,no_management,no_management,0,False
smz_split,TM64430_Union_O4_SMZ,64430,638334610126144,Union,private_industrial,pine,0.2223948433204488,100.0,True,19.0,no_management,no_management,0,False
smz_split,TM64444_Columbia_O3_SMZ,64444,638334713126144,Columbia,private_family,hardwood,2.446343276524937,100.0,True,37.0,no_management,no_management,0,False
smz_split,TM64444_Suwannee_O3_SMZ,64444,638334713126144,Suwannee,private_family,hardwood,0.2223948433204488,100.0,True,37.0,no_management,no_management,0,False
smz_split,TM64444_Union_O3_SMZ,64444,638334713126144,Union,private_family,hardwood,0.8895793732817951,100.0,True,37.0,no_management,no_management,0,False
smz_split,TM64448_Baker_O3_SMZ,64448,638334723126144,Baker,private_family,hardwood,0.4447896866408976,100.0,True,63.0,no_management,no_management,0,False
smz_split,TM64448_Baker_O4_SMZ,64448,638334723126144,Baker,private_industrial,hardwood,0.2223948433204488,100.0,True,63.0,no_management,no_management,0,False
smz_split,TM64448_Columbia_O4_SMZ,64448,638334723126144,Columbia,private_industrial,hardwood,0.6671845299613464,100.0,True,63.0,no_management,no_management,0,False
smz_split,TM64448_Hamilton_O3_SMZ,64448,638334723126144,Hamilton,private_family,hardwood,0.2223948433204488,100.0,True,63.0,no_management,no_management,0,False
smz_split,TM64448_Suwannee_O4_SMZ,64448,638334723126144,Suwannee,private_industrial,hardwood,0.2223948433204488,100.0,True,63.0,no_management,no_management,0,False
smz_split,TM64448_Union_O3_SMZ,64448,638334723126144,Union,private_family,hardwood,0.6671845299613464,100.0,True,63.0,no_management,no_management,0,False
smz_split,TM64449_Columbia_O6_SMZ,64449,638334724126144,Columbia,federal,pine,0.2223948433204488,100.0,True,4.0,no_management,no_management,0,False
smz_split,TM64450_Columbia_O6_SMZ,64450,638334731126144,Columbia,federal,pine,0.2223948433204488,100.0,True,73.0,no_management,no_management,0,False
smz_split,TM64452_Baker_O3_SMZ,64452,638334742126144,Baker,private_family,pine,35.360780087951355,100.0,True,16.0,no_management,no_management,0,False
smz_split,TM64452_Baker_O4_SMZ,64452,638334742126144,Baker,private_industrial,pine,5.55987108301122,100.0,True,16.0,no_management,no_management,0,False
smz_split,TM64453_Baker_O3_SMZ,64453,638334743126144,Baker,private_family,hardwood,0.4447896866408976,100.0,True,8.0,no_management,no_management,0,False
smz_split,TM64453_Baker_O4_SMZ,64453,638334743126144,Baker,private_industrial,hardwood,0.2223948433204488,100.0,True,8.0,no_management,no_management,0,False
smz_split,TM64453_Columbia_O3_SMZ,64453,638334743126144,Columbia,private_family,hardwood,0.4447896866408976,100.0,True,8.0,no_management,no_management,0,False
smz_split,TM64453_Columbia_O8_SMZ,64453,638334743126144,Columbia,local,hardwood,1.3343690599226927,100.0,True,8.0,no_management,no_management,0,False
smz_split,TM64453_Suwannee_O3_SMZ,64453,638334743126144,Suwannee,private_family,hardwood,0.8895793732817951,100.0,True,8.0,no_management,no_management,0,False
smz_split,TM64454_Baker_O3_SMZ,64454,638334746126144,Baker,private_family,pine,34.02641102802867,100.0,True,21.0,no_management,no_management,0,False
smz_split,TM64454_Baker_O4_SMZ,64454,638334746126144,Baker,private_industrial,pine,6.227055612972566,100.0,True,21.0,no_management,no_management,0,False
smz_split,TM64454_Baker_O6_SMZ,64454,638334746126144,Baker,federal,pine,1.7791587465635903,100.0,True,21.0,no_management,no_management,0,False
smz_split,TM64454_Columbia_O3_SMZ,64454,638334746126144,Columbia,private_family,pine,10.674952479381542,100.0,True,21.0,no_management,no_management,0,False
smz_split,TM64454_Columbia_O4_SMZ,64454,638334746126144,Columbia,private_industrial,pine,2.001553589884039,100.0,True,21.0,no_management,no_management,0,False
smz_split,TM64454_Columbia_O6_SMZ,64454,638334746126144,Columbia,federal,pine,2.223948433204488,100.0,True,21.0,no_management,no_management,0,False
smz_split,TM64454_Columbia_O8_SMZ,64454,638334746126144,Columbia,local,pine,4.225502023088527,100.0,True,21.0,no_management,no_management,0,False
smz_split,TM64454_Suwannee_O3_SMZ,64454,638334746126144,Suwannee,private_family,pine,0.8895793732817951,100.0,True,21.0,no_management,no_management,0,False
smz_split,TM64454_Union_O3_SMZ,64454,638334746126144,Union,private_family,pine,57.15547473335534,100.0,True,21.0,no_management,no_management,0,False
smz_split,TM64454_Union_O4_SMZ,64454,638334746126144,Union,private_industrial,pine,3.780712336447629,100.0,True,21.0,no_management,no_management,0,False
smz_split,TM64456_Union_O3_SMZ,64456,638334749126144,Union,private_family,pine,4.670291709729424,100.0,True,20.0,no_management,no_management,0,False
smz_split,TM64456_Union_O4_SMZ,64456,638334749126144,Union,private_industrial,pine,0.6671845299613464,100.0,True,20.0,no_management,no_management,0,False
smz_split,TM64456_Union_O7_SMZ,64456,638334749126144,Union,state,pine,0.6671845299613464,100.0,True,20.0,no_management,no_management,0,False
smz_split,TM64456_Union_O8_SMZ,64456,638334749126144,Union,local,pine,0.2223948433204488,100.0,True,20.0,no_management,no_management,0,False
smz_split,TM64457_Columbia_O3_SMZ,64457,638334752126144,Columbia,private_family,hardwood,0.2223948433204488,100.0,True,5.0,no_management,no_management,0,False
smz_split,TM64479_Baker_O3_SMZ,64479,638335018126144,Baker,private_family,pine,1.5567639032431415,100.0,True,54.0,no_management,no_management,0,False
smz_split,TM64479_Columbia_O3_SMZ,64479,638335018126144,Columbia,private_family,pine,36.25035946123315,100.0,True,54.0,no_management,no_management,0,False
smz_split,TM64479_Columbia_O4_SMZ,64479,638335018126144,Columbia,private_industrial,pine,8.895793732817951,100.0,True,54.0,no_management,no_management,0,False
smz_split,TM64479_Columbia_O8_SMZ,64479,638335018126144,Columbia,local,pine,3.5583174931271806,100.0,True,54.0,no_management,no_management,0,False
smz_split,TM64479_Suwannee_O3_SMZ,64479,638335018126144,Suwannee,private_family,pine,14.010875129188273,100.0,True,54.0,no_management,no_management,0,False
smz_split,TM64479_Suwannee_O4_SMZ,64479,638335018126144,Suwannee,private_industrial,pine,8.006214359536157,100.0,True,54.0,no_management,no_management,0,False
smz_split,TM64479_Union_O3_SMZ,64479,638335018126144,Union,private_family,pine,36.0279646179127,100.0,True,54.0,no_management,no_management,0,False
smz_split,TM64479_Union_O4_SMZ,64479,638335018126144,Union,private_industrial,pine,3.113527806486283,100.0,True,54.0,no_management,no_management,0,False
smz_split,TM64479_Union_O7_SMZ,64479,638335018126144,Union,state,pine,2.6687381198453854,100.0,True,54.0,no_management,no_management,0,False
smz_split,TM64479_Union_O8_SMZ,64479,638335018126144,Union,local,pine,0.6671845299613464,100.0,True,54.0,no_management,no_management,0,False
smz_split,TM64483_Baker_O3_SMZ,64483,638335132126144,Baker,private_family,pine,3.7807123364476296,100.0,True,36.0,no_management,no_management,0,False
smz_split,TM64483_Baker_O4_SMZ,64483,638335132126144,Baker,private_industrial,pine,1.5567639032431415,100.0,True,36.0,no_management,no_management,0,False
smz_split,TM64483_Columbia_O3_SMZ,64483,638335132126144,Columbia,private_family,pine,4.892686553049873,100.0,True,36.0,no_management,no_management,0,False
smz_split,TM64483_Columbia_O4_SMZ,64483,638335132126144,Columbia,private_industrial,pine,3.335922649806732,100.0,True,36.0,no_management,no_management,0,False
smz_split,TM64483_Columbia_O8_SMZ,64483,638335132126144,Columbia,local,pine,0.4447896866408976,100.0,True,36.0,no_management,no_management,0,False
smz_split,TM64483_Hamilton_O3_SMZ,64483,638335132126144,Hamilton,private_family,pine,2.891132963165834,100.0,True,36.0,no_management,no_management,0,False
smz_split,TM64483_Hamilton_O4_SMZ,64483,638335132126144,Hamilton,private_industrial,pine,0.4447896866408976,100.0,True,36.0,no_management,no_management,0,False
smz_split,TM64483_Suwannee_O3_SMZ,64483,638335132126144,Suwannee,private_family,pine,5.115081396370322,100.0,True,36.0,no_management,no_management,0,False
smz_split,TM64483_Suwannee_O4_SMZ,64483,638335132126144,Suwannee,private_industrial,pine,2.446343276524937,100.0,True,36.0,no_management,no_management,0,False
smz_split,TM64483_Union_O3_SMZ,64483,638335132126144,Union,private_family,pine,9.785373106099748,100.0,True,36.0,no_management,no_management,0,False
smz_split,TM64483_Union_O4_SMZ,64483,638335132126144,Union,private_industrial,pine,0.8895793732817951,100.0,True,36.0,no_management,no_management,0,False
smz_split,TM64486_Columbia_O6_SMZ,64486,638335136126144,Columbia,federal,pine,0.8895793732817951,100.0,True,60.0,no_management,no_management,0,False
smz_split,TM66408_Hamilton_O3_SMZ,66408,698001388126144,Hamilton,private_family,pine,0.6671845299613464,100.0,True,69.0,no_management,no_management,0,False
smz_split,TM66408_Hamilton_O4_SMZ,66408,698001388126144,Hamilton,private_industrial,pine,0.4447896866408976,100.0,True,69.0,no_management,no_management,0,False
smz_split,TM66954_Baker_O3_SMZ,66954,718561137290487,Baker,private_family,pine,0.2223948433204488,100.0,True,9.0,no_management,no_management,0,False
smz_split,TM67014_Baker_O3_SMZ,67014,718561374290487,Baker,private_family,pine,0.6671845299613464,100.0,True,29.0,no_management,no_management,0,False
smz_split,TM67014_Baker_O4_SMZ,67014,718561374290487,Baker,private_industrial,pine,0.2223948433204488,100.0,True,29.0,no_management,no_management,0,False
smz_split,TM67014_Columbia_O6_SMZ,67014,718561374290487,Columbia,federal,pine,0.4447896866408976,100.0,True,29.0,no_management,no_management,0,False
smz_split,TM67014_Hamilton_O3_SMZ,67014,718561374290487,Hamilton,private_family,pine,0.2223948433204488,100.0,True,29.0,no_management,no_management,0,False
smz_split,TM67057_Hamilton_O3_SMZ,67057,718561522290487,Hamilton,private_family,hardwood,14.010875129188275,100.0,True,70.0,no_management,no_management,0,False
smz_split,TM67057_Hamilton_O4_SMZ,67057,718561522290487,Hamilton,private_industrial,hardwood,6.0046607696521175,100.0,True,70.0,no_management,no_management,0,False
smz_split,TM67057_Hamilton_O7_SMZ,67057,718561522290487,Hamilton,state,hardwood,0.2223948433204488,100.0,True,70.0,no_management,no_management,0,False
smz_split,TM67126_Hamilton_O3_SMZ,67126,718561805290487,Hamilton,private_family,pine,0.4447896866408976,100.0,True,19.0,no_management,no_management,0,False
smz_split,TM67161_Baker_O3_SMZ,67161,718561923290487,Baker,private_family,pine,2.001553589884039,100.0,True,36.0,no_management,no_management,0,False
smz_split,TM67161_Baker_O4_SMZ,67161,718561923290487,Baker,private_industrial,pine,0.4447896866408976,100.0,True,36.0,no_management,no_management,0,False
smz_split,TM67161_Baker_O6_SMZ,67161,718561923290487,Baker,federal,pine,0.2223948433204488,100.0,True,36.0,no_management,no_management,0,False
smz_split,TM67161_Columbia_O3_SMZ,67161,718561923290487,Columbia,private_family,pine,0.2223948433204488,100.0,True,36.0,no_management,no_management,0,False
smz_split,TM67161_Columbia_O6_SMZ,67161,718561923290487,Columbia,federal,pine,6.449450456293015,100.0,True,36.0,no_management,no_management,0,False
smz_split,TM67161_Hamilton_O7_SMZ,67161,718561923290487,Hamilton,state,pine,2.6687381198453854,100.0,True,36.0,no_management,no_management,0,False
smz_split,TM67161_Suwannee_O3_SMZ,67161,718561923290487,Suwannee,private_family,pine,0.2223948433204488,100.0,True,36.0,no_management,no_management,0,False
smz_split,TM67179_Suwannee_O3_SMZ,67179,718561964290487,Suwannee,private_family,pine,0.2223948433204488,100.0,True,15.0,no_management,no_management,0,False
smz_split,TM67205_Baker_O3_SMZ,67205,718562044290487,Baker,private_family,pine,3.335922649806732,100.0,True,4.0,no_management,no_management,0,False
smz_split,TM67205_Baker_O4_SMZ,67205,718562044290487,Baker,private_industrial,pine,4.892686553049873,100.0,True,4.0,no_management,no_management,0,False
smz_split,TM67205_Columbia_O3_SMZ,67205,718562044290487,Columbia,private_family,pine,6.671845299613464,100.0,True,4.0,no_management,no_management,0,False
smz_split,TM67205_Columbia_O4_SMZ,67205,718562044290487,Columbia,private_industrial,pine,4.447896866408976,100.0,True,4.0,no_management,no_management,0,False
smz_split,TM67205_Hamilton_O3_SMZ,67205,718562044290487,Hamilton,private_family,pine,8.895793732817951,100.0,True,4.0,no_management,no_management,0,False
smz_split,TM67205_Hamilton_O4_SMZ,67205,718562044290487,Hamilton,private_industrial,pine,11.11974216602244,100.0,True,4.0,no_management,no_management,0,False
smz_split,TM67205_Hamilton_O7_SMZ,67205,718562044290487,Hamilton,state,pine,0.2223948433204488,100.0,True,4.0,no_management,no_management,0,False
smz_split,TM67205_Suwannee_O3_SMZ,67205,718562044290487,Suwannee,private_family,pine,1.111974216602244,100.0,True,4.0,no_management,no_management,0,False
smz_split,TM67205_Suwannee_O4_SMZ,67205,718562044290487,Suwannee,private_industrial,pine,0.6671845299613464,100.0,True,4.0,no_management,no_management,0,False
smz_split,TM67211_Baker_O3_SMZ,67211,718562060290487,Baker,private_family,hardwood,6.894240142933913,100.0,True,21.0,no_management,no_management,0,False
smz_split,TM67211_Columbia_O3_SMZ,67211,718562060290487,Columbia,private_family,hardwood,0.2223948433204488,100.0,True,21.0,no_management,no_management,0,False
smz_split,TM67211_Columbia_O6_SMZ,67211,718562060290487,Columbia,federal,hardwood,12.454111225945132,100.0,True,21.0,no_management,no_management,0,False
smz_split,TM67211_Columbia_O8_SMZ,67211,718562060290487,Columbia,local,hardwood,0.2223948433204488,100.0,True,21.0,no_management,no_management,0,False
smz_split,TM67228_Hamilton_O3_SMZ,67228,718562147290487,Hamilton,private_family,hardwood,0.4447896866408976,100.0,True,111.0,no_management,no_management,0,False
smz_split,TM67230_Hamilton_O3_SMZ,67230,718562152290487,Hamilton,private_family,pine,3.780712336447629,100.0,True,9.0,no_management,no_management,0,False
smz_split,TM67230_Hamilton_O4_SMZ,67230,718562152290487,Hamilton,private_industrial,pine,2.4463432765249364,100.0,True,9.0,no_management,no_management,0,False
smz_split,TM67233_Hamilton_O3_SMZ,67233,718562163290487,Hamilton,private_family,hardwood,1.111974216602244,100.0,True,22.0,no_management,no_management,0,False
smz_split,TM67235_Baker_O3_SMZ,67235,718562165290487,Baker,private_family,hardwood,0.2223948433204488,100.0,True,2.0,no_management,no_management,0,False
smz_split,TM67235_Hamilton_O3_SMZ,67235,718562165290487,Hamilton,private_family,hardwood,0.6671845299613464,100.0,True,2.0,no_management,no_management,0,False
smz_split,TM67235_Suwannee_O3_SMZ,67235,718562165290487,Suwannee,private_family,hardwood,0.2223948433204488,100.0,True,2.0,no_management,no_management,0,False
smz_split,TM67236_Hamilton_O3_SMZ,67236,718562166290487,Hamilton,private_family,pine,0.2223948433204488,100.0,True,28.0,no_management,no_management,0,False
smz_split,TM67236_Hamilton_O4_SMZ,67236,718562166290487,Hamilton,private_industrial,pine,0.2223948433204488,100.0,True,28.0,no_management,no_management,0,False
smz_split,TM67237_Hamilton_O3_SMZ,67237,718562170290487,Hamilton,private_family,pine,0.6671845299613464,100.0,True,16.0,no_management,no_management,0,False
smz_split,TM67238_Columbia_O3_SMZ,67238,718562171290487,Columbia,private_family,hardwood,1.7791587465635903,100.0,True,103.0,no_management,no_management,0,False
smz_split,TM67238_Columbia_O4_SMZ,67238,718562171290487,Columbia,private_industrial,hardwood,1.7791587465635903,100.0,True,103.0,no_management,no_management,0,False
smz_split,TM67238_Columbia_O6_SMZ,67238,718562171290487,Columbia,federal,hardwood,0.2223948433204488,100.0,True,103.0,no_management,no_management,0,False
smz_split,TM67238_Columbia_O8_SMZ,67238,718562171290487,Columbia,local,hardwood,1.7791587465635903,100.0,True,103.0,no_management,no_management,0,False
smz_split,TM67238_Hamilton_O3_SMZ,67238,718562171290487,Hamilton,private_family,hardwood,14.233269972508722,100.0,True,103.0,no_management,no_management,0,False
smz_split,TM67238_Hamilton_O4_SMZ,67238,718562171290487,Hamilton,private_industrial,hardwood,8.228609202856605,100.0,True,103.0,no_management,no_management,0,False
smz_split,TM67238_Suwannee_O3_SMZ,67238,718562171290487,Suwannee,private_family,hardwood,0.4447896866408976,100.0,True,103.0,no_management,no_management,0,False
smz_split,TM67262_Hamilton_O3_SMZ,67262,718562294290487,Hamilton,private_family,hardwood,0.4447896866408976,100.0,True,4.0,no_management,no_management,0,False
smz_split,TM67266_Columbia_O3_SMZ,67266,718562312290487,Columbia,private_family,hardwood,0.2223948433204488,100.0,True,13.0,no_management,no_management,0,False
smz_split,TM67275_Hamilton_O3_SMZ,67275,718562342290487,Hamilton,private_family,pine,1.5567639032431415,100.0,True,70.0,no_management,no_management,0,False
smz_split,TM67275_Hamilton_O4_SMZ,67275,718562342290487,Hamilton,private_industrial,pine,0.8895793732817951,100.0,True,70.0,no_management,no_management,0,False
smz_split,TM67276_Hamilton_O3_SMZ,67276,718562346290487,Hamilton,private_family,hardwood,2.001553589884039,100.0,True,61.0,no_management,no_management,0,False
smz_split,TM67277_Baker_O3_SMZ,67277,718562357290487,Baker,private_family,pine,0.2223948433204488,100.0,True,77.0,no_management,no_management,0,False
smz_split,TM67277_Columbia_O3_SMZ,67277,718562357290487,Columbia,private_family,pine,0.4447896866408976,100.0,True,77.0,no_management,no_management,0,False
smz_split,TM67277_Columbia_O4_SMZ,67277,718562357290487,Columbia,private_industrial,pine,0.8895793732817951,100.0,True,77.0,no_management,no_management,0,False
smz_split,TM67277_Hamilton_O3_SMZ,67277,718562357290487,Hamilton,private_family,pine,0.2223948433204488,100.0,True,77.0,no_management,no_management,0,False
smz_split,TM67277_Hamilton_O4_SMZ,67277,718562357290487,Hamilton,private_industrial,pine,0.2223948433204488,100.0,True,77.0,no_management,no_management,0,False
smz_split,TM67277_Suwannee_O3_SMZ,67277,718562357290487,Suwannee,private_family,pine,0.6671845299613464,100.0,True,77.0,no_management,no_management,0,False
smz_split,TM67277_Suwannee_O4_SMZ,67277,718562357290487,Suwannee,private_industrial,pine,0.2223948433204488,100.0,True,77.0,no_management,no_management,0,False
smz_split,TM67279_Baker_O3_SMZ,67279,718562372290487,Baker,private_family,pine,4.670291709729424,100.0,True,42.0,no_management,no_management,0,False
smz_split,TM67279_Baker_O4_SMZ,67279,718562372290487,Baker,private_industrial,pine,0.2223948433204488,100.0,True,42.0,no_management,no_management,0,False
smz_split,TM67279_Baker_O6_SMZ,67279,718562372290487,Baker,federal,pine,1.5567639032431415,100.0,True,42.0,no_management,no_management,0,False
smz_split,TM67279_Columbia_O3_SMZ,67279,718562372290487,Columbia,private_family,pine,0.6671845299613464,100.0,True,42.0,no_management,no_management,0,False
smz_split,TM67279_Columbia_O6_SMZ,67279,718562372290487,Columbia,federal,pine,54.93152630015085,100.0,True,42.0,no_management,no_management,0,False
smz_split,TM67279_Columbia_O8_SMZ,67279,718562372290487,Columbia,local,pine,0.4447896866408976,100.0,True,42.0,no_management,no_management,0,False
smz_split,TM67279_Hamilton_O3_SMZ,67279,718562372290487,Hamilton,private_family,pine,1.111974216602244,100.0,True,42.0,no_management,no_management,0,False
smz_split,TM67279_Hamilton_O7_SMZ,67279,718562372290487,Hamilton,state,pine,1.7791587465635903,100.0,True,42.0,no_management,no_management,0,False
smz_split,TM67284_Baker_O3_SMZ,67284,718603453290487,Baker,private_family,hardwood,0.2223948433204488,100.0,True,47.0,no_management,no_management,0,False
smz_split,TM67284_Columbia_O3_SMZ,67284,718603453290487,Columbia,private_family,hardwood,0.2223948433204488,100.0,True,47.0,no_management,no_management,0,False
smz_split,TM67284_Suwannee_O3_SMZ,67284,718603453290487,Suwannee,private_family,hardwood,0.2223948433204488,100.0,True,47.0,no_management,no_management,0,False
smz_split,TM67286_Hamilton_O3_SMZ,67286,718603459290487,Hamilton,private_family,hardwood,0.6671845299613464,100.0,True,72.0,no_management,no_management,0,False
smz_split,TM67286_Hamilton_O4_SMZ,67286,718603459290487,Hamilton,private_industrial,hardwood,0.8895793732817951,100.0,True,72.0,no_management,no_management,0,False
smz_split,TM67304_Columbia_O3_SMZ,67304,718603520290487,Columbia,private_family,hardwood,0.2223948433204488,100.0,True,59.0,no_management,no_management,0,False
smz_split,TM67304_Union_O3_SMZ,67304,718603520290487,Union,private_family,hardwood,0.4447896866408976,100.0,True,59.0,no_management,no_management,0,False
smz_split,TM67308_Baker_O3_SMZ,67308,718603540290487,Baker,private_family,pine,0.6671845299613464,100.0,True,77.0,no_management,no_management,0,False
smz_split,TM67308_Columbia_O6_SMZ,67308,718603540290487,Columbia,federal,pine,0.6671845299613464,100.0,True,77.0,no_management,no_management,0,False
smz_split,TM67313_Baker_O3_SMZ,67313,718603549290487,Baker,private_family,hardwood,23.57385339196757,100.0,True,91.0,no_management,no_management,0,False
smz_split,TM67313_Baker_O4_SMZ,67313,718603549290487,Baker,private_industrial,hardwood,7.116634986254361,100.0,True,91.0,no_management,no_management,0,False
smz_split,TM67313_Baker_O8_SMZ,67313,718603549290487,Baker,local,hardwood,3.113527806486283,100.0,True,91.0,no_management,no_management,0,False
smz_split,TM67313_Union_O3_SMZ,67313,718603549290487,Union,private_family,hardwood,2.6687381198453854,100.0,True,91.0,no_management,no_management,0,False
smz_split,TM67313_Union_O4_SMZ,67313,718603549290487,Union,private_industrial,hardwood,0.4447896866408976,100.0,True,91.0,no_management,no_management,0,False
smz_split,TM67313_Union_O7_SMZ,67313,718603549290487,Union,state,hardwood,0.2223948433204488,100.0,True,91.0,no_management,no_management,0,False
smz_split,TM67323_Columbia_O3_SMZ,67323,718603597290487,Columbia,private_family,hardwood,0.6671845299613464,100.0,True,73.0,no_management,no_management,0,False
smz_split,TM67324_Hamilton_O3_SMZ,67324,718603599290487,Hamilton,private_family,hardwood,16.45721840571321,100.0,True,47.0,no_management,no_management,0,False
smz_split,TM67324_Hamilton_O4_SMZ,67324,718603599290487,Hamilton,private_industrial,hardwood,2.001553589884039,100.0,True,47.0,no_management,no_management,0,False
smz_split,TM67324_Suwannee_O3_SMZ,67324,718603599290487,Suwannee,private_family,hardwood,5.5598710830112195,100.0,True,47.0,no_management,no_management,0,False
smz_split,TM67324_Suwannee_O4_SMZ,67324,718603599290487,Suwannee,private_industrial,hardwood,0.2223948433204488,100.0,True,47.0,no_management,no_management,0,False
smz_split,TM67337_Columbia_O3_SMZ,67337,718603672290487,Columbia,private_family,other,0.2223948433204488,100.0,True,73.0,no_management,no_management,0,False
smz_split,TM67337_Columbia_O4_SMZ,67337,718603672290487,Columbia,private_industrial,other,0.2223948433204488,100.0,True,73.0,no_management,no_management,0,False
smz_split,TM67338_Columbia_O3_SMZ,67338,718603673290487,Columbia,private_family,hardwood,3.113527806486283,100.0,True,60.0,no_management,no_management,0,False
smz_split,TM67338_Columbia_O4_SMZ,67338,718603673290487,Columbia,private_industrial,hardwood,0.2223948433204488,100.0,True,60.0,no_management,no_management,0,False
smz_split,TM67338_Columbia_O8_SMZ,67338,718603673290487,Columbia,local,hardwood,1.111974216602244,100.0,True,60.0,no_management,no_management,0,False
smz_split,TM67338_Hamilton_O3_SMZ,67338,718603673290487,Hamilton,private_family,hardwood,5.782265926331668,100.0,True,60.0,no_management,no_management,0,False
smz_split,TM67338_Hamilton_O4_SMZ,67338,718603673290487,Hamilton,private_industrial,hardwood,0.2223948433204488,100.0,True,60.0,no_management,no_management,0,False
smz_split,TM67338_Suwannee_O3_SMZ,67338,718603673290487,Suwannee,private_family,hardwood,4.225502023088527,100.0,True,60.0,no_management,no_management,0,False
smz_split,TM67338_Suwannee_O4_SMZ,67338,718603673290487,Suwannee,private_industrial,hardwood,0.8895793732817951,100.0,True,60.0,no_management,no_management,0,False
smz_split,TM67371_Baker_O3_SMZ,67371,718603849290487,Baker,private_family,pine,0.6671845299613464,100.0,True,44.0,no_management,no_management,0,False
smz_split,TM67371_Baker_O6_SMZ,67371,718603849290487,Baker,federal,pine,0.2223948433204488,100.0,True,44.0,no_management,no_management,0,False
smz_split,TM67371_Columbia_O6_SMZ,67371,718603849290487,Columbia,federal,pine,11.786926695983786,100.0,True,44.0,no_management,no_management,0,False
smz_split,TM67372_Baker_O3_SMZ,67372,718603850290487,Baker,private_family,hardwood,69.16479627265957,100.0,True,31.0,no_management,no_management,0,False
smz_split,TM67372_Baker_O4_SMZ,67372,718603850290487,Baker,private_industrial,hardwood,55.1539211434713,100.0,True,31.0,no_management,no_management,0,False
smz_split,TM67372_Baker_O7_SMZ,67372,718603850290487,Baker,state,hardwood,0.6671845299613464,100.0,True,31.0,no_management,no_management,0,False
smz_split,TM67372_Baker_O8_SMZ,67372,718603850290487,Baker,local,hardwood,0.4447896866408976,100.0,True,31.0,no_management,no_management,0,False
smz_split,TM67372_Columbia_O3_SMZ,67372,718603850290487,Columbia,private_family,hardwood,24.01864307860847,100.0,True,31.0,no_management,no_management,0,False
smz_split,TM67372_Columbia_O4_SMZ,67372,718603850290487,Columbia,private_industrial,hardwood,8.451004046177054,100.0,True,31.0,no_management,no_management,0,False
smz_split,TM67372_Columbia_O6_SMZ,67372,718603850290487,Columbia,federal,hardwood,2.446343276524937,100.0,True,31.0,no_management,no_management,0,False
smz_split,TM67372_Columbia_O8_SMZ,67372,718603850290487,Columbia,local,hardwood,5.782265926331668,100.0,True,31.0,no_management,no_management,0,False
smz_split,TM67372_Hamilton_O3_SMZ,67372,718603850290487,Hamilton,private_family,hardwood,3.780712336447629,100.0,True,31.0,no_management,no_management,0,False
smz_split,TM67372_Hamilton_O4_SMZ,67372,718603850290487,Hamilton,private_industrial,hardwood,0.4447896866408976,100.0,True,31.0,no_management,no_management,0,False
smz_split,TM67372_Hamilton_O6_SMZ,67372,718603850290487,Hamilton,federal,hardwood,0.2223948433204488,100.0,True,31.0,no_management,no_management,0,False
smz_split,TM67372_Hamilton_O7_SMZ,67372,718603850290487,Hamilton,state,hardwood,0.2223948433204488,100.0,True,31.0,no_management,no_management,0,False
smz_split,TM67372_Suwannee_O3_SMZ,67372,718603850290487,Suwannee,private_family,hardwood,27.799355415056098,100.0,True,31.0,no_management,no_management,0,False
smz_split,TM67372_Suwannee_O4_SMZ,67372,718603850290487,Suwannee,private_industrial,hardwood,16.012428719072314,100.0,True,31.0,no_management,no_management,0,False
smz_split,TM67372_Union_O3_SMZ,67372,718603850290487,Union,private_family,hardwood,53.81955208354861,100.0,True,31.0,no_management,no_management,0,False
smz_split,TM67372_Union_O4_SMZ,67372,718603850290487,Union,private_industrial,hardwood,2.891132963165834,100.0,True,31.0,no_management,no_management,0,False
smz_split,TM67372_Union_O7_SMZ,67372,718603850290487,Union,state,hardwood,1.111974216602244,100.0,True,31.0,no_management,no_management,0,False
smz_split,TM67373_Union_O3_SMZ,67373,718603852290487,Union,private_family,pine,14.67805965914962,100.0,True,19.0,no_management,no_management,0,False
smz_split,TM67373_Union_O4_SMZ,67373,718603852290487,Union,private_industrial,pine,2.001553589884039,100.0,True,19.0,no_management,no_management,0,False
smz_split,TM67373_Union_O7_SMZ,67373,718603852290487,Union,state,pine,0.8895793732817951,100.0,True,19.0,no_management,no_management,0,False
smz_split,TM67373_Union_O8_SMZ,67373,718603852290487,Union,local,pine,1.7791587465635903,100.0,True,19.0,no_management,no_management,0,False
smz_split,TM67375_Baker_O3_SMZ,67375,718603858290487,Baker,private_family,hardwood,0.6671845299613464,100.0,True,103.0,no_management,no_management,0,False
smz_split,TM67375_Baker_O4_SMZ,67375,718603858290487,Baker,private_industrial,hardwood,0.2223948433204488,100.0,True,103.0,no_management,no_management,0,False
smz_split,TM67375_Columbia_O3_SMZ,67375,718603858290487,Columbia,private_family,hardwood,1.3343690599226927,100.0,True,103.0,no_management,no_management,0,False
smz_split,TM67375_Union_O3_SMZ,67375,718603858290487,Union,private_family,hardwood,1.7791587465635903,100.0,True,103.0,no_management,no_management,0,False
smz_split,TM67375_Union_O4_SMZ,67375,718603858290487,Union,private_industrial,hardwood,0.4447896866408976,100.0,True,103.0,no_management,no_management,0,False
smz_split,TM67377_Baker_O4_SMZ,67377,718603878290487,Baker,private_industrial,pine,0.2223948433204488,100.0,True,27.0,no_management,no_management,0,False
smz_split,TM67378_Baker_O3_SMZ,67378,718603881290487,Baker,private_family,other,1.7791587465635903,100.0,True,66.0,no_management,no_management,0,False
smz_split,TM67378_Baker_O4_SMZ,67378,718603881290487,Baker,private_industrial,other,0.6671845299613464,100.0,True,66.0,no_management,no_management,0,False
smz_split,TM67378_Columbia_O3_SMZ,67378,718603881290487,Columbia,private_family,other,0.6671845299613464,100.0,True,66.0,no_management,no_management,0,False
smz_split,TM67378_Columbia_O4_SMZ,67378,718603881290487,Columbia,private_industrial,other,0.2223948433204488,100.0,True,66.0,no_management,no_management,0,False
smz_split,TM67378_Hamilton_O4_SMZ,67378,718603881290487,Hamilton,private_industrial,other,0.2223948433204488,100.0,True,66.0,no_management,no_management,0,False
smz_split,TM67378_Union_O3_SMZ,67378,718603881290487,Union,private_family,other,0.8895793732817951,100.0,True,66.0,no_management,no_management,0,False
smz_split,TM67378_Union_O4_SMZ,67378,718603881290487,Union,private_industrial,other,0.4447896866408976,100.0,True,66.0,no_management,no_management,0,False
smz_split,TM67379_Union_O3_SMZ,67379,718603887290487,Union,private_family,pine,10.674952479381542,100.0,True,12.0,no_management,no_management,0,False
smz_split,TM67379_Union_O4_SMZ,67379,718603887290487,Union,private_industrial,pine,5.5598710830112195,100.0,True,12.0,no_management,no_management,0,False
smz_split,TM67379_Union_O7_SMZ,67379,718603887290487,Union,state,pine,0.6671845299613464,100.0,True,12.0,no_management,no_management,0,False
smz_split,TM67417_Baker_O6_SMZ,67417,718604055290487,Baker,federal,pine,0.2223948433204488,100.0,True,5.0,no_management,no_management,0,False
smz_split,TM67423_Baker_O4_SMZ,67423,718604068290487,Baker,private_industrial,hardwood,0.2223948433204488,100.0,True,60.0,no_management,no_management,0,False
smz_split,TM67427_Baker_O3_SMZ,67427,718604085290487,Baker,private_family,hardwood,10.452557636061094,100.0,True,30.0,no_management,no_management,0,False
smz_split,TM67427_Baker_O4_SMZ,67427,718604085290487,Baker,private_industrial,hardwood,0.4447896866408976,100.0,True,30.0,no_management,no_management,0,False
smz_split,TM67427_Columbia_O3_SMZ,67427,718604085290487,Columbia,private_family,hardwood,21.794694645403982,100.0,True,30.0,no_management,no_management,0,False
smz_split,TM67427_Columbia_O4_SMZ,67427,718604085290487,Columbia,private_industrial,hardwood,13.566085442547376,100.0,True,30.0,no_management,no_management,0,False
smz_split,TM67427_Columbia_O6_SMZ,67427,718604085290487,Columbia,federal,hardwood,0.8895793732817951,100.0,True,30.0,no_management,no_management,0,False
smz_split,TM67427_Columbia_O8_SMZ,67427,718604085290487,Columbia,local,hardwood,2.446343276524937,100.0,True,30.0,no_management,no_management,0,False
smz_split,TM67427_Hamilton_O3_SMZ,67427,718604085290487,Hamilton,private_family,hardwood,0.2223948433204488,100.0,True,30.0,no_management,no_management,0,False
smz_split,TM67427_Suwannee_O3_SMZ,67427,718604085290487,Suwannee,private_family,hardwood,5.115081396370321,100.0,True,30.0,no_management,no_management,0,False
smz_split,TM67427_Suwannee_O8_SMZ,67427,718604085290487,Suwannee,local,hardwood,0.6671845299613464,100.0,True,30.0,no_management,no_management,0,False
smz_split,TM67427_Union_O3_SMZ,67427,718604085290487,Union,private_family,hardwood,92.73864966462715,100.0,True,30.0,no_management,no_management,0,False
smz_split,TM67427_Union_O4_SMZ,67427,718604085290487,Union,private_industrial,hardwood,39.586282111039885,100.0,True,30.0,no_management,no_management,0,False
smz_split,TM67427_Union_O7_SMZ,67427,718604085290487,Union,state,hardwood,14.233269972508722,100.0,True,30.0,no_management,no_management,0,False
smz_split,TM67429_Columbia_O4_SMZ,67429,718604087290487,Columbia,private_industrial,hardwood,0.2223948433204488,100.0,True,33.0,no_management,no_management,0,False
smz_split,TM67429_Union_O3_SMZ,67429,718604087290487,Union,private_family,hardwood,0.6671845299613464,100.0,True,33.0,no_management,no_management,0,False
smz_split,TM67452_Columbia_O6_SMZ,67452,718604205290487,Columbia,federal,hardwood,0.2223948433204488,100.0,True,63.0,no_management,no_management,0,False
smz_split,TM67453_Baker_O3_SMZ,67453,718604216290487,Baker,private_family,hardwood,1.3343690599226927,100.0,True,85.0,no_management,no_management,0,False
smz_split,TM67453_Baker_O4_SMZ,67453,718604216290487,Baker,private_industrial,hardwood,0.4447896866408976,100.0,True,85.0,no_management,no_management,0,False
smz_split,TM67453_Baker_O6_SMZ,67453,718604216290487,Baker,federal,hardwood,11.342137009342888,100.0,True,85.0,no_management,no_management,0,False
smz_split,TM67453_Columbia_O6_SMZ,67453,718604216290487,Columbia,federal,hardwood,1.7791587465635903,100.0,True,85.0,no_management,no_management,0,False
smz_split,TM67453_Hamilton_O4_SMZ,67453,718604216290487,Hamilton,private_industrial,hardwood,0.2223948433204488,100.0,True,85.0,no_management,no_management,0,False
smz_split,TM67455_Columbia_O3_SMZ,67455,718604221290487,Columbia,private_family,pine,2.891132963165834,100.0,True,37.0,no_management,no_management,0,False
smz_split,TM67455_Columbia_O4_SMZ,67455,718604221290487,Columbia,private_industrial,pine,1.111974216602244,100.0,True,37.0,no_management,no_management,0,False
smz_split,TM67455_Columbia_O8_SMZ,67455,718604221290487,Columbia,local,pine,1.7791587465635903,100.0,True,37.0,no_management,no_management,0,False
smz_split,TM67455_Hamilton_O3_SMZ,67455,718604221290487,Hamilton,private_family,pine,8.451004046177054,100.0,True,37.0,no_management,no_management,0,False
smz_split,TM67455_Hamilton_O4_SMZ,67455,718604221290487,Hamilton,private_industrial,pine,2.6687381198453854,100.0,True,37.0,no_management,no_management,0,False
smz_split,TM67455_Hamilton_O7_SMZ,67455,718604221290487,Hamilton,state,pine,0.4447896866408976,100.0,True,37.0,no_management,no_management,0,False
smz_split,TM67455_Suwannee_O3_SMZ,67455,718604221290487,Suwannee,private_family,pine,1.3343690599226927,100.0,True,37.0,no_management,no_management,0,False
smz_split,TM67455_Suwannee_O4_SMZ,67455,718604221290487,Suwannee,private_industrial,pine,0.6671845299613464,100.0,True,37.0,no_management,no_management,0,False
smz_split,TM67457_Baker_O3_SMZ,67457,718604224290487,Baker,private_family,hardwood,0.2223948433204488,100.0,True,41.0,no_management,no_management,0,False
smz_split,TM67457_Columbia_O3_SMZ,67457,718604224290487,Columbia,private_family,hardwood,1.5567639032431415,100.0,True,41.0,no_management,no_management,0,False
smz_split,TM67457_Columbia_O4_SMZ,67457,718604224290487,Columbia,private_industrial,hardwood,0.4447896866408976,100.0,True,41.0,no_management,no_management,0,False
smz_split,TM67457_Hamilton_O4_SMZ,67457,718604224290487,Hamilton,private_industrial,hardwood,0.2223948433204488,100.0,True,41.0,no_management,no_management,0,False
smz_split,TM67457_Suwannee_O4_SMZ,67457,718604224290487,Suwannee,private_industrial,hardwood,0.8895793732817951,100.0,True,41.0,no_management,no_management,0,False
smz_split,TM67458_Baker_O3_SMZ,67458,718604225290487,Baker,private_family,hardwood,0.4447896866408976,100.0,True,8.0,no_management,no_management,0,False
smz_split,TM67458_Columbia_O3_SMZ,67458,718604225290487,Columbia,private_family,hardwood,0.2223948433204488,100.0,True,8.0,no_management,no_management,0,False
smz_split,TM67458_Columbia_O4_SMZ,67458,718604225290487,Columbia,private_industrial,hardwood,0.4447896866408976,100.0,True,8.0,no_management,no_management,0,False
smz_split,TM67458_Hamilton_O3_SMZ,67458,718604225290487,Hamilton,private_family,hardwood,0.2223948433204488,100.0,True,8.0,no_management,no_management,0,False
smz_split,TM67458_Union_O3_SMZ,67458,718604225290487,Union,private_family,hardwood,0.2223948433204488,100.0,True,8.0,no_management,no_management,0,False
smz_split,TM67461_Baker_O3_SMZ,67461,718604231290487,Baker,private_family,pine,3.780712336447629,100.0,True,23.0,no_management,no_management,0,False
smz_split,TM67461_Baker_O4_SMZ,67461,718604231290487,Baker,private_industrial,pine,6.0046607696521175,100.0,True,23.0,no_management,no_management,0,False
smz_split,TM67461_Columbia_O3_SMZ,67461,718604231290487,Columbia,private_family,pine,30.46809353490148,100.0,True,23.0,no_management,no_management,0,False
smz_split,TM67461_Columbia_O4_SMZ,67461,718604231290487,Columbia,private_industrial,pine,16.234823562392762,100.0,True,23.0,no_management,no_management,0,False
smz_split,TM67461_Columbia_O8_SMZ,67461,718604231290487,Columbia,local,pine,6.227055612972566,100.0,True,23.0,no_management,no_management,0,False
smz_split,TM67461_Hamilton_O3_SMZ,67461,718604231290487,Hamilton,private_family,pine,14.010875129188275,100.0,True,23.0,no_management,no_management,0,False
smz_split,TM67461_Hamilton_O4_SMZ,67461,718604231290487,Hamilton,private_industrial,pine,4.225502023088526,100.0,True,23.0,no_management,no_management,0,False
smz_split,TM67461_Hamilton_O7_SMZ,67461,718604231290487,Hamilton,state,pine,2.001553589884039,100.0,True,23.0,no_management,no_management,0,False
smz_split,TM67461_Hamilton_O8_SMZ,67461,718604231290487,Hamilton,local,pine,0.2223948433204488,100.0,True,23.0,no_management,no_management,0,False
smz_split,TM67461_Suwannee_O3_SMZ,67461,718604231290487,Suwannee,private_family,pine,10.674952479381542,100.0,True,23.0,no_management,no_management,0,False
smz_split,TM67461_Suwannee_O4_SMZ,67461,718604231290487,Suwannee,private_industrial,pine,2.6687381198453854,100.0,True,23.0,no_management,no_management,0,False
smz_split,TM67462_Hamilton_O3_SMZ,67462,718604233290487,Hamilton,private_family,hardwood,46.0357325673329,100.0,True,18.0,no_management,no_management,0,False
smz_split,TM67462_Hamilton_O4_SMZ,67462,718604233290487,Hamilton,private_industrial,hardwood,7.33902982957481,100.0,True,18.0,no_management,no_management,0,False
smz_split,TM67462_Hamilton_O6_SMZ,67462,718604233290487,Hamilton,federal,hardwood,1.3343690599226927,100.0,True,18.0,no_management,no_management,0,False
smz_split,TM67462_Hamilton_O7_SMZ,67462,718604233290487,Hamilton,state,hardwood,3.335922649806732,100.0,True,18.0,no_management,no_management,0,False
smz_split,TM67462_Hamilton_O8_SMZ,67462,718604233290487,Hamilton,local,hardwood,1.7791587465635903,100.0,True,18.0,no_management,no_management,0,False
smz_split,TM67462_Suwannee_O3_SMZ,67462,718604233290487,Suwannee,private_family,hardwood,9.785373106099748,100.0,True,18.0,no_management,no_management,0,False
smz_split,TM67462_Suwannee_O4_SMZ,67462,718604233290487,Suwannee,private_industrial,hardwood,3.5583174931271806,100.0,True,18.0,no_management,no_management,0,False
smz_split,TM67462_Suwannee_O7_SMZ,67462,718604233290487,Suwannee,state,hardwood,0.6671845299613464,100.0,True,18.0,no_management,no_management,0,False
smz_split,TM67463_Columbia_O3_SMZ,67463,718604236290487,Columbia,private_family,hardwood,1.5567639032431415,100.0,True,45.0,no_management,no_management,0,False
smz_split,TM67463_Hamilton_O3_SMZ,67463,718604236290487,Hamilton,private_family,hardwood,0.4447896866408976,100.0,True,45.0,no_management,no_management,0,False
smz_split,TM67463_Hamilton_O4_SMZ,67463,718604236290487,Hamilton,private_industrial,hardwood,0.4447896866408976,100.0,True,45.0,no_management,no_management,0,False
smz_split,TM67463_Suwannee_O3_SMZ,67463,718604236290487,Suwannee,private_family,hardwood,0.6671845299613464,100.0,True,45.0,no_management,no_management,0,False
smz_split,TM67470_Baker_O6_SMZ,67470,718604276290487,Baker,federal,pine,0.2223948433204488,100.0,True,6.0,no_management,no_management,0,False
smz_split,TM67470_Columbia_O6_SMZ,67470,718604276290487,Columbia,federal,pine,0.6671845299613464,100.0,True,6.0,no_management,no_management,0,False
smz_split,TM67472_Union_O3_SMZ,67472,718604280290487,Union,private_family,hardwood,0.2223948433204488,100.0,True,127.0,no_management,no_management,0,False
smz_split,TM67475_Baker_O3_SMZ,67475,718604294290487,Baker,private_family,other,2.2239484332044874,100.0,True,51.0,no_management,no_management,0,False
smz_split,TM67475_Baker_O4_SMZ,67475,718604294290487,Baker,private_industrial,other,0.2223948433204488,100.0,True,51.0,no_management,no_management,0,False
smz_split,TM67475_Baker_O7_SMZ,67475,718604294290487,Baker,state,other,0.2223948433204488,100.0,True,51.0,no_management,no_management,0,False
smz_split,TM67475_Baker_O8_SMZ,67475,718604294290487,Baker,local,other,0.4447896866408976,100.0,True,51.0,no_management,no_management,0,False
smz_split,TM67475_Columbia_O3_SMZ,67475,718604294290487,Columbia,private_family,other,23.129063705326672,100.0,True,51.0,no_management,no_management,0,False
smz_split,TM67475_Columbia_O4_SMZ,67475,718604294290487,Columbia,private_industrial,other,6.894240142933912,100.0,True,51.0,no_management,no_management,0,False
smz_split,TM67475_Columbia_O6_SMZ,67475,718604294290487,Columbia,federal,other,0.8895793732817951,100.0,True,51.0,no_management,no_management,0,False
smz_split,TM67475_Columbia_O7_SMZ,67475,718604294290487,Columbia,state,other,0.2223948433204488,100.0,True,51.0,no_management,no_management,0,False
smz_split,TM67475_Columbia_O8_SMZ,67475,718604294290487,Columbia,local,other,2.6687381198453854,100.0,True,51.0,no_management,no_management,0,False
smz_split,TM67475_Hamilton_O3_SMZ,67475,718604294290487,Hamilton,private_family,other,6.894240142933913,100.0,True,51.0,no_management,no_management,0,False
smz_split,TM67475_Hamilton_O4_SMZ,67475,718604294290487,Hamilton,private_industrial,other,3.335922649806732,100.0,True,51.0,no_management,no_management,0,False
smz_split,TM67475_Hamilton_O7_SMZ,67475,718604294290487,Hamilton,state,other,0.4447896866408976,100.0,True,51.0,no_management,no_management,0,False
smz_split,TM67475_Suwannee_O3_SMZ,67475,718604294290487,Suwannee,private_family,other,6.894240142933913,100.0,True,51.0,no_management,no_management,0,False
smz_split,TM67475_Suwannee_O4_SMZ,67475,718604294290487,Suwannee,private_industrial,other,2.223948433204488,100.0,True,51.0,no_management,no_management,0,False
smz_split,TM67475_Union_O3_SMZ,67475,718604294290487,Union,private_family,other,2.6687381198453854,100.0,True,51.0,no_management,no_management,0,False
smz_split,TM67475_Union_O4_SMZ,67475,718604294290487,Union,private_industrial,other,0.6671845299613464,100.0,True,51.0,no_management,no_management,0,False
smz_split,TM67502_Hamilton_O3_SMZ,67502,718604451290487,Hamilton,private_family,hardwood,2.446343276524937,100.0,True,32.0,no_management,no_management,0,False
smz_split,TM67502_Suwannee_O3_SMZ,67502,718604451290487,Suwannee,private_family,hardwood,1.3343690599226927,100.0,True,32.0,no_management,no_management,0,False
smz_split,TM67502_Suwannee_O4_SMZ,67502,718604451290487,Suwannee,private_industrial,hardwood,0.4447896866408976,100.0,True,32.0,no_management,no_management,0,False
smz_split,TM67503_Columbia_O3_SMZ,67503,718604452290487,Columbia,private_family,hardwood,2.001553589884039,100.0,True,86.0,no_management,no_management,0,False
smz_split,TM67503_Union_O3_SMZ,67503,718604452290487,Union,private_family,hardwood,3.113527806486283,100.0,True,86.0,no_management,no_management,0,False
smz_split,TM67504_Baker_O3_SMZ,67504,718604453290487,Baker,private_family,hardwood,0.2223948433204488,100.0,True,40.0,no_management,no_management,0,False
smz_split,TM67504_Baker_O4_SMZ,67504,718604453290487,Baker,private_industrial,hardwood,0.2223948433204488,100.0,True,40.0,no_management,no_management,0,False
smz_split,TM67504_Columbia_O3_SMZ,67504,718604453290487,Columbia,private_family,hardwood,2.891132963165834,100.0,True,40.0,no_management,no_management,0,False
smz_split,TM67504_Columbia_O4_SMZ,67504,718604453290487,Columbia,private_industrial,hardwood,0.6671845299613464,100.0,True,40.0,no_management,no_management,0,False
smz_split,TM67504_Hamilton_O3_SMZ,67504,718604453290487,Hamilton,private_family,hardwood,2.001553589884039,100.0,True,40.0,no_management,no_management,0,False
smz_split,TM67504_Suwannee_O3_SMZ,67504,718604453290487,Suwannee,private_family,hardwood,0.4447896866408976,100.0,True,40.0,no_management,no_management,0,False
smz_split,TM67504_Suwannee_O4_SMZ,67504,718604453290487,Suwannee,private_industrial,hardwood,0.4447896866408976,100.0,True,40.0,no_management,no_management,0,False
smz_split,TM67504_Suwannee_O8_SMZ,67504,718604453290487,Suwannee,local,hardwood,0.4447896866408976,100.0,True,40.0,no_management,no_management,0,False
smz_split,TM67504_Union_O3_SMZ,67504,718604453290487,Union,private_family,hardwood,2.6687381198453854,100.0,True,40.0,no_management,no_management,0,False
smz_split,TM67504_Union_O4_SMZ,67504,718604453290487,Union,private_industrial,hardwood,1.7791587465635903,100.0,True,40.0,no_management,no_management,0,False
smz_split,TM67509_Baker_O3_SMZ,67509,718604473290487,Baker,private_family,pine,6.0046607696521175,100.0,True,21.0,no_management,no_management,0,False
smz_split,TM67509_Columbia_O6_SMZ,67509,718604473290487,Columbia,federal,pine,15.122849345790517,100.0,True,21.0,no_management,no_management,0,False
smz_split,TM67511_Baker_O3_SMZ,67511,718604485290487,Baker,private_family,pine,7.33902982957481,100.0,True,17.0,no_management,no_management,0,False
smz_split,TM67511_Baker_O4_SMZ,67511,718604485290487,Baker,private_industrial,pine,4.670291709729424,100.0,True,17.0,no_management,no_management,0,False
smz_split,TM67511_Baker_O7_SMZ,67511,718604485290487,Baker,state,pine,0.6671845299613464,100.0,True,17.0,no_management,no_management,0,False
smz_split,TM67512_Baker_O3_SMZ,67512,718604486290487,Baker,private_family,pine,10.230162792740643,100.0,True,20.0,no_management,no_management,0,False
smz_split,TM67512_Union_O3_SMZ,67512,718604486290487,Union,private_family,pine,16.90200809235411,100.0,True,20.0,no_management,no_management,0,False
smz_split,TM67512_Union_O4_SMZ,67512,718604486290487,Union,private_industrial,pine,0.6671845299613464,100.0,True,20.0,no_management,no_management,0,False
smz_split,TM67512_Union_O7_SMZ,67512,718604486290487,Union,state,pine,8.895793732817951,100.0,True,20.0,no_management,no_management,0,False
smz_split,TM67513_Baker_O3_SMZ,67513,718604487290487,Baker,private_family,pine,0.2223948433204488,100.0,True,8.0,no_management,no_management,0,False
smz_split,TM67513_Columbia_O3_SMZ,67513,718604487290487,Columbia,private_family,pine,1.111974216602244,100.0,True,8.0,no_management,no_management,0,False
smz_split,TM67513_Columbia_O4_SMZ,67513,718604487290487,Columbia,private_industrial,pine,0.4447896866408976,100.0,True,8.0,no_management,no_management,0,False
smz_split,TM67513_Hamilton_O4_SMZ,67513,718604487290487,Hamilton,private_industrial,pine,0.2223948433204488,100.0,True,8.0,no_management,no_management,0,False
smz_split,TM67513_Suwannee_O3_SMZ,67513,718604487290487,Suwannee,private_family,pine,0.8895793732817951,100.0,True,8.0,no_management,no_management,0,False
smz_split,TM67513_Union_O3_SMZ,67513,718604487290487,Union,private_family,pine,4.892686553049874,100.0,True,8.0,no_management,no_management,0,False
smz_split,TM67513_Union_O4_SMZ,67513,718604487290487,Union,private_industrial,pine,0.2223948433204488,100.0,True,8.0,no_management,no_management,0,False
smz_split,TM67521_Union_O3_SMZ,67521,718604687290487,Union,private_family,hardwood,0.2223948433204488,100.0,True,30.0,no_management,no_management,0,False
smz_split,TM67523_Baker_O3_SMZ,67523,718604718290487,Baker,private_family,pine,14.45566481582917,100.0,True,16.0,no_management,no_management,0,False
smz_split,TM67523_Columbia_O3_SMZ,67523,718604718290487,Columbia,private_family,pine,0.4447896866408976,100.0,True,16.0,no_management,no_management,0,False
smz_split,TM67523_Columbia_O6_SMZ,67523,718604718290487,Columbia,federal,pine,20.682720428801737,100.0,True,16.0,no_management,no_management,0,False
smz_split,TM67523_Hamilton_O3_SMZ,67523,718604718290487,Hamilton,private_family,pine,0.2223948433204488,100.0,True,16.0,no_management,no_management,0,False
smz_split,TM67524_Baker_O3_SMZ,67524,718604753290487,Baker,private_family,pine,0.2223948433204488,100.0,True,6.0,no_management,no_management,0,False
smz_split,TM67524_Baker_O6_SMZ,67524,718604753290487,Baker,federal,pine,0.6671845299613464,100.0,True,6.0,no_management,no_management,0,False
smz_split,TM67524_Columbia_O3_SMZ,67524,718604753290487,Columbia,private_family,pine,0.2223948433204488,100.0,True,6.0,no_management,no_management,0,False
smz_split,TM67524_Columbia_O6_SMZ,67524,718604753290487,Columbia,federal,pine,0.4447896866408976,100.0,True,6.0,no_management,no_management,0,False
smz_split,TM67524_Hamilton_O4_SMZ,67524,718604753290487,Hamilton,private_industrial,pine,0.2223948433204488,100.0,True,6.0,no_management,no_management,0,False
smz_split,TM67527_Columbia_O3_SMZ,67527,718604764290487,Columbia,private_family,pine,1.3343690599226927,100.0,True,20.0,no_management,no_management,0,False
smz_split,TM67527_Union_O3_SMZ,67527,718604764290487,Union,private_family,pine,0.6671845299613464,100.0,True,20.0,no_management,no_management,0,False
smz_split,TM67530_Columbia_O4_SMZ,67530,718604867290487,Columbia,private_industrial,pine,0.2223948433204488,100.0,True,80.0,no_management,no_management,0,False
smz_split,TM67530_Suwannee_O3_SMZ,67530,718604867290487,Suwannee,private_family,pine,0.2223948433204488,100.0,True,80.0,no_management,no_management,0,False
smz_split,TM67532_Baker_O3_SMZ,67532,718604871290487,Baker,private_family,other,1.3343690599226927,100.0,True,7.0,no_management,no_management,0,False
smz_split,TM67532_Baker_O4_SMZ,67532,718604871290487,Baker,private_industrial,other,2.891132963165834,100.0,True,7.0,no_management,no_management,0,False
smz_split,TM67532_Columbia_O3_SMZ,67532,718604871290487,Columbia,private_family,other,0.2223948433204488,100.0,True,7.0,no_management,no_management,0,False
smz_split,TM67532_Columbia_O4_SMZ,67532,718604871290487,Columbia,private_industrial,other,0.2223948433204488,100.0,True,7.0,no_management,no_management,0,False
smz_split,TM67532_Columbia_O8_SMZ,67532,718604871290487,Columbia,local,other,0.2223948433204488,100.0,True,7.0,no_management,no_management,0,False
smz_split,TM67532_Hamilton_O3_SMZ,67532,718604871290487,Hamilton,private_family,other,0.4447896866408976,100.0,True,7.0,no_management,no_management,0,False
smz_split,TM67532_Union_O3_SMZ,67532,718604871290487,Union,private_family,other,1.5567639032431415,100.0,True,7.0,no_management,no_management,0,False
smz_split,TM67533_Baker_O3_SMZ,67533,718604872290487,Baker,private_family,hardwood,1.5567639032431415,100.0,True,55.0,no_management,no_management,0,False
smz_split,TM67533_Baker_O4_SMZ,67533,718604872290487,Baker,private_industrial,hardwood,2.891132963165834,100.0,True,55.0,no_management,no_management,0,False
smz_split,TM67533_Columbia_O3_SMZ,67533,718604872290487,Columbia,private_family,hardwood,0.6671845299613464,100.0,True,55.0,no_management,no_management,0,False
smz_split,TM67533_Columbia_O4_SMZ,67533,718604872290487,Columbia,private_industrial,hardwood,0.2223948433204488,100.0,True,55.0,no_management,no_management,0,False
smz_split,TM67534_Baker_O4_SMZ,67534,718604873290487,Baker,private_industrial,hardwood,0.2223948433204488,100.0,True,38.0,no_management,no_management,0,False
smz_split,TM67534_Columbia_O6_SMZ,67534,718604873290487,Columbia,federal,hardwood,3.113527806486283,100.0,True,38.0,no_management,no_management,0,False
smz_split,TM67534_Hamilton_O3_SMZ,67534,718604873290487,Hamilton,private_family,hardwood,0.2223948433204488,100.0,True,38.0,no_management,no_management,0,False
smz_split,TM67534_Suwannee_O3_SMZ,67534,718604873290487,Suwannee,private_family,hardwood,0.2223948433204488,100.0,True,38.0,no_management,no_management,0,False
smz_split,TM67535_Baker_O3_SMZ,67535,718604877290487,Baker,private_family,hardwood,33.13683165474687,100.0,True,81.0,no_management,no_management,0,False
smz_split,TM67535_Baker_O4_SMZ,67535,718604877290487,Baker,private_industrial,hardwood,9.340583419458849,100.0,True,81.0,no_management,no_management,0,False
smz_split,TM67535_Columbia_O3_SMZ,67535,718604877290487,Columbia,private_family,hardwood,1.3343690599226927,100.0,True,81.0,no_management,no_management,0,False
smz_split,TM67535_Columbia_O4_SMZ,67535,718604877290487,Columbia,private_industrial,hardwood,0.4447896866408976,100.0,True,81.0,no_management,no_management,0,False
smz_split,TM67535_Columbia_O6_SMZ,67535,718604877290487,Columbia,federal,hardwood,1.5567639032431415,100.0,True,81.0,no_management,no_management,0,False
smz_split,TM67535_Columbia_O8_SMZ,67535,718604877290487,Columbia,local,hardwood,0.8895793732817951,100.0,True,81.0,no_management,no_management,0,False
smz_split,TM67535_Hamilton_O3_SMZ,67535,718604877290487,Hamilton,private_family,hardwood,1.111974216602244,100.0,True,81.0,no_management,no_management,0,False
smz_split,TM67535_Hamilton_O4_SMZ,67535,718604877290487,Hamilton,private_industrial,hardwood,0.4447896866408976,100.0,True,81.0,no_management,no_management,0,False
smz_split,TM67535_Suwannee_O3_SMZ,67535,718604877290487,Suwannee,private_family,hardwood,1.3343690599226927,100.0,True,81.0,no_management,no_management,0,False
smz_split,TM67535_Suwannee_O4_SMZ,67535,718604877290487,Suwannee,private_industrial,hardwood,4.225502023088527,100.0,True,81.0,no_management,no_management,0,False
smz_split,TM67535_Union_O3_SMZ,67535,718604877290487,Union,private_family,hardwood,2.001553589884039,100.0,True,81.0,no_management,no_management,0,False
smz_split,TM67535_Union_O7_SMZ,67535,718604877290487,Union,state,hardwood,0.2223948433204488,100.0,True,81.0,no_management,no_management,0,False
smz_split,TM67536_Union_O3_SMZ,67536,718604879290487,Union,private_family,hardwood,0.2223948433204488,100.0,True,51.0,no_management,no_management,0,False
smz_split,TM67537_Baker_O4_SMZ,67537,718604880290487,Baker,private_industrial,pine,0.8895793732817951,100.0,True,12.0,no_management,no_management,0,False
smz_split,TM67537_Columbia_O3_SMZ,67537,718604880290487,Columbia,private_family,pine,1.5567639032431415,100.0,True,12.0,no_management,no_management,0,False
smz_split,TM67537_Columbia_O4_SMZ,67537,718604880290487,Columbia,private_industrial,pine,1.7791587465635903,100.0,True,12.0,no_management,no_management,0,False
smz_split,TM67537_Columbia_O8_SMZ,67537,718604880290487,Columbia,local,pine,0.4447896866408976,100.0,True,12.0,no_management,no_management,0,False
smz_split,TM67538_Baker_O3_SMZ,67538,718604885290487,Baker,private_family,pine,2.6687381198453854,100.0,True,35.0,no_management,no_management,0,False
smz_split,TM67538_Baker_O4_SMZ,67538,718604885290487,Baker,private_industrial,pine,0.6671845299613464,100.0,True,35.0,no_management,no_management,0,False
smz_split,TM67538_Columbia_O3_SMZ,67538,718604885290487,Columbia,private_family,pine,1.5567639032431415,100.0,True,35.0,no_management,no_management,0,False
smz_split,TM67538_Columbia_O4_SMZ,67538,718604885290487,Columbia,private_industrial,pine,1.3343690599226927,100.0,True,35.0,no_management,no_management,0,False
smz_split,TM67538_Columbia_O8_SMZ,67538,718604885290487,Columbia,local,pine,0.8895793732817951,100.0,True,35.0,no_management,no_management,0,False
smz_split,TM67538_Hamilton_O3_SMZ,67538,718604885290487,Hamilton,private_family,pine,0.4447896866408976,100.0,True,35.0,no_management,no_management,0,False
smz_split,TM67538_Union_O3_SMZ,67538,718604885290487,Union,private_family,pine,23.35145854864712,100.0,True,35.0,no_management,no_management,0,False
smz_split,TM67538_Union_O4_SMZ,67538,718604885290487,Union,private_industrial,pine,0.6671845299613464,100.0,True,35.0,no_management,no_management,0,False
smz_split,TM67539_Baker_O3_SMZ,67539,718604888290487,Baker,private_family,pine,13.121295755906479,100.0,True,80.0,no_management,no_management,0,False
smz_split,TM67539_Baker_O4_SMZ,67539,718604888290487,Baker,private_industrial,pine,0.6671845299613464,100.0,True,80.0,no_management,no_management,0,False
smz_split,TM67539_Columbia_O3_SMZ,67539,718604888290487,Columbia,private_family,pine,0.4447896866408976,100.0,True,80.0,no_management,no_management,0,False
smz_split,TM67539_Columbia_O6_SMZ,67539,718604888290487,Columbia,federal,pine,7.783819516215708,100.0,True,80.0,no_management,no_management,0,False
smz_split,TM67539_Columbia_O8_SMZ,67539,718604888290487,Columbia,local,pine,0.4447896866408976,100.0,True,80.0,no_management,no_management,0,False
smz_split,TM67541_Baker_O3_SMZ,67541,718604892290487,Baker,private_family,pine,12.454111225945132,100.0,True,72.0,no_management,no_management,0,False
smz_split,TM67541_Baker_O4_SMZ,67541,718604892290487,Baker,private_industrial,pine,2.001553589884039,100.0,True,72.0,no_management,no_management,0,False
smz_split,TM67541_Baker_O7_SMZ,67541,718604892290487,Baker,state,pine,0.2223948433204488,100.0,True,72.0,no_management,no_management,0,False
smz_split,TM67541_Baker_O8_SMZ,67541,718604892290487,Baker,local,pine,0.2223948433204488,100.0,True,72.0,no_management,no_management,0,False
smz_split,TM67541_Columbia_O3_SMZ,67541,718604892290487,Columbia,private_family,pine,17.791587465635903,100.0,True,72.0,no_management,no_management,0,False
smz_split,TM67541_Columbia_O4_SMZ,67541,718604892290487,Columbia,private_industrial,pine,3.335922649806732,100.0,True,72.0,no_management,no_management,0,False
smz_split,TM67541_Columbia_O6_SMZ,67541,718604892290487,Columbia,federal,pine,2.001553589884039,100.0,True,72.0,no_management,no_management,0,False
smz_split,TM67541_Columbia_O8_SMZ,67541,718604892290487,Columbia,local,pine,2.6687381198453854,100.0,True,72.0,no_management,no_management,0,False
smz_split,TM67541_Hamilton_O3_SMZ,67541,718604892290487,Hamilton,private_family,pine,15.790033875751863,100.0,True,72.0,no_management,no_management,0,False
smz_split,TM67541_Hamilton_O4_SMZ,67541,718604892290487,Hamilton,private_industrial,pine,4.892686553049873,100.0,True,72.0,no_management,no_management,0,False
smz_split,TM67541_Hamilton_O7_SMZ,67541,718604892290487,Hamilton,state,pine,0.8895793732817951,100.0,True,72.0,no_management,no_management,0,False
smz_split,TM67541_Suwannee_O3_SMZ,67541,718604892290487,Suwannee,private_family,pine,9.340583419458849,100.0,True,72.0,no_management,no_management,0,False
smz_split,TM67541_Suwannee_O4_SMZ,67541,718604892290487,Suwannee,private_industrial,pine,1.5567639032431415,100.0,True,72.0,no_management,no_management,0,False
smz_split,TM67541_Union_O3_SMZ,67541,718604892290487,Union,private_family,pine,10.007767949420195,100.0,True,72.0,no_management,no_management,0,False
smz_split,TM67541_Union_O4_SMZ,67541,718604892290487,Union,private_industrial,pine,0.2223948433204488,100.0,True,72.0,no_management,no_management,0,False
smz_split,TM67541_Union_O7_SMZ,67541,718604892290487,Union,state,pine,0.6671845299613464,100.0,True,72.0,no_management,no_management,0,False
smz_split,TM68819_Baker_O3_SMZ,68819,740826397290487,Baker,private_family,hardwood,24.463432765249365,100.0,True,70.0,no_management,no_management,0,False
smz_split,TM68819_Baker_O4_SMZ,68819,740826397290487,Baker,private_industrial,hardwood,7.783819516215708,100.0,True,70.0,no_management,no_management,0,False
smz_split,TM68819_Baker_O6_SMZ,68819,740826397290487,Baker,federal,hardwood,0.2223948433204488,100.0,True,70.0,no_management,no_management,0,False
smz_split,TM68819_Baker_O8_SMZ,68819,740826397290487,Baker,local,hardwood,2.001553589884039,100.0,True,70.0,no_management,no_management,0,False
smz_split,TM68819_Columbia_O3_SMZ,68819,740826397290487,Columbia,private_family,hardwood,0.2223948433204488,100.0,True,70.0,no_management,no_management,0,False
smz_split,TM68819_Columbia_O4_SMZ,68819,740826397290487,Columbia,private_industrial,hardwood,0.4447896866408976,100.0,True,70.0,no_management,no_management,0,False
smz_split,TM68819_Columbia_O6_SMZ,68819,740826397290487,Columbia,federal,hardwood,0.8895793732817951,100.0,True,70.0,no_management,no_management,0,False
smz_split,TM68819_Hamilton_O3_SMZ,68819,740826397290487,Hamilton,private_family,hardwood,2.223948433204488,100.0,True,70.0,no_management,no_management,0,False
smz_split,TM68819_Hamilton_O4_SMZ,68819,740826397290487,Hamilton,private_industrial,hardwood,0.6671845299613464,100.0,True,70.0,no_management,no_management,0,False
smz_split,TM68819_Suwannee_O3_SMZ,68819,740826397290487,Suwannee,private_family,hardwood,1.5567639032431415,100.0,True,70.0,no_management,no_management,0,False
