unit_id,tm_id,PLT_CN,county,owner_name,owner_class,FORTYPCD,ForTypName,pixel_count,acres,smz_pixels,smz_acres,SMZ_Pct,stand_age
TM36736_Baker_O4,36736,289514938489998,Baker,Corporate/Other Private,4,607,Baldcypress / water tupelo,1,0.2223948433204488,1.0,0.2223948433204488,100.0,141
TM21259_Hamilton_O7,21259,140564077010478,Hamilton,State,7,608,Sweetbay / swamp tupelo / red maple,1,0.2223948433204488,1.0,0.2223948433204488,100.0,55
TM48549_Columbia_O4,48549,448940134489998,Columbia,Corporate/Other Private,4,142,Slash pine,1,0.2223948433204488,1.0,0.2223948433204488,100.0,13
TM17787_Baker_O8,17787,85172032010478,Baker,Local,8,608,Sweetbay / swamp tupelo / red maple,1,0.2223948433204488,1.0,0.2223948433204488,100.0,56
TM67504_Suwannee_O8,67504,718604453290487,Suwannee,Local,8,520,Mixed upland hardwoods,2,0.4447896866408976,2.0,0.4447896866408976,100.0,40
TM48492_Union_O4,48492,448939790489998,Union,Corporate/Other Private,4,166,Pond pine,1,0.2223948433204488,1.0,0.2223948433204488,100.0,81
TM2683_Union_O3,2683,20220154010478,Union,Family Forest,3,407,Slash pine / hardwood,1,0.2223948433204488,1.0,0.2223948433204488,100.0,24
TM48503_Union_O8,48503,448939827489998,Union,Local,8,609,Baldcypress / pondcypress,1,0.2223948433204488,1.0,0.2223948433204488,100.0,100
TM24484_Union_O4,24484,176859634010854,Union,Corporate/Other Private,4,608,Sweetbay / swamp tupelo / red maple,1,0.2223948433204488,1.0,0.2223948433204488,100.0,68
TM31057_Columbia_O8,31057,218219380020004,Columbia,Local,8,409,Other pine / hardwood,1,0.2223948433204488,1.0,0.2223948433204488,100.0,55
TM66954_Baker_O3,66954,718561137290487,Baker,Family Forest,3,161,Loblolly pine,1,0.2223948433204488,1.0,0.2223948433204488,100.0,9
TM50179_Hamilton_O8,50179,451136876489998,Hamilton,Local,8,608,Sweetbay / swamp tupelo / red maple,13,2.891132963165834,9.0,2.001553589884039,69.23076923076923,55
TM13432_Columbia_O7,13432,43854936020004,Columbia,State,7,508,Sweetgum / yellow-poplar,3,0.6671845299613464,2.0,0.4447896866408976,66.66666666666667,81
TM50183_Suwannee_O3,50183,451136888489998,Suwannee,Family Forest,3,608,Sweetbay / swamp tupelo / red maple,3,0.6671845299613464,2.0,0.4447896866408976,66.66666666666667,52
TM18437_Baker_O4,18437,90825681010478,Baker,Corporate/Other Private,4,517,Elm / ash / black locust,3,0.6671845299613464,2.0,0.4447896866408976,66.66666666666667,75
TM43326_Suwannee_O4,43326,374862340489998,Suwannee,Corporate/Other Private,4,608,Sweetbay / swamp tupelo / red maple,11,2.446343276524937,7.0,1.5567639032431415,63.63636363636363,45
TM64290_Union_O3,64290,638333840126144,Union,Family Forest,3,608,Sweetbay / swamp tupelo / red maple,5,1.111974216602244,3.0,0.6671845299613464,60.0,55
TM18437_Baker_O3,18437,90825681010478,Baker,Family Forest,3,517,Elm / ash / black locust,7,1.5567639032431415,4.0,0.8895793732817951,57.142857142857146,75
TM43163_Union_O8,43163,374861344489998,Union,Local,8,403,Longleaf pine / oak,2,0.4447896866408976,1.0,0.2223948433204488,50.0,79
TM13431_Suwannee_O3,13431,43854884020004,Suwannee,Family Forest,3,608,Sweetbay / swamp tupelo / red maple,2,0.4447896866408976,1.0,0.2223948433204488,50.0,63
TM64226_Baker_O7,64226,635664945126144,Baker,State,7,142,Slash pine,2,0.4447896866408976,1.0,0.2223948433204488,50.0,60
TM67532_Hamilton_O3,67532,718604871290487,Hamilton,Family Forest,3,407,Slash pine / hardwood,4,0.8895793732817951,2.0,0.4447896866408976,50.0,7
TM21269_Baker_O3,21269,140582800010478,Baker,Family Forest,3,142,Slash pine,2,0.4447896866408976,1.0,0.2223948433204488,50.0,24
TM43187_Hamilton_O6,43187,374861459489998,Hamilton,Federal,6,406,Loblolly pine / hardwood,2,0.4447896866408976,1.0,0.2223948433204488,50.0,63
TM48557_Union_O4,48557,448940171489998,Union,Corporate/Other Private,4,142,Slash pine,2,0.4447896866408976,1.0,0.2223948433204488,50.0,24
TM63999_Columbia_O3,63999,635664107126144,Columbia,Family Forest,3,995,Other exotic hardwoods,2,0.4447896866408976,1.0,0.2223948433204488,50.0,20
TM67057_Hamilton_O7,67057,718561522290487,Hamilton,State,7,602,Sweetgum / Nuttall oak / willow oak,2,0.4447896866408976,1.0,0.2223948433204488,50.0,70
TM43225_Baker_O7,43225,374861608489998,Baker,State,7,520,Mixed upland hardwoods,2,0.4447896866408976,1.0,0.2223948433204488,50.0,51
TM16549_Union_O7,16549,61280243010478,Union,State,7,501,Post oak / blackjack oak,2,0.4447896866408976,1.0,0.2223948433204488,50.0,31
TM43336_Baker_O4,43336,374862361489998,Baker,Corporate/Other Private,4,141,Longleaf pine,4,0.8895793732817951,2.0,0.4447896866408976,50.0,70
TM67462_Hamilton_O6,67462,718604233290487,Hamilton,Federal,6,608,Sweetbay / swamp tupelo / red maple,13,2.891132963165834,6.0,1.3343690599226927,46.15384615384615,18
TM2739_Union_O8,2739,20336120010478,Union,Local,8,520,Mixed upland hardwoods,20,4.447896866408976,8.0,1.7791587465635903,40.0,75
TM63999_Baker_O6,63999,635664107126144,Baker,Federal,6,995,Other exotic hardwoods,10,2.223948433204488,4.0,0.8895793732817951,40.0,20
TM45395_Baker_O8,45395,386107026489998,Baker,Local,8,608,Sweetbay / swamp tupelo / red maple,21,4.670291709729424,8.0,1.7791587465635903,38.095238095238095,20
TM67238_Columbia_O6,67238,718562171290487,Columbia,Federal,6,602,Sweetgum / Nuttall oak / willow oak,3,0.6671845299613464,1.0,0.2223948433204488,33.333333333333336,103
TM67423_Baker_O4,67423,718604068290487,Baker,Corporate/Other Private,4,602,Sweetgum / Nuttall oak / willow oak,3,0.6671845299613464,1.0,0.2223948433204488,33.333333333333336,60
TM36861_Union_O3,36861,289515533489998,Union,Family Forest,3,609,Baldcypress / pondcypress,3,0.6671845299613464,1.0,0.2223948433204488,33.333333333333336,17
TM50098_Hamilton_O3,50098,451136592489998,Hamilton,Family Forest,3,602,Sweetgum / Nuttall oak / willow oak,3,0.6671845299613464,1.0,0.2223948433204488,33.333333333333336,26
TM35385_Baker_O7,35385,259178448010854,Baker,State,7,407,Slash pine / hardwood,3,0.6671845299613464,1.0,0.2223948433204488,33.333333333333336,48
TM67372_Hamilton_O6,67372,718603850290487,Hamilton,Federal,6,608,Sweetbay / swamp tupelo / red maple,3,0.6671845299613464,1.0,0.2223948433204488,33.333333333333336,31
TM31047_Hamilton_O4,31047,218218851020004,Hamilton,Corporate/Other Private,4,514,Southern scrub oak,3,0.6671845299613464,1.0,0.2223948433204488,33.333333333333336,17
TM36738_Columbia_O8,36738,289514941489998,Columbia,Local,8,142,Slash pine,3,0.6671845299613464,1.0,0.2223948433204488,33.333333333333336,31
TM67427_Hamilton_O3,67427,718604085290487,Hamilton,Family Forest,3,602,Sweetgum / Nuttall oak / willow oak,3,0.6671845299613464,1.0,0.2223948433204488,33.333333333333336,30
TM67161_Baker_O4,67161,718561923290487,Baker,Corporate/Other Private,4,161,Loblolly pine,6,1.3343690599226927,2.0,0.4447896866408976,33.333333333333336,36
TM50098_Baker_O7,50098,451136592489998,Baker,State,7,602,Sweetgum / Nuttall oak / willow oak,9,2.001553589884039,3.0,0.6671845299613464,33.333333333333336,26
TM51531_Columbia_O3,51531,461362822489998,Columbia,Family Forest,3,161,Loblolly pine,3,0.6671845299613464,1.0,0.2223948433204488,33.333333333333336,36
TM43237_Hamilton_O7,43237,374861690489998,Hamilton,State,7,602,Sweetgum / Nuttall oak / willow oak,3,0.6671845299613464,1.0,0.2223948433204488,33.333333333333336,60
TM32408_Baker_O8,32408,236497707010854,Baker,Local,8,608,Sweetbay / swamp tupelo / red maple,18,4.003107179768078,6.0,1.3343690599226927,33.333333333333336,49
TM64479_Union_O8,64479,638335018126144,Union,Local,8,161,Loblolly pine,9,2.001553589884039,3.0,0.6671845299613464,33.333333333333336,54
TM43054_Union_O4,43054,374860913489998,Union,Corporate/Other Private,4,602,Sweetgum / Nuttall oak / willow oak,12,2.6687381198453854,4.0,0.8895793732817951,33.333333333333336,52
TM43054_Baker_O8,43054,374860913489998,Baker,Local,8,602,Sweetgum / Nuttall oak / willow oak,71,15.790033875751863,23.0,5.115081396370322,32.394366197183096,52
TM50207_Baker_O7,50207,451136981489998,Baker,State,7,608,Sweetbay / swamp tupelo / red maple,10,2.223948433204488,3.0,0.6671845299613464,30.0,44
TM67372_Baker_O7,67372,718603850290487,Baker,State,7,608,Sweetbay / swamp tupelo / red maple,10,2.223948433204488,3.0,0.6671845299613464,30.0,31
TM36938_Baker_O7,36938,289515961489998,Baker,State,7,608,Sweetbay / swamp tupelo / red maple,7,1.5567639032431415,2.0,0.4447896866408976,28.571428571428573,35
TM67462_Suwannee_O7,67462,718604233290487,Suwannee,State,7,608,Sweetbay / swamp tupelo / red maple,11,2.446343276524937,3.0,0.6671845299613464,27.272727272727273,18
TM48445_Hamilton_O7,48445,448939642489998,Hamilton,State,7,161,Loblolly pine,161,35.80556977459226,43.0,9.562978262779298,26.70807453416149,59
TM36911_Baker_O4,36911,289515792489998,Baker,Corporate/Other Private,4,514,Southern scrub oak,15,3.335922649806732,4.0,0.8895793732817951,26.666666666666668,50
TM17787_Baker_O3,17787,85172032010478,Baker,Family Forest,3,608,Sweetbay / swamp tupelo / red maple,19,4.225502023088527,5.0,1.111974216602244,26.31578947368421,56
TM48670_Baker_O7,48670,448940999489998,Baker,State,7,608,Sweetbay / swamp tupelo / red maple,4,0.8895793732817951,1.0,0.2223948433204488,25.0,69
TM43054_Hamilton_O7,43054,374860913489998,Hamilton,State,7,602,Sweetgum / Nuttall oak / willow oak,4,0.8895793732817951,1.0,0.2223948433204488,25.0,52
TM64165_Suwannee_O4,64165,635664709126144,Suwannee,Corporate/Other Private,4,607,Baldcypress / water tupelo,8,1.7791587465635903,2.0,0.4447896866408976,25.0,94
TM43294_Baker_O7,43294,374861940489998,Baker,State,7,406,Loblolly pine / hardwood,4,0.8895793732817951,1.0,0.2223948433204488,25.0,38
TM36942_Union_O3,36942,289515970489998,Union,Family Forest,3,602,Sweetgum / Nuttall oak / willow oak,4,0.8895793732817951,1.0,0.2223948433204488,25.0,84
TM48549_Columbia_O3,48549,448940134489998,Columbia,Family Forest,3,142,Slash pine,4,0.8895793732817951,1.0,0.2223948433204488,25.0,13
TM48550_Hamilton_O4,48550,448940136489998,Hamilton,Corporate/Other Private,4,608,Sweetbay / swamp tupelo / red maple,8,1.7791587465635903,2.0,0.4447896866408976,25.0,55
TM48668_Union_O8,48668,448940993489998,Union,Local,8,142,Slash pine,4,0.8895793732817951,1.0,0.2223948433204488,25.0,37
TM43206_Union_O4,43206,374861540489998,Union,Corporate/Other Private,4,164,Sand pine,4,0.8895793732817951,1.0,0.2223948433204488,25.0,18
TM48570_Hamilton_O4,48570,448940205489998,Hamilton,Corporate/Other Private,4,142,Slash pine,4,0.8895793732817951,1.0,0.2223948433204488,25.0,5
TM64114_Hamilton_O3,64114,635664537126144,Hamilton,Family Forest,3,142,Slash pine,4,0.8895793732817951,1.0,0.2223948433204488,25.0,11
TM67279_Hamilton_O7,67279,718562372290487,Hamilton,State,7,142,Slash pine,33,7.33902982957481,8.0,1.7791587465635903,24.242424242424242,42
TM48556_Suwannee_O4,48556,448940165489998,Suwannee,Corporate/Other Private,4,608,Sweetbay / swamp tupelo / red maple,17,3.780712336447629,4.0,0.8895793732817951,23.529411764705884,20
TM43054_Baker_O4,43054,374860913489998,Baker,Corporate/Other Private,4,602,Sweetgum / Nuttall oak / willow oak,496,110.3078422869426,115.0,25.57540698185161,23.18548387096774,52
TM64405_Columbia_O8,64405,638334488126144,Columbia,Local,8,520,Mixed upland hardwoods,14,3.1135278064862835,3.0,0.6671845299613464,21.428571428571427,16
TM67462_Hamilton_O7,67462,718604233290487,Hamilton,State,7,608,Sweetbay / swamp tupelo / red maple,72,16.012428719072314,15.0,3.335922649806732,20.833333333333332,18
TM43086_Union_O3,43086,374861013489998,Union,Family Forest,3,407,Slash pine / hardwood,29,6.449450456293015,6.0,1.3343690599226927,20.689655172413794,81
TM50098_Baker_O3,50098,451136592489998,Baker,Family Forest,3,602,Sweetgum / Nuttall oak / willow oak,1376,306.01530440893754,282.0,62.71534581636656,20.49418604651163,26
TM48527_Baker_O4,48527,448940000489998,Baker,Corporate/Other Private,4,608,Sweetbay / swamp tupelo / red maple,49,10.89734732270199,10.0,2.2239484332044874,20.408163265306122,90
TM36941_Union_O8,36941,289515964489998,Union,Local,8,407,Slash pine / hardwood,5,1.111974216602244,1.0,0.2223948433204488,20.0,58
TM67475_Baker_O7,67475,718604294290487,Baker,State,7,407,Slash pine / hardwood,5,1.111974216602244,1.0,0.2223948433204488,20.0,51
TM24512_Suwannee_O4,24512,176860601010854,Suwannee,Corporate/Other Private,4,608,Sweetbay / swamp tupelo / red maple,10,2.223948433204488,2.0,0.4447896866408976,20.0,30
TM43187_Hamilton_O7,43187,374861459489998,Hamilton,State,7,406,Loblolly pine / hardwood,5,1.111974216602244,1.0,0.2223948433204488,20.0,63
TM64272_Columbia_O3,64272,638333771126144,Columbia,Family Forest,3,406,Loblolly pine / hardwood,5,1.111974216602244,1.0,0.2223948433204488,20.0,51
TM2699_Baker_O3,2699,20266493010478,Baker,Family Forest,3,520,Mixed upland hardwoods,5,1.111974216602244,1.0,0.2223948433204488,20.0,75
TM67379_Union_O7,67379,718603887290487,Union,State,7,142,Slash pine,15,3.335922649806732,3.0,0.6671845299613464,20.0,12
TM35220_Baker_O4,35220,259083023010854,Baker,Corporate/Other Private,4,407,Slash pine / hardwood,20,4.447896866408976,4.0,0.8895793732817951,20.0,30
TM48595_Baker_O8,48595,448940352489998,Baker,Local,8,608,Sweetbay / swamp tupelo / red maple,21,4.670291709729424,4.0,0.8895793732817951,19.047619047619047,60
TM67313_Baker_O3,67313,718603549290487,Baker,Family Forest,3,607,Baldcypress / water tupelo,560,124.54111225945132,106.0,23.57385339196757,18.928571428571427,91
TM36938_Baker_O8,36938,289515961489998,Baker,Local,8,608,Sweetbay / swamp tupelo / red maple,85,18.90356168223815,16.0,3.5583174931271806,18.823529411764707,35
TM48492_Union_O3,48492,448939790489998,Union,Family Forest,3,166,Pond pine,11,2.4463432765249364,2.0,0.4447896866408976,18.181818181818183,81
TM36821_Suwannee_O4,36821,289515327489998,Suwannee,Corporate/Other Private,4,609,Baldcypress / pondcypress,11,2.4463432765249364,2.0,0.4447896866408976,18.181818181818183,37
TM67378_Union_O4,67378,718603881290487,Union,Corporate/Other Private,4,403,Longleaf pine / oak,11,2.4463432765249364,2.0,0.4447896866408976,18.181818181818183,66
TM2700_Columbia_O7,2700,20267385010478,Columbia,State,7,520,Mixed upland hardwoods,11,2.4463432765249364,2.0,0.4447896866408976,18.181818181818183,50
TM36824_Baker_O7,36824,289515345489998,Baker,State,7,608,Sweetbay / swamp tupelo / red maple,11,2.4463432765249364,2.0,0.4447896866408976,18.181818181818183,150
TM43192_Columbia_O3,43192,374861495489998,Columbia,Family Forest,3,608,Sweetbay / swamp tupelo / red maple,17,3.780712336447629,3.0,0.6671845299613464,17.647058823529413,55
TM67427_Columbia_O6,67427,718604085290487,Columbia,Federal,6,602,Sweetgum / Nuttall oak / willow oak,23,5.115081396370322,4.0,0.8895793732817951,17.391304347826086,30
TM16547_Baker_O8,16547,61264238010478,Baker,Local,8,161,Loblolly pine,52,11.564531852663338,9.0,2.001553589884039,17.307692307692307,32
TM36912_Union_O8,36912,289515793489998,Union,Local,8,403,Longleaf pine / oak,29,6.449450456293015,5.0,1.111974216602244,17.24137931034483,36
TM35386_Union_O8,35386,259178502010854,Union,Local,8,520,Mixed upland hardwoods,6,1.3343690599226927,1.0,0.2223948433204488,16.666666666666668,45
TM21262_Columbia_O8,21262,140566167010478,Columbia,Local,8,142,Slash pine,6,1.3343690599226927,1.0,0.2223948433204488,16.666666666666668,84
TM31047_Union_O3,31047,218218851020004,Union,Family Forest,3,514,Southern scrub oak,6,1.3343690599226927,1.0,0.2223948433204488,16.666666666666668,17
TM43162_Union_O4,43162,374861341489998,Union,Corporate/Other Private,4,407,Slash pine / hardwood,6,1.3343690599226927,1.0,0.2223948433204488,16.666666666666668,43
TM64375_Baker_O3,64375,638334307126144,Baker,Family Forest,3,609,Baldcypress / pondcypress,6,1.3343690599226927,1.0,0.2223948433204488,16.666666666666668,73
TM36933_Union_O3,36933,289515945489998,Union,Family Forest,3,609,Baldcypress / pondcypress,6,1.3343690599226927,1.0,0.2223948433204488,16.666666666666668,71
TM24515_Union_O8,24515,176860754010854,Union,Local,8,520,Mixed upland hardwoods,6,1.3343690599226927,1.0,0.2223948433204488,16.666666666666668,26
TM64343_Hamilton_O3,64343,638334109126144,Hamilton,Family Forest,3,141,Longleaf pine,6,1.3343690599226927,1.0,0.2223948433204488,16.666666666666668,91
TM43193_Hamilton_O4,43193,374861498489998,Hamilton,Corporate/Other Private,4,608,Sweetbay / swamp tupelo / red maple,18,4.003107179768079,3.0,0.6671845299613464,16.666666666666668,43
TM63999_Baker_O4,63999,635664107126144,Baker,Corporate/Other Private,4,995,Other exotic hardwoods,79,17.569192622315455,13.0,2.891132963165834,16.455696202531644,20
TM36958_Suwannee_O4,36958,289516188489998,Suwannee,Corporate/Other Private,4,608,Sweetbay / swamp tupelo / red maple,13,2.8911329631658345,2.0,0.4447896866408976,15.384615384615385,77
TM2700_Union_O8,2700,20267385010478,Union,Local,8,520,Mixed upland hardwoods,13,2.8911329631658345,2.0,0.4447896866408976,15.384615384615385,50
TM63999_Baker_O3,63999,635664107126144,Baker,Family Forest,3,995,Other exotic hardwoods,85,18.903561682238145,13.0,2.891132963165834,15.294117647058824,20
TM36786_Baker_O3,36786,289515115489998,Baker,Family Forest,3,161,Loblolly pine,46,10.230162792740643,7.0,1.5567639032431415,15.217391304347826,37
TM32408_Baker_O4,32408,236497707010854,Baker,Corporate/Other Private,4,608,Sweetbay / swamp tupelo / red maple,204,45.36854803737155,31.0,6.894240142933913,15.196078431372548,49
TM16547_Baker_O6,16547,61264238010478,Baker,Federal,6,161,Loblolly pine,20,4.447896866408976,3.0,0.6671845299613464,15.0,32
TM64405_Hamilton_O8,64405,638334488126144,Hamilton,Local,8,520,Mixed upland hardwoods,27,6.0046607696521175,4.0,0.8895793732817951,14.814814814814815,16
TM48596_Union_O7,48596,448940355489998,Union,State,7,602,Sweetgum / Nuttall oak / willow oak,68,15.122849345790517,10.0,2.223948433204488,14.705882352941176,101
TM67161_Hamilton_O7,67161,718561923290487,Hamilton,State,7,161,Loblolly pine,82,18.236377152276802,12.0,2.6687381198453854,14.634146341463415,36
TM36853_Hamilton_O4,36853,289515485489998,Hamilton,Corporate/Other Private,4,602,Sweetgum / Nuttall oak / willow oak,41,9.118188576138401,6.0,1.3343690599226927,14.634146341463415,20
TM36962_Union_O4,36962,289516223489998,Union,Corporate/Other Private,4,520,Mixed upland hardwoods,405,90.06991154478176,59.0,13.121295755906479,14.567901234567902,72
TM32408_Baker_O3,32408,236497707010854,Baker,Family Forest,3,608,Sweetbay / swamp tupelo / red maple,482,107.19431448045631,70.0,15.567639032431416,14.522821576763485,49
TM31050_Union_O4,31050,218219353020004,Union,Corporate/Other Private,4,164,Sand pine,7,1.5567639032431415,1.0,0.2223948433204488,14.285714285714286,55
TM48607_Union_O4,48607,448940384489998,Union,Corporate/Other Private,4,602,Sweetgum / Nuttall oak / willow oak,21,4.670291709729424,3.0,0.6671845299613464,14.285714285714286,46
TM67378_Hamilton_O4,67378,718603881290487,Hamilton,Corporate/Other Private,4,403,Longleaf pine / oak,7,1.5567639032431415,1.0,0.2223948433204488,14.285714285714286,66
TM67452_Columbia_O6,67452,718604205290487,Columbia,Federal,6,520,Mixed upland hardwoods,7,1.5567639032431415,1.0,0.2223948433204488,14.285714285714286,63
TM67504_Baker_O4,67504,718604453290487,Baker,Corporate/Other Private,4,520,Mixed upland hardwoods,7,1.5567639032431415,1.0,0.2223948433204488,14.285714285714286,40
TM43054_Hamilton_O8,43054,374860913489998,Hamilton,Local,8,602,Sweetgum / Nuttall oak / willow oak,7,1.5567639032431415,1.0,0.2223948433204488,14.285714285714286,52
TM64373_Union_O3,64373,638334300126144,Union,Family Forest,3,142,Slash pine,78,17.346797778995004,11.0,2.446343276524937,14.102564102564102,12
TM48608_Union_O7,48608,448940387489998,Union,State,7,602,Sweetgum / Nuttall oak / willow oak,22,4.892686553049874,3.0,0.6671845299613464,13.636363636363637,107
TM48588_Columbia_O8,48588,448940337489998,Columbia,Local,8,520,Mixed upland hardwoods,96,21.349904958763084,13.0,2.891132963165834,13.541666666666666,20
TM33353_Union_O3,33353,249673771010854,Union,Family Forest,3,520,Mixed upland hardwoods,82,18.236377152276802,11.0,2.446343276524937,13.414634146341463,34
TM50967_Baker_O3,50967,451408239489998,Baker,Family Forest,3,406,Loblolly pine / hardwood,15,3.3359226498067316,2.0,0.4447896866408976,13.333333333333334,34
TM67375_Union_O4,67375,718603858290487,Union,Corporate/Other Private,4,520,Mixed upland hardwoods,15,3.3359226498067316,2.0,0.4447896866408976,13.333333333333334,103
TM48595_Baker_O4,48595,448940352489998,Baker,Corporate/Other Private,4,608,Sweetbay / swamp tupelo / red maple,180,40.03107179768078,24.0,5.337476239690771,13.333333333333334,60
TM36824_Baker_O3,36824,289515345489998,Baker,Family Forest,3,608,Sweetbay / swamp tupelo / red maple,2056,457.24379786684267,272.0,60.49139738316207,13.229571984435797,150
TM43086_Baker_O3,43086,374861013489998,Baker,Family Forest,3,407,Slash pine / hardwood,23,5.115081396370322,3.0,0.6671845299613464,13.043478260869565,81
TM36736_Union_O4,36736,289514938489998,Union,Corporate/Other Private,4,607,Baldcypress / water tupelo,445,98.96570527759971,57.0,12.67650606926558,12.808988764044944,141
TM35379_Union_O4,35379,259178358010854,Union,Corporate/Other Private,4,520,Mixed upland hardwoods,644,143.22227909836903,81.0,18.01398230895635,12.577639751552795,48
TM43054_Baker_O3,43054,374860913489998,Baker,Family Forest,3,602,Sweetgum / Nuttall oak / willow oak,2989,664.7381866848214,375.0,83.3980662451683,12.546002007360322,52
TM13443_Columbia_O6,13443,43855291020004,Columbia,Federal,6,609,Baldcypress / pondcypress,16,3.5583174931271806,2.0,0.4447896866408976,12.5,76
TM13436_Union_O4,13436,43855099020004,Union,Corporate/Other Private,4,520,Mixed upland hardwoods,104,23.129063705326672,13.0,2.891132963165834,12.5,78
TM64266_Baker_O6,64266,638333749126144,Baker,Federal,6,142,Slash pine,8,1.7791587465635903,1.0,0.2223948433204488,12.5,30
TM43068_Union_O3,43068,374860961489998,Union,Family Forest,3,514,Southern scrub oak,8,1.7791587465635903,1.0,0.2223948433204488,12.5,15
TM59348_Columbia_O4,59348,533665078126144,Columbia,Corporate/Other Private,4,602,Sweetgum / Nuttall oak / willow oak,8,1.7791587465635903,1.0,0.2223948433204488,12.5,86
TM36736_Suwannee_O7,36736,289514938489998,Suwannee,State,7,607,Baldcypress / water tupelo,8,1.7791587465635903,1.0,0.2223948433204488,12.5,141
TM35379_Baker_O4,35379,259178358010854,Baker,Corporate/Other Private,4,520,Mixed upland hardwoods,8,1.7791587465635903,1.0,0.2223948433204488,12.5,48
TM36873_Union_O3,36873,289515570489998,Union,Family Forest,3,142,Slash pine,32,7.116634986254361,4.0,0.8895793732817951,12.5,15
TM48596_Baker_O7,48596,448940355489998,Baker,State,7,602,Sweetgum / Nuttall oak / willow oak,24,5.337476239690771,3.0,0.6671845299613464,12.5,101
TM67534_Suwannee_O3,67534,718604873290487,Suwannee,Family Forest,3,514,Southern scrub oak,8,1.7791587465635903,1.0,0.2223948433204488,12.5,38
TM64430_Union_O4,64430,638334610126144,Union,Corporate/Other Private,4,164,Sand pine,8,1.7791587465635903,1.0,0.2223948433204488,12.5,19
TM48608_Union_O3,48608,448940387489998,Union,Family Forest,3,602,Sweetgum / Nuttall oak / willow oak,1035,230.1786628366645,128.0,28.466539945017445,12.367149758454106,107
TM68819_Baker_O8,68819,740826397290487,Baker,Local,8,602,Sweetgum / Nuttall oak / willow oak,73,16.234823562392762,9.0,2.001553589884039,12.32876712328767,70
TM35220_Hamilton_O8,35220,259083023010854,Hamilton,Local,8,407,Slash pine / hardwood,156,34.69359555799001,19.0,4.225502023088527,12.179487179487179,30
TM35220_Hamilton_O6,35220,259083023010854,Hamilton,Federal,6,407,Slash pine / hardwood,33,7.33902982957481,4.0,0.8895793732817951,12.121212121212121,30
TM67535_Suwannee_O4,67535,718604877290487,Suwannee,Corporate/Other Private,4,608,Sweetbay / swamp tupelo / red maple,158,35.1383852446309,19.0,4.225502023088527,12.025316455696203,81
TM67504_Union_O4,67504,718604453290487,Union,Corporate/Other Private,4,520,Mixed upland hardwoods,67,14.900454502470069,8.0,1.7791587465635903,11.940298507462687,40
TM16547_Hamilton_O4,16547,61264238010478,Hamilton,Corporate/Other Private,4,161,Loblolly pine,34,7.561424672895259,4.0,0.8895793732817951,11.764705882352942,32
TM43315_Columbia_O8,43315,374862210489998,Columbia,Local,8,407,Slash pine / hardwood,94,20.905115272122185,11.0,2.446343276524937,11.702127659574469,41
TM16547_Baker_O4,16547,61264238010478,Baker,Corporate/Other Private,4,161,Loblolly pine,817,181.69658699280666,94.0,20.905115272122185,11.505507955936352,32
TM48492_Columbia_O4,48492,448939790489998,Columbia,Corporate/Other Private,4,166,Pond pine,61,13.566085442547376,7.0,1.5567639032431415,11.475409836065573,81
TM35220_Suwannee_O3,35220,259083023010854,Suwannee,Family Forest,3,407,Slash pine / hardwood,5950,1323.2493177566703,675.0,150.11651924130294,11.344537815126051,30
TM36736_Union_O3,36736,289514938489998,Union,Family Forest,3,607,Baldcypress / water tupelo,2646,588.4567554259074,300.0,66.71845299613463,11.337868480725623,141
TM35377_Baker_O4,35377,259178350010854,Baker,Corporate/Other Private,4,602,Sweetgum / Nuttall oak / willow oak,309,68.72000658601867,35.0,7.783819516215707,11.326860841423947,13
TM16547_Baker_O3,16547,61264238010478,Baker,Family Forest,3,161,Loblolly pine,3390,753.9185188563214,383.0,85.17722499173188,11.297935103244837,32
TM36928_Baker_O4,36928,289515933489998,Baker,Corporate/Other Private,4,503,White oak / red oak / hickory,62,13.788480285867823,7.0,1.5567639032431415,11.290322580645162,108
TM13436_Columbia_O8,13436,43855099020004,Columbia,Local,8,520,Mixed upland hardwoods,80,17.791587465635903,9.0,2.001553589884039,11.25,78
TM67504_Hamilton_O3,67504,718604453290487,Hamilton,Family Forest,3,520,Mixed upland hardwoods,80,17.791587465635903,9.0,2.001553589884039,11.25,40
TM50207_Hamilton_O7,50207,451136981489998,Hamilton,State,7,608,Sweetbay / swamp tupelo / red maple,98,21.79469464540398,11.0,2.446343276524937,11.224489795918368,44
TM64173_Hamilton_O7,64173,635664733126144,Hamilton,State,7,602,Sweetgum / Nuttall oak / willow oak,9,2.001553589884039,1.0,0.2223948433204488,11.11111111111111,61
TM43197_Columbia_O4,43197,374861504489998,Columbia,Corporate/Other Private,4,142,Slash pine,9,2.001553589884039,1.0,0.2223948433204488,11.11111111111111,18
TM24508_Columbia_O8,24508,176860474010854,Columbia,Local,8,608,Sweetbay / swamp tupelo / red maple,9,2.001553589884039,1.0,0.2223948433204488,11.11111111111111,25
TM48670_Union_O7,48670,448940999489998,Union,State,7,608,Sweetbay / swamp tupelo / red maple,9,2.001553589884039,1.0,0.2223948433204488,11.11111111111111,69
TM48661_Union_O3,48661,448940879489998,Union,Family Forest,3,609,Baldcypress / pondcypress,9,2.001553589884039,1.0,0.2223948433204488,11.11111111111111,29
TM48672_Suwannee_O8,48672,448941001489998,Suwannee,Local,8,142,Slash pine,9,2.001553589884039,1.0,0.2223948433204488,11.11111111111111,32
TM45497_Columbia_O3,45497,386113727489998,Columbia,Family Forest,3,406,Loblolly pine / hardwood,9,2.001553589884039,1.0,0.2223948433204488,11.11111111111111,52
TM64405_Hamilton_O7,64405,638334488126144,Hamilton,State,7,520,Mixed upland hardwoods,36,8.006214359536155,4.0,0.8895793732817951,11.11111111111111,16
TM67238_Columbia_O8,67238,718562171290487,Columbia,Local,8,602,Sweetgum / Nuttall oak / willow oak,73,16.234823562392762,8.0,1.7791587465635903,10.95890410958904,103
TM48571_Columbia_O6,48571,448940206489998,Columbia,Federal,6,142,Slash pine,92,20.46032558548129,10.0,2.223948433204488,10.869565217391305,28
TM48552_Union_O3,48552,448940142489998,Union,Family Forest,3,161,Loblolly pine,37,8.228609202856605,4.0,0.8895793732817951,10.81081081081081,24
TM64453_Suwannee_O3,64453,638334743126144,Suwannee,Family Forest,3,520,Mixed upland hardwoods,37,8.228609202856605,4.0,0.8895793732817951,10.81081081081081,8
TM48596_Columbia_O6,48596,448940355489998,Columbia,Federal,6,602,Sweetgum / Nuttall oak / willow oak,306,68.05282205605732,33.0,7.33902982957481,10.784313725490197,101
TM64380_Union_O3,64380,638334324126144,Union,Family Forest,3,607,Baldcypress / water tupelo,735,163.46020984052987,79.0,17.56919262231545,10.748299319727892,46
TM43054_Union_O3,43054,374860913489998,Union,Family Forest,3,602,Sweetgum / Nuttall oak / willow oak,606,134.77127505219198,65.0,14.455664815829172,10.726072607260726,52
TM48627_Union_O3,48627,448940560489998,Union,Family Forest,3,142,Slash pine,28,6.227055612972566,3.0,0.6671845299613464,10.714285714285714,24
TM64380_Baker_O3,64380,638334324126144,Baker,Family Forest,3,607,Baldcypress / water tupelo,47,10.452557636061092,5.0,1.111974216602244,10.638297872340425,46
TM45497_Baker_O3,45497,386113727489998,Baker,Family Forest,3,406,Loblolly pine / hardwood,38,8.451004046177054,4.0,0.8895793732817951,10.526315789473685,52
TM24316_Hamilton_O7,24316,176548896010854,Hamilton,State,7,607,Baldcypress / water tupelo,19,4.225502023088527,2.0,0.4447896866408976,10.526315789473685,135
TM48609_Union_O8,48609,448940391489998,Union,Local,8,407,Slash pine / hardwood,19,4.225502023088527,2.0,0.4447896866408976,10.526315789473685,19
TM45047_Union_O8,45047,385730105489998,Union,Local,8,520,Mixed upland hardwoods,19,4.225502023088527,2.0,0.4447896866408976,10.526315789473685,75
TM2739_Union_O3,2739,20336120010478,Union,Family Forest,3,520,Mixed upland hardwoods,6270,1394.4156676192138,657.0,146.11341206153483,10.47846889952153,75
TM50098_Baker_O8,50098,451136592489998,Baker,Local,8,602,Sweetgum / Nuttall oak / willow oak,433,96.29696715775432,45.0,10.007767949420195,10.392609699769054,26
TM45395_Baker_O4,45395,386107026489998,Baker,Corporate/Other Private,4,608,Sweetbay / swamp tupelo / red maple,77,17.124402935674556,8.0,1.7791587465635903,10.38961038961039,20
TM36736_Columbia_O4,36736,289514938489998,Columbia,Corporate/Other Private,4,607,Baldcypress / water tupelo,569,126.54266584933535,59.0,13.121295755906479,10.369068541300527,141
TM36823_Union_O8,36823,289515330489998,Union,Local,8,142,Slash pine,29,6.449450456293015,3.0,0.6671845299613464,10.344827586206897,87
TM67427_Suwannee_O8,67427,718604085290487,Suwannee,Local,8,602,Sweetgum / Nuttall oak / willow oak,29,6.449450456293015,3.0,0.6671845299613464,10.344827586206897,30
TM64219_Suwannee_O4,64219,635664906126144,Suwannee,Corporate/Other Private,4,608,Sweetbay / swamp tupelo / red maple,29,6.449450456293015,3.0,0.6671845299613464,10.344827586206897,70
TM13436_Baker_O3,13436,43855099020004,Baker,Family Forest,3,520,Mixed upland hardwoods,29,6.449450456293015,3.0,0.6671845299613464,10.344827586206897,78
TM43291_Union_O8,43291,374861937489998,Union,Local,8,142,Slash pine,126,28.021750258376546,13.0,2.8911329631658345,10.317460317460318,25
TM24504_Union_O3,24504,176860271010854,Union,Family Forest,3,520,Mixed upland hardwoods,97,21.57229980208353,10.0,2.223948433204488,10.309278350515465,90
TM64380_Union_O4,64380,638334324126144,Union,Corporate/Other Private,4,607,Baldcypress / water tupelo,410,91.18188576138401,42.0,9.34058341945885,10.24390243902439,46
TM36824_Baker_O8,36824,289515345489998,Baker,Local,8,608,Sweetbay / swamp tupelo / red maple,814,181.0294024628453,82.0,18.236377152276802,10.073710073710073,150
TM64380_Union_O7,64380,638334324126144,Union,State,7,607,Baldcypress / water tupelo,289,64.2721097196097,29.0,6.449450456293015,10.034602076124568,46
TM36965_Baker_O4,36965,289516230489998,Baker,Corporate/Other Private,4,520,Mixed upland hardwoods,40,8.89579373281795,4.0,0.8895793732817951,10.0,33
TM36873_Baker_O3,36873,289515570489998,Baker,Family Forest,3,142,Slash pine,10,2.2239484332044874,1.0,0.2223948433204488,10.0,15
TM67262_Hamilton_O3,67262,718562294290487,Hamilton,Family Forest,3,602,Sweetgum / Nuttall oak / willow oak,20,4.447896866408975,2.0,0.4447896866408976,10.0,4
TM43326_Union_O8,43326,374862340489998,Union,Local,8,608,Sweetbay / swamp tupelo / red maple,10,2.2239484332044874,1.0,0.2223948433204488,10.0,45
TM64407_Columbia_O8,64407,638334496126144,Columbia,Local,8,608,Sweetbay / swamp tupelo / red maple,10,2.2239484332044874,1.0,0.2223948433204488,10.0,7
TM2739_Suwannee_O8,2739,20336120010478,Suwannee,Local,8,520,Mixed upland hardwoods,10,2.2239484332044874,1.0,0.2223948433204488,10.0,75
TM43152_Union_O7,43152,374861302489998,Union,State,7,520,Mixed upland hardwoods,10,2.2239484332044874,1.0,0.2223948433204488,10.0,39
TM36897_Baker_O6,36897,289515725489998,Baker,Federal,6,406,Loblolly pine / hardwood,10,2.2239484332044874,1.0,0.2223948433204488,10.0,37
TM36903_Union_O3,36903,289515763489998,Union,Family Forest,3,142,Slash pine,10,2.2239484332044874,1.0,0.2223948433204488,10.0,11
TM2693_Suwannee_O4,2693,20250670010478,Suwannee,Corporate/Other Private,4,520,Mixed upland hardwoods,131,29.13372447497879,13.0,2.891132963165834,9.923664122137405,40
TM48596_Baker_O4,48596,448940355489998,Baker,Corporate/Other Private,4,602,Sweetgum / Nuttall oak / willow oak,720,160.12428719072312,71.0,15.790033875751863,9.86111111111111,101
TM18437_Union_O4,18437,90825681010478,Union,Corporate/Other Private,4,517,Elm / ash / black locust,1414,314.4663084551146,139.0,30.91288322154238,9.83026874115983,75
TM35382_Union_O7,35382,259178386010854,Union,State,7,142,Slash pine,133,29.57851416161969,13.0,2.891132963165834,9.774436090225564,38
TM43054_Hamilton_O4,43054,374860913489998,Hamilton,Corporate/Other Private,4,602,Sweetgum / Nuttall oak / willow oak,1511,336.0386082571981,147.0,32.69204196810597,9.728656518861682,52
TM35378_Union_O8,35378,259178355010854,Union,Local,8,520,Mixed upland hardwoods,31,6.894240142933913,3.0,0.6671845299613464,9.67741935483871,28
TM48560_Union_O3,48560,448940175489998,Union,Family Forest,3,602,Sweetgum / Nuttall oak / willow oak,31,6.894240142933913,3.0,0.6671845299613464,9.67741935483871,41
TM67211_Baker_O3,67211,718562060290487,Baker,Family Forest,3,705,Sycamore / pecan / American elm,322,71.6111395491845,31.0,6.894240142933913,9.627329192546584,21
TM36905_Baker_O4,36905,289515771489998,Baker,Corporate/Other Private,4,514,Southern scrub oak,53,11.786926695983786,5.0,1.111974216602244,9.433962264150944,42
TM13436_Union_O3,13436,43855099020004,Union,Family Forest,3,520,Mixed upland hardwoods,681,151.4508883012256,63.0,14.010875129188273,9.251101321585903,78
TM48596_Baker_O3,48596,448940355489998,Baker,Family Forest,3,602,Sweetgum / Nuttall oak / willow oak,3238,720.1145026716132,298.0,66.27366330949374,9.20321185917233,101
TM2739_Baker_O4,2739,20336120010478,Baker,Corporate/Other Private,4,520,Mixed upland hardwoods,98,21.794694645403982,9.0,2.001553589884039,9.183673469387756,75
TM35379_Union_O3,35379,259178358010854,Union,Family Forest,3,520,Mixed upland hardwoods,1558,346.4911658932592,143.0,31.802462594824178,9.178433889602054,48
TM67541_Union_O7,67541,718604892290487,Union,State,7,141,Longleaf pine,33,7.339029829574811,3.0,0.6671845299613464,9.090909090909092,72
TM68819_Baker_O6,68819,740826397290487,Baker,Federal,6,602,Sweetgum / Nuttall oak / willow oak,11,2.446343276524937,1.0,0.2223948433204488,9.090909090909092,70
TM45047_Baker_O7,45047,385730105489998,Baker,State,7,520,Mixed upland hardwoods,11,2.446343276524937,1.0,0.2223948433204488,9.090909090909092,75
TM48658_Baker_O7,48658,448940864489998,Baker,State,7,142,Slash pine,22,4.892686553049874,2.0,0.4447896866408976,9.090909090909092,28
TM36934_Hamilton_O7,36934,289515946489998,Hamilton,State,7,608,Sweetbay / swamp tupelo / red maple,22,4.892686553049874,2.0,0.4447896866408976,9.090909090909092,36
TM67161_Columbia_O3,67161,718561923290487,Columbia,Family Forest,3,161,Loblolly pine,11,2.446343276524937,1.0,0.2223948433204488,9.090909090909092,36
TM64173_Columbia_O4,64173,635664733126144,Columbia,Corporate/Other Private,4,602,Sweetgum / Nuttall oak / willow oak,44,9.785373106099748,4.0,0.8895793732817951,9.090909090909092,61
TM67161_Baker_O6,67161,718561923290487,Baker,Federal,6,161,Loblolly pine,11,2.446343276524937,1.0,0.2223948433204488,9.090909090909092,36
TM2739_Columbia_O4,2739,20336120010478,Columbia,Corporate/Other Private,4,520,Mixed upland hardwoods,409,90.95949091806355,37.0,8.228609202856605,9.04645476772616,75
TM48596_Baker_O8,48596,448940355489998,Baker,Local,8,602,Sweetgum / Nuttall oak / willow oak,179,39.80867695436034,16.0,3.5583174931271806,8.938547486033519,101
TM59428_Hamilton_O3,59428,533665395126144,Hamilton,Family Forest,3,142,Slash pine,34,7.561424672895259,3.0,0.6671845299613464,8.823529411764707,36
TM64376_Union_O3,64376,638334315126144,Union,Family Forest,3,161,Loblolly pine,34,7.561424672895259,3.0,0.6671845299613464,8.823529411764707,22
TM67504_Union_O3,67504,718604453290487,Union,Family Forest,3,520,Mixed upland hardwoods,139,30.912883221542383,12.0,2.6687381198453854,8.633093525179856,40
TM18437_Union_O3,18437,90825681010478,Union,Family Forest,3,517,Elm / ash / black locust,2850,633.825303463279,246.0,54.7091314568304,8.631578947368421,75
TM13436_Columbia_O4,13436,43855099020004,Columbia,Corporate/Other Private,4,520,Mixed upland hardwoods,116,25.79780182517206,10.0,2.2239484332044874,8.620689655172415,78
TM48525_Baker_O4,48525,448939977489998,Baker,Corporate/Other Private,4,608,Sweetbay / swamp tupelo / red maple,47,10.452557636061094,4.0,0.8895793732817951,8.51063829787234,100
TM14309_Baker_O3,14309,46158741020004,Baker,Family Forest,3,995,Other exotic hardwoods,59,13.121295755906479,5.0,1.111974216602244,8.474576271186441,9
TM35379_Hamilton_O3,35379,259178358010854,Hamilton,Family Forest,3,520,Mixed upland hardwoods,36,8.006214359536155,3.0,0.6671845299613464,8.333333333333334,48
TM24316_Baker_O3,24316,176548896010854,Baker,Family Forest,3,607,Baldcypress / water tupelo,348,77.39340547551619,29.0,6.449450456293015,8.333333333333334,135
TM32406_Union_O3,32406,236497515010854,Union,Family Forest,3,608,Sweetbay / swamp tupelo / red maple,12,2.6687381198453854,1.0,0.2223948433204488,8.333333333333334,14
TM2700_Columbia_O6,2700,20267385010478,Columbia,Federal,6,520,Mixed upland hardwoods,36,8.006214359536155,3.0,0.6671845299613464,8.333333333333334,50
TM43078_Union_O3,43078,374860997489998,Union,Family Forest,3,407,Slash pine / hardwood,12,2.6687381198453854,1.0,0.2223948433204488,8.333333333333334,56
TM35220_Columbia_O4,35220,259083023010854,Columbia,Corporate/Other Private,4,407,Slash pine / hardwood,4291,954.2962726880457,354.0,78.72777453543887,8.249825215567467,30
TM36824_Union_O3,36824,289515345489998,Union,Family Forest,3,608,Sweetbay / swamp tupelo / red maple,73,16.234823562392762,6.0,1.3343690599226927,8.219178082191782,150
TM35220_Suwannee_O4,35220,259083023010854,Suwannee,Corporate/Other Private,4,407,Slash pine / hardwood,1339,297.78669520608094,110.0,24.463432765249365,8.215085884988797,30
TM35220_Baker_O3,35220,259083023010854,Baker,Family Forest,3,407,Slash pine / hardwood,281,62.492950973046106,23.0,5.115081396370322,8.185053380782918,30
TM67373_Union_O8,67373,718603852290487,Union,Local,8,161,Loblolly pine,98,21.79469464540398,8.0,1.7791587465635903,8.16326530612245,19
TM45047_Baker_O8,45047,385730105489998,Baker,Local,8,520,Mixed upland hardwoods,62,13.788480285867825,5.0,1.111974216602244,8.064516129032258,75
TM64219_Suwannee_O3,64219,635664906126144,Suwannee,Family Forest,3,608,Sweetbay / swamp tupelo / red maple,300,66.71845299613463,24.0,5.337476239690771,8.0,70
TM48608_Union_O8,48608,448940387489998,Union,Local,8,602,Sweetgum / Nuttall oak / willow oak,25,5.55987108301122,2.0,0.4447896866408976,8.0,107
TM21262_Union_O3,21262,140566167010478,Union,Family Forest,3,142,Slash pine,75,16.679613249033657,6.0,1.3343690599226927,8.0,84
TM64344_Baker_O4,64344,638334110126144,Baker,Corporate/Other Private,4,142,Slash pine,25,5.55987108301122,2.0,0.4447896866408976,8.0,24
TM24512_Baker_O8,24512,176860601010854,Baker,Local,8,608,Sweetbay / swamp tupelo / red maple,25,5.55987108301122,2.0,0.4447896866408976,8.0,30
TM48562_Baker_O4,48562,448940184489998,Baker,Corporate/Other Private,4,608,Sweetbay / swamp tupelo / red maple,25,5.55987108301122,2.0,0.4447896866408976,8.0,50
TM67539_Columbia_O3,67539,718604888290487,Columbia,Family Forest,3,142,Slash pine,25,5.55987108301122,2.0,0.4447896866408976,8.0,80
TM48595_Baker_O3,48595,448940352489998,Baker,Family Forest,3,608,Sweetbay / swamp tupelo / red maple,538,119.64842570640144,43.0,9.562978262779296,7.992565055762082,60
TM35220_Columbia_O3,35220,259083023010854,Columbia,Family Forest,3,407,Slash pine / hardwood,9213,2048.9236915112947,732.0,162.7930253105685,7.945294692282644,30
TM67279_Hamilton_O3,67279,718562372290487,Hamilton,Family Forest,3,142,Slash pine,63,14.010875129188273,5.0,1.111974216602244,7.936507936507937,42
TM64386_Union_O3,64386,638334353126144,Union,Family Forest,3,514,Southern scrub oak,38,8.451004046177054,3.0,0.6671845299613464,7.894736842105263,65
TM31048_Hamilton_O7,31048,218219125020004,Hamilton,State,7,142,Slash pine,192,42.69980991752617,15.0,3.335922649806732,7.8125,32
TM64479_Union_O7,64479,638335018126144,Union,State,7,161,Loblolly pine,154,34.24880587134911,12.0,2.6687381198453854,7.792207792207792,54
TM67313_Baker_O8,67313,718603549290487,Baker,Local,8,607,Baldcypress / water tupelo,181,40.25346664100123,14.0,3.113527806486283,7.734806629834254,91
TM64219_Baker_O3,64219,635664906126144,Baker,Family Forest,3,608,Sweetbay / swamp tupelo / red maple,3016,670.7428474544736,233.0,51.81799849366457,7.725464190981432,70
TM36932_Union_O4,36932,289515944489998,Union,Corporate/Other Private,4,407,Slash pine / hardwood,298,66.27366330949374,23.0,5.115081396370322,7.718120805369128,67
TM67472_Union_O3,67472,718604280290487,Union,Family Forest,3,609,Baldcypress / pondcypress,13,2.891132963165834,1.0,0.2223948433204488,7.6923076923076925,127
TM48562_Columbia_O3,48562,448940184489998,Columbia,Family Forest,3,608,Sweetbay / swamp tupelo / red maple,26,5.782265926331668,2.0,0.4447896866408976,7.6923076923076925,50
TM35220_Suwannee_O8,35220,259083023010854,Suwannee,Local,8,407,Slash pine / hardwood,39,8.673398889497502,3.0,0.6671845299613464,7.6923076923076925,30
TM43294_Union_O8,43294,374861940489998,Union,Local,8,406,Loblolly pine / hardwood,13,2.891132963165834,1.0,0.2223948433204488,7.6923076923076925,38
TM48588_Suwannee_O7,48588,448940337489998,Suwannee,State,7,520,Mixed upland hardwoods,13,2.891132963165834,1.0,0.2223948433204488,7.6923076923076925,20
TM43054_Baker_O7,43054,374860913489998,Baker,State,7,602,Sweetgum / Nuttall oak / willow oak,39,8.673398889497502,3.0,0.6671845299613464,7.6923076923076925,52
TM50098_Union_O4,50098,451136592489998,Union,Corporate/Other Private,4,602,Sweetgum / Nuttall oak / willow oak,26,5.782265926331668,2.0,0.4447896866408976,7.6923076923076925,26
TM50202_Suwannee_O4,50202,451136963489998,Suwannee,Corporate/Other Private,4,608,Sweetbay / swamp tupelo / red maple,13,2.891132963165834,1.0,0.2223948433204488,7.6923076923076925,21
TM47617_Baker_O3,47617,443867435489998,Baker,Family Forest,3,406,Loblolly pine / hardwood,13,2.891132963165834,1.0,0.2223948433204488,7.6923076923076925,65
TM67427_Baker_O3,67427,718604085290487,Baker,Family Forest,3,602,Sweetgum / Nuttall oak / willow oak,613,136.32803895543512,47.0,10.452557636061094,7.66721044045677,30
TM67238_Columbia_O4,67238,718562171290487,Columbia,Corporate/Other Private,4,602,Sweetgum / Nuttall oak / willow oak,105,23.351458548647123,8.0,1.7791587465635903,7.619047619047619,103
TM59383_Hamilton_O4,59383,533665216126144,Hamilton,Corporate/Other Private,4,608,Sweetbay / swamp tupelo / red maple,145,32.24725228146507,11.0,2.446343276524937,7.586206896551724,92
TM64454_Baker_O6,64454,638334746126144,Baker,Federal,6,142,Slash pine,106,23.573853391967575,8.0,1.7791587465635903,7.547169811320755,21
TM68819_Baker_O4,68819,740826397290487,Baker,Corporate/Other Private,4,602,Sweetgum / Nuttall oak / willow oak,464,103.19120730068823,35.0,7.783819516215708,7.543103448275862,70
TM64219_Baker_O4,64219,635664906126144,Baker,Corporate/Other Private,4,608,Sweetbay / swamp tupelo / red maple,1544,343.3776380867729,116.0,25.79780182517206,7.512953367875648,70
TM2739_Union_O4,2739,20336120010478,Union,Corporate/Other Private,4,520,Mixed upland hardwoods,2145,477.03693892236265,161.0,35.80556977459226,7.505827505827506,75
TM48607_Suwannee_O4,48607,448940384489998,Suwannee,Corporate/Other Private,4,602,Sweetgum / Nuttall oak / willow oak,94,20.905115272122185,7.0,1.5567639032431415,7.446808510638298,46
TM67286_Hamilton_O4,67286,718603459290487,Hamilton,Corporate/Other Private,4,602,Sweetgum / Nuttall oak / willow oak,54,12.009321539304235,4.0,0.8895793732817951,7.407407407407407,72
TM67537_Columbia_O4,67537,718604880290487,Columbia,Corporate/Other Private,4,166,Pond pine,108,24.01864307860847,8.0,1.7791587465635903,7.407407407407407,12
TM53774_Suwannee_O3,53774,484311003489998,Suwannee,Family Forest,3,995,Other exotic hardwoods,176,39.14149242439899,13.0,2.891132963165834,7.386363636363637,30
TM48572_Columbia_O8,48572,448940207489998,Columbia,Local,8,608,Sweetbay / swamp tupelo / red maple,55,12.231716382624683,4.0,0.8895793732817951,7.2727272727272725,102
TM64407_Suwannee_O4,64407,638334496126144,Suwannee,Corporate/Other Private,4,608,Sweetbay / swamp tupelo / red maple,1129,251.08377810878667,82.0,18.236377152276802,7.263064658990257,7
TM43054_Columbia_O8,43054,374860913489998,Columbia,Local,8,602,Sweetgum / Nuttall oak / willow oak,459,102.079233084086,33.0,7.33902982957481,7.189542483660131,52
TM47366_Baker_O3,47366,433062557489998,Baker,Family Forest,3,602,Sweetgum / Nuttall oak / willow oak,432,96.07457231443388,31.0,6.894240142933913,7.175925925925926,20
TM64215_Suwannee_O3,64215,635664892126144,Suwannee,Family Forest,3,141,Longleaf pine,14,3.1135278064862826,1.0,0.2223948433204488,7.142857142857143,6
TM67534_Baker_O4,67534,718604873290487,Baker,Corporate/Other Private,4,514,Southern scrub oak,14,3.1135278064862826,1.0,0.2223948433204488,7.142857142857143,38
TM43214_Union_O8,43214,374861569489998,Union,Local,8,161,Loblolly pine,42,9.340583419458849,3.0,0.6671845299613464,7.142857142857143,17
TM36864_Baker_O3,36864,289515540489998,Baker,Family Forest,3,608,Sweetbay / swamp tupelo / red maple,84,18.681166838917697,6.0,1.3343690599226927,7.142857142857143,67
TM50207_Hamilton_O3,50207,451136981489998,Hamilton,Family Forest,3,608,Sweetbay / swamp tupelo / red maple,14,3.1135278064862826,1.0,0.2223948433204488,7.142857142857143,44
TM45048_Union_O4,45048,385730126489998,Union,Corporate/Other Private,4,520,Mixed upland hardwoods,28,6.227055612972565,2.0,0.4447896866408976,7.142857142857143,8
TM43210_Union_O8,43210,374861554489998,Union,Local,8,142,Slash pine,14,3.1135278064862826,1.0,0.2223948433204488,7.142857142857143,62
TM24512_Hamilton_O3,24512,176860601010854,Hamilton,Family Forest,3,608,Sweetbay / swamp tupelo / red maple,14,3.1135278064862826,1.0,0.2223948433204488,7.142857142857143,30
TM67179_Suwannee_O3,67179,718561964290487,Suwannee,Family Forest,3,142,Slash pine,14,3.1135278064862826,1.0,0.2223948433204488,7.142857142857143,15
TM43175_Baker_O4,43175,374861391489998,Baker,Corporate/Other Private,4,142,Slash pine,14,3.1135278064862826,1.0,0.2223948433204488,7.142857142857143,84
TM36958_Columbia_O4,36958,289516188489998,Columbia,Corporate/Other Private,4,608,Sweetbay / swamp tupelo / red maple,14,3.1135278064862826,1.0,0.2223948433204488,7.142857142857143,77
TM13436_Columbia_O3,13436,43855099020004,Columbia,Family Forest,3,520,Mixed upland hardwoods,794,176.58150559643633,56.0,12.454111225945132,7.052896725440806,78
TM36828_Union_O3,36828,289515362489998,Union,Family Forest,3,403,Longleaf pine / oak,514,114.31094946671068,36.0,8.006214359536157,7.003891050583658,56
TM67427_Union_O4,67427,718604085290487,Union,Corporate/Other Private,4,602,Sweetgum / Nuttall oak / willow oak,2550,567.1068504671443,178.0,39.586282111039885,6.980392156862745,30
TM32408_Baker_O6,32408,236497707010854,Baker,Federal,6,608,Sweetbay / swamp tupelo / red maple,43,9.562978262779298,3.0,0.6671845299613464,6.976744186046512,49
TM64173_Baker_O3,64173,635664733126144,Baker,Family Forest,3,602,Sweetgum / Nuttall oak / willow oak,72,16.012428719072314,5.0,1.111974216602244,6.944444444444445,61
TM32408_Suwannee_O3,32408,236497707010854,Suwannee,Family Forest,3,608,Sweetbay / swamp tupelo / red maple,2218,493.2717624847554,154.0,34.24880587134911,6.9431920649233545,49
TM36912_Union_O3,36912,289515793489998,Union,Family Forest,3,403,Longleaf pine / oak,679,151.00609861458474,47.0,10.452557636061092,6.9219440353460975,36
TM31044_Columbia_O3,31044,218218630020004,Columbia,Family Forest,3,407,Slash pine / hardwood,29,6.449450456293015,2.0,0.4447896866408976,6.896551724137931,11
TM36736_Columbia_O3,36736,289514938489998,Columbia,Family Forest,3,607,Baldcypress / water tupelo,3298,733.4581932708401,225.0,50.03883974710098,6.822316555488174,141
TM68819_Hamilton_O4,68819,740826397290487,Hamilton,Corporate/Other Private,4,602,Sweetgum / Nuttall oak / willow oak,44,9.785373106099748,3.0,0.6671845299613464,6.818181818181818,70
TM53774_Suwannee_O4,53774,484311003489998,Suwannee,Corporate/Other Private,4,995,Other exotic hardwoods,44,9.785373106099748,3.0,0.6671845299613464,6.818181818181818,30
TM36830_Union_O3,36830,289515366489998,Union,Family Forest,3,520,Mixed upland hardwoods,2117,470.8098833093901,144.0,32.02485743814462,6.8020784128483704,69
TM45395_Baker_O3,45395,386107026489998,Baker,Family Forest,3,608,Sweetbay / swamp tupelo / red maple,103,22.906668862006224,7.0,1.5567639032431415,6.796116504854369,20
TM64385_Suwannee_O3,64385,638334348126144,Suwannee,Family Forest,3,520,Mixed upland hardwoods,383,85.17722499173189,26.0,5.782265926331668,6.788511749347259,85
TM36905_Union_O3,36905,289515771489998,Union,Family Forest,3,514,Southern scrub oak,221,49.14926037381918,15.0,3.335922649806732,6.787330316742081,42
TM36905_Union_O4,36905,289515771489998,Union,Corporate/Other Private,4,514,Southern scrub oak,118,26.242591511812954,8.0,1.7791587465635903,6.779661016949152,42
TM35220_Baker_O6,35220,259083023010854,Baker,Federal,6,407,Slash pine / hardwood,15,3.335922649806732,1.0,0.2223948433204488,6.666666666666667,30
TM2739_Columbia_O8,2739,20336120010478,Columbia,Local,8,520,Mixed upland hardwoods,60,13.343690599226928,4.0,0.8895793732817951,6.666666666666667,75
TM50207_Columbia_O3,50207,451136981489998,Columbia,Family Forest,3,608,Sweetbay / swamp tupelo / red maple,30,6.671845299613464,2.0,0.4447896866408976,6.666666666666667,44
TM67304_Union_O3,67304,718603520290487,Union,Family Forest,3,520,Mixed upland hardwoods,30,6.671845299613464,2.0,0.4447896866408976,6.666666666666667,59
TM67161_Suwannee_O3,67161,718561923290487,Suwannee,Family Forest,3,161,Loblolly pine,15,3.335922649806732,1.0,0.2223948433204488,6.666666666666667,36
TM16547_Baker_O7,16547,61264238010478,Baker,State,7,161,Loblolly pine,30,6.671845299613464,2.0,0.4447896866408976,6.666666666666667,32
TM36964_Hamilton_O4,36964,289516229489998,Hamilton,Corporate/Other Private,4,520,Mixed upland hardwoods,15,3.335922649806732,1.0,0.2223948433204488,6.666666666666667,61
TM67235_Baker_O3,67235,718562165290487,Baker,Family Forest,3,520,Mixed upland hardwoods,15,3.335922649806732,1.0,0.2223948433204488,6.666666666666667,2
TM35383_Union_O3,35383,259178425010854,Union,Family Forest,3,514,Southern scrub oak,166,36.9175439911945,11.0,2.446343276524937,6.626506024096385,30
TM43193_Baker_O3,43193,374861498489998,Baker,Family Forest,3,608,Sweetbay / swamp tupelo / red maple,121,26.9097760417743,8.0,1.7791587465635903,6.6115702479338845,43
TM36870_Baker_O3,36870,289515560489998,Baker,Family Forest,3,602,Sweetgum / Nuttall oak / willow oak,484,107.63910416709722,32.0,7.116634986254361,6.6115702479338845,103
TM48596_Columbia_O4,48596,448940355489998,Columbia,Corporate/Other Private,4,602,Sweetgum / Nuttall oak / willow oak,2967,659.8455001317716,196.0,43.589389290807965,6.605999325918436,101
TM35220_Hamilton_O7,35220,259083023010854,Hamilton,State,7,407,Slash pine / hardwood,182,40.47586148432168,12.0,2.6687381198453854,6.593406593406593,30
TM36964_Union_O3,36964,289516229489998,Union,Family Forest,3,520,Mixed upland hardwoods,76,16.90200809235411,5.0,1.111974216602244,6.578947368421052,61
TM16547_Suwannee_O3,16547,61264238010478,Suwannee,Family Forest,3,161,Loblolly pine,122,27.13217088509475,8.0,1.7791587465635903,6.557377049180328,32
TM35378_Union_O4,35378,259178355010854,Union,Corporate/Other Private,4,520,Mixed upland hardwoods,766,170.35444998346375,50.0,11.119742166022439,6.527415143603133,28
TM67375_Baker_O3,67375,718603858290487,Baker,Family Forest,3,520,Mixed upland hardwoods,46,10.230162792740645,3.0,0.6671845299613464,6.521739130434782,103
TM18437_Union_O8,18437,90825681010478,Union,Local,8,517,Elm / ash / black locust,46,10.230162792740645,3.0,0.6671845299613464,6.521739130434782,75
TM36962_Union_O3,36962,289516223489998,Union,Family Forest,3,520,Mixed upland hardwoods,3311,736.349326234006,215.0,47.81489131389649,6.4935064935064934,72
TM35378_Union_O3,35378,259178355010854,Union,Family Forest,3,520,Mixed upland hardwoods,3337,742.1315921603376,216.0,48.03728615721693,6.472879832184597,28
TM32408_Columbia_O4,32408,236497707010854,Columbia,Corporate/Other Private,4,608,Sweetbay / swamp tupelo / red maple,2505,557.0990825177242,162.0,36.0279646179127,6.467065868263473,49
TM53774_Baker_O4,53774,484311003489998,Baker,Corporate/Other Private,4,995,Other exotic hardwoods,263,58.48984379327803,17.0,3.780712336447629,6.4638783269961975,30
TM48596_Hamilton_O3,48596,448940355489998,Hamilton,Family Forest,3,602,Sweetgum / Nuttall oak / willow oak,6637,1476.0345751178186,429.0,95.40738778447253,6.463763748681633,101
TM67455_Hamilton_O7,67455,718604221290487,Hamilton,State,7,142,Slash pine,31,6.894240142933912,2.0,0.4447896866408976,6.451612903225806,37
TM48596_Hamilton_O6,48596,448940355489998,Hamilton,Federal,6,602,Sweetgum / Nuttall oak / willow oak,62,13.788480285867823,4.0,0.8895793732817951,6.451612903225806,101
TM36853_Columbia_O4,36853,289515485489998,Columbia,Corporate/Other Private,4,602,Sweetgum / Nuttall oak / willow oak,63,14.010875129188275,4.0,0.8895793732817951,6.349206349206349,20
TM67238_Hamilton_O4,67238,718562171290487,Hamilton,Corporate/Other Private,4,602,Sweetgum / Nuttall oak / willow oak,587,130.54577302910343,37.0,8.228609202856605,6.303236797274276,103
TM67427_Union_O3,67427,718604085290487,Union,Family Forest,3,602,Sweetgum / Nuttall oak / willow oak,6670,1483.3736049473935,417.0,92.73864966462715,6.251874062968516,30
TM24508_Union_O3,24508,176860474010854,Union,Family Forest,3,608,Sweetbay / swamp tupelo / red maple,64,14.233269972508722,4.0,0.8895793732817951,6.25,25
TM64349_Baker_O4,64349,638334127126144,Baker,Corporate/Other Private,4,161,Loblolly pine,16,3.5583174931271806,1.0,0.2223948433204488,6.25,22
TM64453_Baker_O3,64453,638334743126144,Baker,Family Forest,3,520,Mixed upland hardwoods,32,7.116634986254361,2.0,0.4447896866408976,6.25,8
TM43193_Hamilton_O7,43193,374861498489998,Hamilton,State,7,608,Sweetbay / swamp tupelo / red maple,16,3.5583174931271806,1.0,0.2223948433204488,6.25,43
TM36853_Columbia_O8,36853,289515485489998,Columbia,Local,8,602,Sweetgum / Nuttall oak / willow oak,48,10.674952479381542,3.0,0.6671845299613464,6.25,20
TM43239_Hamilton_O4,43239,374861704489998,Hamilton,Corporate/Other Private,4,142,Slash pine,16,3.5583174931271806,1.0,0.2223948433204488,6.25,18
TM16547_Columbia_O8,16547,61264238010478,Columbia,Local,8,161,Loblolly pine,16,3.5583174931271806,1.0,0.2223948433204488,6.25,32
TM36958_Baker_O4,36958,289516188489998,Baker,Corporate/Other Private,4,608,Sweetbay / swamp tupelo / red maple,16,3.5583174931271806,1.0,0.2223948433204488,6.25,77
TM36824_Baker_O4,36824,289515345489998,Baker,Corporate/Other Private,4,608,Sweetbay / swamp tupelo / red maple,1601,356.0541441560385,100.0,22.239484332044878,6.2460961898813245,150
TM67313_Baker_O4,67313,718603549290487,Baker,Corporate/Other Private,4,607,Baldcypress / water tupelo,513,114.08855462339024,32.0,7.116634986254361,6.237816764132553,91
TM59348_Hamilton_O4,59348,533665078126144,Hamilton,Corporate/Other Private,4,602,Sweetgum / Nuttall oak / willow oak,209,46.4805222539738,13.0,2.891132963165834,6.220095693779904,86
TM48556_Suwannee_O3,48556,448940165489998,Suwannee,Family Forest,3,608,Sweetbay / swamp tupelo / red maple,65,14.45566481582917,4.0,0.8895793732817951,6.153846153846154,20
TM48595_Hamilton_O4,48595,448940352489998,Hamilton,Corporate/Other Private,4,608,Sweetbay / swamp tupelo / red maple,720,160.12428719072312,44.0,9.785373106099746,6.111111111111111,60
TM64405_Baker_O4,64405,638334488126144,Baker,Corporate/Other Private,4,520,Mixed upland hardwoods,461,102.52402277072689,28.0,6.227055612972566,6.073752711496746,16
TM48525_Union_O3,48525,448939977489998,Union,Family Forest,3,608,Sweetbay / swamp tupelo / red maple,824,183.2533508960498,50.0,11.119742166022439,6.067961165048544,100
TM53774_Baker_O8,53774,484311003489998,Baker,Local,8,995,Other exotic hardwoods,33,7.339029829574811,2.0,0.4447896866408976,6.0606060606060606,30
TM67427_Baker_O4,67427,718604085290487,Baker,Corporate/Other Private,4,602,Sweetgum / Nuttall oak / willow oak,33,7.339029829574811,2.0,0.4447896866408976,6.0606060606060606,30
TM48503_Union_O4,48503,448939827489998,Union,Corporate/Other Private,4,609,Baldcypress / pondcypress,83,18.45877199559725,5.0,1.111974216602244,6.024096385542169,100
TM68819_Suwannee_O3,68819,740826397290487,Suwannee,Family Forest,3,602,Sweetgum / Nuttall oak / willow oak,117,26.020196668492506,7.0,1.5567639032431415,5.982905982905983,70
TM48595_Union_O7,48595,448940352489998,Union,State,7,608,Sweetbay / swamp tupelo / red maple,84,18.6811668389177,5.0,1.111974216602244,5.9523809523809526,60
TM67427_Union_O7,67427,718604085290487,Union,State,7,602,Sweetgum / Nuttall oak / willow oak,1081,240.40882562940516,64.0,14.233269972508722,5.9204440333024975,30
TM67057_Hamilton_O4,67057,718561522290487,Hamilton,Corporate/Other Private,4,602,Sweetgum / Nuttall oak / willow oak,458,101.85683824076554,27.0,6.0046607696521175,5.895196506550218,70
TM36897_Baker_O7,36897,289515725489998,Baker,State,7,406,Loblolly pine / hardwood,17,3.780712336447629,1.0,0.2223948433204488,5.882352941176471,37
TM48566_Union_O4,48566,448940190489998,Union,Corporate/Other Private,4,609,Baldcypress / pondcypress,17,3.780712336447629,1.0,0.2223948433204488,5.882352941176471,150
TM67014_Baker_O4,67014,718561374290487,Baker,Corporate/Other Private,4,161,Loblolly pine,17,3.780712336447629,1.0,0.2223948433204488,5.882352941176471,29
TM67504_Baker_O3,67504,718604453290487,Baker,Family Forest,3,520,Mixed upland hardwoods,17,3.780712336447629,1.0,0.2223948433204488,5.882352941176471,40
TM13437_Baker_O4,13437,43855124020004,Baker,Corporate/Other Private,4,142,Slash pine,17,3.780712336447629,1.0,0.2223948433204488,5.882352941176471,39
TM50107_Suwannee_O3,50107,451136641489998,Suwannee,Family Forest,3,608,Sweetbay / swamp tupelo / red maple,17,3.780712336447629,1.0,0.2223948433204488,5.882352941176471,20
TM24498_Hamilton_O4,24498,176860080010854,Hamilton,Corporate/Other Private,4,406,Loblolly pine / hardwood,51,11.342137009342888,3.0,0.6671845299613464,5.882352941176471,41
TM48596_Hamilton_O7,48596,448940355489998,Hamilton,State,7,602,Sweetgum / Nuttall oak / willow oak,290,64.49450456293015,17.0,3.780712336447629,5.862068965517241,101
TM35220_Hamilton_O3,35220,259083023010854,Hamilton,Family Forest,3,407,Slash pine / hardwood,20125,4475.696221824031,1160.0,257.9780182517206,5.763975155279503,30
TM43054_Columbia_O4,43054,374860913489998,Columbia,Corporate/Other Private,4,602,Sweetgum / Nuttall oak / willow oak,871,193.7059085321109,50.0,11.119742166022439,5.7405281285878305,52
TM2623_Suwannee_O4,2623,17498047010478,Suwannee,Corporate/Other Private,4,161,Loblolly pine,140,31.13527806486283,8.0,1.7791587465635903,5.714285714285714,47
TM35375_Union_O3,35375,259178255010854,Union,Family Forest,3,142,Slash pine,35,7.783819516215708,2.0,0.4447896866408976,5.714285714285714,36
TM36896_Union_O4,36896,289515723489998,Union,Corporate/Other Private,4,508,Sweetgum / yellow-poplar,70,15.567639032431416,4.0,0.8895793732817951,5.714285714285714,15
TM36830_Union_O4,36830,289515366489998,Union,Corporate/Other Private,4,520,Mixed upland hardwoods,896,199.2657796151221,51.0,11.342137009342888,5.691964285714286,69
TM67503_Columbia_O3,67503,718604452290487,Columbia,Family Forest,3,608,Sweetbay / swamp tupelo / red maple,159,35.360780087951355,9.0,2.001553589884039,5.660377358490566,86
TM48571_Columbia_O4,48571,448940206489998,Columbia,Corporate/Other Private,4,142,Slash pine,1449,322.2501279713303,82.0,18.2363771522768,5.659075224292615,28
TM23748_Baker_O6,23748,173002842010854,Baker,Federal,6,142,Slash pine,142,31.580067751503726,8.0,1.7791587465635903,5.633802816901408,45
TM48530_Union_O3,48530,448940015489998,Union,Family Forest,3,520,Mixed upland hardwoods,214,47.592496470576044,12.0,2.6687381198453854,5.607476635514018,33
TM50155_Columbia_O8,50155,451136792489998,Columbia,Local,8,406,Loblolly pine / hardwood,107,23.796248235288022,6.0,1.3343690599226927,5.607476635514018,96
TM36962_Hamilton_O4,36962,289516223489998,Hamilton,Corporate/Other Private,4,520,Mixed upland hardwoods,1875,416.9903312258415,105.0,23.351458548647123,5.6,72
TM67511_Baker_O7,67511,718604485290487,Baker,State,7,161,Loblolly pine,54,12.009321539304235,3.0,0.6671845299613464,5.555555555555555,17
TM45047_Columbia_O7,45047,385730105489998,Columbia,State,7,520,Mixed upland hardwoods,18,4.003107179768078,1.0,0.2223948433204488,5.555555555555555,75
TM68819_Columbia_O4,68819,740826397290487,Columbia,Corporate/Other Private,4,602,Sweetgum / Nuttall oak / willow oak,36,8.006214359536155,2.0,0.4447896866408976,5.555555555555555,70
TM35373_Columbia_O3,35373,259178232010854,Columbia,Family Forest,3,142,Slash pine,18,4.003107179768078,1.0,0.2223948433204488,5.555555555555555,48
TM64165_Suwannee_O3,64165,635664709126144,Suwannee,Family Forest,3,607,Baldcypress / water tupelo,36,8.006214359536155,2.0,0.4447896866408976,5.555555555555555,94
TM43292_Union_O4,43292,374861938489998,Union,Corporate/Other Private,4,142,Slash pine,36,8.006214359536155,2.0,0.4447896866408976,5.555555555555555,22
TM59348_Columbia_O8,59348,533665078126144,Columbia,Local,8,602,Sweetgum / Nuttall oak / willow oak,18,4.003107179768078,1.0,0.2223948433204488,5.555555555555555,86
TM48596_Hamilton_O4,48596,448940355489998,Hamilton,Corporate/Other Private,4,602,Sweetgum / Nuttall oak / willow oak,1478,328.69957842762335,82.0,18.236377152276802,5.548037889039242,101
TM48592_Columbia_O8,48592,448940348489998,Columbia,Local,8,520,Mixed upland hardwoods,433,96.29696715775432,24.0,5.337476239690771,5.542725173210162,75
TM13432_Columbia_O3,13432,43854936020004,Columbia,Family Forest,3,508,Sweetgum / yellow-poplar,272,60.491397383162074,15.0,3.335922649806732,5.514705882352941,81
TM67233_Hamilton_O3,67233,718562163290487,Hamilton,Family Forest,3,608,Sweetbay / swamp tupelo / red maple,91,20.23793074216084,5.0,1.111974216602244,5.4945054945054945,22
TM32408_Columbia_O3,32408,236497707010854,Columbia,Family Forest,3,608,Sweetbay / swamp tupelo / red maple,3043,676.7475082241257,167.0,37.13993883451495,5.488005257969109,49
TM36938_Union_O3,36938,289515961489998,Union,Family Forest,3,608,Sweetbay / swamp tupelo / red maple,238,52.92997271026682,13.0,2.891132963165834,5.46218487394958,35
TM64218_Baker_O4,64218,635664902126144,Baker,Corporate/Other Private,4,142,Slash pine,129,28.688934788337892,7.0,1.5567639032431415,5.426356589147287,55
TM67475_Union_O4,67475,718604294290487,Union,Corporate/Other Private,4,407,Slash pine / hardwood,56,12.454111225945132,3.0,0.6671845299613464,5.357142857142857,51
TM64173_Columbia_O3,64173,635664733126144,Columbia,Family Forest,3,602,Sweetgum / Nuttall oak / willow oak,113,25.130617295210712,6.0,1.3343690599226927,5.3097345132743365,61
TM50179_Suwannee_O4,50179,451136876489998,Suwannee,Corporate/Other Private,4,608,Sweetbay / swamp tupelo / red maple,113,25.130617295210712,6.0,1.3343690599226927,5.3097345132743365,55
TM48596_Columbia_O8,48596,448940355489998,Columbia,Local,8,602,Sweetgum / Nuttall oak / willow oak,2189,486.8223120284624,116.0,25.79780182517206,5.299223389675651,101
TM43163_Union_O3,43163,374861344489998,Union,Family Forest,3,403,Longleaf pine / oak,740,164.5721840571321,39.0,8.673398889497502,5.27027027027027,79
TM43054_Columbia_O3,43054,374860913489998,Columbia,Family Forest,3,602,Sweetgum / Nuttall oak / willow oak,778,173.02318810330917,41.0,9.1181885761384,5.269922879177378,52
TM64419_Union_O4,64419,638334555126144,Union,Corporate/Other Private,4,161,Loblolly pine,133,29.578514161619687,7.0,1.5567639032431415,5.2631578947368425,32
TM43054_Suwannee_O4,43054,374860913489998,Suwannee,Corporate/Other Private,4,602,Sweetgum / Nuttall oak / willow oak,95,21.127510115442636,5.0,1.111974216602244,5.2631578947368425,52
TM36941_Baker_O8,36941,289515964489998,Baker,Local,8,407,Slash pine / hardwood,19,4.225502023088526,1.0,0.2223948433204488,5.2631578947368425,58
TM35382_Union_O8,35382,259178386010854,Union,Local,8,142,Slash pine,38,8.451004046177053,2.0,0.4447896866408976,5.2631578947368425,38
TM16547_Suwannee_O4,16547,61264238010478,Suwannee,Corporate/Other Private,4,161,Loblolly pine,19,4.225502023088526,1.0,0.2223948433204488,5.2631578947368425,32
TM64173_Hamilton_O8,64173,635664733126144,Hamilton,Local,8,602,Sweetgum / Nuttall oak / willow oak,38,8.451004046177053,2.0,0.4447896866408976,5.2631578947368425,61
TM50202_Union_O3,50202,451136963489998,Union,Family Forest,3,608,Sweetbay / swamp tupelo / red maple,19,4.225502023088526,1.0,0.2223948433204488,5.2631578947368425,21
TM68819_Baker_O3,68819,740826397290487,Baker,Family Forest,3,602,Sweetgum / Nuttall oak / willow oak,2093,465.47240706969933,110.0,24.463432765249365,5.255613951266125,70
TM64417_Union_O3,64417,638334544126144,Union,Family Forest,3,403,Longleaf pine / oak,173,38.47430789443764,9.0,2.001553589884039,5.202312138728324,48
TM53774_Baker_O3,53774,484311003489998,Baker,Family Forest,3,995,Other exotic hardwoods,757,168.35289639357973,39.0,8.673398889497502,5.1519154557463676,30
TM50098_Baker_O4,50098,451136592489998,Baker,Corporate/Other Private,4,602,Sweetgum / Nuttall oak / willow oak,952,211.71989084106724,49.0,10.89734732270199,5.147058823529412,26
TM67379_Union_O4,67379,718603887290487,Union,Corporate/Other Private,4,142,Slash pine,486,108.0838938537381,25.0,5.5598710830112195,5.1440329218107,12
TM36967_Union_O3,36967,289516234489998,Union,Family Forest,3,142,Slash pine,78,17.346797778995004,4.0,0.8895793732817951,5.128205128205129,37
TM2724_Suwannee_O3,2724,20306534010478,Suwannee,Family Forest,3,142,Slash pine,117,26.02019666849251,6.0,1.3343690599226927,5.128205128205129,61
TM67537_Columbia_O8,67537,718604880290487,Columbia,Local,8,166,Pond pine,39,8.673398889497502,2.0,0.4447896866408976,5.128205128205129,12
TM48607_Columbia_O4,48607,448940384489998,Columbia,Corporate/Other Private,4,602,Sweetgum / Nuttall oak / willow oak,158,35.1383852446309,8.0,1.7791587465635903,5.063291139240507,46
TM43315_Hamilton_O4,43315,374862210489998,Hamilton,Corporate/Other Private,4,407,Slash pine / hardwood,437,97.18654653103611,22.0,4.892686553049873,5.034324942791762,41
TM36962_Hamilton_O3,36962,289516223489998,Hamilton,Family Forest,3,520,Mixed upland hardwoods,9680,2152.782083341944,485.0,107.86149901041766,5.010330578512397,72
TM24512_Union_O3,24512,176860601010854,Union,Family Forest,3,608,Sweetbay / swamp tupelo / red maple,20,4.447896866408976,1.0,0.2223948433204488,5.0,30
TM61698_Hamilton_O3,61698,559255329126144,Hamilton,Family Forest,3,706,Sugarberry / hackberry / elm / green ash,20,4.447896866408976,1.0,0.2223948433204488,5.0,6
TM13432_Hamilton_O3,13432,43854936020004,Hamilton,Family Forest,3,508,Sweetgum / yellow-poplar,80,17.791587465635903,4.0,0.8895793732817951,5.0,81
TM31037_Union_O3,31037,218218426020004,Union,Family Forest,3,503,White oak / red oak / hickory,40,8.895793732817951,2.0,0.4447896866408976,5.0,75
TM48525_Union_O4,48525,448939977489998,Union,Corporate/Other Private,4,608,Sweetbay / swamp tupelo / red maple,80,17.791587465635903,4.0,0.8895793732817951,5.0,100
TM48607_Columbia_O8,48607,448940384489998,Columbia,Local,8,602,Sweetgum / Nuttall oak / willow oak,60,13.343690599226928,3.0,0.6671845299613464,5.0,46
TM36823_Union_O4,36823,289515330489998,Union,Corporate/Other Private,4,142,Slash pine,623,138.5519873886396,31.0,6.894240142933913,4.975922953451043,87
TM48608_Union_O4,48608,448940387489998,Union,Corporate/Other Private,4,602,Sweetgum / Nuttall oak / willow oak,242,53.81955208354861,12.0,2.6687381198453854,4.958677685950414,107
TM43201_Union_O3,43201,374861518489998,Union,Family Forest,3,609,Baldcypress / pondcypress,263,58.489843793278034,13.0,2.891132963165834,4.942965779467681,64
TM48609_Union_O3,48609,448940391489998,Union,Family Forest,3,407,Slash pine / hardwood,223,49.59405006046008,11.0,2.446343276524937,4.932735426008969,19
TM36962_Hamilton_O6,36962,289516223489998,Hamilton,Federal,6,520,Mixed upland hardwoods,102,22.684274018685777,5.0,1.111974216602244,4.901960784313726,72
TM36824_Union_O7,36824,289515345489998,Union,State,7,608,Sweetbay / swamp tupelo / red maple,102,22.684274018685777,5.0,1.111974216602244,4.901960784313726,150
TM48670_Baker_O4,48670,448940999489998,Baker,Corporate/Other Private,4,608,Sweetbay / swamp tupelo / red maple,2921,649.6153373390309,143.0,31.802462594824178,4.895583704210886,69
TM48634_Hamilton_O3,48634,448940584489998,Hamilton,Family Forest,3,142,Slash pine,41,9.1181885761384,2.0,0.4447896866408976,4.878048780487805,40
TM36840_Baker_O4,36840,289515419489998,Baker,Corporate/Other Private,4,520,Mixed upland hardwoods,41,9.1181885761384,2.0,0.4447896866408976,4.878048780487805,58
TM64407_Hamilton_O7,64407,638334496126144,Hamilton,State,7,608,Sweetbay / swamp tupelo / red maple,62,13.788480285867825,3.0,0.6671845299613464,4.838709677419355,7
TM43054_Suwannee_O3,43054,374860913489998,Suwannee,Family Forest,3,602,Sweetgum / Nuttall oak / willow oak,393,87.40117342493637,19.0,4.225502023088527,4.8346055979643765,52
TM50098_Union_O3,50098,451136592489998,Union,Family Forest,3,602,Sweetgum / Nuttall oak / willow oak,269,59.82421285320072,13.0,2.891132963165834,4.83271375464684,26
TM35386_Union_O3,35386,259178502010854,Union,Family Forest,3,520,Mixed upland hardwoods,104,23.129063705326676,5.0,1.111974216602244,4.8076923076923075,45
TM33348_Hamilton_O7,33348,249673677010854,Hamilton,State,7,520,Mixed upland hardwoods,21,4.670291709729424,1.0,0.2223948433204488,4.761904761904762,10
TM32406_Baker_O3,32406,236497515010854,Baker,Family Forest,3,608,Sweetbay / swamp tupelo / red maple,105,23.351458548647123,5.0,1.111974216602244,4.761904761904762,14
TM43225_Union_O3,43225,374861608489998,Union,Family Forest,3,520,Mixed upland hardwoods,357,79.39495906540023,17.0,3.7807123364476296,4.761904761904762,51
TM64389_Union_O3,64389,638334380126144,Union,Family Forest,3,520,Mixed upland hardwoods,63,14.010875129188275,3.0,0.6671845299613464,4.761904761904762,75
TM67372_Hamilton_O7,67372,718603850290487,Hamilton,State,7,608,Sweetbay / swamp tupelo / red maple,21,4.670291709729424,1.0,0.2223948433204488,4.761904761904762,31
TM35378_Union_O7,35378,259178355010854,Union,State,7,520,Mixed upland hardwoods,21,4.670291709729424,1.0,0.2223948433204488,4.761904761904762,28
TM45047_Union_O4,45047,385730105489998,Union,Corporate/Other Private,4,520,Mixed upland hardwoods,402,89.40272701482041,19.0,4.225502023088527,4.72636815920398,75
TM64173_Hamilton_O4,64173,635664733126144,Hamilton,Corporate/Other Private,4,602,Sweetgum / Nuttall oak / willow oak,614,136.55043379875556,29.0,6.449450456293015,4.723127035830619,61
TM21604_Columbia_O3,21604,153666119010854,Columbia,Family Forest,3,704,Willow,106,23.573853391967575,5.0,1.111974216602244,4.716981132075472,14
TM36941_Suwannee_O4,36941,289515964489998,Suwannee,Corporate/Other Private,4,407,Slash pine / hardwood,235,52.26278818030546,11.0,2.4463432765249364,4.680851063829787,58
TM59383_Hamilton_O3,59383,533665216126144,Hamilton,Family Forest,3,608,Sweetbay / swamp tupelo / red maple,1011,224.84118659697373,47.0,10.452557636061094,4.648862512363996,92
TM67372_Suwannee_O4,67372,718603850290487,Suwannee,Corporate/Other Private,4,608,Sweetbay / swamp tupelo / red maple,1553,345.37919167665694,72.0,16.012428719072314,4.6361880231809405,31
TM32408_Hamilton_O4,32408,236497707010854,Hamilton,Corporate/Other Private,4,608,Sweetbay / swamp tupelo / red maple,1489,331.14592170414824,69.0,15.345244189110966,4.633982538616521,49
TM64167_Suwannee_O4,64167,635664717126144,Suwannee,Corporate/Other Private,4,142,Slash pine,108,24.01864307860847,5.0,1.111974216602244,4.62962962962963,53
TM2700_Columbia_O3,2700,20267385010478,Columbia,Family Forest,3,520,Mixed upland hardwoods,2835,630.4893808134723,130.0,28.91132963165834,4.585537918871252,50
TM43203_Baker_O4,43203,374861529489998,Baker,Corporate/Other Private,4,142,Slash pine,371,82.5084868718865,17.0,3.780712336447629,4.5822102425876015,87
TM67279_Baker_O3,67279,718562372290487,Baker,Family Forest,3,142,Slash pine,459,102.079233084086,21.0,4.670291709729424,4.57516339869281,42
TM50207_Baker_O4,50207,451136981489998,Baker,Corporate/Other Private,4,608,Sweetbay / swamp tupelo / red maple,175,38.91909758107854,8.0,1.7791587465635903,4.571428571428571,44
TM49948_Hamilton_O4,49948,451136155489998,Hamilton,Corporate/Other Private,4,520,Mixed upland hardwoods,417,92.73864966462715,19.0,4.225502023088527,4.556354916067146,56
TM43315_Hamilton_O6,43315,374862210489998,Hamilton,Federal,6,407,Slash pine / hardwood,22,4.892686553049873,1.0,0.2223948433204488,4.545454545454546,41
TM43067_Hamilton_O3,43067,374860959489998,Hamilton,Family Forest,3,409,Other pine / hardwood,154,34.24880587134911,7.0,1.5567639032431415,4.545454545454546,61
TM64448_Suwannee_O4,64448,638334723126144,Suwannee,Corporate/Other Private,4,608,Sweetbay / swamp tupelo / red maple,22,4.892686553049873,1.0,0.2223948433204488,4.545454545454546,63
TM48671_Union_O3,48671,448941000489998,Union,Family Forest,3,407,Slash pine / hardwood,22,4.892686553049873,1.0,0.2223948433204488,4.545454545454546,52
TM67338_Columbia_O8,67338,718603673290487,Columbia,Local,8,508,Sweetgum / yellow-poplar,110,24.46343276524937,5.0,1.111974216602244,4.545454545454546,60
TM50098_Union_O7,50098,451136592489998,Union,State,7,602,Sweetgum / Nuttall oak / willow oak,619,137.6624080153578,28.0,6.227055612972566,4.523424878836834,26
TM36897_Hamilton_O6,36897,289515725489998,Hamilton,Federal,6,406,Loblolly pine / hardwood,177,39.363887267719434,8.0,1.7791587465635903,4.519774011299435,37
TM64405_Baker_O3,64405,638334488126144,Baker,Family Forest,3,520,Mixed upland hardwoods,598,132.99211630562837,27.0,6.0046607696521175,4.51505016722408,16
TM64444_Union_O3,64444,638334713126144,Union,Family Forest,3,520,Mixed upland hardwoods,89,19.793141055519943,4.0,0.8895793732817951,4.49438202247191,37
TM48670_Columbia_O3,48670,448940999489998,Columbia,Family Forest,3,608,Sweetbay / swamp tupelo / red maple,67,14.900454502470069,3.0,0.6671845299613464,4.477611940298507,69
TM43315_Union_O3,43315,374862210489998,Union,Family Forest,3,407,Slash pine / hardwood,537,119.426030863081,24.0,5.337476239690771,4.4692737430167595,41
TM53774_Hamilton_O3,53774,484311003489998,Hamilton,Family Forest,3,995,Other exotic hardwoods,336,74.72466735567079,15.0,3.3359226498067316,4.464285714285714,30
TM36939_Hamilton_O7,36939,289515962489998,Hamilton,State,7,142,Slash pine,90,20.01553589884039,4.0,0.8895793732817951,4.444444444444445,55
TM36821_Suwannee_O3,36821,289515327489998,Suwannee,Family Forest,3,609,Baldcypress / pondcypress,68,15.122849345790518,3.0,0.6671845299613464,4.411764705882353,37
TM48658_Union_O3,48658,448940864489998,Union,Family Forest,3,142,Slash pine,1975,439.22981555788635,87.0,19.348351368879044,4.405063291139241,28
TM36823_Columbia_O4,36823,289515330489998,Columbia,Corporate/Other Private,4,142,Slash pine,250,55.598710830112196,11.0,2.446343276524937,4.4,87
TM36897_Baker_O3,36897,289515725489998,Baker,Family Forest,3,406,Loblolly pine / hardwood,3494,777.047582561648,153.0,34.02641102802867,4.378935317687464,37
TM36853_Baker_O3,36853,289515485489998,Baker,Family Forest,3,602,Sweetgum / Nuttall oak / willow oak,23,5.115081396370322,1.0,0.2223948433204488,4.3478260869565215,20
TM64389_Columbia_O4,64389,638334380126144,Columbia,Corporate/Other Private,4,520,Mixed upland hardwoods,23,5.115081396370322,1.0,0.2223948433204488,4.3478260869565215,75
TM24515_Columbia_O7,24515,176860754010854,Columbia,State,7,520,Mixed upland hardwoods,23,5.115081396370322,1.0,0.2223948433204488,4.3478260869565215,26
TM67534_Hamilton_O3,67534,718604873290487,Hamilton,Family Forest,3,514,Southern scrub oak,23,5.115081396370322,1.0,0.2223948433204488,4.3478260869565215,38
TM67375_Union_O3,67375,718603858290487,Union,Family Forest,3,520,Mixed upland hardwoods,184,40.92065117096258,8.0,1.7791587465635903,4.3478260869565215,103
TM64407_Suwannee_O3,64407,638334496126144,Suwannee,Family Forest,3,608,Sweetbay / swamp tupelo / red maple,3039,675.8579288508438,132.0,29.356119318299243,4.343534057255677,7
TM36962_Columbia_O8,36962,289516223489998,Columbia,Local,8,520,Mixed upland hardwoods,1947,433.0027599449138,84.0,18.681166838917697,4.314329738058552,72
TM45047_Baker_O3,45047,385730105489998,Baker,Family Forest,3,520,Mixed upland hardwoods,2108,468.80832971950605,90.0,20.01553589884039,4.269449715370019,75
TM64453_Columbia_O8,64453,638334743126144,Columbia,Local,8,520,Mixed upland hardwoods,141,31.35767290818328,6.0,1.3343690599226927,4.25531914893617,8
TM48660_Baker_O4,48660,448940876489998,Baker,Corporate/Other Private,4,999,Nonstocked,47,10.452557636061092,2.0,0.4447896866408976,4.25531914893617,0
TM35220_Hamilton_O4,35220,259083023010854,Hamilton,Corporate/Other Private,4,407,Slash pine / hardwood,7412,1648.3905786911664,315.0,70.05437564594136,4.249865083648138,30
TM67308_Baker_O3,67308,718603540290487,Baker,Family Forest,3,142,Slash pine,71,15.790033875751863,3.0,0.6671845299613464,4.225352112676056,77
TM43315_Union_O4,43315,374862210489998,Union,Corporate/Other Private,4,407,Slash pine / hardwood,71,15.790033875751863,3.0,0.6671845299613464,4.225352112676056,41
TM59348_Columbia_O3,59348,533665078126144,Columbia,Family Forest,3,602,Sweetgum / Nuttall oak / willow oak,71,15.790033875751863,3.0,0.6671845299613464,4.225352112676056,86
TM24512_Baker_O3,24512,176860601010854,Baker,Family Forest,3,608,Sweetbay / swamp tupelo / red maple,190,42.255020230885265,8.0,1.7791587465635903,4.2105263157894735,30
TM43294_Union_O4,43294,374861940489998,Union,Corporate/Other Private,4,406,Loblolly pine / hardwood,453,100.74486402416329,19.0,4.225502023088527,4.194260485651214,38
TM36962_Baker_O3,36962,289516223489998,Baker,Family Forest,3,520,Mixed upland hardwoods,861,191.4819600989064,36.0,8.006214359536155,4.181184668989547,72
TM43239_Columbia_O6,43239,374861704489998,Columbia,Federal,6,142,Slash pine,24,5.337476239690771,1.0,0.2223948433204488,4.166666666666667,18
TM64167_Hamilton_O7,64167,635664717126144,Hamilton,State,7,142,Slash pine,24,5.337476239690771,1.0,0.2223948433204488,4.166666666666667,53
TM36962_Hamilton_O8,36962,289516223489998,Hamilton,Local,8,520,Mixed upland hardwoods,144,32.02485743814462,6.0,1.3343690599226927,4.166666666666667,72
TM43090_Baker_O4,43090,374861032489998,Baker,Corporate/Other Private,4,407,Slash pine / hardwood,24,5.337476239690771,1.0,0.2223948433204488,4.166666666666667,7
TM48556_Baker_O3,48556,448940165489998,Baker,Family Forest,3,608,Sweetbay / swamp tupelo / red maple,48,10.674952479381542,2.0,0.4447896866408976,4.166666666666667,20
TM36962_Columbia_O4,36962,289516223489998,Columbia,Corporate/Other Private,4,520,Mixed upland hardwoods,5153,1146.0006276302724,214.0,47.59249647057604,4.152920628759945,72
TM43152_Union_O3,43152,374861302489998,Union,Family Forest,3,520,Mixed upland hardwoods,169,37.584728521155846,7.0,1.5567639032431415,4.1420118343195265,39
TM18437_Union_O7,18437,90825681010478,Union,State,7,517,Elm / ash / black locust,145,32.24725228146507,6.0,1.3343690599226927,4.137931034482759,75
TM40969_Baker_O3,40969,351508220489998,Baker,Family Forest,3,995,Other exotic hardwoods,97,21.57229980208353,4.0,0.8895793732817951,4.123711340206185,46
TM21259_Suwannee_O4,21259,140564077010478,Suwannee,Corporate/Other Private,4,608,Sweetbay / swamp tupelo / red maple,633,140.7759358218441,26.0,5.782265926331668,4.107424960505529,55
TM64329_Union_O3,64329,638333977126144,Union,Family Forest,3,520,Mixed upland hardwoods,634,140.99833066516453,26.0,5.782265926331668,4.100946372239748,30
TM35377_Baker_O3,35377,259178350010854,Baker,Family Forest,3,602,Sweetgum / Nuttall oak / willow oak,293,65.16168909289149,12.0,2.6687381198453854,4.09556313993174,13
TM2700_Columbia_O8,2700,20267385010478,Columbia,Local,8,520,Mixed upland hardwoods,392,87.17877858161592,16.0,3.5583174931271806,4.081632653061225,50
TM43237_Suwannee_O4,43237,374861690489998,Suwannee,Corporate/Other Private,4,602,Sweetgum / Nuttall oak / willow oak,49,10.89734732270199,2.0,0.4447896866408976,4.081632653061225,60
TM64226_Baker_O4,64226,635664945126144,Baker,Corporate/Other Private,4,142,Slash pine,221,49.14926037381918,9.0,2.001553589884039,4.072398190045249,60
TM35220_Columbia_O8,35220,259083023010854,Columbia,Local,8,407,Slash pine / hardwood,2949,655.8423929520035,120.0,26.687381198453856,4.069175991861648,30
TM36932_Union_O3,36932,289515944489998,Union,Family Forest,3,407,Slash pine / hardwood,2929,651.3944960855945,118.0,26.242591511812957,4.0286787299419595,67
TM43294_Union_O7,43294,374861940489998,Union,State,7,406,Loblolly pine / hardwood,174,38.696702737758095,7.0,1.5567639032431415,4.022988505747127,38
TM2704_Union_O3,2704,20272447010478,Union,Family Forest,3,520,Mixed upland hardwoods,25,5.5598710830112195,1.0,0.2223948433204488,4.0,20
TM67504_Columbia_O4,67504,718604453290487,Columbia,Corporate/Other Private,4,520,Mixed upland hardwoods,75,16.679613249033657,3.0,0.6671845299613464,4.0,40
TM67417_Baker_O6,67417,718604055290487,Baker,Federal,6,142,Slash pine,25,5.5598710830112195,1.0,0.2223948433204488,4.0,5
TM35215_Hamilton_O3,35215,259082814010854,Hamilton,Family Forest,3,609,Baldcypress / pondcypress,25,5.5598710830112195,1.0,0.2223948433204488,4.0,120
TM36840_Baker_O3,36840,289515419489998,Baker,Family Forest,3,520,Mixed upland hardwoods,25,5.5598710830112195,1.0,0.2223948433204488,4.0,58
TM64329_Hamilton_O3,64329,638333977126144,Hamilton,Family Forest,3,520,Mixed upland hardwoods,100,22.239484332044878,4.0,0.8895793732817951,4.0,30
TM43225_Union_O4,43225,374861608489998,Union,Corporate/Other Private,4,520,Mixed upland hardwoods,25,5.5598710830112195,1.0,0.2223948433204488,4.0,51
TM35378_Columbia_O6,35378,259178355010854,Columbia,Federal,6,520,Mixed upland hardwoods,125,27.7993554150561,5.0,1.111974216602244,4.0,28
TM36971_Union_O4,36971,289516357489998,Union,Corporate/Other Private,4,142,Slash pine,25,5.5598710830112195,1.0,0.2223948433204488,4.0,80
TM43238_Union_O3,43238,374861703489998,Union,Family Forest,3,602,Sweetgum / Nuttall oak / willow oak,25,5.5598710830112195,1.0,0.2223948433204488,4.0,105
TM36938_Baker_O3,36938,289515961489998,Baker,Family Forest,3,608,Sweetbay / swamp tupelo / red maple,5414,1204.0456817369097,216.0,48.03728615721694,3.9896564462504616,35
TM16547_Columbia_O3,16547,61264238010478,Columbia,Family Forest,3,161,Loblolly pine,126,28.02175025837655,5.0,1.111974216602244,3.9682539682539684,32
TM36736_Columbia_O8,36736,289514938489998,Columbia,Local,8,607,Baldcypress / water tupelo,454,100.96725886748375,18.0,4.003107179768078,3.9647577092511015,141
TM35378_Baker_O4,35378,259178355010854,Baker,Corporate/Other Private,4,520,Mixed upland hardwoods,202,44.92375835073065,8.0,1.7791587465635903,3.9603960396039604,28
TM48596_Union_O4,48596,448940355489998,Union,Corporate/Other Private,4,602,Sweetgum / Nuttall oak / willow oak,583,129.65619365582165,23.0,5.115081396370321,3.9451114922813035,101
TM67372_Suwannee_O3,67372,718603850290487,Suwannee,Family Forest,3,608,Sweetbay / swamp tupelo / red maple,3172,705.4364430124635,125.0,27.799355415056098,3.940731399747793,31
TM31048_Baker_O7,31048,218219125020004,Baker,State,7,142,Slash pine,51,11.342137009342888,2.0,0.4447896866408976,3.9215686274509802,32
TM43193_Columbia_O3,43193,374861498489998,Columbia,Family Forest,3,608,Sweetbay / swamp tupelo / red maple,206,45.81333772401245,8.0,1.7791587465635903,3.883495145631068,43
TM45047_Baker_O4,45047,385730105489998,Baker,Corporate/Other Private,4,520,Mixed upland hardwoods,567,126.09787616269446,22.0,4.892686553049873,3.880070546737213,75
TM36823_Union_O3,36823,289515330489998,Union,Family Forest,3,142,Slash pine,5495,1222.059664045866,213.0,47.37010162725559,3.876251137397634,87
TM33346_Hamilton_O3,33346,249673610010854,Hamilton,Family Forest,3,142,Slash pine,26,5.782265926331668,1.0,0.2223948433204488,3.8461538461538463,26
TM48632_Baker_O7,48632,448940577489998,Baker,State,7,142,Slash pine,130,28.911329631658344,5.0,1.111974216602244,3.8461538461538463,25
TM48588_Baker_O4,48588,448940337489998,Baker,Corporate/Other Private,4,520,Mixed upland hardwoods,78,17.346797778995004,3.0,0.6671845299613464,3.8461538461538463,20
TM31037_Hamilton_O8,31037,218218426020004,Hamilton,Local,8,503,White oak / red oak / hickory,26,5.782265926331668,1.0,0.2223948433204488,3.8461538461538463,75
TM64383_Suwannee_O4,64383,638334339126144,Suwannee,Corporate/Other Private,4,407,Slash pine / hardwood,26,5.782265926331668,1.0,0.2223948433204488,3.8461538461538463,21
TM48596_Suwannee_O7,48596,448940355489998,Suwannee,State,7,602,Sweetgum / Nuttall oak / willow oak,26,5.782265926331668,1.0,0.2223948433204488,3.8461538461538463,101
TM36828_Union_O7,36828,289515362489998,Union,State,7,403,Longleaf pine / oak,26,5.782265926331668,1.0,0.2223948433204488,3.8461538461538463,56
TM36821_Union_O3,36821,289515327489998,Union,Family Forest,3,609,Baldcypress / pondcypress,52,11.564531852663336,2.0,0.4447896866408976,3.8461538461538463,37
TM43237_Columbia_O8,43237,374861690489998,Columbia,Local,8,602,Sweetgum / Nuttall oak / willow oak,575,127.87703490925804,22.0,4.892686553049874,3.8260869565217392,60
TM36938_Baker_O4,36938,289515961489998,Baker,Corporate/Other Private,4,608,Sweetbay / swamp tupelo / red maple,497,110.53023713026305,19.0,4.225502023088527,3.8229376257545273,35
TM36736_Suwannee_O3,36736,289514938489998,Suwannee,Family Forest,3,607,Baldcypress / water tupelo,3297,733.2357984275196,126.0,28.02175025837655,3.821656050955414,141
TM48596_Union_O3,48596,448940355489998,Union,Family Forest,3,602,Sweetgum / Nuttall oak / willow oak,3040,676.0803236941643,116.0,25.797801825172062,3.8157894736842106,101
TM43193_Suwannee_O4,43193,374861498489998,Suwannee,Corporate/Other Private,4,608,Sweetbay / swamp tupelo / red maple,79,17.569192622315455,3.0,0.6671845299613464,3.7974683544303796,43
TM48445_Columbia_O3,48445,448939642489998,Columbia,Family Forest,3,161,Loblolly pine,237,52.707577866946366,9.0,2.001553589884039,3.7974683544303796,59
TM43188_Columbia_O3,43188,374861464489998,Columbia,Family Forest,3,142,Slash pine,132,29.356119318299243,5.0,1.111974216602244,3.787878787878788,32
TM35379_Columbia_O8,35379,259178358010854,Columbia,Local,8,520,Mixed upland hardwoods,132,29.356119318299243,5.0,1.111974216602244,3.787878787878788,48
TM50207_Columbia_O6,50207,451136981489998,Columbia,Federal,6,608,Sweetbay / swamp tupelo / red maple,6395,1422.21502303427,242.0,53.8195520835486,3.784206411258796,44
TM67475_Baker_O8,67475,718604294290487,Baker,Local,8,407,Slash pine / hardwood,53,11.786926695983786,2.0,0.4447896866408976,3.7735849056603774,51
TM48607_Baker_O4,48607,448940384489998,Baker,Corporate/Other Private,4,602,Sweetgum / Nuttall oak / willow oak,53,11.786926695983786,2.0,0.4447896866408976,3.7735849056603774,46
TM2739_Union_O7,2739,20336120010478,Union,State,7,520,Mixed upland hardwoods,427,94.96259809783163,16.0,3.5583174931271806,3.747072599531616,75
TM43210_Union_O4,43210,374861554489998,Union,Corporate/Other Private,4,142,Slash pine,107,23.79624823528802,4.0,0.8895793732817951,3.7383177570093458,62
TM64405_Hamilton_O4,64405,638334488126144,Hamilton,Corporate/Other Private,4,520,Mixed upland hardwoods,485,107.86149901041766,18.0,4.003107179768078,3.711340206185567,16
TM43315_Baker_O3,43315,374862210489998,Baker,Family Forest,3,407,Slash pine / hardwood,81,18.01398230895635,3.0,0.6671845299613464,3.7037037037037037,41
TM64218_Columbia_O3,64218,635664902126144,Columbia,Family Forest,3,142,Slash pine,27,6.004660769652117,1.0,0.2223948433204488,3.7037037037037037,55
TM43152_Union_O4,43152,374861302489998,Union,Corporate/Other Private,4,520,Mixed upland hardwoods,81,18.01398230895635,3.0,0.6671845299613464,3.7037037037037037,39
TM53774_Hamilton_O4,53774,484311003489998,Hamilton,Corporate/Other Private,4,995,Other exotic hardwoods,81,18.01398230895635,3.0,0.6671845299613464,3.7037037037037037,30
TM45047_Union_O7,45047,385730105489998,Union,State,7,520,Mixed upland hardwoods,27,6.004660769652117,1.0,0.2223948433204488,3.7037037037037037,75
TM43203_Baker_O3,43203,374861529489998,Baker,Family Forest,3,142,Slash pine,191,42.47741507420572,7.0,1.5567639032431415,3.6649214659685865,87
TM43214_Union_O3,43214,374861569489998,Union,Family Forest,3,161,Loblolly pine,192,42.69980991752617,7.0,1.5567639032431415,3.6458333333333335,17
TM21259_Suwannee_O3,21259,140564077010478,Suwannee,Family Forest,3,608,Sweetbay / swamp tupelo / red maple,1454,323.3621021879325,53.0,11.786926695983786,3.645116918844567,55
TM24316_Baker_O8,24316,176548896010854,Baker,Local,8,607,Baldcypress / water tupelo,55,12.231716382624683,2.0,0.4447896866408976,3.6363636363636362,135
TM13436_Union_O7,13436,43855099020004,Union,State,7,520,Mixed upland hardwoods,55,12.231716382624683,2.0,0.4447896866408976,3.6363636363636362,78
TM36821_Hamilton_O3,36821,289515327489998,Hamilton,Family Forest,3,609,Baldcypress / pondcypress,110,24.463432765249365,4.0,0.8895793732817951,3.6363636363636362,37
TM67538_Columbia_O4,67538,718604885290487,Columbia,Corporate/Other Private,4,142,Slash pine,165,36.69514914787405,6.0,1.3343690599226927,3.6363636363636362,35
TM43054_Hamilton_O3,43054,374860913489998,Hamilton,Family Forest,3,602,Sweetgum / Nuttall oak / willow oak,2898,644.5002559426606,105.0,23.351458548647123,3.6231884057971016,52
TM35521_Hamilton_O3,35521,264159751489998,Hamilton,Family Forest,3,520,Mixed upland hardwoods,83,18.45877199559725,3.0,0.6671845299613464,3.6144578313253013,17
TM48592_Hamilton_O4,48592,448940348489998,Hamilton,Corporate/Other Private,4,520,Mixed upland hardwoods,2275,505.948268554021,82.0,18.236377152276802,3.6043956043956045,75
TM64226_Baker_O3,64226,635664945126144,Baker,Family Forest,3,142,Slash pine,805,179.02784887296127,29.0,6.449450456293015,3.6024844720496896,60
TM48557_Columbia_O6,48557,448940171489998,Columbia,Federal,6,142,Slash pine,28,6.227055612972566,1.0,0.2223948433204488,3.5714285714285716,24
TM48671_Columbia_O6,48671,448941000489998,Columbia,Federal,6,407,Slash pine / hardwood,28,6.227055612972566,1.0,0.2223948433204488,3.5714285714285716,52
TM64226_Hamilton_O7,64226,635664945126144,Hamilton,State,7,142,Slash pine,56,12.454111225945132,2.0,0.4447896866408976,3.5714285714285716,60
TM48668_Union_O7,48668,448940993489998,Union,State,7,142,Slash pine,56,12.454111225945132,2.0,0.4447896866408976,3.5714285714285716,37
TM64405_Columbia_O3,64405,638334488126144,Columbia,Family Forest,3,520,Mixed upland hardwoods,28,6.227055612972566,1.0,0.2223948433204488,3.5714285714285716,16
TM48670_Baker_O3,48670,448940999489998,Baker,Family Forest,3,608,Sweetbay / swamp tupelo / red maple,7829,1741.1292283557937,279.0,62.048161286405204,3.5636735215225444,69
TM48658_Union_O4,48658,448940864489998,Union,Corporate/Other Private,4,142,Slash pine,114,25.35301213853116,4.0,0.8895793732817951,3.508771929824561,28
TM67535_Columbia_O8,67535,718604877290487,Columbia,Local,8,608,Sweetbay / swamp tupelo / red maple,114,25.35301213853116,4.0,0.8895793732817951,3.508771929824561,81
TM64483_Union_O4,64483,638335132126144,Union,Corporate/Other Private,4,142,Slash pine,115,25.57540698185161,4.0,0.8895793732817951,3.4782608695652173,36
TM59348_Hamilton_O3,59348,533665078126144,Hamilton,Family Forest,3,602,Sweetgum / Nuttall oak / willow oak,748,166.35134280369567,26.0,5.782265926331669,3.4759358288770055,86
TM43239_Columbia_O8,43239,374861704489998,Columbia,Local,8,142,Slash pine,635,141.220725508485,22.0,4.892686553049874,3.4645669291338583,18
TM24316_Baker_O4,24316,176548896010854,Baker,Corporate/Other Private,4,607,Baldcypress / water tupelo,231,51.373208807023666,8.0,1.7791587465635903,3.463203463203463,135
TM48609_Union_O4,48609,448940391489998,Union,Corporate/Other Private,4,407,Slash pine / hardwood,319,70.94395501922317,11.0,2.446343276524937,3.4482758620689653,19
TM64448_Union_O3,64448,638334723126144,Union,Family Forest,3,608,Sweetbay / swamp tupelo / red maple,87,19.348351368879044,3.0,0.6671845299613464,3.4482758620689653,63
TM67521_Union_O3,67521,718604687290487,Union,Family Forest,3,514,Southern scrub oak,29,6.449450456293015,1.0,0.2223948433204488,3.4482758620689653,30
TM67284_Baker_O3,67284,718603453290487,Baker,Family Forest,3,520,Mixed upland hardwoods,29,6.449450456293015,1.0,0.2223948433204488,3.4482758620689653,47
TM43200_Baker_O4,43200,374861516489998,Baker,Corporate/Other Private,4,406,Loblolly pine / hardwood,29,6.449450456293015,1.0,0.2223948433204488,3.4482758620689653,96
TM48607_Hamilton_O4,48607,448940384489998,Hamilton,Corporate/Other Private,4,602,Sweetgum / Nuttall oak / willow oak,29,6.449450456293015,1.0,0.2223948433204488,3.4482758620689653,46
TM67427_Columbia_O4,67427,718604085290487,Columbia,Corporate/Other Private,4,602,Sweetgum / Nuttall oak / willow oak,1773,394.3060572071557,61.0,13.566085442547376,3.4404963338973493,30
TM48671_Columbia_O3,48671,448941000489998,Columbia,Family Forest,3,407,Slash pine / hardwood,233,51.81799849366457,8.0,1.7791587465635903,3.4334763948497855,52
TM36897_Baker_O4,36897,289515725489998,Baker,Corporate/Other Private,4,406,Loblolly pine / hardwood,966,214.83341864755351,33.0,7.33902982957481,3.4161490683229814,37
TM67313_Union_O3,67313,718603549290487,Union,Family Forest,3,607,Baldcypress / water tupelo,353,78.50537969211842,12.0,2.6687381198453854,3.3994334277620397,91
TM36932_Suwannee_O3,36932,289515944489998,Suwannee,Family Forest,3,407,Slash pine / hardwood,59,13.121295755906479,2.0,0.4447896866408976,3.389830508474576,67
TM67427_Columbia_O3,67427,718604085290487,Columbia,Family Forest,3,602,Sweetgum / Nuttall oak / willow oak,2896,644.0554662560197,98.0,21.794694645403982,3.383977900552486,30
TM24316_Suwannee_O3,24316,176548896010854,Suwannee,Family Forest,3,607,Baldcypress / water tupelo,1330,295.7851416161969,45.0,10.007767949420195,3.3834586466165413,135
TM64167_Suwannee_O3,64167,635664717126144,Suwannee,Family Forest,3,142,Slash pine,208,46.25812741065335,7.0,1.5567639032431415,3.3653846153846154,53
TM43187_Hamilton_O4,43187,374861459489998,Hamilton,Corporate/Other Private,4,406,Loblolly pine / hardwood,566,125.875481319374,19.0,4.225502023088526,3.3568904593639575,63
TM36962_Union_O7,36962,289516223489998,Union,State,7,520,Mixed upland hardwoods,90,20.01553589884039,3.0,0.6671845299613464,3.3333333333333335,72
TM16564_Columbia_O3,16564,61354193010478,Columbia,Family Forest,3,161,Loblolly pine,30,6.671845299613463,1.0,0.2223948433204488,3.3333333333333335,24
TM64293_Union_O8,64293,638333844126144,Union,Local,8,161,Loblolly pine,30,6.671845299613463,1.0,0.2223948433204488,3.3333333333333335,5
TM67527_Union_O3,67527,718604764290487,Union,Family Forest,3,141,Longleaf pine,90,20.01553589884039,3.0,0.6671845299613464,3.3333333333333335,20
TM67463_Hamilton_O4,67463,718604236290487,Hamilton,Corporate/Other Private,4,520,Mixed upland hardwoods,60,13.343690599226926,2.0,0.4447896866408976,3.3333333333333335,45
TM48571_Baker_O4,48571,448940206489998,Baker,Corporate/Other Private,4,142,Slash pine,361,80.28453843868202,12.0,2.6687381198453854,3.3240997229916895,28
TM24515_Union_O4,24515,176860754010854,Union,Corporate/Other Private,4,520,Mixed upland hardwoods,361,80.28453843868202,12.0,2.6687381198453854,3.3240997229916895,26
TM13432_Columbia_O4,13432,43854936020004,Columbia,Corporate/Other Private,4,508,Sweetgum / yellow-poplar,91,20.23793074216084,3.0,0.6671845299613464,3.2967032967032965,81
TM45047_Union_O3,45047,385730105489998,Union,Family Forest,3,520,Mixed upland hardwoods,2652,589.7911244858302,87.0,19.348351368879044,3.2805429864253393,75
TM67313_Union_O4,67313,718603549290487,Union,Corporate/Other Private,4,607,Baldcypress / water tupelo,61,13.566085442547376,2.0,0.4447896866408976,3.278688524590164,91
TM67429_Union_O3,67429,718604087290487,Union,Family Forest,3,514,Southern scrub oak,92,20.46032558548129,3.0,0.6671845299613464,3.260869565217391,33
TM48503_Union_O3,48503,448939827489998,Union,Family Forest,3,609,Baldcypress / pondcypress,92,20.46032558548129,3.0,0.6671845299613464,3.260869565217391,100
TM48668_Union_O3,48668,448940993489998,Union,Family Forest,3,142,Slash pine,1234,274.4352366574338,40.0,8.895793732817951,3.2414910858995136,37
TM68819_Hamilton_O3,68819,740826397290487,Hamilton,Family Forest,3,602,Sweetgum / Nuttall oak / willow oak,309,68.72000658601867,10.0,2.223948433204488,3.236245954692557,70
TM35382_Union_O3,35382,259178386010854,Union,Family Forest,3,142,Slash pine,4088,909.1501194939946,132.0,29.35611931829924,3.228962818003914,38
TM45047_Suwannee_O7,45047,385730105489998,Suwannee,State,7,520,Mixed upland hardwoods,31,6.894240142933913,1.0,0.2223948433204488,3.225806451612903,75
TM48550_Columbia_O4,48550,448940136489998,Columbia,Corporate/Other Private,4,608,Sweetbay / swamp tupelo / red maple,31,6.894240142933913,1.0,0.2223948433204488,3.225806451612903,55
TM43201_Union_O4,43201,374861518489998,Union,Corporate/Other Private,4,609,Baldcypress / pondcypress,93,20.682720428801737,3.0,0.6671845299613464,3.225806451612903,64
TM36939_Baker_O6,36939,289515962489998,Baker,Federal,6,142,Slash pine,31,6.894240142933913,1.0,0.2223948433204488,3.225806451612903,55
TM31050_Union_O3,31050,218219353020004,Union,Family Forest,3,164,Sand pine,31,6.894240142933913,1.0,0.2223948433204488,3.225806451612903,55
TM32408_Columbia_O8,32408,236497707010854,Columbia,Local,8,608,Sweetbay / swamp tupelo / red maple,1799,400.0883231334874,58.0,12.89890091258603,3.2240133407448583,49
TM48566_Union_O3,48566,448940190489998,Union,Family Forest,3,609,Baldcypress / pondcypress,715,159.0123129741209,23.0,5.115081396370321,3.2167832167832167,150
TM43152_Baker_O3,43152,374861302489998,Baker,Family Forest,3,520,Mixed upland hardwoods,311,69.16479627265957,10.0,2.223948433204488,3.215434083601286,39
TM67538_Union_O3,67538,718604885290487,Union,Family Forest,3,142,Slash pine,3273,727.8983221878289,105.0,23.35145854864712,3.2080659945004584,35
TM48607_Baker_O3,48607,448940384489998,Baker,Family Forest,3,602,Sweetgum / Nuttall oak / willow oak,156,34.69359555799001,5.0,1.111974216602244,3.2051282051282053,46
TM36897_Columbia_O3,36897,289515725489998,Columbia,Family Forest,3,406,Loblolly pine / hardwood,14193,3156.4500112471296,454.0,100.96725886748375,3.198759952089058,37
TM64454_Union_O4,64454,638334746126144,Union,Corporate/Other Private,4,142,Slash pine,534,118.75884633311966,17.0,3.780712336447629,3.183520599250936,21
TM36912_Union_O7,36912,289515793489998,Union,State,7,403,Longleaf pine / oak,63,14.010875129188273,2.0,0.4447896866408976,3.1746031746031744,36
TM13445_Hamilton_O3,13445,43855313020004,Hamilton,Family Forest,3,142,Slash pine,505,112.30939587682663,16.0,3.5583174931271806,3.1683168316831685,16
TM16547_Hamilton_O3,16547,61264238010478,Hamilton,Family Forest,3,161,Loblolly pine,253,56.26589536007354,8.0,1.7791587465635903,3.1620553359683794,32
TM43237_Suwannee_O3,43237,374861690489998,Suwannee,Family Forest,3,602,Sweetgum / Nuttall oak / willow oak,253,56.26589536007354,8.0,1.7791587465635903,3.1620553359683794,60
TM48632_Baker_O4,48632,448940577489998,Baker,Corporate/Other Private,4,142,Slash pine,348,77.39340547551619,11.0,2.446343276524937,3.160919540229885,25
TM43291_Baker_O8,43291,374861937489998,Baker,Local,8,142,Slash pine,317,70.49916533258227,10.0,2.2239484332044874,3.1545741324921135,25
TM43067_Hamilton_O7,43067,374860959489998,Hamilton,State,7,409,Other pine / hardwood,286,63.604925189648355,9.0,2.001553589884039,3.1468531468531467,61
TM50155_Hamilton_O8,50155,451136792489998,Hamilton,Local,8,406,Loblolly pine / hardwood,64,14.233269972508722,2.0,0.4447896866408976,3.125,96
TM32406_Hamilton_O3,32406,236497515010854,Hamilton,Family Forest,3,608,Sweetbay / swamp tupelo / red maple,96,21.349904958763084,3.0,0.6671845299613464,3.125,14
TM48671_Suwannee_O4,48671,448941000489998,Suwannee,Corporate/Other Private,4,407,Slash pine / hardwood,32,7.116634986254361,1.0,0.2223948433204488,3.125,52
TM36864_Baker_O4,36864,289515540489998,Baker,Corporate/Other Private,4,608,Sweetbay / swamp tupelo / red maple,32,7.116634986254361,1.0,0.2223948433204488,3.125,67
TM67535_Hamilton_O4,67535,718604877290487,Hamilton,Corporate/Other Private,4,608,Sweetbay / swamp tupelo / red maple,64,14.233269972508722,2.0,0.4447896866408976,3.125,81
TM35377_Columbia_O3,35377,259178350010854,Columbia,Family Forest,3,602,Sweetgum / Nuttall oak / willow oak,64,14.233269972508722,2.0,0.4447896866408976,3.125,13
TM36821_Columbia_O6,36821,289515327489998,Columbia,Federal,6,609,Baldcypress / pondcypress,32,7.116634986254361,1.0,0.2223948433204488,3.125,37
TM67276_Hamilton_O3,67276,718562346290487,Hamilton,Family Forest,3,608,Sweetbay / swamp tupelo / red maple,292,64.93929424957105,9.0,2.001553589884039,3.0821917808219177,61
TM67537_Baker_O4,67537,718604880290487,Baker,Corporate/Other Private,4,166,Pond pine,130,28.91132963165834,4.0,0.8895793732817951,3.076923076923077,12
TM53774_Columbia_O3,53774,484311003489998,Columbia,Family Forest,3,995,Other exotic hardwoods,131,29.13372447497879,4.0,0.8895793732817951,3.053435114503817,30
TM67057_Hamilton_O3,67057,718561522290487,Hamilton,Family Forest,3,602,Sweetgum / Nuttall oak / willow oak,2070,460.357325673329,63.0,14.010875129188275,3.0434782608695654,70
TM2739_Columbia_O3,2739,20336120010478,Columbia,Family Forest,3,520,Mixed upland hardwoods,825,183.47574573937024,25.0,5.55987108301122,3.0303030303030303,75
TM64479_Union_O3,64479,638335018126144,Union,Family Forest,3,161,Loblolly pine,5348,1189.36762207776,162.0,36.0279646179127,3.0291697830964845,54
TM32408_Hamilton_O3,32408,236497707010854,Hamilton,Family Forest,3,608,Sweetbay / swamp tupelo / red maple,7646,1700.4309720281515,230.0,51.15081396370322,3.0081088150667017,49
TM48671_Hamilton_O3,48671,448941000489998,Hamilton,Family Forest,3,407,Slash pine / hardwood,133,29.578514161619687,4.0,0.8895793732817951,3.007518796992481,52
TM36912_Union_O4,36912,289515793489998,Union,Corporate/Other Private,4,403,Longleaf pine / oak,434,96.51936200107477,13.0,2.8911329631658345,2.9953917050691246,36
TM36896_Union_O3,36896,289515723489998,Union,Family Forest,3,508,Sweetgum / yellow-poplar,401,89.18033217149997,12.0,2.6687381198453854,2.9925187032418954,15
TM64226_Union_O3,64226,635664945126144,Union,Family Forest,3,142,Slash pine,235,52.26278818030547,7.0,1.5567639032431415,2.978723404255319,60
TM36962_Baker_O4,36962,289516223489998,Baker,Corporate/Other Private,4,520,Mixed upland hardwoods,235,52.26278818030547,7.0,1.5567639032431415,2.978723404255319,72
TM36828_Union_O4,36828,289515362489998,Union,Corporate/Other Private,4,403,Longleaf pine / oak,202,44.92375835073066,6.0,1.3343690599226927,2.9702970297029703,56
TM35378_Columbia_O8,35378,259178355010854,Columbia,Local,8,520,Mixed upland hardwoods,1079,239.96403594276424,32.0,7.116634986254361,2.9657089898053752,28
TM67238_Hamilton_O3,67238,718562171290487,Hamilton,Family Forest,3,602,Sweetgum / Nuttall oak / willow oak,2159,480.1504667288489,64.0,14.233269972508722,2.9643353404353867,103
TM64448_Baker_O3,64448,638334723126144,Baker,Family Forest,3,608,Sweetbay / swamp tupelo / red maple,68,15.122849345790517,2.0,0.4447896866408976,2.9411764705882355,63
TM64407_Columbia_O4,64407,638334496126144,Columbia,Corporate/Other Private,4,608,Sweetbay / swamp tupelo / red maple,68,15.122849345790517,2.0,0.4447896866408976,2.9411764705882355,7
TM35386_Union_O4,35386,259178502010854,Union,Corporate/Other Private,4,520,Mixed upland hardwoods,68,15.122849345790517,2.0,0.4447896866408976,2.9411764705882355,45
TM67375_Baker_O4,67375,718603858290487,Baker,Corporate/Other Private,4,520,Mixed upland hardwoods,34,7.561424672895258,1.0,0.2223948433204488,2.9411764705882355,103
TM48632_Hamilton_O3,48632,448940577489998,Hamilton,Family Forest,3,142,Slash pine,68,15.122849345790517,2.0,0.4447896866408976,2.9411764705882355,25
TM48592_Hamilton_O7,48592,448940348489998,Hamilton,State,7,520,Mixed upland hardwoods,34,7.561424672895258,1.0,0.2223948433204488,2.9411764705882355,75
TM67538_Columbia_O8,67538,718604885290487,Columbia,Local,8,142,Slash pine,136,30.245698691581033,4.0,0.8895793732817951,2.9411764705882355,35
TM67504_Columbia_O3,67504,718604453290487,Columbia,Family Forest,3,520,Mixed upland hardwoods,446,99.18810012092015,13.0,2.891132963165834,2.914798206278027,40
TM43291_Baker_O7,43291,374861937489998,Baker,State,7,142,Slash pine,69,15.345244189110966,2.0,0.4447896866408976,2.898550724637681,25
TM35382_Union_O4,35382,259178386010854,Union,Corporate/Other Private,4,142,Slash pine,1348,299.78824879596493,39.0,8.673398889497502,2.893175074183976,38
TM32408_Hamilton_O7,32408,236497707010854,Hamilton,State,7,608,Sweetbay / swamp tupelo / red maple,104,23.129063705326676,3.0,0.6671845299613464,2.8846153846153846,49
TM48530_Union_O4,48530,448940015489998,Union,Corporate/Other Private,4,520,Mixed upland hardwoods,139,30.91288322154238,4.0,0.8895793732817951,2.8776978417266186,33
TM13443_Baker_O4,13443,43855291020004,Baker,Corporate/Other Private,4,609,Baldcypress / pondcypress,35,7.783819516215707,1.0,0.2223948433204488,2.857142857142857,76
TM48590_Hamilton_O3,48590,448940341489998,Hamilton,Family Forest,3,520,Mixed upland hardwoods,35,7.783819516215707,1.0,0.2223948433204488,2.857142857142857,92
TM48588_Columbia_O4,48588,448940337489998,Columbia,Corporate/Other Private,4,520,Mixed upland hardwoods,210,46.70291709729425,6.0,1.3343690599226927,2.857142857142857,20
TM45047_Hamilton_O7,45047,385730105489998,Hamilton,State,7,520,Mixed upland hardwoods,35,7.783819516215707,1.0,0.2223948433204488,2.857142857142857,75
TM64329_Union_O4,64329,638333977126144,Union,Corporate/Other Private,4,520,Mixed upland hardwoods,140,31.135278064862828,4.0,0.8895793732817951,2.857142857142857,30
TM64380_Baker_O8,64380,638334324126144,Baker,Local,8,607,Baldcypress / water tupelo,35,7.783819516215707,1.0,0.2223948433204488,2.857142857142857,46
TM43046_Hamilton_O8,43046,374860898489998,Hamilton,Local,8,406,Loblolly pine / hardwood,70,15.567639032431414,2.0,0.4447896866408976,2.857142857142857,12
TM43193_Columbia_O4,43193,374861498489998,Columbia,Corporate/Other Private,4,608,Sweetbay / swamp tupelo / red maple,35,7.783819516215707,1.0,0.2223948433204488,2.857142857142857,43
TM36873_Columbia_O4,36873,289515570489998,Columbia,Corporate/Other Private,4,142,Slash pine,35,7.783819516215707,1.0,0.2223948433204488,2.857142857142857,15
TM36820_Hamilton_O4,36820,289515326489998,Hamilton,Corporate/Other Private,4,141,Longleaf pine,35,7.783819516215707,1.0,0.2223948433204488,2.857142857142857,82
TM36912_Baker_O3,36912,289515793489998,Baker,Family Forest,3,403,Longleaf pine / oak,35,7.783819516215707,1.0,0.2223948433204488,2.857142857142857,36
TM48477_Baker_O6,48477,448939744489998,Baker,Federal,6,520,Mixed upland hardwoods,140,31.135278064862828,4.0,0.8895793732817951,2.857142857142857,35
TM64479_Columbia_O8,64479,638335018126144,Columbia,Local,8,161,Loblolly pine,562,124.98590194609221,16.0,3.5583174931271806,2.8469750889679717,54
TM47617_Union_O3,47617,443867435489998,Union,Family Forest,3,406,Loblolly pine / hardwood,141,31.35767290818328,4.0,0.8895793732817951,2.8368794326241136,65
TM43294_Union_O3,43294,374861940489998,Union,Family Forest,3,406,Loblolly pine / hardwood,2399,533.5252291257567,68.0,15.122849345790517,2.83451438099208,38
TM48571_Hamilton_O8,48571,448940206489998,Hamilton,Local,8,142,Slash pine,106,23.57385339196757,3.0,0.6671845299613464,2.830188679245283,28
TM36897_Hamilton_O7,36897,289515725489998,Hamilton,State,7,406,Loblolly pine / hardwood,389,86.51159405165458,11.0,2.446343276524937,2.827763496143959,37
TM36897_Hamilton_O3,36897,289515725489998,Hamilton,Family Forest,3,406,Loblolly pine / hardwood,26260,5840.0885855949855,740.0,164.57218405713212,2.817974105102818,37
TM48572_Union_O3,48572,448940207489998,Union,Family Forest,3,608,Sweetbay / swamp tupelo / red maple,142,31.580067751503726,4.0,0.8895793732817951,2.816901408450704,102
TM48608_Columbia_O7,48608,448940387489998,Columbia,State,7,602,Sweetgum / Nuttall oak / willow oak,71,15.790033875751863,2.0,0.4447896866408976,2.816901408450704,107
TM36939_Union_O7,36939,289515962489998,Union,State,7,142,Slash pine,1954,434.55952384815697,55.0,12.231716382624684,2.8147389969293757,55
TM67534_Columbia_O6,67534,718604873290487,Columbia,Federal,6,514,Southern scrub oak,499,110.97502681690395,14.0,3.113527806486283,2.80561122244489,38
TM64165_Columbia_O3,64165,635664709126144,Columbia,Family Forest,3,607,Baldcypress / water tupelo,107,23.79624823528802,3.0,0.6671845299613464,2.803738317757009,94
TM36897_Columbia_O8,36897,289515725489998,Columbia,Local,8,406,Loblolly pine / hardwood,3676,817.5234440459698,103.0,22.906668862006228,2.8019586507072907,37
TM36911_Columbia_O6,36911,289515792489998,Columbia,Federal,6,514,Southern scrub oak,429,95.40738778447253,12.0,2.6687381198453854,2.797202797202797,50
TM35220_Union_O3,35220,259083023010854,Union,Family Forest,3,407,Slash pine / hardwood,358,79.61735390872066,10.0,2.223948433204488,2.793296089385475,30
TM48634_Hamilton_O7,48634,448940584489998,Hamilton,State,7,142,Slash pine,431,95.85217747111342,12.0,2.6687381198453854,2.7842227378190256,40
TM43046_Columbia_O3,43046,374860898489998,Columbia,Family Forest,3,406,Loblolly pine / hardwood,36,8.006214359536157,1.0,0.2223948433204488,2.7777777777777777,12
TM67535_Hamilton_O3,67535,718604877290487,Hamilton,Family Forest,3,608,Sweetbay / swamp tupelo / red maple,180,40.03107179768078,5.0,1.111974216602244,2.7777777777777777,81
TM24316_Columbia_O8,24316,176548896010854,Columbia,Local,8,607,Baldcypress / water tupelo,1262,280.6622922704064,35.0,7.783819516215708,2.77337559429477,135
TM31048_Columbia_O6,31048,218219125020004,Columbia,Federal,6,142,Slash pine,3138,697.8750183395683,87.0,19.348351368879044,2.7724665391969405,32
TM32408_Hamilton_O8,32408,236497707010854,Hamilton,Local,8,608,Sweetbay / swamp tupelo / red maple,145,32.24725228146507,4.0,0.8895793732817951,2.7586206896551726,49
TM36938_Union_O4,36938,289515961489998,Union,Corporate/Other Private,4,608,Sweetbay / swamp tupelo / red maple,109,24.241037921928918,3.0,0.6671845299613464,2.7522935779816513,35
TM35377_Hamilton_O3,35377,259178350010854,Hamilton,Family Forest,3,602,Sweetgum / Nuttall oak / willow oak,146,32.469647124785524,4.0,0.8895793732817951,2.73972602739726,13
TM24498_Hamilton_O3,24498,176860080010854,Hamilton,Family Forest,3,406,Loblolly pine / hardwood,146,32.469647124785524,4.0,0.8895793732817951,2.73972602739726,41
TM35379_Columbia_O4,35379,259178358010854,Columbia,Corporate/Other Private,4,520,Mixed upland hardwoods,805,179.02784887296127,22.0,4.892686553049874,2.732919254658385,48
TM36971_Baker_O4,36971,289516357489998,Baker,Corporate/Other Private,4,142,Slash pine,1099,244.4119328091732,30.0,6.671845299613464,2.72975432211101,80
TM48592_Hamilton_O3,48592,448940348489998,Hamilton,Family Forest,3,520,Mixed upland hardwoods,9657,2147.6670019455737,263.0,58.48984379327803,2.7234130682406543,75
TM43291_Union_O4,43291,374861937489998,Union,Corporate/Other Private,4,142,Slash pine,4737,1053.4843728089659,129.0,28.688934788337892,2.7232425585813806,25
TM31037_Suwannee_O4,31037,218218426020004,Suwannee,Corporate/Other Private,4,503,White oak / red oak / hickory,552,122.76195351288773,15.0,3.335922649806732,2.717391304347826,75
TM36965_Hamilton_O3,36965,289516230489998,Hamilton,Family Forest,3,520,Mixed upland hardwoods,2363,525.5190147662205,64.0,14.233269972508722,2.708421498095641,33
TM59293_Suwannee_O3,59293,533664906126144,Suwannee,Family Forest,3,602,Sweetgum / Nuttall oak / willow oak,37,8.228609202856605,1.0,0.2223948433204488,2.7027027027027026,60
TM35017_Union_O3,35017,259079310010854,Union,Family Forest,3,517,Elm / ash / black locust,74,16.45721840571321,2.0,0.4447896866408976,2.7027027027027026,54
TM36938_Union_O7,36938,289515961489998,Union,State,7,608,Sweetbay / swamp tupelo / red maple,37,8.228609202856605,1.0,0.2223948433204488,2.7027027027027026,35
TM48557_Union_O3,48557,448940171489998,Union,Family Forest,3,142,Slash pine,37,8.228609202856605,1.0,0.2223948433204488,2.7027027027027026,24
TM36971_Union_O3,36971,289516357489998,Union,Family Forest,3,142,Slash pine,963,214.16623411759218,26.0,5.782265926331668,2.699896157840083,80
TM36939_Columbia_O4,36939,289515962489998,Columbia,Corporate/Other Private,4,142,Slash pine,2336,519.5143539965684,63.0,14.010875129188273,2.6969178082191783,55
TM67427_Columbia_O8,67427,718604085290487,Columbia,Local,8,602,Sweetgum / Nuttall oak / willow oak,408,90.7370960747431,11.0,2.446343276524937,2.696078431372549,30
TM36961_Baker_O3,36961,289516222489998,Baker,Family Forest,3,161,Loblolly pine,112,24.908222451890264,3.0,0.6671845299613464,2.6785714285714284,36
TM36939_Columbia_O6,36939,289515962489998,Columbia,Federal,6,142,Slash pine,1048,233.06979579983033,28.0,6.227055612972565,2.6717557251908395,55
TM36964_Columbia_O8,36964,289516229489998,Columbia,Local,8,520,Mixed upland hardwoods,75,16.67961324903366,2.0,0.4447896866408976,2.6666666666666665,61
TM50183_Columbia_O3,50183,451136888489998,Columbia,Family Forest,3,608,Sweetbay / swamp tupelo / red maple,75,16.67961324903366,2.0,0.4447896866408976,2.6666666666666665,52
TM36962_Columbia_O3,36962,289516223489998,Columbia,Family Forest,3,520,Mixed upland hardwoods,23126,5143.103146628699,614.0,136.55043379875556,2.6550203234454726,72
TM48572_Suwannee_O3,48572,448940207489998,Suwannee,Family Forest,3,608,Sweetbay / swamp tupelo / red maple,113,25.130617295210712,3.0,0.6671845299613464,2.6548672566371683,102
TM67461_Hamilton_O7,67461,718604231290487,Hamilton,State,7,161,Loblolly pine,342,76.05903641559348,9.0,2.001553589884039,2.6315789473684212,23
TM48566_Columbia_O3,48566,448940190489998,Columbia,Family Forest,3,609,Baldcypress / pondcypress,76,16.90200809235411,2.0,0.4447896866408976,2.6315789473684212,150
TM67373_Union_O7,67373,718603852290487,Union,State,7,161,Loblolly pine,152,33.80401618470822,4.0,0.8895793732817951,2.6315789473684212,19
TM59428_Hamilton_O7,59428,533665395126144,Hamilton,State,7,142,Slash pine,38,8.451004046177054,1.0,0.2223948433204488,2.6315789473684212,36
TM67286_Hamilton_O3,67286,718603459290487,Hamilton,Family Forest,3,602,Sweetgum / Nuttall oak / willow oak,114,25.353012138531163,3.0,0.6671845299613464,2.6315789473684212,72
TM43288_Union_O3,43288,374861934489998,Union,Family Forest,3,161,Loblolly pine,38,8.451004046177054,1.0,0.2223948433204488,2.6315789473684212,12
TM43175_Columbia_O6,43175,374861391489998,Columbia,Federal,6,142,Slash pine,419,93.18343935126805,11.0,2.446343276524937,2.6252983293556085,84
TM43210_Union_O3,43210,374861554489998,Union,Family Forest,3,142,Slash pine,343,76.28143125891394,9.0,2.001553589884039,2.623906705539359,62
TM36966_Union_O3,36966,289516233489998,Union,Family Forest,3,142,Slash pine,1188,264.2050738646932,31.0,6.894240142933913,2.6094276094276094,14
TM36928_Baker_O3,36928,289515933489998,Baker,Family Forest,3,503,White oak / red oak / hickory,115,25.57540698185161,3.0,0.6671845299613464,2.608695652173913,108
TM48596_Columbia_O3,48596,448940355489998,Columbia,Family Forest,3,602,Sweetgum / Nuttall oak / willow oak,13123,2918.48752889425,342.0,76.05903641559348,2.6061114074525644,101
TM43151_Columbia_O6,43151,374861300489998,Columbia,Federal,6,161,Loblolly pine,1774,394.5284520504762,46.0,10.230162792740643,2.593010146561443,19
TM48429_Suwannee_O4,48429,448939593489998,Suwannee,Corporate/Other Private,4,608,Sweetbay / swamp tupelo / red maple,116,25.79780182517206,3.0,0.6671845299613464,2.586206896551724,75
TM55429_Suwannee_O4,55429,495147823126144,Suwannee,Corporate/Other Private,4,142,Slash pine,155,34.471200714669564,4.0,0.8895793732817951,2.5806451612903225,36
TM67379_Union_O3,67379,718603887290487,Union,Family Forest,3,142,Slash pine,1869,415.65596216591877,48.0,10.674952479381542,2.568218298555377,12
TM64167_Baker_O8,64167,635664717126144,Baker,Local,8,142,Slash pine,39,8.673398889497504,1.0,0.2223948433204488,2.5641025641025643,53
TM43151_Baker_O6,43151,374861300489998,Baker,Federal,6,161,Loblolly pine,39,8.673398889497504,1.0,0.2223948433204488,2.5641025641025643,19
TM36906_Union_O3,36906,289515773489998,Union,Family Forest,3,142,Slash pine,39,8.673398889497504,1.0,0.2223948433204488,2.5641025641025643,21
TM43111_Columbia_O6,43111,374861121489998,Columbia,Federal,6,142,Slash pine,78,17.346797778995008,2.0,0.4447896866408976,2.5641025641025643,51
TM67372_Hamilton_O3,67372,718603850290487,Hamilton,Family Forest,3,608,Sweetbay / swamp tupelo / red maple,666,148.11496565141888,17.0,3.780712336447629,2.5525525525525525,31
TM64221_Baker_O3,64221,635664926126144,Baker,Family Forest,3,142,Slash pine,196,43.58938929080796,5.0,1.111974216602244,2.5510204081632653,19
TM67462_Hamilton_O8,67462,718604233290487,Hamilton,Local,8,608,Sweetbay / swamp tupelo / red maple,314,69.83198080262092,8.0,1.7791587465635903,2.5477707006369426,18
TM36897_Columbia_O4,36897,289515725489998,Columbia,Corporate/Other Private,4,406,Loblolly pine / hardwood,7222,1606.1355584602811,184.0,40.92065117096258,2.5477707006369426,37
TM64479_Union_O4,64479,638335018126144,Union,Corporate/Other Private,4,161,Loblolly pine,550,122.31716382624684,14.0,3.113527806486283,2.5454545454545454,54
TM43181_Baker_O4,43181,374861410489998,Baker,Corporate/Other Private,4,608,Sweetbay / swamp tupelo / red maple,197,43.81178413412841,5.0,1.111974216602244,2.5380710659898478,70
TM43217_Baker_O3,43217,374861587489998,Baker,Family Forest,3,514,Southern scrub oak,198,44.03417897744886,5.0,1.111974216602244,2.525252525252525,67
TM48552_Columbia_O4,48552,448940142489998,Columbia,Corporate/Other Private,4,161,Loblolly pine,40,8.895793732817951,1.0,0.2223948433204488,2.5,24
TM2707_Union_O3,2707,20282429010478,Union,Family Forest,3,142,Slash pine,243,54.04194692686906,6.0,1.3343690599226927,2.4691358024691357,19
TM43239_Union_O3,43239,374861704489998,Union,Family Forest,3,142,Slash pine,4659,1036.1375750299708,115.0,25.57540698185161,2.4683408456750375,18
TM48670_Baker_O8,48670,448940999489998,Baker,Local,8,608,Sweetbay / swamp tupelo / red maple,163,36.25035946123315,4.0,0.8895793732817951,2.4539877300613497,69
TM50207_Baker_O6,50207,451136981489998,Baker,Federal,6,608,Sweetbay / swamp tupelo / red maple,367,81.6189074986047,9.0,2.001553589884039,2.4523160762942777,44
TM48556_Baker_O4,48556,448940165489998,Baker,Corporate/Other Private,4,608,Sweetbay / swamp tupelo / red maple,204,45.36854803737155,5.0,1.111974216602244,2.450980392156863,20
TM67536_Union_O3,67536,718604879290487,Union,Family Forest,3,608,Sweetbay / swamp tupelo / red maple,41,9.118188576138401,1.0,0.2223948433204488,2.4390243902439024,51
TM48445_Hamilton_O3,48445,448939642489998,Hamilton,Family Forest,3,161,Loblolly pine,370,82.28609202856605,9.0,2.001553589884039,2.4324324324324325,59
TM67161_Baker_O3,67161,718561923290487,Baker,Family Forest,3,161,Loblolly pine,371,82.5084868718865,9.0,2.001553589884039,2.4258760107816713,36
TM43294_Baker_O3,43294,374861940489998,Baker,Family Forest,3,406,Loblolly pine / hardwood,1901,422.77259715217315,46.0,10.230162792740645,2.41977906365071,38
TM43067_Columbia_O6,43067,374860959489998,Columbia,Federal,6,409,Other pine / hardwood,4197,933.3911574159235,101.0,22.46187917536533,2.4064808196330714,61
TM67541_Union_O3,67541,718604892290487,Union,Family Forest,3,141,Longleaf pine,1875,416.9903312258415,45.0,10.007767949420195,2.4,72
TM36830_Baker_O4,36830,289515366489998,Baker,Corporate/Other Private,4,520,Mixed upland hardwoods,125,27.799355415056098,3.0,0.6671845299613464,2.4,69
TM43225_Baker_O3,43225,374861608489998,Baker,Family Forest,3,520,Mixed upland hardwoods,1048,233.06979579983033,25.0,5.55987108301122,2.385496183206107,51
TM36939_Union_O4,36939,289515962489998,Union,Corporate/Other Private,4,142,Slash pine,671,149.22693986802113,16.0,3.5583174931271806,2.384500745156483,55
TM43239_Union_O4,43239,374861704489998,Union,Corporate/Other Private,4,142,Slash pine,168,37.3623336778354,4.0,0.8895793732817951,2.380952380952381,18
TM16564_Columbia_O8,16564,61354193010478,Columbia,Local,8,161,Loblolly pine,42,9.34058341945885,1.0,0.2223948433204488,2.380952380952381,24
TM59421_Columbia_O3,59421,533665369126144,Columbia,Family Forest,3,608,Sweetbay / swamp tupelo / red maple,42,9.34058341945885,1.0,0.2223948433204488,2.380952380952381,16
TM45047_Hamilton_O3,45047,385730105489998,Hamilton,Family Forest,3,520,Mixed upland hardwoods,2016,448.34800413402473,48.0,10.674952479381542,2.380952380952381,75
TM43163_Union_O4,43163,374861344489998,Union,Corporate/Other Private,4,403,Longleaf pine / oak,168,37.3623336778354,4.0,0.8895793732817951,2.380952380952381,79
TM64456_Union_O8,64456,638334749126144,Union,Local,8,142,Slash pine,42,9.34058341945885,1.0,0.2223948433204488,2.380952380952381,20
TM48477_Baker_O3,48477,448939744489998,Baker,Family Forest,3,520,Mixed upland hardwoods,2903,645.6122301592628,69.0,15.345244189110966,2.3768515328970032,35
TM24316_Hamilton_O3,24316,176548896010854,Hamilton,Family Forest,3,607,Baldcypress / water tupelo,4797,1066.8280634081927,114.0,25.353012138531163,2.3764853033145714,135
TM36897_Suwannee_O8,36897,289515725489998,Suwannee,Local,8,406,Loblolly pine / hardwood,169,37.584728521155846,4.0,0.8895793732817951,2.366863905325444,37
TM50147_Columbia_O8,50147,451136773489998,Columbia,Local,8,608,Sweetbay / swamp tupelo / red maple,634,140.99833066516453,15.0,3.335922649806732,2.365930599369085,68
TM48571_Columbia_O3,48571,448940206489998,Columbia,Family Forest,3,142,Slash pine,2581,574.0010906100783,61.0,13.566085442547376,2.3634250290585044,28
TM67535_Baker_O3,67535,718604877290487,Baker,Family Forest,3,608,Sweetbay / swamp tupelo / red maple,6319,1405.313014941916,149.0,33.13683165474687,2.3579680329166006,81
TM2718_Columbia_O8,2718,20303487010478,Columbia,Local,8,142,Slash pine,85,18.90356168223815,2.0,0.4447896866408976,2.3529411764705883,38
TM48668_Columbia_O4,48668,448940993489998,Columbia,Corporate/Other Private,4,142,Slash pine,85,18.90356168223815,2.0,0.4447896866408976,2.3529411764705883,37
TM43086_Baker_O4,43086,374861013489998,Baker,Corporate/Other Private,4,407,Slash pine / hardwood,170,37.8071233644763,4.0,0.8895793732817951,2.3529411764705883,81
TM64219_Columbia_O8,64219,635664906126144,Columbia,Local,8,608,Sweetbay / swamp tupelo / red maple,980,217.94694645403982,23.0,5.115081396370322,2.3469387755102042,70
TM2700_Union_O3,2700,20267385010478,Union,Family Forest,3,520,Mixed upland hardwoods,8152,1812.9627627482985,191.0,42.47741507420572,2.342983316977429,50
TM36934_Columbia_O8,36934,289515946489998,Columbia,Local,8,608,Sweetbay / swamp tupelo / red maple,214,47.59249647057604,5.0,1.111974216602244,2.336448598130841,36
TM64405_Hamilton_O3,64405,638334488126144,Hamilton,Family Forest,3,520,Mixed upland hardwoods,5023,1117.0892979986143,117.0,26.02019666849251,2.3292852876766874,16
TM60339_Suwannee_O3,60339,548083851126144,Suwannee,Family Forest,3,520,Mixed upland hardwoods,43,9.562978262779298,1.0,0.2223948433204488,2.3255813953488373,48
TM67338_Hamilton_O3,67338,718603673290487,Hamilton,Family Forest,3,508,Sweetgum / yellow-poplar,1120,249.08222451890262,26.0,5.782265926331668,2.3214285714285716,60
TM24316_Union_O3,24316,176548896010854,Union,Family Forest,3,607,Baldcypress / water tupelo,2682,596.4629697854436,62.0,13.788480285867825,2.3117076808351977,135
TM67372_Columbia_O3,67372,718603850290487,Columbia,Family Forest,3,608,Sweetbay / swamp tupelo / red maple,4673,1039.2511028364572,108.0,24.01864307860847,2.311149154718596,31
TM2700_Union_O4,2700,20267385010478,Union,Corporate/Other Private,4,520,Mixed upland hardwoods,1040,231.29063705326675,24.0,5.337476239690771,2.3076923076923075,50
TM43192_Columbia_O6,43192,374861495489998,Columbia,Federal,6,608,Sweetbay / swamp tupelo / red maple,130,28.911329631658344,3.0,0.6671845299613464,2.3076923076923075,55
TM43046_Hamilton_O3,43046,374860898489998,Hamilton,Family Forest,3,406,Loblolly pine / hardwood,2826,628.4878272235883,65.0,14.455664815829172,2.300070771408351,12
TM43193_Baker_O4,43193,374861498489998,Baker,Corporate/Other Private,4,608,Sweetbay / swamp tupelo / red maple,263,58.489843793278034,6.0,1.3343690599226927,2.2813688212927756,43
TM13445_Union_O3,13445,43855313020004,Union,Family Forest,3,142,Slash pine,1315,292.4492189663901,30.0,6.671845299613463,2.2813688212927756,16
TM36939_Union_O3,36939,289515962489998,Union,Family Forest,3,142,Slash pine,8593,1911.0388886526164,196.0,43.589389290807965,2.28092633538927,55
TM24512_Baker_O4,24512,176860601010854,Baker,Corporate/Other Private,4,608,Sweetbay / swamp tupelo / red maple,44,9.785373106099748,1.0,0.2223948433204488,2.272727272727273,30
TM64454_Suwannee_O3,64454,638334746126144,Suwannee,Family Forest,3,142,Slash pine,176,39.14149242439899,4.0,0.8895793732817951,2.272727272727273,21
TM48595_Union_O3,48595,448940352489998,Union,Family Forest,3,608,Sweetbay / swamp tupelo / red maple,354,78.72777453543888,8.0,1.7791587465635903,2.2598870056497176,60
TM67238_Columbia_O3,67238,718562171290487,Columbia,Family Forest,3,602,Sweetgum / Nuttall oak / willow oak,354,78.72777453543888,8.0,1.7791587465635903,2.2598870056497176,103
TM36934_Baker_O4,36934,289515946489998,Baker,Corporate/Other Private,4,608,Sweetbay / swamp tupelo / red maple,978,217.50215676739893,22.0,4.892686553049873,2.2494887525562373,36
TM24515_Hamilton_O7,24515,176860754010854,Hamilton,State,7,520,Mixed upland hardwoods,89,19.793141055519943,2.0,0.4447896866408976,2.247191011235955,26
TM48671_Suwannee_O3,48671,448941000489998,Suwannee,Family Forest,3,407,Slash pine / hardwood,89,19.793141055519943,2.0,0.4447896866408976,2.247191011235955,52
TM48588_Hamilton_O4,48588,448940337489998,Hamilton,Corporate/Other Private,4,520,Mixed upland hardwoods,1204,267.76339135782035,27.0,6.0046607696521175,2.2425249169435215,20
TM43291_Union_O7,43291,374861937489998,Union,State,7,142,Slash pine,4727,1051.2604243757614,106.0,23.57385339196757,2.2424370636767508,25
TM36971_Baker_O3,36971,289516357489998,Baker,Family Forest,3,142,Slash pine,1029,228.8442937767418,23.0,5.115081396370322,2.2351797862001943,80
TM67378_Union_O3,67378,718603881290487,Union,Family Forest,3,403,Longleaf pine / oak,179,39.80867695436034,4.0,0.8895793732817951,2.2346368715083798,66
TM35377_Columbia_O4,35377,259178350010854,Columbia,Corporate/Other Private,4,602,Sweetgum / Nuttall oak / willow oak,45,10.007767949420197,1.0,0.2223948433204488,2.2222222222222223,13
TM16608_Baker_O3,16608,61601464010478,Baker,Family Forest,3,142,Slash pine,45,10.007767949420197,1.0,0.2223948433204488,2.2222222222222223,46
TM43167_Union_O4,43167,374861365489998,Union,Corporate/Other Private,4,514,Southern scrub oak,45,10.007767949420197,1.0,0.2223948433204488,2.2222222222222223,98
TM64450_Columbia_O6,64450,638334731126144,Columbia,Federal,6,142,Slash pine,45,10.007767949420197,1.0,0.2223948433204488,2.2222222222222223,73
TM48589_Suwannee_O8,48589,448940340489998,Suwannee,Local,8,142,Slash pine,45,10.007767949420197,1.0,0.2223948433204488,2.2222222222222223,22
TM64406_Hamilton_O7,64406,638334495126144,Hamilton,State,7,142,Slash pine,226,50.261234590421424,5.0,1.111974216602244,2.2123893805309733,29
TM24316_Suwannee_O4,24316,176548896010854,Suwannee,Corporate/Other Private,4,607,Baldcypress / water tupelo,317,70.49916533258227,7.0,1.5567639032431415,2.2082018927444795,135
TM23748_Union_O3,23748,173002842010854,Union,Family Forest,3,142,Slash pine,28118,6253.298204484378,620.0,137.88480285867826,2.2049932427626433,45
TM67475_Union_O3,67475,718604294290487,Union,Family Forest,3,407,Slash pine / hardwood,545,121.20518960964459,12.0,2.6687381198453854,2.2018348623853212,51
TM67504_Suwannee_O4,67504,718604453290487,Suwannee,Corporate/Other Private,4,520,Mixed upland hardwoods,91,20.23793074216084,2.0,0.4447896866408976,2.197802197802198,40
TM59348_Suwannee_O3,59348,533665078126144,Suwannee,Family Forest,3,602,Sweetgum / Nuttall oak / willow oak,274,60.93618706980297,6.0,1.3343690599226927,2.18978102189781,86
TM64406_Baker_O3,64406,638334495126144,Baker,Family Forest,3,142,Slash pine,823,183.03095605272935,18.0,4.003107179768078,2.187120291616039,29
TM67475_Columbia_O8,67475,718604294290487,Columbia,Local,8,407,Slash pine / hardwood,549,122.09476898292638,12.0,2.6687381198453854,2.185792349726776,51
TM36897_Hamilton_O4,36897,289515725489998,Hamilton,Corporate/Other Private,4,406,Loblolly pine / hardwood,11843,2633.822129444075,258.0,57.37786957667579,2.1785020687325845,37
TM35378_Columbia_O4,35378,259178355010854,Columbia,Corporate/Other Private,4,520,Mixed upland hardwoods,2621,582.8968843428962,57.0,12.676506069265582,2.174742464708127,28
TM64453_Baker_O4,64453,638334743126144,Baker,Corporate/Other Private,4,520,Mixed upland hardwoods,46,10.230162792740645,1.0,0.2223948433204488,2.1739130434782608,8
TM48492_Columbia_O8,48492,448939790489998,Columbia,Local,8,166,Pond pine,46,10.230162792740645,1.0,0.2223948433204488,2.1739130434782608,81
TM67463_Hamilton_O3,67463,718604236290487,Hamilton,Family Forest,3,520,Mixed upland hardwoods,92,20.46032558548129,2.0,0.4447896866408976,2.1739130434782608,45
TM36965_Columbia_O8,36965,289516230489998,Columbia,Local,8,520,Mixed upland hardwoods,1347,299.5658539526445,29.0,6.449450456293015,2.1529324424647363,33
TM48530_Baker_O3,48530,448940015489998,Baker,Family Forest,3,520,Mixed upland hardwoods,279,62.04816128640521,6.0,1.3343690599226927,2.150537634408602,33
TM48596_Suwannee_O8,48596,448940355489998,Suwannee,Local,8,602,Sweetgum / Nuttall oak / willow oak,93,20.682720428801737,2.0,0.4447896866408976,2.150537634408602,101
TM64344_Columbia_O6,64344,638334110126144,Columbia,Federal,6,142,Slash pine,187,41.587835700923925,4.0,0.8895793732817951,2.1390374331550803,24
TM36941_Baker_O3,36941,289515964489998,Baker,Family Forest,3,407,Slash pine / hardwood,2995,666.0725557447441,64.0,14.233269972508722,2.1368948247078463,58
TM13275_Hamilton_O3,13275,43441517010478,Hamilton,Family Forest,3,142,Slash pine,328,72.9455086091072,7.0,1.5567639032431415,2.1341463414634148,69
TM48429_Suwannee_O3,48429,448939593489998,Suwannee,Family Forest,3,608,Sweetbay / swamp tupelo / red maple,422,93.8506238812294,9.0,2.001553589884039,2.132701421800948,75
TM13447_Baker_O7,13447,43855332020004,Baker,State,7,142,Slash pine,47,10.452557636061094,1.0,0.2223948433204488,2.127659574468085,30
TM67532_Columbia_O8,67532,718604871290487,Columbia,Local,8,407,Slash pine / hardwood,47,10.452557636061094,1.0,0.2223948433204488,2.127659574468085,7
TM48592_Columbia_O3,48592,448940348489998,Columbia,Family Forest,3,520,Mixed upland hardwoods,4717,1049.036475942557,100.0,22.239484332044878,2.1199915200339197,75
TM43181_Baker_O6,43181,374861410489998,Baker,Federal,6,608,Sweetbay / swamp tupelo / red maple,425,94.51780841119073,9.0,2.001553589884039,2.1176470588235294,70
TM67462_Hamilton_O3,67462,718604233290487,Hamilton,Family Forest,3,608,Sweetbay / swamp tupelo / red maple,9776,2174.1319883007077,207.0,46.0357325673329,2.117430441898527,18
TM67462_Suwannee_O4,67462,718604233290487,Suwannee,Corporate/Other Private,4,608,Sweetbay / swamp tupelo / red maple,756,168.13050155025928,16.0,3.5583174931271806,2.1164021164021163,18
TM36897_Baker_O8,36897,289515725489998,Baker,Local,8,406,Loblolly pine / hardwood,568,126.3202710060149,12.0,2.6687381198453854,2.112676056338028,37
TM48525_Baker_O3,48525,448939977489998,Baker,Family Forest,3,608,Sweetbay / swamp tupelo / red maple,95,21.127510115442636,2.0,0.4447896866408976,2.1052631578947367,100
TM64192_Columbia_O6,64192,635664809126144,Columbia,Federal,6,520,Mixed upland hardwoods,95,21.127510115442636,2.0,0.4447896866408976,2.1052631578947367,14
TM67539_Columbia_O8,67539,718604888290487,Columbia,Local,8,142,Slash pine,95,21.127510115442636,2.0,0.4447896866408976,2.1052631578947367,80
TM36961_Hamilton_O3,36961,289516222489998,Hamilton,Family Forest,3,161,Loblolly pine,667,148.33736049473933,14.0,3.113527806486283,2.098950524737631,36
TM48676_Hamilton_O4,48676,448941011489998,Hamilton,Corporate/Other Private,4,141,Longleaf pine,143,31.802462594824178,3.0,0.6671845299613464,2.097902097902098,38
TM36934_Suwannee_O3,36934,289515946489998,Suwannee,Family Forest,3,608,Sweetbay / swamp tupelo / red maple,191,42.47741507420572,4.0,0.8895793732817951,2.094240837696335,36
TM67211_Columbia_O3,67211,718562060290487,Columbia,Family Forest,3,705,Sycamore / pecan / American elm,48,10.674952479381542,1.0,0.2223948433204488,2.0833333333333335,21
TM67266_Columbia_O3,67266,718562312290487,Columbia,Family Forest,3,608,Sweetbay / swamp tupelo / red maple,48,10.674952479381542,1.0,0.2223948433204488,2.0833333333333335,13
TM2743_Columbia_O3,2743,20342987010478,Columbia,Family Forest,3,142,Slash pine,48,10.674952479381542,1.0,0.2223948433204488,2.0833333333333335,96
TM67429_Columbia_O4,67429,718604087290487,Columbia,Corporate/Other Private,4,514,Southern scrub oak,48,10.674952479381542,1.0,0.2223948433204488,2.0833333333333335,33
TM67461_Hamilton_O8,67461,718604231290487,Hamilton,Local,8,161,Loblolly pine,48,10.674952479381542,1.0,0.2223948433204488,2.0833333333333335,23
TM50179_Suwannee_O3,50179,451136876489998,Suwannee,Family Forest,3,608,Sweetbay / swamp tupelo / red maple,385,85.62201467837279,8.0,1.7791587465635903,2.0779220779220777,55
TM48592_Columbia_O4,48592,448940348489998,Columbia,Corporate/Other Private,4,520,Mixed upland hardwoods,578,128.5442194392194,12.0,2.6687381198453854,2.0761245674740483,75
TM35377_Union_O3,35377,259178350010854,Union,Family Forest,3,602,Sweetgum / Nuttall oak / willow oak,290,64.49450456293015,6.0,1.3343690599226927,2.0689655172413794,13
TM48571_Hamilton_O7,48571,448940206489998,Hamilton,State,7,142,Slash pine,194,43.14459960416707,4.0,0.8895793732817951,2.0618556701030926,28
TM48595_Suwannee_O4,48595,448940352489998,Suwannee,Corporate/Other Private,4,608,Sweetbay / swamp tupelo / red maple,243,54.04194692686905,5.0,1.111974216602244,2.05761316872428,60
TM67532_Union_O3,67532,718604871290487,Union,Family Forest,3,407,Slash pine / hardwood,341,75.83664157227304,7.0,1.5567639032431415,2.0527859237536656,7
TM36965_Union_O4,36965,289516230489998,Union,Corporate/Other Private,4,520,Mixed upland hardwoods,98,21.794694645403982,2.0,0.4447896866408976,2.0408163265306123,33
TM24512_Columbia_O3,24512,176860601010854,Columbia,Family Forest,3,608,Sweetbay / swamp tupelo / red maple,49,10.897347322701991,1.0,0.2223948433204488,2.0408163265306123,30
TM64298_Columbia_O4,64298,638333866126144,Columbia,Corporate/Other Private,4,142,Slash pine,49,10.897347322701991,1.0,0.2223948433204488,2.0408163265306123,4
TM48594_Hamilton_O3,48594,448940350489998,Hamilton,Family Forest,3,520,Mixed upland hardwoods,2111,469.47551424946744,43.0,9.562978262779298,2.036949313121743,41
TM64456_Union_O3,64456,638334749126144,Union,Family Forest,3,142,Slash pine,1033,229.73387315002358,21.0,4.670291709729424,2.032913843175218,20
TM64456_Union_O7,64456,638334749126144,Union,State,7,142,Slash pine,148,32.91443681142642,3.0,0.6671845299613464,2.027027027027027,20
TM31039_Union_O3,31039,218218532020004,Union,Family Forest,3,161,Loblolly pine,643,142.99988425504856,13.0,2.891132963165834,2.021772939346812,23
TM47617_Columbia_O3,47617,443867435489998,Columbia,Family Forest,3,406,Loblolly pine / hardwood,594,132.10253693234657,12.0,2.6687381198453854,2.0202020202020203,65
TM43326_Baker_O4,43326,374862340489998,Baker,Corporate/Other Private,4,608,Sweetbay / swamp tupelo / red maple,1986,441.6761588344113,40.0,8.895793732817951,2.014098690835851,45
TM67503_Union_O3,67503,718604452290487,Union,Family Forest,3,608,Sweetbay / swamp tupelo / red maple,698,155.23160063767324,14.0,3.113527806486283,2.005730659025788,86
TM67513_Union_O3,67513,718604487290487,Union,Family Forest,3,142,Slash pine,1098,244.1895379658528,22.0,4.892686553049874,2.0036429872495445,8
TM43151_Union_O3,43151,374861300489998,Union,Family Forest,3,161,Loblolly pine,50970,11335.465164043275,1021.0,227.06513503017823,2.003139101432215,19
TM43187_Hamilton_O3,43187,374861459489998,Hamilton,Family Forest,3,406,Loblolly pine / hardwood,2799,622.4831664539362,56.0,12.454111225945132,2.000714540907467,63
TM59875_Hamilton_O3,59875,545869488126144,Hamilton,Family Forest,3,517,Elm / ash / black locust,50,11.11974216602244,1.0,0.2223948433204488,2.0,15
TM67538_Union_O4,67538,718604885290487,Union,Corporate/Other Private,4,142,Slash pine,150,33.359226498067315,3.0,0.6671845299613464,2.0,35
TM50183_Hamilton_O3,50183,451136888489998,Hamilton,Family Forest,3,608,Sweetbay / swamp tupelo / red maple,50,11.11974216602244,1.0,0.2223948433204488,2.0,52
TM36962_Suwannee_O4,36962,289516223489998,Suwannee,Corporate/Other Private,4,520,Mixed upland hardwoods,7031,1563.6581433860754,140.0,31.13527806486283,1.9911819086900868,72
TM43315_Columbia_O4,43315,374862210489998,Columbia,Corporate/Other Private,4,407,Slash pine / hardwood,352,78.28298484879797,7.0,1.5567639032431415,1.9886363636363635,41
TM50161_Suwannee_O4,50161,451136803489998,Suwannee,Corporate/Other Private,4,608,Sweetbay / swamp tupelo / red maple,151,33.581621341387766,3.0,0.6671845299613464,1.9867549668874172,46
TM43151_Columbia_O4,43151,374861300489998,Columbia,Corporate/Other Private,4,161,Loblolly pine,1527,339.5969257503253,30.0,6.671845299613463,1.9646365422396856,19
TM64407_Hamilton_O3,64407,638334496126144,Hamilton,Family Forest,3,608,Sweetbay / swamp tupelo / red maple,7994,1777.8243775036676,157.0,34.91599040131046,1.9639729797348011,7
TM36964_Hamilton_O3,36964,289516229489998,Hamilton,Family Forest,3,520,Mixed upland hardwoods,153,34.02641102802866,3.0,0.6671845299613464,1.9607843137254901,61
TM67538_Hamilton_O3,67538,718604885290487,Hamilton,Family Forest,3,142,Slash pine,102,22.684274018685777,2.0,0.4447896866408976,1.9607843137254901,35
TM36961_Columbia_O4,36961,289516222489998,Columbia,Corporate/Other Private,4,161,Loblolly pine,562,124.98590194609223,11.0,2.446343276524937,1.9572953736654803,36
TM36934_Baker_O3,36934,289515946489998,Baker,Family Forest,3,608,Sweetbay / swamp tupelo / red maple,617,137.2176183287169,12.0,2.6687381198453854,1.9448946515397083,36
TM67324_Hamilton_O4,67324,718603599290487,Hamilton,Corporate/Other Private,4,520,Mixed upland hardwoods,464,103.19120730068823,9.0,2.001553589884039,1.9396551724137931,47
TM24316_Columbia_O3,24316,176548896010854,Columbia,Family Forest,3,607,Baldcypress / water tupelo,4331,963.1920664208636,84.0,18.681166838917697,1.9395058877857307,135
TM21183_Union_O3,21183,134677819010854,Union,Family Forest,3,142,Slash pine,517,114.97813399667201,10.0,2.223948433204488,1.9342359767891684,15
TM48445_Columbia_O6,48445,448939642489998,Columbia,Federal,6,161,Loblolly pine,20136,4478.142565100557,388.0,86.28919920833413,1.926897099721891,59
TM64419_Union_O3,64419,638334555126144,Union,Family Forest,3,161,Loblolly pine,312,69.38719111598002,6.0,1.3343690599226927,1.9230769230769231,32
TM16582_Baker_O3,16582,61420940010478,Baker,Family Forest,3,407,Slash pine / hardwood,52,11.564531852663338,1.0,0.2223948433204488,1.9230769230769231,103
TM48592_Hamilton_O8,48592,448940348489998,Hamilton,Local,8,520,Mixed upland hardwoods,156,34.69359555799001,3.0,0.6671845299613464,1.9230769230769231,75
TM24486_Baker_O4,24486,176859705010854,Baker,Corporate/Other Private,4,142,Slash pine,312,69.38719111598002,6.0,1.3343690599226927,1.9230769230769231,34
TM43151_Suwannee_O4,43151,374861300489998,Suwannee,Corporate/Other Private,4,161,Loblolly pine,1197,266.2066274545772,23.0,5.115081396370321,1.921470342522974,19
TM67373_Union_O3,67373,718603852290487,Union,Family Forest,3,161,Loblolly pine,3436,764.148681649062,66.0,14.67805965914962,1.9208381839348079,19
TM43291_Union_O3,43291,374861937489998,Union,Family Forest,3,142,Slash pine,11543,2567.1036764479404,220.0,48.92686553049874,1.9059170059776487,25
TM48429_Hamilton_O3,48429,448939593489998,Hamilton,Family Forest,3,608,Sweetbay / swamp tupelo / red maple,53,11.786926695983786,1.0,0.2223948433204488,1.8867924528301887,75
TM67337_Columbia_O4,67337,718603672290487,Columbia,Corporate/Other Private,4,403,Longleaf pine / oak,53,11.786926695983786,1.0,0.2223948433204488,1.8867924528301887,73
TM36962_Suwannee_O7,36962,289516223489998,Suwannee,State,7,520,Mixed upland hardwoods,159,35.360780087951355,3.0,0.6671845299613464,1.8867924528301887,72
TM18437_Columbia_O7,18437,90825681010478,Columbia,State,7,517,Elm / ash / black locust,266,59.15702832323937,5.0,1.111974216602244,1.8796992481203008,75
TM48636_Union_O3,48636,448940596489998,Union,Family Forest,3,608,Sweetbay / swamp tupelo / red maple,2344,521.2935127431319,44.0,9.785373106099746,1.8771331058020477,78
TM43315_Hamilton_O3,43315,374862210489998,Hamilton,Family Forest,3,407,Slash pine / hardwood,3106,690.7583833533139,58.0,12.89890091258603,1.8673535093367675,41
TM36932_Columbia_O8,36932,289515944489998,Columbia,Local,8,407,Slash pine / hardwood,269,59.82421285320072,5.0,1.111974216602244,1.858736059479554,67
TM36853_Hamilton_O3,36853,289515485489998,Hamilton,Family Forest,3,602,Sweetgum / Nuttall oak / willow oak,647,143.88946362833036,12.0,2.6687381198453854,1.8547140649149922,20
TM43188_Columbia_O4,43188,374861464489998,Columbia,Corporate/Other Private,4,142,Slash pine,108,24.01864307860847,2.0,0.4447896866408976,1.8518518518518519,32
TM64226_Columbia_O6,64226,635664945126144,Columbia,Federal,6,142,Slash pine,162,36.0279646179127,3.0,0.6671845299613464,1.8518518518518519,60
TM48607_Columbia_O3,48607,448940384489998,Columbia,Family Forest,3,602,Sweetgum / Nuttall oak / willow oak,650,144.55664815829172,12.0,2.6687381198453854,1.8461538461538463,46
TM35379_Columbia_O3,35379,259178358010854,Columbia,Family Forest,3,520,Mixed upland hardwoods,9115,2027.1289968658905,168.0,37.362333677835394,1.8431157432803071,48
TM59421_Baker_O6,59421,533665369126144,Baker,Federal,6,608,Sweetbay / swamp tupelo / red maple,869,193.26111884547,16.0,3.5583174931271806,1.8411967779056386,16
TM36934_Columbia_O3,36934,289515946489998,Columbia,Family Forest,3,608,Sweetbay / swamp tupelo / red maple,707,157.2331542275573,13.0,2.891132963165834,1.8387553041018387,36
TM48571_Columbia_O8,48571,448940206489998,Columbia,Local,8,142,Slash pine,1525,339.1521360636844,28.0,6.227055612972565,1.8360655737704918,28
TM64344_Baker_O3,64344,638334110126144,Baker,Family Forest,3,142,Slash pine,384,85.39961983505233,7.0,1.5567639032431415,1.8229166666666667,24
TM43315_Columbia_O3,43315,374862210489998,Columbia,Family Forest,3,407,Slash pine / hardwood,1920,426.9980991752617,35.0,7.783819516215708,1.8229166666666667,41
TM35378_Baker_O3,35378,259178355010854,Baker,Family Forest,3,520,Mixed upland hardwoods,1272,282.88624070361084,23.0,5.115081396370321,1.8081761006289307,28
TM36939_Columbia_O3,36939,289515962489998,Columbia,Family Forest,3,142,Slash pine,5091,1132.212147344405,92.0,20.460325585481286,1.807110587310941,55
TM36927_Baker_O3,36927,289515931489998,Baker,Family Forest,3,608,Sweetbay / swamp tupelo / red maple,889,197.70901571187898,16.0,3.5583174931271806,1.7997750281214848,51
TM67279_Columbia_O3,67279,718562372290487,Columbia,Family Forest,3,142,Slash pine,167,37.13993883451495,3.0,0.6671845299613464,1.7964071856287425,42
TM67372_Baker_O4,67372,718603850290487,Baker,Corporate/Other Private,4,608,Sweetbay / swamp tupelo / red maple,13821,3073.719129531923,248.0,55.1539211434713,1.7943708848853195,31
TM36941_Suwannee_O3,36941,289515964489998,Suwannee,Family Forest,3,407,Slash pine / hardwood,726,161.45865625064582,13.0,2.891132963165834,1.790633608815427,58
TM24515_Baker_O3,24515,176860754010854,Baker,Family Forest,3,520,Mixed upland hardwoods,895,199.04338477180167,16.0,3.5583174931271806,1.7877094972067038,26
TM24515_Union_O7,24515,176860754010854,Union,State,7,520,Mixed upland hardwoods,56,12.454111225945132,1.0,0.2223948433204488,1.7857142857142858,26
TM48596_Suwannee_O4,48596,448940355489998,Suwannee,Corporate/Other Private,4,602,Sweetgum / Nuttall oak / willow oak,1971,438.3402361846046,35.0,7.783819516215708,1.7757483510908167,101
TM36771_Hamilton_O4,36771,289515061489998,Hamilton,Corporate/Other Private,4,514,Southern scrub oak,789,175.46953137983408,14.0,3.113527806486283,1.7743979721166032,87
TM36965_Columbia_O4,36965,289516230489998,Columbia,Corporate/Other Private,4,520,Mixed upland hardwoods,2482,551.9840011213539,44.0,9.785373106099748,1.7727639000805802,33
TM16608_Baker_O4,16608,61601464010478,Baker,Corporate/Other Private,4,142,Slash pine,113,25.130617295210715,2.0,0.4447896866408976,1.7699115044247788,46
TM48607_Suwannee_O3,48607,448940384489998,Suwannee,Family Forest,3,602,Sweetgum / Nuttall oak / willow oak,340,75.6142467289526,6.0,1.3343690599226927,1.7647058823529411,46
TM64479_Suwannee_O4,64479,638335018126144,Suwannee,Corporate/Other Private,4,161,Loblolly pine,2040,453.6854803737155,36.0,8.006214359536157,1.7647058823529411,54
TM24515_Baker_O4,24515,176860754010854,Baker,Corporate/Other Private,4,520,Mixed upland hardwoods,170,37.8071233644763,3.0,0.6671845299613464,1.7647058823529411,26
TM67535_Suwannee_O3,67535,718604877290487,Suwannee,Family Forest,3,608,Sweetbay / swamp tupelo / red maple,340,75.6142467289526,6.0,1.3343690599226927,1.7647058823529411,81
TM67512_Union_O7,67512,718604486290487,Union,State,7,142,Slash pine,2267,504.1691098074574,40.0,8.895793732817951,1.76444640494045,20
TM64406_Hamilton_O8,64406,638334495126144,Hamilton,Local,8,142,Slash pine,57,12.676506069265582,1.0,0.2223948433204488,1.7543859649122806,29
TM21272_Baker_O3,21272,140599486010478,Baker,Family Forest,3,514,Southern scrub oak,57,12.676506069265582,1.0,0.2223948433204488,1.7543859649122806,61
TM67372_Columbia_O8,67372,718603850290487,Columbia,Local,8,608,Sweetbay / swamp tupelo / red maple,1487,330.70113201750735,26.0,5.782265926331668,1.7484868863483525,31
TM36897_Suwannee_O3,36897,289515725489998,Suwannee,Family Forest,3,406,Loblolly pine / hardwood,18687,4155.892437129227,326.0,72.5007189224663,1.7445282816931558,37
TM67523_Columbia_O3,67523,718604718290487,Columbia,Family Forest,3,141,Longleaf pine,115,25.57540698185161,2.0,0.4447896866408976,1.7391304347826086,16
TM64479_Baker_O3,64479,638335018126144,Baker,Family Forest,3,161,Loblolly pine,404,89.8475167014613,7.0,1.5567639032431415,1.7326732673267327,54
TM48562_Baker_O3,48562,448940184489998,Baker,Family Forest,3,608,Sweetbay / swamp tupelo / red maple,2022,449.68237319394746,35.0,7.783819516215708,1.7309594460929774,50
TM36823_Baker_O3,36823,289515330489998,Baker,Family Forest,3,142,Slash pine,1043,231.95782158322808,18.0,4.003107179768079,1.725790987535954,87
TM64479_Columbia_O4,64479,638335018126144,Columbia,Corporate/Other Private,4,161,Loblolly pine,2318,515.5112468168003,40.0,8.895793732817951,1.7256255392579811,54
TM2693_Suwannee_O3,2693,20250670010478,Suwannee,Family Forest,3,520,Mixed upland hardwoods,290,64.49450456293015,5.0,1.111974216602244,1.7241379310344827,40
TM2743_Baker_O4,2743,20342987010478,Baker,Corporate/Other Private,4,142,Slash pine,757,168.35289639357973,13.0,2.891132963165834,1.7173051519154559,96
TM24515_Columbia_O8,24515,176860754010854,Columbia,Local,8,520,Mixed upland hardwoods,935,207.93917850461963,16.0,3.5583174931271806,1.7112299465240641,26
TM36965_Union_O3,36965,289516230489998,Union,Family Forest,3,520,Mixed upland hardwoods,2805,623.8175355138588,48.0,10.674952479381542,1.7112299465240641,33
TM67455_Columbia_O3,67455,718604221290487,Columbia,Family Forest,3,142,Slash pine,762,169.46487061018198,13.0,2.891132963165834,1.7060367454068242,37
TM50207_Baker_O3,50207,451136981489998,Baker,Family Forest,3,608,Sweetbay / swamp tupelo / red maple,12608,2803.9541845842186,215.0,47.81489131389649,1.705266497461929,44
TM36965_Hamilton_O4,36965,289516230489998,Hamilton,Corporate/Other Private,4,520,Mixed upland hardwoods,763,169.68726545350242,13.0,2.891132963165834,1.7038007863695936,33
TM36870_Baker_O8,36870,289515560489998,Baker,Local,8,602,Sweetgum / Nuttall oak / willow oak,235,52.26278818030547,4.0,0.8895793732817951,1.702127659574468,103
TM67457_Baker_O3,67457,718604224290487,Baker,Family Forest,3,514,Southern scrub oak,59,13.121295755906479,1.0,0.2223948433204488,1.694915254237288,41
TM67235_Suwannee_O3,67235,718562165290487,Suwannee,Family Forest,3,520,Mixed upland hardwoods,59,13.121295755906479,1.0,0.2223948433204488,1.694915254237288,2
TM67513_Hamilton_O4,67513,718604487290487,Hamilton,Corporate/Other Private,4,142,Slash pine,59,13.121295755906479,1.0,0.2223948433204488,1.694915254237288,8
TM36939_Hamilton_O3,36939,289515962489998,Hamilton,Family Forest,3,142,Slash pine,1298,288.66850662994256,22.0,4.892686553049873,1.694915254237288,55
TM48572_Columbia_O4,48572,448940207489998,Columbia,Corporate/Other Private,4,608,Sweetbay / swamp tupelo / red maple,59,13.121295755906479,1.0,0.2223948433204488,1.694915254237288,102
TM36934_Columbia_O4,36934,289515946489998,Columbia,Corporate/Other Private,4,608,Sweetbay / swamp tupelo / red maple,654,145.4462275315735,11.0,2.446343276524937,1.6819571865443426,36
TM50202_Columbia_O3,50202,451136963489998,Columbia,Family Forest,3,608,Sweetbay / swamp tupelo / red maple,119,26.46498635513341,2.0,0.4447896866408976,1.680672268907563,21
TM31039_Union_O4,31039,218218532020004,Union,Corporate/Other Private,4,161,Loblolly pine,60,13.343690599226928,1.0,0.2223948433204488,1.6666666666666667,23
TM43325_Union_O3,43325,374862331489998,Union,Family Forest,3,141,Longleaf pine,60,13.343690599226928,1.0,0.2223948433204488,1.6666666666666667,85
TM48596_Suwannee_O3,48596,448940355489998,Suwannee,Family Forest,3,602,Sweetgum / Nuttall oak / willow oak,14618,3250.9678196583204,243.0,54.04194692686906,1.662334108633192,101
TM2735_Union_O3,2735,20331288010478,Union,Family Forest,3,142,Slash pine,301,66.94084783945509,5.0,1.111974216602244,1.6611295681063123,36
TM48634_Columbia_O6,48634,448940584489998,Columbia,Federal,6,142,Slash pine,16542,3678.855498206864,274.0,60.93618706980297,1.6563897956716238,40
TM43201_Union_O7,43201,374861518489998,Union,State,7,609,Baldcypress / pondcypress,121,26.909776041774304,2.0,0.4447896866408976,1.6528925619834711,64
TM43204_Columbia_O3,43204,374861532489998,Columbia,Family Forest,3,142,Slash pine,121,26.909776041774304,2.0,0.4447896866408976,1.6528925619834711,18
TM50179_Hamilton_O4,50179,451136876489998,Hamilton,Corporate/Other Private,4,608,Sweetbay / swamp tupelo / red maple,4179,929.3880502361556,69.0,15.345244189110968,1.6511127063890882,55
TM48607_Union_O3,48607,448940384489998,Union,Family Forest,3,602,Sweetgum / Nuttall oak / willow oak,425,94.51780841119073,7.0,1.5567639032431415,1.6470588235294117,46
TM48658_Baker_O3,48658,448940864489998,Baker,Family Forest,3,142,Slash pine,3827,851.1050653873575,63.0,14.010875129188275,1.6461980663705251,28
TM45047_Columbia_O4,45047,385730105489998,Columbia,Corporate/Other Private,4,520,Mixed upland hardwoods,1341,298.2314848927218,22.0,4.892686553049874,1.6405667412378822,75
TM64167_Union_O3,64167,635664717126144,Union,Family Forest,3,142,Slash pine,2805,623.8175355138588,46.0,10.230162792740645,1.6399286987522281,53
TM36792_Hamilton_O3,36792,289515140489998,Hamilton,Family Forest,3,161,Loblolly pine,122,27.132170885094755,2.0,0.4447896866408976,1.639344262295082,27
TM36853_Columbia_O3,36853,289515485489998,Columbia,Family Forest,3,602,Sweetgum / Nuttall oak / willow oak,184,40.92065117096258,3.0,0.6671845299613464,1.6304347826086956,20
TM13447_Union_O7,13447,43855332020004,Union,State,7,142,Slash pine,1417,315.1334929850759,23.0,5.115081396370321,1.6231474947071278,30
TM59213_Columbia_O3,59213,533664592126144,Columbia,Family Forest,3,407,Slash pine / hardwood,186,41.365440857603474,3.0,0.6671845299613464,1.6129032258064515,56
TM21265_Hamilton_O7,21265,140568302010478,Hamilton,State,7,514,Southern scrub oak,62,13.788480285867825,1.0,0.2223948433204488,1.6129032258064515,28
TM35375_Suwannee_O8,35375,259178255010854,Suwannee,Local,8,142,Slash pine,62,13.788480285867825,1.0,0.2223948433204488,1.6129032258064515,36
TM67279_Columbia_O6,67279,718562372290487,Columbia,Federal,6,142,Slash pine,15390,3422.656638701707,247.0,54.93152630015085,1.6049382716049383,42
TM36962_Columbia_O6,36962,289516223489998,Columbia,Federal,6,520,Mixed upland hardwoods,313,69.60958595930047,5.0,1.111974216602244,1.597444089456869,72
TM36939_Columbia_O8,36939,289515962489998,Columbia,Local,8,142,Slash pine,1566,348.2703246398228,25.0,5.5598710830112195,1.5964240102171137,55
TM48668_Hamilton_O4,48668,448940993489998,Hamilton,Corporate/Other Private,4,142,Slash pine,63,14.010875129188275,1.0,0.2223948433204488,1.5873015873015872,37
TM43225_Columbia_O4,43225,374861608489998,Columbia,Corporate/Other Private,4,520,Mixed upland hardwoods,126,28.02175025837655,2.0,0.4447896866408976,1.5873015873015872,51
TM24486_Columbia_O8,24486,176859705010854,Columbia,Local,8,142,Slash pine,1326,294.8955622429151,21.0,4.670291709729424,1.583710407239819,34
TM36937_Baker_O4,36937,289515957489998,Baker,Corporate/Other Private,4,607,Baldcypress / water tupelo,506,112.53179072014709,8.0,1.7791587465635903,1.5810276679841897,111
TM48477_Hamilton_O7,48477,448939744489998,Hamilton,State,7,520,Mixed upland hardwoods,190,42.25502023088527,3.0,0.6671845299613464,1.5789473684210527,35
TM48608_Columbia_O3,48608,448940387489998,Columbia,Family Forest,3,602,Sweetgum / Nuttall oak / willow oak,1782,396.30761079703973,28.0,6.227055612972566,1.5712682379349046,107
TM48539_Columbia_O3,48539,448940076489998,Columbia,Family Forest,3,520,Mixed upland hardwoods,382,84.95483014841143,6.0,1.3343690599226927,1.5706806282722514,63
TM67323_Columbia_O3,67323,718603597290487,Columbia,Family Forest,3,520,Mixed upland hardwoods,191,42.477415074205716,3.0,0.6671845299613464,1.5706806282722514,73
TM36823_Baker_O4,36823,289515330489998,Baker,Corporate/Other Private,4,142,Slash pine,384,85.39961983505233,6.0,1.3343690599226927,1.5625,87
TM36897_Columbia_O6,36897,289515725489998,Columbia,Federal,6,406,Loblolly pine / hardwood,3024,672.5220062010371,47.0,10.452557636061092,1.5542328042328042,37
TM2700_Baker_O4,2700,20267385010478,Baker,Corporate/Other Private,4,520,Mixed upland hardwoods,1094,243.299958592571,17.0,3.780712336447629,1.5539305301645339,50
TM67537_Columbia_O3,67537,718604880290487,Columbia,Family Forest,3,166,Pond pine,451,100.3000743375224,7.0,1.5567639032431415,1.5521064301552105,12
TM67539_Columbia_O6,67539,718604888290487,Columbia,Federal,6,142,Slash pine,2258,502.16755621757335,35.0,7.783819516215708,1.550044286979628,80
TM64483_Suwannee_O4,64483,638335132126144,Suwannee,Corporate/Other Private,4,142,Slash pine,711,158.1227336008391,11.0,2.446343276524937,1.5471167369901546,36
TM67372_Baker_O3,67372,718603850290487,Baker,Family Forest,3,608,Sweetbay / swamp tupelo / red maple,20136,4478.142565100557,311.0,69.16479627265957,1.544497417560588,31
TM36870_Baker_O4,36870,289515560489998,Baker,Corporate/Other Private,4,602,Sweetgum / Nuttall oak / willow oak,324,72.05592923582542,5.0,1.111974216602244,1.5432098765432098,103
TM13447_Union_O3,13447,43855332020004,Union,Family Forest,3,142,Slash pine,3964,881.5731589222589,61.0,13.566085442547376,1.5388496468213926,30
TM67523_Hamilton_O3,67523,718604718290487,Hamilton,Family Forest,3,141,Longleaf pine,65,14.455664815829172,1.0,0.2223948433204488,1.5384615384615385,16
TM33345_Baker_O3,33345,249673568010854,Baker,Family Forest,3,164,Sand pine,195,43.366994447487514,3.0,0.6671845299613464,1.5384615384615385,38
TM33348_Baker_O3,33348,249673677010854,Baker,Family Forest,3,520,Mixed upland hardwoods,65,14.455664815829172,1.0,0.2223948433204488,1.5384615384615385,10
TM66408_Hamilton_O4,66408,698001388126144,Hamilton,Corporate/Other Private,4,142,Slash pine,130,28.911329631658344,2.0,0.4447896866408976,1.5384615384615385,69
TM64173_Hamilton_O3,64173,635664733126144,Hamilton,Family Forest,3,602,Sweetgum / Nuttall oak / willow oak,4234,941.6197666187802,65.0,14.455664815829172,1.5351913084553614,61
TM67475_Baker_O3,67475,718604294290487,Baker,Family Forest,3,407,Slash pine / hardwood,657,146.11341206153486,10.0,2.2239484332044874,1.5220700152207,51
TM23748_Union_O4,23748,173002842010854,Union,Corporate/Other Private,4,142,Slash pine,922,205.04804554145377,14.0,3.113527806486283,1.5184381778741864,45
TM64172_Hamilton_O3,64172,635664732126144,Hamilton,Family Forest,3,409,Other pine / hardwood,132,29.356119318299243,2.0,0.4447896866408976,1.5151515151515151,53
TM43204_Columbia_O4,43204,374861532489998,Columbia,Corporate/Other Private,4,142,Slash pine,66,14.678059659149621,1.0,0.2223948433204488,1.5151515151515151,18
TM48595_Suwannee_O3,48595,448940352489998,Suwannee,Family Forest,3,608,Sweetbay / swamp tupelo / red maple,1455,323.584497031253,22.0,4.892686553049873,1.5120274914089347,60
TM64405_Suwannee_O3,64405,638334488126144,Suwannee,Family Forest,3,520,Mixed upland hardwoods,1589,353.3854060361931,24.0,5.337476239690771,1.5103838892385149,16
TM48594_Columbia_O4,48594,448940350489998,Columbia,Corporate/Other Private,4,520,Mixed upland hardwoods,133,29.57851416161969,2.0,0.4447896866408976,1.5037593984962405,41
TM67235_Hamilton_O3,67235,718562165290487,Hamilton,Family Forest,3,520,Mixed upland hardwoods,200,44.478968664089756,3.0,0.6671845299613464,1.5,2
TM35377_Union_O4,35377,259178350010854,Union,Corporate/Other Private,4,602,Sweetgum / Nuttall oak / willow oak,267,59.37942316655983,4.0,0.8895793732817951,1.4981273408239701,13
TM31045_Columbia_O6,31045,218218672020004,Columbia,Federal,6,161,Loblolly pine,1069,237.74008750955977,16.0,3.5583174931271806,1.4967259120673526,42
TM50210_Hamilton_O4,50210,451136996489998,Hamilton,Corporate/Other Private,4,161,Loblolly pine,67,14.900454502470069,1.0,0.2223948433204488,1.492537313432836,21
TM36961_Columbia_O3,36961,289516222489998,Columbia,Family Forest,3,161,Loblolly pine,1073,238.62966688284155,16.0,3.5583174931271806,1.4911463187325256,36
TM48557_Columbia_O8,48557,448940171489998,Columbia,Local,8,142,Slash pine,1210,269.097760417743,18.0,4.003107179768079,1.487603305785124,24
TM24515_Hamilton_O3,24515,176860754010854,Hamilton,Family Forest,3,520,Mixed upland hardwoods,6523,1450.6815629792875,97.0,21.572299802083535,1.4870458378046911,26
TM48571_Baker_O3,48571,448940206489998,Baker,Family Forest,3,142,Slash pine,404,89.84751670146132,6.0,1.3343690599226927,1.4851485148514851,28
TM36897_Suwannee_O4,36897,289515725489998,Suwannee,Corporate/Other Private,4,406,Loblolly pine / hardwood,2907,646.5018095325446,43.0,9.562978262779298,1.479188166494668,37
TM67538_Baker_O3,67538,718604885290487,Baker,Family Forest,3,142,Slash pine,812,180.5846127762044,12.0,2.6687381198453854,1.477832512315271,35
TM64405_Hamilton_O6,64405,638334488126144,Hamilton,Federal,6,520,Mixed upland hardwoods,68,15.122849345790518,1.0,0.2223948433204488,1.4705882352941178,16
TM64453_Columbia_O3,64453,638334743126144,Columbia,Family Forest,3,520,Mixed upland hardwoods,136,30.245698691581037,2.0,0.4447896866408976,1.4705882352941178,8
TM21269_Union_O3,21269,140582800010478,Union,Family Forest,3,142,Slash pine,68,15.122849345790518,1.0,0.2223948433204488,1.4705882352941178,24
TM64454_Columbia_O8,64454,638334746126144,Columbia,Local,8,142,Slash pine,1295,288.0013220999812,19.0,4.225502023088527,1.4671814671814671,21
TM31037_Columbia_O4,31037,218218426020004,Columbia,Corporate/Other Private,4,503,White oak / red oak / hickory,887,197.26422602523806,13.0,2.891132963165834,1.4656144306651635,75
TM50183_Columbia_O6,50183,451136888489998,Columbia,Federal,6,608,Sweetbay / swamp tupelo / red maple,6620,1472.253862781371,97.0,21.572299802083535,1.4652567975830815,52
TM64384_Columbia_O8,64384,638334343126144,Columbia,Local,8,407,Slash pine / hardwood,410,91.18188576138401,6.0,1.3343690599226927,1.4634146341463414,90
TM45047_Hamilton_O4,45047,385730105489998,Hamilton,Corporate/Other Private,4,520,Mixed upland hardwoods,547,121.6499792962855,8.0,1.7791587465635903,1.4625228519195612,75
TM64221_Baker_O4,64221,635664926126144,Baker,Corporate/Other Private,4,142,Slash pine,960,213.49904958763082,14.0,3.1135278064862826,1.4583333333333333,19
TM67541_Hamilton_O7,67541,718604892290487,Hamilton,State,7,141,Longleaf pine,275,61.15858191312342,4.0,0.8895793732817951,1.4545454545454546,72
TM64383_Baker_O4,64383,638334339126144,Baker,Corporate/Other Private,4,407,Slash pine / hardwood,3304,734.7925623307628,48.0,10.674952479381542,1.4527845036319613,21
TM64454_Union_O3,64454,638334746126144,Union,Family Forest,3,142,Slash pine,17703,3937.055911301905,257.0,57.15547473335534,1.451731344969779,21
TM43262_Baker_O4,43262,374861796489998,Baker,Corporate/Other Private,4,403,Longleaf pine / oak,69,15.345244189110966,1.0,0.2223948433204488,1.4492753623188406,93
TM48668_Baker_O3,48668,448940993489998,Baker,Family Forest,3,142,Slash pine,553,122.98434835620819,8.0,1.7791587465635903,1.4466546112115732,37
TM64219_Hamilton_O4,64219,635664906126144,Hamilton,Corporate/Other Private,4,608,Sweetbay / swamp tupelo / red maple,1729,384.52068410105596,25.0,5.55987108301122,1.4459224985540775,70
TM32408_Suwannee_O4,32408,236497707010854,Suwannee,Corporate/Other Private,4,608,Sweetbay / swamp tupelo / red maple,976,217.057367080758,14.0,3.1135278064862826,1.4344262295081966,49
TM35220_Columbia_O6,35220,259083023010854,Columbia,Federal,6,407,Slash pine / hardwood,1887,419.6590693456869,27.0,6.0046607696521175,1.4308426073131955,30
TM45047_Columbia_O6,45047,385730105489998,Columbia,Federal,6,520,Mixed upland hardwoods,350,77.83819516215708,5.0,1.111974216602244,1.4285714285714286,75
TM21259_Union_O3,21259,140564077010478,Union,Family Forest,3,608,Sweetbay / swamp tupelo / red maple,280,62.27055612972566,4.0,0.8895793732817951,1.4285714285714286,55
TM24486_Baker_O3,24486,176859705010854,Baker,Family Forest,3,142,Slash pine,350,77.83819516215708,5.0,1.111974216602244,1.4285714285714286,34
TM50107_Hamilton_O3,50107,451136641489998,Hamilton,Family Forest,3,608,Sweetbay / swamp tupelo / red maple,70,15.567639032431416,1.0,0.2223948433204488,1.4285714285714286,20
TM43212_Baker_O3,43212,374861563489998,Baker,Family Forest,3,142,Slash pine,211,46.92531194061469,3.0,0.6671845299613464,1.4218009478672986,33
TM43151_Union_O4,43151,374861300489998,Union,Corporate/Other Private,4,161,Loblolly pine,1337,297.34190551944005,19.0,4.225502023088527,1.4210919970082274,19
TM36740_Columbia_O3,36740,289514950489998,Columbia,Family Forest,3,142,Slash pine,141,31.35767290818328,2.0,0.4447896866408976,1.4184397163120568,67
TM36961_Hamilton_O4,36961,289516222489998,Hamilton,Corporate/Other Private,4,161,Loblolly pine,353,78.50537969211842,5.0,1.111974216602244,1.4164305949008498,36
TM64483_Hamilton_O3,64483,638335132126144,Hamilton,Family Forest,3,142,Slash pine,920,204.6032558548129,13.0,2.891132963165834,1.4130434782608696,36
TM36971_Columbia_O6,36971,289516357489998,Columbia,Federal,6,142,Slash pine,708,157.45554907087777,10.0,2.2239484332044874,1.4124293785310735,80
TM67538_Columbia_O3,67538,718604885290487,Columbia,Family Forest,3,142,Slash pine,496,110.30784228694259,7.0,1.5567639032431415,1.4112903225806452,35
TM48668_Baker_O4,48668,448940993489998,Baker,Corporate/Other Private,4,142,Slash pine,213,47.37010162725559,3.0,0.6671845299613464,1.408450704225352,37
TM23747_Union_O3,23747,173002836010854,Union,Family Forest,3,142,Slash pine,71,15.790033875751865,1.0,0.2223948433204488,1.408450704225352,41
TM48477_Hamilton_O3,48477,448939744489998,Hamilton,Family Forest,3,520,Mixed upland hardwoods,71,15.790033875751865,1.0,0.2223948433204488,1.408450704225352,35
TM48477_Columbia_O6,48477,448939744489998,Columbia,Federal,6,520,Mixed upland hardwoods,355,78.95016937875933,5.0,1.111974216602244,1.408450704225352,35
TM36819_Union_O3,36819,289515325489998,Union,Family Forest,3,142,Slash pine,71,15.790033875751865,1.0,0.2223948433204488,1.408450704225352,14
TM67377_Baker_O4,67377,718603878290487,Baker,Corporate/Other Private,4,142,Slash pine,71,15.790033875751865,1.0,0.2223948433204488,1.408450704225352,27
TM36896_Columbia_O3,36896,289515723489998,Columbia,Family Forest,3,508,Sweetgum / yellow-poplar,4547,1011.2293525780807,64.0,14.233269972508722,1.4075214427094789,15
TM35378_Hamilton_O3,35378,259178355010854,Hamilton,Family Forest,3,520,Mixed upland hardwoods,569,126.54266584933536,8.0,1.7791587465635903,1.40597539543058,28
TM23748_Columbia_O8,23748,173002842010854,Columbia,Local,8,142,Slash pine,2134,474.5905956458377,30.0,6.671845299613463,1.4058106841611997,45
TM43326_Baker_O3,43326,374862340489998,Baker,Family Forest,3,608,Sweetbay / swamp tupelo / red maple,8130,1808.0700761952485,113.0,25.130617295210715,1.3899138991389914,45
TM48594_Columbia_O8,48594,448940350489998,Columbia,Local,8,520,Mixed upland hardwoods,72,16.01242871907231,1.0,0.2223948433204488,1.3888888888888888,41
TM36941_Baker_O4,36941,289515964489998,Baker,Corporate/Other Private,4,407,Slash pine / hardwood,1589,353.38540603619316,22.0,4.892686553049874,1.3845185651353051,58
TM24515_Suwannee_O4,24515,176860754010854,Suwannee,Corporate/Other Private,4,520,Mixed upland hardwoods,1664,370.0650192852268,23.0,5.115081396370322,1.3822115384615385,26
TM67475_Columbia_O4,67475,718604294290487,Columbia,Corporate/Other Private,4,407,Slash pine / hardwood,2243,498.83163356776663,31.0,6.894240142933912,1.3820775746767722,51
TM64405_Baker_O8,64405,638334488126144,Baker,Local,8,520,Mixed upland hardwoods,145,32.24725228146507,2.0,0.4447896866408976,1.3793103448275863,16
TM32408_Columbia_O6,32408,236497707010854,Columbia,Federal,6,608,Sweetbay / swamp tupelo / red maple,219,48.704470687178286,3.0,0.6671845299613464,1.36986301369863,49
TM48528_Baker_O4,48528,448940007489998,Baker,Corporate/Other Private,4,520,Mixed upland hardwoods,146,32.46964712478552,2.0,0.4447896866408976,1.36986301369863,20
TM2718_Union_O3,2718,20303487010478,Union,Family Forest,3,142,Slash pine,73,16.23482356239276,1.0,0.2223948433204488,1.36986301369863,38
TM50179_Hamilton_O3,50179,451136876489998,Hamilton,Family Forest,3,608,Sweetbay / swamp tupelo / red maple,6508,1447.3456403294808,89.0,19.793141055519943,1.3675476336816226,55
TM48562_Columbia_O6,48562,448940184489998,Columbia,Federal,6,608,Sweetbay / swamp tupelo / red maple,1172,260.64675637156597,16.0,3.5583174931271806,1.3651877133105803,50
TM43326_Suwannee_O3,43326,374862340489998,Suwannee,Family Forest,3,608,Sweetbay / swamp tupelo / red maple,220,48.92686553049873,3.0,0.6671845299613464,1.3636363636363635,45
TM43225_Columbia_O8,43225,374861608489998,Columbia,Local,8,520,Mixed upland hardwoods,74,16.45721840571321,1.0,0.2223948433204488,1.3513513513513513,51
TM16549_Union_O3,16549,61280243010478,Union,Family Forest,3,501,Post oak / blackjack oak,148,32.91443681142642,2.0,0.4447896866408976,1.3513513513513513,31
TM13435_Hamilton_O8,13435,43855081020004,Hamilton,Local,8,142,Slash pine,74,16.45721840571321,1.0,0.2223948433204488,1.3513513513513513,13
TM48632_Baker_O3,48632,448940577489998,Baker,Family Forest,3,142,Slash pine,9335,2076.0558623963893,126.0,28.021750258376546,1.349758971612212,25
TM43193_Suwannee_O3,43193,374861498489998,Suwannee,Family Forest,3,608,Sweetbay / swamp tupelo / red maple,445,98.96570527759971,6.0,1.3343690599226927,1.348314606741573,43
TM36958_Columbia_O6,36958,289516188489998,Columbia,Federal,6,608,Sweetbay / swamp tupelo / red maple,149,33.136831654746864,2.0,0.4447896866408976,1.342281879194631,77
TM67512_Union_O3,67512,718604486290487,Union,Family Forest,3,142,Slash pine,5675,1262.090735843547,76.0,16.90200809235411,1.3392070484581498,20
TM43225_Baker_O4,43225,374861608489998,Baker,Corporate/Other Private,4,520,Mixed upland hardwoods,524,116.53489789991517,7.0,1.5567639032431415,1.3358778625954197,51
TM48429_Columbia_O8,48429,448939593489998,Columbia,Local,8,608,Sweetbay / swamp tupelo / red maple,150,33.359226498067315,2.0,0.4447896866408976,1.3333333333333333,75
TM36971_Columbia_O3,36971,289516357489998,Columbia,Family Forest,3,142,Slash pine,450,100.07767949420196,6.0,1.3343690599226927,1.3333333333333333,80
TM67461_Columbia_O3,67461,718604231290487,Columbia,Family Forest,3,161,Loblolly pine,10275,2285.1070151176114,137.0,30.46809353490148,1.3333333333333333,23
TM35385_Union_O4,35385,259178448010854,Union,Corporate/Other Private,4,407,Slash pine / hardwood,75,16.679613249033657,1.0,0.2223948433204488,1.3333333333333333,48
TM36939_Baker_O4,36939,289515962489998,Baker,Corporate/Other Private,4,142,Slash pine,5933,1319.4686054202227,79.0,17.569192622315455,1.3315354795213215,55
TM24515_Union_O3,24515,176860754010854,Union,Family Forest,3,520,Mixed upland hardwoods,2406,535.0819930289997,32.0,7.116634986254361,1.3300083125519535,26
TM31037_Hamilton_O3,31037,218218426020004,Hamilton,Family Forest,3,503,White oak / red oak / hickory,5343,1188.2556478611577,71.0,15.790033875751863,1.3288414748268762,75
TM48588_Columbia_O3,48588,448940337489998,Columbia,Family Forest,3,520,Mixed upland hardwoods,2201,489.49105014830775,29.0,6.4494504562930155,1.3175829168559745,20
TM67458_Baker_O3,67458,718604225290487,Baker,Family Forest,3,520,Mixed upland hardwoods,152,33.80401618470821,2.0,0.4447896866408976,1.3157894736842106,8
TM48588_Hamilton_O3,48588,448940337489998,Hamilton,Family Forest,3,520,Mixed upland hardwoods,5554,1235.1809598017726,73.0,16.234823562392762,1.314368023046453,20
TM43326_Columbia_O3,43326,374862340489998,Columbia,Family Forest,3,608,Sweetbay / swamp tupelo / red maple,1221,271.54410369426796,16.0,3.5583174931271806,1.3104013104013104,45
TM64406_Baker_O4,64406,638334495126144,Baker,Corporate/Other Private,4,142,Slash pine,1835,408.09453749302355,24.0,5.337476239690771,1.3079019073569482,29
TM23748_Columbia_O6,23748,173002842010854,Columbia,Federal,6,142,Slash pine,3292,732.1238242109174,43.0,9.562978262779298,1.3061968408262454,45
TM50179_Columbia_O3,50179,451136876489998,Columbia,Family Forest,3,608,Sweetbay / swamp tupelo / red maple,923,205.27044038477422,12.0,2.6687381198453854,1.3001083423618636,55
TM67462_Hamilton_O4,67462,718604233290487,Hamilton,Corporate/Other Private,4,608,Sweetbay / swamp tupelo / red maple,2540,564.8829020339399,33.0,7.33902982957481,1.2992125984251968,18
TM21259_Columbia_O8,21259,140564077010478,Columbia,Local,8,608,Sweetbay / swamp tupelo / red maple,231,51.37320880702367,3.0,0.6671845299613464,1.2987012987012987,55
TM48589_Columbia_O4,48589,448940340489998,Columbia,Corporate/Other Private,4,142,Slash pine,1240,275.76960571735646,16.0,3.5583174931271806,1.2903225806451613,22
TM67211_Columbia_O6,67211,718562060290487,Columbia,Federal,6,705,Sycamore / pecan / American elm,4342,965.6384096973886,56.0,12.454111225945132,1.2897282358360203,21
TM59294_Hamilton_O7,59294,533664907126144,Hamilton,State,7,142,Slash pine,233,51.81799849366457,3.0,0.6671845299613464,1.2875536480686696,21
TM36927_Columbia_O3,36927,289515931489998,Columbia,Family Forest,3,608,Sweetbay / swamp tupelo / red maple,78,17.346797778995004,1.0,0.2223948433204488,1.2820512820512822,51
TM64167_Columbia_O8,64167,635664717126144,Columbia,Local,8,142,Slash pine,625,138.99677707528048,8.0,1.7791587465635903,1.28,53
TM67228_Hamilton_O3,67228,718562147290487,Hamilton,Family Forest,3,602,Sweetgum / Nuttall oak / willow oak,157,34.91599040131046,2.0,0.4447896866408976,1.2738853503184713,111
TM67324_Hamilton_O3,67324,718603599290487,Hamilton,Family Forest,3,520,Mixed upland hardwoods,5815,1293.2260139084099,74.0,16.45721840571321,1.2725709372312983,47
TM13432_Suwannee_O3,13432,43854936020004,Suwannee,Family Forest,3,508,Sweetgum / yellow-poplar,630,140.10875129188273,8.0,1.7791587465635903,1.2698412698412698,81
TM67461_Suwannee_O4,67461,718604231290487,Suwannee,Corporate/Other Private,4,161,Loblolly pine,945,210.1631269378241,12.0,2.6687381198453854,1.2698412698412698,23
TM35378_Columbia_O3,35378,259178355010854,Columbia,Family Forest,3,520,Mixed upland hardwoods,15549,3458.017418789658,197.0,43.81178413412841,1.2669625056273714,28
TM67470_Baker_O6,67470,718604276290487,Baker,Federal,6,142,Slash pine,79,17.56919262231545,1.0,0.2223948433204488,1.2658227848101267,6
TM64406_Columbia_O3,64406,638334495126144,Columbia,Family Forest,3,142,Slash pine,10758,2392.523724441388,136.0,30.245698691581033,1.2641754973043318,29
TM36962_Suwannee_O3,36962,289516223489998,Suwannee,Family Forest,3,520,Mixed upland hardwoods,38126,8479.02579643543,481.0,106.97191963713587,1.2616062529507424,72
TM48632_Hamilton_O4,48632,448940577489998,Hamilton,Corporate/Other Private,4,142,Slash pine,159,35.360780087951355,2.0,0.4447896866408976,1.2578616352201257,25
TM31045_Suwannee_O4,31045,218218672020004,Suwannee,Corporate/Other Private,4,161,Loblolly pine,2071,460.57972051664945,26.0,5.782265926331668,1.2554321583775954,42
TM36941_Union_O3,36941,289515964489998,Union,Family Forest,3,407,Slash pine / hardwood,2630,584.8984379327803,33.0,7.339029829574811,1.2547528517110267,58
TM48588_Baker_O3,48588,448940337489998,Baker,Family Forest,3,520,Mixed upland hardwoods,240,53.37476239690771,3.0,0.6671845299613464,1.25,20
TM24503_Hamilton_O4,24503,176860221010854,Hamilton,Corporate/Other Private,4,606,Atlantic white-cedar,80,17.791587465635903,1.0,0.2223948433204488,1.25,26
TM36830_Baker_O3,36830,289515366489998,Baker,Family Forest,3,520,Mixed upland hardwoods,1123,249.74940904886398,14.0,3.113527806486283,1.2466607301869992,69
TM48571_Hamilton_O3,48571,448940206489998,Hamilton,Family Forest,3,142,Slash pine,4252,945.6228737985482,53.0,11.786926695983786,1.2464722483537158,28
TM64407_Baker_O3,64407,638334496126144,Baker,Family Forest,3,608,Sweetbay / swamp tupelo / red maple,6419,1427.5524992739608,80.0,17.791587465635903,1.2463000467362517,7
TM2700_Union_O7,2700,20267385010478,Union,State,7,520,Mixed upland hardwoods,723,160.79147172068446,9.0,2.001553589884039,1.2448132780082988,50
TM36939_Baker_O3,36939,289515962489998,Baker,Family Forest,3,142,Slash pine,12781,2842.4284924786557,159.0,35.360780087951355,1.2440341131366872,55
TM67461_Columbia_O8,67461,718604231290487,Columbia,Local,8,161,Loblolly pine,2255,501.500371687612,28.0,6.227055612972566,1.2416851441241685,23
TM64165_Hamilton_O3,64165,635664709126144,Hamilton,Family Forest,3,607,Baldcypress / water tupelo,323,71.83353439250496,4.0,0.8895793732817951,1.238390092879257,94
TM59213_Hamilton_O4,59213,533664592126144,Hamilton,Corporate/Other Private,4,407,Slash pine / hardwood,81,18.01398230895635,1.0,0.2223948433204488,1.2345679012345678,56
TM43321_Baker_O6,43321,374862323489998,Baker,Federal,6,141,Longleaf pine,324,72.0559292358254,4.0,0.8895793732817951,1.2345679012345678,55
TM68819_Columbia_O3,68819,740826397290487,Columbia,Family Forest,3,602,Sweetgum / Nuttall oak / willow oak,81,18.01398230895635,1.0,0.2223948433204488,1.2345679012345678,70
TM36941_Union_O7,36941,289515964489998,Union,State,7,407,Slash pine / hardwood,81,18.01398230895635,1.0,0.2223948433204488,1.2345679012345678,58
TM67457_Columbia_O3,67457,718604224290487,Columbia,Family Forest,3,514,Southern scrub oak,568,126.3202710060149,7.0,1.5567639032431415,1.232394366197183,41
TM43294_Baker_O4,43294,374861940489998,Baker,Corporate/Other Private,4,406,Loblolly pine / hardwood,487,108.30628869705856,6.0,1.3343690599226927,1.2320328542094456,38
TM64407_Baker_O4,64407,638334496126144,Baker,Corporate/Other Private,4,608,Sweetbay / swamp tupelo / red maple,7235,1609.0266914234471,89.0,19.793141055519943,1.2301313061506565,7
TM67338_Columbia_O3,67338,718603673290487,Columbia,Family Forest,3,508,Sweetgum / yellow-poplar,1139,253.30772654199117,14.0,3.113527806486283,1.2291483757682178,60
TM67455_Columbia_O4,67455,718604221290487,Columbia,Corporate/Other Private,4,142,Slash pine,409,90.95949091806357,5.0,1.111974216602244,1.2224938875305624,37
TM48672_Union_O3,48672,448941001489998,Union,Family Forest,3,142,Slash pine,4091,909.817304023956,50.0,11.119742166022439,1.2221950623319482,32
TM64219_Hamilton_O3,64219,635664906126144,Hamilton,Family Forest,3,608,Sweetbay / swamp tupelo / red maple,3854,857.1097261570096,47.0,10.452557636061092,1.2195121951219512,70
TM67427_Suwannee_O3,67427,718604085290487,Suwannee,Family Forest,3,602,Sweetgum / Nuttall oak / willow oak,1890,420.3262538756482,23.0,5.115081396370321,1.216931216931217,30
TM48594_Columbia_O3,48594,448940350489998,Columbia,Family Forest,3,520,Mixed upland hardwoods,1728,384.2982892577355,21.0,4.670291709729424,1.2152777777777777,41
TM35225_Hamilton_O3,35225,259083269010854,Hamilton,Family Forest,3,520,Mixed upland hardwoods,83,18.45877199559725,1.0,0.2223948433204488,1.2048192771084338,20
TM67461_Hamilton_O3,67461,718604231290487,Hamilton,Family Forest,3,161,Loblolly pine,5260,1169.7968758655607,63.0,14.010875129188275,1.1977186311787071,23
TM2700_Suwannee_O4,2700,20267385010478,Suwannee,Corporate/Other Private,4,520,Mixed upland hardwoods,84,18.681166838917697,1.0,0.2223948433204488,1.1904761904761905,50
TM48589_Hamilton_O8,48589,448940340489998,Hamilton,Local,8,142,Slash pine,84,18.681166838917697,1.0,0.2223948433204488,1.1904761904761905,22
TM13445_Baker_O3,13445,43855313020004,Baker,Family Forest,3,142,Slash pine,505,112.30939587682664,6.0,1.3343690599226927,1.188118811881188,16
TM50183_Baker_O6,50183,451136888489998,Baker,Federal,6,608,Sweetbay / swamp tupelo / red maple,1952,434.114734161516,23.0,5.115081396370322,1.1782786885245902,52
TM48571_Hamilton_O4,48571,448940206489998,Hamilton,Corporate/Other Private,4,142,Slash pine,849,188.81322197906104,10.0,2.223948433204488,1.1778563015312131,28
TM35378_Hamilton_O4,35378,259178355010854,Hamilton,Corporate/Other Private,4,520,Mixed upland hardwoods,85,18.903561682238145,1.0,0.2223948433204488,1.1764705882352942,28
TM35378_Columbia_O7,35378,259178355010854,Columbia,State,7,520,Mixed upland hardwoods,85,18.903561682238145,1.0,0.2223948433204488,1.1764705882352942,28
TM43290_Union_O3,43290,374861936489998,Union,Family Forest,3,508,Sweetgum / yellow-poplar,85,18.903561682238145,1.0,0.2223948433204488,1.1764705882352942,14
TM67462_Suwannee_O3,67462,718604233290487,Suwannee,Family Forest,3,608,Sweetbay / swamp tupelo / red maple,3757,835.5374263549261,44.0,9.785373106099748,1.1711471919084375,18
TM36932_Baker_O4,36932,289515944489998,Baker,Corporate/Other Private,4,407,Slash pine / hardwood,3164,703.6572842659,37.0,8.228609202856605,1.1694058154235145,67
TM2700_Columbia_O4,2700,20267385010478,Columbia,Corporate/Other Private,4,520,Mixed upland hardwoods,601,133.6593008355897,7.0,1.5567639032431415,1.1647254575707155,50
TM21262_Baker_O4,21262,140566167010478,Baker,Corporate/Other Private,4,142,Slash pine,86,19.125956525558596,1.0,0.2223948433204488,1.1627906976744187,84
TM50147_Hamilton_O3,50147,451136773489998,Hamilton,Family Forest,3,608,Sweetbay / swamp tupelo / red maple,16290,3622.8119976901107,189.0,42.03262538756482,1.160220994475138,68
TM36965_Suwannee_O4,36965,289516230489998,Suwannee,Corporate/Other Private,4,520,Mixed upland hardwoods,2159,480.1504667288489,25.0,5.5598710830112195,1.1579434923575729,33
TM31037_Columbia_O3,31037,218218426020004,Columbia,Family Forest,3,503,White oak / red oak / hickory,2858,635.6044622098426,33.0,7.33902982957481,1.1546536039188244,75
TM43201_Baker_O3,43201,374861518489998,Baker,Family Forest,3,609,Baldcypress / pondcypress,260,57.82265926331669,3.0,0.6671845299613464,1.1538461538461537,64
TM67453_Baker_O4,67453,718604216290487,Baker,Corporate/Other Private,4,608,Sweetbay / swamp tupelo / red maple,174,38.69670273775809,2.0,0.4447896866408976,1.1494252873563218,85
TM67378_Columbia_O4,67378,718603881290487,Columbia,Corporate/Other Private,4,403,Longleaf pine / oak,87,19.348351368879044,1.0,0.2223948433204488,1.1494252873563218,66
TM36771_Hamilton_O3,36771,289515061489998,Hamilton,Family Forest,3,514,Southern scrub oak,2966,659.623105288451,34.0,7.561424672895258,1.1463250168577208,87
TM48595_Columbia_O3,48595,448940352489998,Columbia,Family Forest,3,608,Sweetbay / swamp tupelo / red maple,960,213.49904958763085,11.0,2.4463432765249364,1.1458333333333333,60
TM31037_Suwannee_O3,31037,218218426020004,Suwannee,Family Forest,3,503,White oak / red oak / hickory,3841,854.2185931938438,44.0,9.785373106099748,1.1455350169226763,75
TM31037_Hamilton_O4,31037,218218426020004,Hamilton,Corporate/Other Private,4,503,White oak / red oak / hickory,2270,504.83629433741874,26.0,5.782265926331669,1.145374449339207,75
TM64383_Suwannee_O3,64383,638334339126144,Suwannee,Family Forest,3,407,Slash pine / hardwood,175,38.91909758107854,2.0,0.4447896866408976,1.1428571428571428,21
TM48658_Baker_O4,48658,448940864489998,Baker,Corporate/Other Private,4,142,Slash pine,1934,430.111626981748,22.0,4.892686553049874,1.1375387797311272,28
TM48671_Columbia_O8,48671,448941000489998,Columbia,Local,8,407,Slash pine / hardwood,88,19.57074621219949,1.0,0.2223948433204488,1.1363636363636365,52
TM48668_Union_O4,48668,448940993489998,Union,Corporate/Other Private,4,142,Slash pine,264,58.71223863659848,3.0,0.6671845299613464,1.1363636363636365,37
TM36794_Columbia_O6,36794,289515149489998,Columbia,Federal,6,142,Slash pine,708,157.45554907087774,8.0,1.7791587465635903,1.1299435028248588,41
TM50155_Suwannee_O3,50155,451136792489998,Suwannee,Family Forest,3,406,Loblolly pine / hardwood,1062,236.1833236063166,12.0,2.6687381198453854,1.1299435028248588,96
TM45047_Columbia_O3,45047,385730105489998,Columbia,Family Forest,3,520,Mixed upland hardwoods,7384,1642.163523078194,83.0,18.45877199559725,1.1240520043336946,75
TM48636_Union_O4,48636,448940596489998,Union,Corporate/Other Private,4,608,Sweetbay / swamp tupelo / red maple,178,39.586282111039885,2.0,0.4447896866408976,1.1235955056179776,78
TM64406_Suwannee_O4,64406,638334495126144,Suwannee,Corporate/Other Private,4,142,Slash pine,623,138.5519873886396,7.0,1.5567639032431415,1.1235955056179776,29
TM64382_Baker_O3,64382,638334334126144,Baker,Family Forest,3,161,Loblolly pine,89,19.793141055519943,1.0,0.2223948433204488,1.1235955056179776,17
TM43326_Hamilton_O3,43326,374862340489998,Hamilton,Family Forest,3,608,Sweetbay / swamp tupelo / red maple,267,59.379423166559825,3.0,0.6671845299613464,1.1235955056179776,45
TM59295_Hamilton_O4,59295,533664908126144,Hamilton,Corporate/Other Private,4,609,Baldcypress / pondcypress,1069,237.74008750955974,12.0,2.6687381198453854,1.1225444340505144,72
TM36965_Baker_O3,36965,289516230489998,Baker,Family Forest,3,520,Mixed upland hardwoods,268,59.601818009880276,3.0,0.6671845299613464,1.1194029850746268,33
TM23747_Hamilton_O4,23747,173002836010854,Hamilton,Corporate/Other Private,4,142,Slash pine,268,59.601818009880276,3.0,0.6671845299613464,1.1194029850746268,41
TM67532_Baker_O4,67532,718604871290487,Baker,Corporate/Other Private,4,407,Slash pine / hardwood,1162,258.42280793836153,13.0,2.891132963165834,1.1187607573149743,7
TM48525_Union_O7,48525,448939977489998,Union,State,7,608,Sweetbay / swamp tupelo / red maple,895,199.04338477180167,10.0,2.223948433204488,1.1173184357541899,100
TM50163_Columbia_O3,50163,451136805489998,Columbia,Family Forest,3,508,Sweetgum / yellow-poplar,179,39.80867695436033,2.0,0.4447896866408976,1.1173184357541899,10
TM67279_Baker_O6,67279,718562372290487,Baker,Federal,6,142,Slash pine,627,139.4415667619214,7.0,1.5567639032431415,1.1164274322169059,42
TM67277_Suwannee_O3,67277,718562357290487,Suwannee,Family Forest,3,141,Longleaf pine,270,60.04660769652117,3.0,0.6671845299613464,1.1111111111111112,77
TM48592_Suwannee_O8,48592,448940348489998,Suwannee,Local,8,520,Mixed upland hardwoods,180,40.03107179768078,2.0,0.4447896866408976,1.1111111111111112,75
TM64293_Union_O3,64293,638333844126144,Union,Family Forest,3,161,Loblolly pine,14316,3183.804576975545,159.0,35.360780087951355,1.1106454316848282,5
TM36847_Baker_O3,36847,289515438489998,Baker,Family Forest,3,161,Loblolly pine,452,100.52246918084286,5.0,1.111974216602244,1.1061946902654867,18
TM67475_Columbia_O7,67475,718604294290487,Columbia,State,7,407,Slash pine / hardwood,91,20.237930742160838,1.0,0.2223948433204488,1.098901098901099,51
TM60339_Baker_O4,60339,548083851126144,Baker,Corporate/Other Private,4,520,Mixed upland hardwoods,91,20.237930742160838,1.0,0.2223948433204488,1.098901098901099,48
TM36962_Suwannee_O8,36962,289516223489998,Suwannee,Local,8,520,Mixed upland hardwoods,273,60.71379222648252,3.0,0.6671845299613464,1.098901098901099,72
TM43204_Suwannee_O4,43204,374861532489998,Suwannee,Corporate/Other Private,4,142,Slash pine,274,60.93618706980297,3.0,0.6671845299613464,1.094890510948905,18
TM50183_Baker_O3,50183,451136888489998,Baker,Family Forest,3,608,Sweetbay / swamp tupelo / red maple,24824,5520.72959058682,271.0,60.26900253984162,1.0916854656783757,52
TM43202_Columbia_O4,43202,374861522489998,Columbia,Corporate/Other Private,4,602,Sweetgum / Nuttall oak / willow oak,368,81.84130234192514,4.0,0.8895793732817951,1.0869565217391304,80
TM67461_Baker_O3,67461,718604231290487,Baker,Family Forest,3,161,Loblolly pine,1576,350.4942730730273,17.0,3.780712336447629,1.0786802030456852,23
TM43151_Baker_O3,43151,374861300489998,Baker,Family Forest,3,161,Loblolly pine,31355,6973.190312312671,338.0,75.16945704231169,1.0779779939403604,19
TM36794_Baker_O6,36794,289515149489998,Baker,Federal,6,142,Slash pine,186,41.365440857603474,2.0,0.4447896866408976,1.075268817204301,41
TM36932_Columbia_O4,36932,289515944489998,Columbia,Corporate/Other Private,4,407,Slash pine / hardwood,745,165.68415827373434,8.0,1.7791587465635903,1.0738255033557047,67
TM64483_Union_O3,64483,638335132126144,Union,Family Forest,3,142,Slash pine,4100,911.81885761384,44.0,9.785373106099748,1.0731707317073171,36
TM31051_Union_O3,31051,218219354020004,Union,Family Forest,3,164,Sand pine,187,41.58783570092392,2.0,0.4447896866408976,1.0695187165775402,60
TM67475_Columbia_O6,67475,718604294290487,Columbia,Federal,6,407,Slash pine / hardwood,374,83.17567140184784,4.0,0.8895793732817951,1.0695187165775402,51
TM43291_Baker_O3,43291,374861937489998,Baker,Family Forest,3,142,Slash pine,22914,5095.9554398447635,244.0,54.2643417701895,1.0648511826830758,25
TM48598_Columbia_O4,48598,448940363489998,Columbia,Corporate/Other Private,4,602,Sweetgum / Nuttall oak / willow oak,94,20.905115272122185,1.0,0.2223948433204488,1.0638297872340425,91
TM64329_Suwannee_O3,64329,638333977126144,Suwannee,Family Forest,3,520,Mixed upland hardwoods,188,41.81023054424437,2.0,0.4447896866408976,1.0638297872340425,30
TM48589_Suwannee_O4,48589,448940340489998,Suwannee,Corporate/Other Private,4,142,Slash pine,2266,503.94671496413696,24.0,5.337476239690771,1.059135039717564,22
TM64226_Suwannee_O4,64226,635664945126144,Suwannee,Corporate/Other Private,4,142,Slash pine,945,210.1631269378241,10.0,2.223948433204488,1.0582010582010581,60
TM67373_Union_O4,67373,718603852290487,Union,Corporate/Other Private,4,161,Loblolly pine,851,189.2580116657019,9.0,2.001553589884039,1.0575793184488838,19
TM33348_Hamilton_O3,33348,249673677010854,Hamilton,Family Forest,3,520,Mixed upland hardwoods,473,105.19276089057229,5.0,1.111974216602244,1.0570824524312896,10
TM67533_Columbia_O3,67533,718604872290487,Columbia,Family Forest,3,609,Baldcypress / pondcypress,284,63.16013550300745,3.0,0.6671845299613464,1.056338028169014,55
TM67308_Columbia_O6,67308,718603540290487,Columbia,Federal,6,142,Slash pine,284,63.16013550300745,3.0,0.6671845299613464,1.056338028169014,77
TM48632_Columbia_O6,48632,448940577489998,Columbia,Federal,6,142,Slash pine,7689,1709.9939502909308,81.0,18.01398230895635,1.0534529847834568,25
TM36963_Suwannee_O3,36963,289516224489998,Suwannee,Family Forest,3,142,Slash pine,190,42.255020230885265,2.0,0.4447896866408976,1.0526315789473684,24
TM47617_Columbia_O4,47617,443867435489998,Columbia,Corporate/Other Private,4,406,Loblolly pine / hardwood,190,42.255020230885265,2.0,0.4447896866408976,1.0526315789473684,65
TM67535_Columbia_O3,67535,718604877290487,Columbia,Family Forest,3,608,Sweetbay / swamp tupelo / red maple,571,126.98745553597625,6.0,1.3343690599226927,1.0507880910683012,81
TM36823_Columbia_O3,36823,289515330489998,Columbia,Family Forest,3,142,Slash pine,286,63.604925189648355,3.0,0.6671845299613464,1.048951048951049,87
TM67475_Hamilton_O7,67475,718604294290487,Hamilton,State,7,407,Slash pine / hardwood,191,42.477415074205716,2.0,0.4447896866408976,1.0471204188481675,51
TM36932_Baker_O8,36932,289515944489998,Baker,Local,8,407,Slash pine / hardwood,96,21.349904958763084,1.0,0.2223948433204488,1.0416666666666667,67
TM31032_Baker_O3,31032,218218211020004,Baker,Family Forest,3,520,Mixed upland hardwoods,288,64.04971487628924,3.0,0.6671845299613464,1.0416666666666667,75
TM67475_Hamilton_O3,67475,718604294290487,Hamilton,Family Forest,3,407,Slash pine / hardwood,2980,662.7366330949374,31.0,6.894240142933913,1.0402684563758389,51
TM64383_Baker_O3,64383,638334339126144,Baker,Family Forest,3,407,Slash pine / hardwood,2788,620.0368231774112,29.0,6.449450456293015,1.0401721664275467,21
TM36927_Union_O3,36927,289515931489998,Union,Family Forest,3,608,Sweetbay / swamp tupelo / red maple,2415,537.0835466188838,25.0,5.55987108301122,1.0351966873706004,51
TM48528_Baker_O8,48528,448940007489998,Baker,Local,8,520,Mixed upland hardwoods,194,43.14459960416706,2.0,0.4447896866408976,1.0309278350515463,20
TM64368_Hamilton_O4,64368,638334272126144,Hamilton,Corporate/Other Private,4,608,Sweetbay / swamp tupelo / red maple,97,21.57229980208353,1.0,0.2223948433204488,1.0309278350515463,18
TM43067_Columbia_O3,43067,374860959489998,Columbia,Family Forest,3,409,Other pine / hardwood,97,21.57229980208353,1.0,0.2223948433204488,1.0309278350515463,61
TM59421_Baker_O3,59421,533665369126144,Baker,Family Forest,3,608,Sweetbay / swamp tupelo / red maple,486,108.08389385373812,5.0,1.111974216602244,1.02880658436214,16
TM64483_Suwannee_O3,64483,638335132126144,Suwannee,Family Forest,3,142,Slash pine,2238,497.7196593511644,23.0,5.115081396370322,1.0277033065236818,36
TM24486_Columbia_O6,24486,176859705010854,Columbia,Federal,6,142,Slash pine,1071,238.18487719620066,11.0,2.446343276524937,1.0270774976657329,34
TM64406_Suwannee_O3,64406,638334495126144,Suwannee,Family Forest,3,142,Slash pine,3319,738.1284849805695,34.0,7.561424672895258,1.0244049412473637,29
TM67277_Columbia_O4,67277,718562357290487,Columbia,Corporate/Other Private,4,141,Longleaf pine,391,86.95638373829547,4.0,0.8895793732817951,1.0230179028132993,77
TM64452_Baker_O3,64452,638334742126144,Baker,Family Forest,3,161,Loblolly pine,15668,3484.4824051447918,159.0,35.360780087951355,1.0148072504467704,16
TM36823_Columbia_O8,36823,289515330489998,Columbia,Local,8,142,Slash pine,99,22.01708948872443,1.0,0.2223948433204488,1.0101010101010102,87
TM48557_Hamilton_O7,48557,448940171489998,Hamilton,State,7,142,Slash pine,198,44.03417897744886,2.0,0.4447896866408976,1.0101010101010102,24
TM67372_Union_O3,67372,718603850290487,Union,Family Forest,3,608,Sweetbay / swamp tupelo / red maple,24004,5338.365819064053,242.0,53.81955208354861,1.0081653057823696,31
TM67324_Suwannee_O3,67324,718603599290487,Suwannee,Family Forest,3,520,Mixed upland hardwoods,2488,553.3183701812766,25.0,5.5598710830112195,1.004823151125402,47
TM64406_Columbia_O4,64406,638334495126144,Columbia,Corporate/Other Private,4,142,Slash pine,10278,2285.774199647573,103.0,22.906668862006224,1.0021404942595835,29
TM48588_Union_O3,48588,448940337489998,Union,Family Forest,3,520,Mixed upland hardwoods,200,44.478968664089756,2.0,0.4447896866408976,1.0,20
TM64368_Baker_O3,64368,638334272126144,Baker,Family Forest,3,608,Sweetbay / swamp tupelo / red maple,100,22.239484332044878,1.0,0.2223948433204488,1.0,18
TM67372_Columbia_O4,67372,718603850290487,Columbia,Corporate/Other Private,4,608,Sweetbay / swamp tupelo / red maple,3804,845.9899839909872,38.0,8.451004046177054,0.9989484752891693,31
TM31045_Columbia_O4,31045,218218672020004,Columbia,Corporate/Other Private,4,161,Loblolly pine,2303,512.1753241669935,23.0,5.115081396370321,0.998697351280938,42
TM67463_Columbia_O3,67463,718604236290487,Columbia,Family Forest,3,520,Mixed upland hardwoods,702,156.12118001095504,7.0,1.5567639032431415,0.9971509971509972,45
TM24316_Columbia_O4,24316,176548896010854,Columbia,Corporate/Other Private,4,607,Baldcypress / water tupelo,3017,670.965242297794,30.0,6.671845299613463,0.9943652635067949,135
TM64479_Columbia_O3,64479,638335018126144,Columbia,Family Forest,3,161,Loblolly pine,16401,3647.4978252986807,163.0,36.25035946123315,0.9938418389122614,54
TM48592_Suwannee_O4,48592,448940348489998,Suwannee,Corporate/Other Private,4,520,Mixed upland hardwoods,4937,1097.9633414730556,49.0,10.89734732270199,0.9925055701843225,75
TM48671_Baker_O3,48671,448941000489998,Baker,Family Forest,3,407,Slash pine / hardwood,101,22.461879175365326,1.0,0.2223948433204488,0.9900990099009901,52
TM67279_Baker_O4,67279,718562372290487,Baker,Corporate/Other Private,4,142,Slash pine,101,22.461879175365326,1.0,0.2223948433204488,0.9900990099009901,42
TM48672_Hamilton_O3,48672,448941001489998,Hamilton,Family Forest,3,142,Slash pine,606,134.77127505219195,6.0,1.3343690599226927,0.9900990099009901,32
TM64167_Hamilton_O3,64167,635664717126144,Hamilton,Family Forest,3,142,Slash pine,2526,561.7693742274537,25.0,5.5598710830112195,0.9897070467141726,53
TM36965_Columbia_O3,36965,289516230489998,Columbia,Family Forest,3,520,Mixed upland hardwoods,13265,2950.0675966457534,131.0,29.13372447497879,0.9875612514134942,33
TM36823_Union_O7,36823,289515330489998,Union,State,7,142,Slash pine,713,158.56752328748,7.0,1.5567639032431415,0.9817671809256662,87
TM48589_Columbia_O3,48589,448940340489998,Columbia,Family Forest,3,142,Slash pine,2343,521.0711178998115,23.0,5.115081396370321,0.9816474605207,22
TM43292_Baker_O3,43292,374861938489998,Baker,Family Forest,3,142,Slash pine,102,22.684274018685777,1.0,0.2223948433204488,0.9803921568627451,22
TM67541_Baker_O3,67541,718604892290487,Baker,Family Forest,3,141,Longleaf pine,5714,1270.7641347330443,56.0,12.454111225945132,0.9800490024501225,72
TM24515_Columbia_O4,24515,176860754010854,Columbia,Corporate/Other Private,4,520,Mixed upland hardwoods,1942,431.8907857283116,19.0,4.225502023088527,0.9783728115345005,26
TM36962_Hamilton_O7,36962,289516223489998,Hamilton,State,7,520,Mixed upland hardwoods,307,68.27521689937778,3.0,0.6671845299613464,0.9771986970684039,72
TM67378_Baker_O3,67378,718603881290487,Baker,Family Forest,3,403,Longleaf pine / oak,820,182.363771522768,8.0,1.7791587465635903,0.975609756097561,66
TM67538_Baker_O4,67538,718604885290487,Baker,Corporate/Other Private,4,142,Slash pine,311,69.16479627265957,3.0,0.6671845299613464,0.9646302250803859,35
TM24515_Columbia_O3,24515,176860754010854,Columbia,Family Forest,3,520,Mixed upland hardwoods,6846,1522.5150973717923,66.0,14.678059659149621,0.9640666082383874,26
TM48672_Columbia_O8,48672,448941001489998,Columbia,Local,8,142,Slash pine,934,207.71678366129916,9.0,2.001553589884039,0.9635974304068522,32
TM36941_Columbia_O8,36941,289515964489998,Columbia,Local,8,407,Slash pine / hardwood,313,69.60958595930047,3.0,0.6671845299613464,0.9584664536741214,58
TM13445_Baker_O4,13445,43855313020004,Baker,Corporate/Other Private,4,142,Slash pine,522,116.09010821327428,5.0,1.111974216602244,0.9578544061302682,16
TM36819_Hamilton_O3,36819,289515325489998,Hamilton,Family Forest,3,142,Slash pine,105,23.35145854864712,1.0,0.2223948433204488,0.9523809523809523,14
TM24486_Union_O3,24486,176859705010854,Union,Family Forest,3,142,Slash pine,1368,304.23614566237393,13.0,2.891132963165834,0.9502923976608187,34
TM48672_Suwannee_O3,48672,448941001489998,Suwannee,Family Forest,3,142,Slash pine,1369,304.4585405056944,13.0,2.891132963165834,0.9495982468955442,32
TM48445_Baker_O3,48445,448939642489998,Baker,Family Forest,3,161,Loblolly pine,16014,3561.4310209336672,152.0,33.80401618470822,0.9491694767078807,59
TM48658_Columbia_O8,48658,448940864489998,Columbia,Local,8,142,Slash pine,1475,328.03239389766196,14.0,3.113527806486283,0.9491525423728814,28
TM43237_Hamilton_O3,43237,374861690489998,Hamilton,Family Forest,3,602,Sweetgum / Nuttall oak / willow oak,1687,375.1801006815971,16.0,3.5583174931271806,0.948429164196799,60
TM48670_Union_O4,48670,448940999489998,Union,Corporate/Other Private,4,608,Sweetbay / swamp tupelo / red maple,633,140.7759358218441,6.0,1.3343690599226927,0.9478672985781991,69
TM13447_Baker_O4,13447,43855332020004,Baker,Corporate/Other Private,4,142,Slash pine,1373,305.3481198789762,13.0,2.891132963165834,0.9468317552804079,30
TM67502_Hamilton_O3,67502,718604451290487,Hamilton,Family Forest,3,520,Mixed upland hardwoods,1164,258.8675976250024,11.0,2.446343276524937,0.9450171821305842,32
TM43181_Baker_O3,43181,374861410489998,Baker,Family Forest,3,608,Sweetbay / swamp tupelo / red maple,19167,4262.641961923042,181.0,40.25346664100123,0.9443314029321229,70
TM43152_Baker_O4,43152,374861302489998,Baker,Corporate/Other Private,4,520,Mixed upland hardwoods,106,23.57385339196757,1.0,0.2223948433204488,0.9433962264150944,39
TM67453_Hamilton_O4,67453,718604216290487,Hamilton,Corporate/Other Private,4,608,Sweetbay / swamp tupelo / red maple,106,23.57385339196757,1.0,0.2223948433204488,0.9433962264150944,85
TM36821_Hamilton_O4,36821,289515327489998,Hamilton,Corporate/Other Private,4,609,Baldcypress / pondcypress,107,23.79624823528802,1.0,0.2223948433204488,0.9345794392523364,37
TM36818_Hamilton_O3,36818,289515324489998,Hamilton,Family Forest,3,608,Sweetbay / swamp tupelo / red maple,1822,405.20340452985766,17.0,3.780712336447629,0.9330406147091108,37
TM67461_Columbia_O4,67461,718604231290487,Columbia,Corporate/Other Private,4,161,Loblolly pine,7873,1750.9146014618932,73.0,16.234823562392762,0.9272196113298615,23
TM64457_Columbia_O3,64457,638334752126144,Columbia,Family Forest,3,608,Sweetbay / swamp tupelo / red maple,108,24.018643078608466,1.0,0.2223948433204488,0.9259259259259259,5
TM23749_Hamilton_O4,23749,173002845010854,Hamilton,Corporate/Other Private,4,141,Longleaf pine,217,48.259681000537384,2.0,0.4447896866408976,0.9216589861751152,114
TM48670_Union_O3,48670,448940999489998,Union,Family Forest,3,608,Sweetbay / swamp tupelo / red maple,5871,1305.6801251343547,54.0,12.009321539304235,0.9197751660705161,69
TM48658_Columbia_O6,48658,448940864489998,Columbia,Federal,6,142,Slash pine,4139,920.4922565033376,38.0,8.451004046177054,0.9180961584923895,28
TM31044_Hamilton_O4,31044,218218630020004,Hamilton,Corporate/Other Private,4,407,Slash pine / hardwood,218,48.482075843857835,2.0,0.4447896866408976,0.9174311926605505,11
TM36821_Columbia_O4,36821,289515327489998,Columbia,Corporate/Other Private,4,609,Baldcypress / pondcypress,109,24.241037921928918,1.0,0.2223948433204488,0.9174311926605505,37
TM67372_Baker_O8,67372,718603850290487,Baker,Local,8,608,Sweetbay / swamp tupelo / red maple,219,48.70447068717828,2.0,0.4447896866408976,0.91324200913242,31
TM48658_Columbia_O3,48658,448940864489998,Columbia,Family Forest,3,142,Slash pine,17435,3877.4540932920245,159.0,35.360780087951355,0.911958703756811,28
TM43326_Columbia_O4,43326,374862340489998,Columbia,Corporate/Other Private,4,608,Sweetbay / swamp tupelo / red maple,879,195.48506727867448,8.0,1.7791587465635903,0.9101251422070534,45
TM33345_Baker_O4,33345,249673568010854,Baker,Corporate/Other Private,4,164,Sand pine,110,24.463432765249365,1.0,0.2223948433204488,0.9090909090909091,38
TM36929_Columbia_O6,36929,289515934489998,Columbia,Federal,6,520,Mixed upland hardwoods,222,49.371655217139626,2.0,0.4447896866408976,0.9009009009009009,14
TM48636_Columbia_O4,48636,448940596489998,Columbia,Corporate/Other Private,4,608,Sweetbay / swamp tupelo / red maple,223,49.59405006046008,2.0,0.4447896866408976,0.8968609865470852,78
TM36961_Union_O3,36961,289516222489998,Union,Family Forest,3,161,Loblolly pine,224,49.81644490378053,2.0,0.4447896866408976,0.8928571428571429,36
TM67337_Columbia_O3,67337,718603672290487,Columbia,Family Forest,3,403,Longleaf pine / oak,112,24.908222451890264,1.0,0.2223948433204488,0.8928571428571429,73
TM43152_Baker_O8,43152,374861302489998,Baker,Local,8,520,Mixed upland hardwoods,112,24.908222451890264,1.0,0.2223948433204488,0.8928571428571429,39
TM67475_Baker_O4,67475,718604294290487,Baker,Corporate/Other Private,4,407,Slash pine / hardwood,113,25.130617295210712,1.0,0.2223948433204488,0.8849557522123894,51
TM36934_Hamilton_O3,36934,289515946489998,Hamilton,Family Forest,3,608,Sweetbay / swamp tupelo / red maple,340,75.6142467289526,3.0,0.6671845299613464,0.8823529411764706,36
TM48671_Columbia_O4,48671,448941000489998,Columbia,Corporate/Other Private,4,407,Slash pine / hardwood,227,50.483629433741875,2.0,0.4447896866408976,0.8810572687224669,52
TM48552_Columbia_O3,48552,448940142489998,Columbia,Family Forest,3,161,Loblolly pine,342,76.05903641559348,3.0,0.6671845299613464,0.8771929824561403,24
TM43326_Columbia_O8,43326,374862340489998,Columbia,Local,8,608,Sweetbay / swamp tupelo / red maple,685,152.3404676745074,6.0,1.3343690599226927,0.8759124087591241,45
TM64226_Columbia_O8,64226,635664945126144,Columbia,Local,8,142,Slash pine,229,50.92841912038277,2.0,0.4447896866408976,0.8733624454148472,60
TM53774_Union_O3,53774,484311003489998,Union,Family Forest,3,995,Other exotic hardwoods,115,25.57540698185161,1.0,0.2223948433204488,0.8695652173913043,30
TM48594_Hamilton_O4,48594,448940350489998,Hamilton,Corporate/Other Private,4,520,Mixed upland hardwoods,115,25.57540698185161,1.0,0.2223948433204488,0.8695652173913043,41
TM64226_Columbia_O3,64226,635664945126144,Columbia,Family Forest,3,142,Slash pine,6141,1365.726732830876,53.0,11.786926695983787,0.8630516202572871,60
TM43225_Columbia_O3,43225,374861608489998,Columbia,Family Forest,3,520,Mixed upland hardwoods,698,155.23160063767327,6.0,1.3343690599226927,0.8595988538681948,51
TM64214_Hamilton_O3,64214,635664891126144,Hamilton,Family Forest,3,407,Slash pine / hardwood,349,77.61580031883663,3.0,0.6671845299613464,0.8595988538681948,55
TM48557_Columbia_O4,48557,448940171489998,Columbia,Corporate/Other Private,4,142,Slash pine,1636,363.8379636722542,14.0,3.113527806486283,0.8557457212713936,24
TM48658_Columbia_O4,48658,448940864489998,Columbia,Corporate/Other Private,4,142,Slash pine,4559,1013.898090697926,39.0,8.673398889497502,0.8554507567449002,28
TM21265_Columbia_O8,21265,140568302010478,Columbia,Local,8,514,Southern scrub oak,234,52.04039333698501,2.0,0.4447896866408976,0.8547008547008547,28
TM43151_Columbia_O3,43151,374861300489998,Columbia,Family Forest,3,161,Loblolly pine,5156,1146.667812160234,44.0,9.785373106099746,0.8533747090768037,19
TM48592_Suwannee_O3,48592,448940348489998,Suwannee,Family Forest,3,520,Mixed upland hardwoods,27543,6125.421169575121,234.0,52.04039333698501,0.8495806557019933,75
TM64165_Columbia_O4,64165,635664709126144,Columbia,Corporate/Other Private,4,607,Baldcypress / water tupelo,118,26.242591511812957,1.0,0.2223948433204488,0.847457627118644,94
TM64329_Columbia_O3,64329,638333977126144,Columbia,Family Forest,3,520,Mixed upland hardwoods,590,131.2129575590648,5.0,1.111974216602244,0.847457627118644,30
TM48550_Suwannee_O3,48550,448940136489998,Suwannee,Family Forest,3,608,Sweetbay / swamp tupelo / red maple,118,26.242591511812957,1.0,0.2223948433204488,0.847457627118644,55
TM36971_Columbia_O8,36971,289516357489998,Columbia,Local,8,142,Slash pine,118,26.242591511812957,1.0,0.2223948433204488,0.847457627118644,80
TM43202_Columbia_O3,43202,374861522489998,Columbia,Family Forest,3,602,Sweetgum / Nuttall oak / willow oak,944,209.94073209450366,8.0,1.7791587465635903,0.847457627118644,80
TM16547_Columbia_O6,16547,61264238010478,Columbia,Federal,6,161,Loblolly pine,948,210.83031146778544,8.0,1.7791587465635903,0.8438818565400844,32
TM64165_Hamilton_O4,64165,635664709126144,Hamilton,Corporate/Other Private,4,607,Baldcypress / water tupelo,120,26.687381198453853,1.0,0.2223948433204488,0.8333333333333334,94
TM43292_Union_O3,43292,374861938489998,Union,Family Forest,3,142,Slash pine,120,26.687381198453853,1.0,0.2223948433204488,0.8333333333333334,22
TM45047_Suwannee_O3,45047,385730105489998,Suwannee,Family Forest,3,520,Mixed upland hardwoods,7694,1711.1059245075328,64.0,14.233269972508722,0.8318170002599428,75
TM59213_Columbia_O8,59213,533664592126144,Columbia,Local,8,407,Slash pine / hardwood,842,187.25645807581787,7.0,1.5567639032431415,0.831353919239905,56
TM67014_Baker_O3,67014,718561374290487,Baker,Family Forest,3,161,Loblolly pine,362,80.50693328200246,3.0,0.6671845299613464,0.8287292817679558,29
TM64167_Baker_O3,64167,635664717126144,Baker,Family Forest,3,142,Slash pine,3630,807.2932812532291,30.0,6.671845299613464,0.8264462809917356,53
TM36818_Suwannee_O4,36818,289515324489998,Suwannee,Corporate/Other Private,4,608,Sweetbay / swamp tupelo / red maple,121,26.909776041774304,1.0,0.2223948433204488,0.8264462809917356,37
TM18437_Columbia_O3,18437,90825681010478,Columbia,Family Forest,3,517,Elm / ash / black locust,2423,538.8627053654475,20.0,4.447896866408976,0.8254230293025175,75
TM67378_Baker_O4,67378,718603881290487,Baker,Corporate/Other Private,4,403,Longleaf pine / oak,364,80.95172296864335,3.0,0.6671845299613464,0.8241758241758241,66
TM50183_Baker_O4,50183,451136888489998,Baker,Corporate/Other Private,4,608,Sweetbay / swamp tupelo / red maple,364,80.95172296864335,3.0,0.6671845299613464,0.8241758241758241,52
TM43067_Baker_O3,43067,374860959489998,Baker,Family Forest,3,409,Other pine / hardwood,243,54.04194692686905,2.0,0.4447896866408976,0.823045267489712,61
TM64167_Hamilton_O4,64167,635664717126144,Hamilton,Corporate/Other Private,4,142,Slash pine,3286,730.7894551509947,27.0,6.0046607696521175,0.8216676810712112,53
TM67475_Columbia_O3,67475,718604294290487,Columbia,Family Forest,3,407,Slash pine / hardwood,12701,2824.63690501302,104.0,23.129063705326672,0.8188331627430911,51
TM43287_Baker_O3,43287,374861932489998,Baker,Family Forest,3,142,Slash pine,855,190.1475910389837,7.0,1.5567639032431415,0.8187134502923976,53
TM64407_Columbia_O3,64407,638334496126144,Columbia,Family Forest,3,608,Sweetbay / swamp tupelo / red maple,611,135.8832492687942,5.0,1.111974216602244,0.8183306055646481,7
TM43212_Baker_O4,43212,374861563489998,Baker,Corporate/Other Private,4,142,Slash pine,245,54.48673661350995,2.0,0.4447896866408976,0.8163265306122449,33
TM2699_Suwannee_O3,2699,20266493010478,Suwannee,Family Forest,3,520,Mixed upland hardwoods,858,190.81477556894507,7.0,1.5567639032431415,0.8158508158508159,75
TM60339_Hamilton_O3,60339,548083851126144,Hamilton,Family Forest,3,520,Mixed upland hardwoods,123,27.3545657284152,1.0,0.2223948433204488,0.8130081300813008,48
TM36934_Columbia_O6,36934,289515946489998,Columbia,Federal,6,608,Sweetbay / swamp tupelo / red maple,861,191.4819600989064,7.0,1.5567639032431415,0.8130081300813008,36
TM67541_Baker_O7,67541,718604892290487,Baker,State,7,141,Longleaf pine,123,27.3545657284152,1.0,0.2223948433204488,0.8130081300813008,72
TM67161_Columbia_O6,67161,718561923290487,Columbia,Federal,6,161,Loblolly pine,3577,795.5063545572453,29.0,6.449450456293015,0.8107352530053117,36
TM67535_Baker_O4,67535,718604877290487,Baker,Corporate/Other Private,4,608,Sweetbay / swamp tupelo / red maple,5186,1153.3396574598473,42.0,9.340583419458849,0.8098727342846124,81
TM43336_Baker_O3,43336,374862361489998,Baker,Family Forest,3,141,Longleaf pine,124,27.576960571735647,1.0,0.2223948433204488,0.8064516129032258,70
TM21262_Baker_O3,21262,140566167010478,Baker,Family Forest,3,142,Slash pine,124,27.576960571735647,1.0,0.2223948433204488,0.8064516129032258,84
TM24316_Hamilton_O8,24316,176548896010854,Hamilton,Local,8,607,Baldcypress / water tupelo,124,27.576960571735647,1.0,0.2223948433204488,0.8064516129032258,135
TM48557_Hamilton_O3,48557,448940171489998,Hamilton,Family Forest,3,142,Slash pine,622,138.32959254531914,5.0,1.111974216602244,0.8038585209003215,24
TM50179_Columbia_O4,50179,451136876489998,Columbia,Corporate/Other Private,4,608,Sweetbay / swamp tupelo / red maple,625,138.9967770752805,5.0,1.111974216602244,0.8,55
TM64329_Baker_O3,64329,638333977126144,Baker,Family Forest,3,520,Mixed upland hardwoods,125,27.799355415056098,1.0,0.2223948433204488,0.8,30
TM36932_Columbia_O3,36932,289515944489998,Columbia,Family Forest,3,407,Slash pine / hardwood,1000,222.39484332044879,8.0,1.7791587465635903,0.8,67
TM43046_Hamilton_O4,43046,374860898489998,Hamilton,Corporate/Other Private,4,406,Loblolly pine / hardwood,626,139.21917191860095,5.0,1.111974216602244,0.7987220447284346,12
TM64406_Hamilton_O3,64406,638334495126144,Hamilton,Family Forest,3,142,Slash pine,16063,3572.328368256369,128.0,28.466539945017445,0.796862354479238,29
TM43336_Columbia_O6,43336,374862361489998,Columbia,Federal,6,141,Longleaf pine,251,55.82110567343264,2.0,0.4447896866408976,0.796812749003984,70
TM36932_Columbia_O6,36932,289515944489998,Columbia,Federal,6,407,Slash pine / hardwood,1007,223.95160722369192,8.0,1.7791587465635903,0.7944389275074478,67
TM67461_Suwannee_O3,67461,718604231290487,Suwannee,Family Forest,3,161,Loblolly pine,6042,1343.7096433421516,48.0,10.674952479381542,0.7944389275074478,23
TM45047_Suwannee_O4,45047,385730105489998,Suwannee,Corporate/Other Private,4,520,Mixed upland hardwoods,1259,279.995107740445,10.0,2.223948433204488,0.7942811755361397,75
TM67470_Columbia_O6,67470,718604276290487,Columbia,Federal,6,142,Slash pine,378,84.06525077512964,3.0,0.6671845299613464,0.7936507936507936,6
TM43151_Baker_O4,43151,374861300489998,Baker,Corporate/Other Private,4,161,Loblolly pine,9587,2132.0993629131426,76.0,16.90200809235411,0.7927401689788255,19
TM67541_Columbia_O8,67541,718604892290487,Columbia,Local,8,141,Longleaf pine,1514,336.70579278715945,12.0,2.6687381198453854,0.7926023778071334,72
TM2623_Union_O3,2623,17498047010478,Union,Family Forest,3,161,Loblolly pine,127,28.244145101696994,1.0,0.2223948433204488,0.7874015748031497,47
TM2700_Suwannee_O3,2700,20267385010478,Suwannee,Family Forest,3,520,Mixed upland hardwoods,891,198.15380539851986,7.0,1.5567639032431415,0.7856341189674523,50
TM48592_Hamilton_O6,48592,448940348489998,Hamilton,Federal,6,520,Mixed upland hardwoods,128,28.466539945017445,1.0,0.2223948433204488,0.78125,75
TM2700_Baker_O3,2700,20267385010478,Baker,Family Forest,3,520,Mixed upland hardwoods,2954,656.9543671686057,23.0,5.115081396370321,0.7786052809749492,50
TM64226_Hamilton_O4,64226,635664945126144,Hamilton,Corporate/Other Private,4,142,Slash pine,1288,286.44455819673806,10.0,2.223948433204488,0.7763975155279503,60
TM48672_Union_O4,48672,448941001489998,Union,Corporate/Other Private,4,142,Slash pine,258,57.377869576675785,2.0,0.4447896866408976,0.7751937984496124,32
TM13432_Suwannee_O4,13432,43854936020004,Suwannee,Corporate/Other Private,4,508,Sweetgum / yellow-poplar,129,28.688934788337892,1.0,0.2223948433204488,0.7751937984496124,81
TM67461_Baker_O4,67461,718604231290487,Baker,Corporate/Other Private,4,161,Loblolly pine,3486,775.2684238150845,27.0,6.0046607696521175,0.774526678141136,23
TM64173_Suwannee_O3,64173,635664733126144,Suwannee,Family Forest,3,602,Sweetgum / Nuttall oak / willow oak,783,174.1351623199114,6.0,1.3343690599226927,0.7662835249042146,61
TM36965_Suwannee_O3,36965,289516230489998,Suwannee,Family Forest,3,520,Mixed upland hardwoods,13017,2894.913675502282,99.0,22.01708948872443,0.7605439041253745,33
TM47617_Suwannee_O3,47617,443867435489998,Suwannee,Family Forest,3,406,Loblolly pine / hardwood,263,58.48984379327803,2.0,0.4447896866408976,0.7604562737642585,65
TM48658_Hamilton_O7,48658,448940864489998,Hamilton,State,7,142,Slash pine,395,87.84596311157728,3.0,0.6671845299613464,0.759493670886076,28
TM36968_Columbia_O6,36968,289516340489998,Columbia,Federal,6,142,Slash pine,1714,381.18476145124924,13.0,2.891132963165834,0.7584597432905484,73
TM24316_Union_O4,24316,176548896010854,Union,Corporate/Other Private,4,607,Baldcypress / water tupelo,264,58.71223863659848,2.0,0.4447896866408976,0.7575757575757576,135
TM48589_Columbia_O8,48589,448940340489998,Columbia,Local,8,142,Slash pine,1452,322.91731250129163,11.0,2.446343276524937,0.7575757575757576,22
TM13435_Suwannee_O4,13435,43855081020004,Suwannee,Corporate/Other Private,4,142,Slash pine,396,88.06835795489772,3.0,0.6671845299613464,0.7575757575757576,13
TM13447_Baker_O3,13447,43855332020004,Baker,Family Forest,3,142,Slash pine,7297,1622.8151717093149,55.0,12.231716382624683,0.753734411401946,30
TM48636_Baker_O4,48636,448940596489998,Baker,Corporate/Other Private,4,608,Sweetbay / swamp tupelo / red maple,797,177.2486901263977,6.0,1.3343690599226927,0.7528230865746549,78
TM33348_Suwannee_O3,33348,249673677010854,Suwannee,Family Forest,3,520,Mixed upland hardwoods,532,118.31405664647875,4.0,0.8895793732817951,0.7518796992481203,10
TM13183_Columbia_O6,13183,43266266020004,Columbia,Federal,6,609,Baldcypress / pondcypress,3197,710.9963140954748,24.0,5.337476239690771,0.7507037847982484,73
TM43181_Columbia_O6,43181,374861410489998,Columbia,Federal,6,608,Sweetbay / swamp tupelo / red maple,4266,948.7364016050345,32.0,7.116634986254361,0.7501172058134083,70
TM59213_Columbia_O6,59213,533664592126144,Columbia,Federal,6,407,Slash pine / hardwood,22564,5018.117244682607,169.0,37.584728521155846,0.7489806771848962,56
TM67539_Baker_O4,67539,718604888290487,Baker,Corporate/Other Private,4,142,Slash pine,401,89.18033217149997,3.0,0.6671845299613464,0.7481296758104738,80
TM48592_Suwannee_O7,48592,448940348489998,Suwannee,State,7,520,Mixed upland hardwoods,268,59.601818009880276,2.0,0.4447896866408976,0.746268656716418,75
TM50163_Hamilton_O4,50163,451136805489998,Hamilton,Corporate/Other Private,4,508,Sweetgum / yellow-poplar,270,60.04660769652117,2.0,0.4447896866408976,0.7407407407407407,10
TM59421_Columbia_O6,59421,533665369126144,Columbia,Federal,6,608,Sweetbay / swamp tupelo / red maple,14450,3213.6054859804854,107.0,23.79624823528802,0.740484429065744,16
TM36932_Baker_O3,36932,289515944489998,Baker,Family Forest,3,407,Slash pine / hardwood,4618,1027.0193864538326,34.0,7.561424672895258,0.7362494586401039,67
TM47617_Columbia_O8,47617,443867435489998,Columbia,Local,8,406,Loblolly pine / hardwood,136,30.245698691581033,1.0,0.2223948433204488,0.7352941176470589,65
TM48595_Hamilton_O3,48595,448940352489998,Hamilton,Family Forest,3,608,Sweetbay / swamp tupelo / red maple,2585,574.8906699833601,19.0,4.225502023088526,0.7350096711798839,60
TM43067_Columbia_O8,43067,374860959489998,Columbia,Local,8,409,Other pine / hardwood,138,30.690488378221932,1.0,0.2223948433204488,0.7246376811594203,61
TM67230_Hamilton_O4,67230,718562152290487,Hamilton,Corporate/Other Private,4,161,Loblolly pine,1526,339.37453090700484,11.0,2.4463432765249364,0.7208387942332897,9
TM35385_Baker_O4,35385,259178448010854,Baker,Corporate/Other Private,4,407,Slash pine / hardwood,1112,247.30306577233904,8.0,1.7791587465635903,0.7194244604316546,48
TM24515_Hamilton_O4,24515,176860754010854,Hamilton,Corporate/Other Private,4,520,Mixed upland hardwoods,2229,495.71810576128036,16.0,3.5583174931271806,0.7178106774338269,26
TM43326_Union_O4,43326,374862340489998,Union,Corporate/Other Private,4,608,Sweetbay / swamp tupelo / red maple,839,186.58927354585654,6.0,1.3343690599226927,0.7151370679380215,45
TM48589_Hamilton_O3,48589,448940340489998,Hamilton,Family Forest,3,142,Slash pine,11339,2521.7351284105684,81.0,18.01398230895635,0.7143487079989417,22
TM50967_Columbia_O6,50967,451408239489998,Columbia,Federal,6,406,Loblolly pine / hardwood,140,31.135278064862828,1.0,0.2223948433204488,0.7142857142857143,34
TM67532_Columbia_O3,67532,718604871290487,Columbia,Family Forest,3,407,Slash pine / hardwood,140,31.135278064862828,1.0,0.2223948433204488,0.7142857142857143,7
TM59428_Baker_O4,59428,533665395126144,Baker,Corporate/Other Private,4,142,Slash pine,845,187.92364260577924,6.0,1.3343690599226927,0.7100591715976331,36
TM59294_Suwannee_O4,59294,533664907126144,Suwannee,Corporate/Other Private,4,142,Slash pine,2256,501.72276653093246,16.0,3.5583174931271806,0.7092198581560284,21
TM67372_Union_O4,67372,718603850290487,Union,Corporate/Other Private,4,608,Sweetbay / swamp tupelo / red maple,1834,407.87214264970305,13.0,2.891132963165834,0.7088331515812432,31
TM67512_Baker_O3,67512,718604486290487,Baker,Family Forest,3,142,Slash pine,6531,1452.460721725851,46.0,10.230162792740643,0.7043331802174246,20
TM43238_Columbia_O4,43238,374861703489998,Columbia,Corporate/Other Private,4,602,Sweetgum / Nuttall oak / willow oak,142,31.580067751503726,1.0,0.2223948433204488,0.704225352112676,105
TM23748_Baker_O3,23748,173002842010854,Baker,Family Forest,3,142,Slash pine,17669,3929.4944866290093,124.0,27.57696057173565,0.7017941026656856,45
TM48445_Baker_O6,48445,448939642489998,Baker,Federal,6,161,Loblolly pine,11987,2665.84698688222,84.0,18.681166838917697,0.7007591557520647,59
TM67457_Columbia_O4,67457,718604224290487,Columbia,Corporate/Other Private,4,514,Southern scrub oak,286,63.60492518964835,2.0,0.4447896866408976,0.6993006993006993,41
TM2707_Columbia_O3,2707,20282429010478,Columbia,Family Forest,3,142,Slash pine,286,63.60492518964835,2.0,0.4447896866408976,0.6993006993006993,19
TM36961_Suwannee_O3,36961,289516222489998,Suwannee,Family Forest,3,161,Loblolly pine,1004,223.2844226937306,7.0,1.5567639032431415,0.6972111553784861,36
TM36927_Union_O4,36927,289515931489998,Union,Corporate/Other Private,4,608,Sweetbay / swamp tupelo / red maple,288,64.04971487628926,2.0,0.4447896866408976,0.6944444444444444,51
TM36929_Baker_O6,36929,289515934489998,Baker,Federal,6,520,Mixed upland hardwoods,865,192.3715394721882,6.0,1.3343690599226927,0.6936416184971098,14
TM13447_Union_O4,13447,43855332020004,Union,Corporate/Other Private,4,142,Slash pine,289,64.2721097196097,2.0,0.4447896866408976,0.6920415224913494,30
TM43151_Baker_O8,43151,374861300489998,Baker,Local,8,161,Loblolly pine,145,32.24725228146507,1.0,0.2223948433204488,0.6896551724137931,19
TM43151_Columbia_O8,43151,374861300489998,Columbia,Local,8,161,Loblolly pine,726,161.45865625064582,5.0,1.111974216602244,0.6887052341597796,19
TM43288_Baker_O3,43288,374861934489998,Baker,Family Forest,3,161,Loblolly pine,291,64.7168994062506,2.0,0.4447896866408976,0.6872852233676976,12
TM48557_Columbia_O3,48557,448940171489998,Columbia,Family Forest,3,142,Slash pine,3201,711.8858934687565,22.0,4.892686553049874,0.6872852233676976,24
TM36941_Hamilton_O3,36941,289515964489998,Hamilton,Family Forest,3,407,Slash pine / hardwood,2330,518.1799849366457,16.0,3.5583174931271806,0.6866952789699571,58
TM55471_Baker_O3,55471,495147975126144,Baker,Family Forest,3,520,Mixed upland hardwoods,146,32.469647124785524,1.0,0.2223948433204488,0.684931506849315,12
TM35385_Union_O7,35385,259178448010854,Union,State,7,407,Slash pine / hardwood,584,129.8785884991421,4.0,0.8895793732817951,0.684931506849315,48
TM13435_Suwannee_O3,13435,43855081020004,Suwannee,Family Forest,3,142,Slash pine,1462,325.14126093449613,10.0,2.223948433204488,0.6839945280437757,13
TM67535_Columbia_O4,67535,718604877290487,Columbia,Corporate/Other Private,4,608,Sweetbay / swamp tupelo / red maple,294,65.38408393621195,2.0,0.4447896866408976,0.6802721088435374,81
TM59294_Columbia_O3,59294,533664907126144,Columbia,Family Forest,3,142,Slash pine,5595,1244.299148377911,38.0,8.451004046177054,0.6791778373547811,21
TM64483_Columbia_O3,64483,638335132126144,Columbia,Family Forest,3,142,Slash pine,3242,721.004082044895,22.0,4.892686553049873,0.6785934608266502,36
TM31048_Baker_O3,31048,218219125020004,Baker,Family Forest,3,142,Slash pine,4428,984.7643662229472,30.0,6.671845299613464,0.6775067750677507,32
TM48658_Hamilton_O3,48658,448940864489998,Hamilton,Family Forest,3,142,Slash pine,12132,2698.094239163685,82.0,18.236377152276802,0.6758984503791625,28
TM64454_Baker_O3,64454,638334746126144,Baker,Family Forest,3,142,Slash pine,22924,5098.1793882779675,153.0,34.02641102802867,0.6674227883440935,21
TM67541_Hamilton_O3,67541,718604892290487,Hamilton,Family Forest,3,141,Longleaf pine,10639,2366.0587380862544,71.0,15.790033875751863,0.6673559545070026,72
TM59295_Hamilton_O3,59295,533664908126144,Hamilton,Family Forest,3,609,Baldcypress / pondcypress,1202,267.31860167117947,8.0,1.7791587465635903,0.6655574043261231,72
TM64454_Columbia_O3,64454,638334746126144,Columbia,Family Forest,3,142,Slash pine,7230,1607.9147172068447,48.0,10.674952479381542,0.6639004149377593,21
TM48598_Hamilton_O3,48598,448940363489998,Hamilton,Family Forest,3,602,Sweetgum / Nuttall oak / willow oak,452,100.52246918084285,3.0,0.6671845299613464,0.6637168141592921,91
TM67372_Union_O7,67372,718603850290487,Union,State,7,608,Sweetbay / swamp tupelo / red maple,754,167.6857118636184,5.0,1.111974216602244,0.6631299734748011,31
TM24515_Suwannee_O3,24515,176860754010854,Suwannee,Family Forest,3,520,Mixed upland hardwoods,9506,2114.085380604186,63.0,14.010875129188273,0.6627393225331369,26
TM67313_Union_O7,67313,718603549290487,Union,State,7,607,Baldcypress / water tupelo,151,33.581621341387766,1.0,0.2223948433204488,0.6622516556291391,91
TM64167_Columbia_O3,64167,635664717126144,Columbia,Family Forest,3,142,Slash pine,1668,370.9545986585086,11.0,2.446343276524937,0.6594724220623501,53
TM67455_Hamilton_O3,67455,718604221290487,Hamilton,Family Forest,3,142,Slash pine,5774,1284.1078253322714,38.0,8.451004046177054,0.6581226186352616,37
TM67524_Columbia_O3,67524,718604753290487,Columbia,Family Forest,3,161,Loblolly pine,152,33.80401618470822,1.0,0.2223948433204488,0.6578947368421053,6
TM50191_Hamilton_O3,50191,451136925489998,Hamilton,Family Forest,3,602,Sweetgum / Nuttall oak / willow oak,152,33.80401618470822,1.0,0.2223948433204488,0.6578947368421053,88
TM36961_Suwannee_O4,36961,289516222489998,Suwannee,Corporate/Other Private,4,161,Loblolly pine,152,33.80401618470822,1.0,0.2223948433204488,0.6578947368421053,36
TM67541_Columbia_O3,67541,718604892290487,Columbia,Family Forest,3,141,Longleaf pine,12188,2710.54835038963,80.0,17.791587465635903,0.6563833278634723,72
TM64167_Columbia_O6,64167,635664717126144,Columbia,Federal,6,142,Slash pine,1222,271.76649853758846,8.0,1.7791587465635903,0.6546644844517185,53
TM47617_Suwannee_O4,47617,443867435489998,Suwannee,Corporate/Other Private,4,406,Loblolly pine / hardwood,153,34.02641102802867,1.0,0.2223948433204488,0.6535947712418301,65
TM35385_Baker_O3,35385,259178448010854,Baker,Family Forest,3,407,Slash pine / hardwood,2922,649.8377321823514,19.0,4.225502023088527,0.6502395619438741,48
TM64456_Union_O4,64456,638334749126144,Union,Corporate/Other Private,4,142,Slash pine,462,102.74641761404735,3.0,0.6671845299613464,0.6493506493506493,20
TM67532_Baker_O3,67532,718604871290487,Baker,Family Forest,3,407,Slash pine / hardwood,924,205.4928352280947,6.0,1.3343690599226927,0.6493506493506493,7
TM48560_Suwannee_O3,48560,448940175489998,Suwannee,Family Forest,3,602,Sweetgum / Nuttall oak / willow oak,1856,412.76482920275294,12.0,2.6687381198453854,0.646551724137931,41
TM64407_Union_O3,64407,638334496126144,Union,Family Forest,3,608,Sweetbay / swamp tupelo / red maple,312,69.38719111598003,2.0,0.4447896866408976,0.6410256410256411,7
TM23748_Columbia_O3,23748,173002842010854,Columbia,Family Forest,3,142,Slash pine,12512,2782.604279625455,80.0,17.791587465635903,0.639386189258312,45
TM43175_Baker_O3,43175,374861391489998,Baker,Family Forest,3,142,Slash pine,313,69.60958595930047,2.0,0.4447896866408976,0.6389776357827476,84
TM48608_Columbia_O4,48608,448940387489998,Columbia,Corporate/Other Private,4,602,Sweetgum / Nuttall oak / willow oak,313,69.60958595930047,2.0,0.4447896866408976,0.6389776357827476,107
TM64407_Hamilton_O4,64407,638334496126144,Hamilton,Corporate/Other Private,4,608,Sweetbay / swamp tupelo / red maple,5015,1115.3101392520507,32.0,7.116634986254361,0.638085742771685,7
TM48658_Hamilton_O8,48658,448940864489998,Hamilton,Local,8,142,Slash pine,157,34.91599040131046,1.0,0.2223948433204488,0.6369426751592356,28
TM67533_Columbia_O4,67533,718604872290487,Columbia,Corporate/Other Private,4,609,Baldcypress / pondcypress,158,35.13838524463091,1.0,0.2223948433204488,0.6329113924050633,55
TM48588_Suwannee_O4,48588,448940337489998,Suwannee,Corporate/Other Private,4,520,Mixed upland hardwoods,635,141.220725508485,4.0,0.8895793732817951,0.6299212598425197,20
TM43225_Hamilton_O3,43225,374861608489998,Hamilton,Family Forest,3,520,Mixed upland hardwoods,159,35.36078008795136,1.0,0.2223948433204488,0.6289308176100629,51
TM48594_Suwannee_O3,48594,448940350489998,Suwannee,Family Forest,3,520,Mixed upland hardwoods,12113,2693.8687371405963,76.0,16.902008092354105,0.6274250804920334,41
TM48477_Baker_O4,48477,448939744489998,Baker,Corporate/Other Private,4,520,Mixed upland hardwoods,160,35.583174931271806,1.0,0.2223948433204488,0.625,35
TM36847_Union_O3,36847,289515438489998,Union,Family Forest,3,161,Loblolly pine,161,35.80556977459226,1.0,0.2223948433204488,0.6211180124223602,18
TM48445_Baker_O4,48445,448939642489998,Baker,Corporate/Other Private,4,161,Loblolly pine,485,107.86149901041766,3.0,0.6671845299613464,0.6185567010309279,59
TM64404_Hamilton_O4,64404,638334487126144,Hamilton,Corporate/Other Private,4,142,Slash pine,162,36.02796461791271,1.0,0.2223948433204488,0.6172839506172839,16
TM64380_Columbia_O3,64380,638334324126144,Columbia,Family Forest,3,607,Baldcypress / water tupelo,325,72.27832407914586,2.0,0.4447896866408976,0.6153846153846154,46
TM24486_Columbia_O3,24486,176859705010854,Columbia,Family Forest,3,142,Slash pine,6664,1482.0392358874708,41.0,9.118188576138401,0.6152460984393757,34
TM13436_Suwannee_O3,13436,43855099020004,Suwannee,Family Forest,3,520,Mixed upland hardwoods,1788,397.64197985696245,11.0,2.446343276524937,0.6152125279642058,78
TM59213_Hamilton_O3,59213,533664592126144,Hamilton,Family Forest,3,407,Slash pine / hardwood,815,181.25179730616577,5.0,1.111974216602244,0.6134969325153374,56
TM43286_Columbia_O6,43286,374861925489998,Columbia,Federal,6,141,Longleaf pine,164,36.472754304553604,1.0,0.2223948433204488,0.6097560975609756,76
TM13443_Baker_O3,13443,43855291020004,Baker,Family Forest,3,609,Baldcypress / pondcypress,492,109.4182629136608,3.0,0.6671845299613464,0.6097560975609756,76
TM67457_Suwannee_O4,67457,718604224290487,Suwannee,Corporate/Other Private,4,514,Southern scrub oak,657,146.11341206153486,4.0,0.8895793732817951,0.60882800608828,41
TM59428_Baker_O3,59428,533665395126144,Baker,Family Forest,3,142,Slash pine,35535,7902.800757392148,216.0,48.03728615721693,0.6078514140987759,36
TM67539_Baker_O3,67539,718604888290487,Baker,Family Forest,3,142,Slash pine,9707,2158.7867441115964,59.0,13.121295755906479,0.6078087977748017,80
TM45047_Columbia_O8,45047,385730105489998,Columbia,Local,8,520,Mixed upland hardwoods,659,146.55820174817575,4.0,0.8895793732817951,0.6069802731411229,75
TM59428_Columbia_O6,59428,533665395126144,Columbia,Federal,6,142,Slash pine,28173,6265.529920867004,171.0,38.02951820779674,0.6069641145777872,36
TM21265_Union_O3,21265,140568302010478,Union,Family Forest,3,514,Southern scrub oak,165,36.695149147874055,1.0,0.2223948433204488,0.6060606060606061,28
TM48636_Baker_O3,48636,448940596489998,Baker,Family Forest,3,608,Sweetbay / swamp tupelo / red maple,1984,441.2313691477704,12.0,2.6687381198453854,0.6048387096774194,78
TM64294_Baker_O3,64294,638333845126144,Baker,Family Forest,3,161,Loblolly pine,2815,626.0414839470634,17.0,3.7807123364476296,0.6039076376554174,5
TM13435_Hamilton_O4,13435,43855081020004,Hamilton,Corporate/Other Private,4,142,Slash pine,7810,1736.903726332705,47.0,10.452557636061092,0.6017925736235595,13
TM59294_Hamilton_O3,59294,533664907126144,Hamilton,Family Forest,3,142,Slash pine,13965,3105.7439869700675,84.0,18.681166838917697,0.6015037593984962,21
TM13435_Hamilton_O3,13435,43855081020004,Hamilton,Family Forest,3,142,Slash pine,5178,1151.560498713284,31.0,6.894240142933912,0.5986867516415605,13
TM13445_Suwannee_O3,13445,43855313020004,Suwannee,Family Forest,3,142,Slash pine,2010,447.01363507410207,12.0,2.6687381198453854,0.5970149253731343,16
TM36841_Baker_O3,36841,289515421489998,Baker,Family Forest,3,608,Sweetbay / swamp tupelo / red maple,336,74.7246673556708,2.0,0.4447896866408976,0.5952380952380952,35
TM43200_Columbia_O6,43200,374861516489998,Columbia,Federal,6,406,Loblolly pine / hardwood,1681,373.8457316216744,10.0,2.223948433204488,0.594883997620464,96
TM43234_Hamilton_O4,43234,374861672489998,Hamilton,Corporate/Other Private,4,142,Slash pine,4036,897.5855876413314,24.0,5.337476239690771,0.5946481665014867,15
TM67512_Union_O4,67512,718604486290487,Union,Corporate/Other Private,4,142,Slash pine,505,112.30939587682664,3.0,0.6671845299613464,0.594059405940594,20
TM67523_Columbia_O6,67523,718604718290487,Columbia,Federal,6,141,Longleaf pine,15661,3482.9256412415484,93.0,20.682720428801737,0.5938318115062895,16
TM64389_Columbia_O3,64389,638334380126144,Columbia,Family Forest,3,520,Mixed upland hardwoods,169,37.584728521155846,1.0,0.2223948433204488,0.591715976331361,75
TM49948_Hamilton_O3,49948,451136155489998,Hamilton,Family Forest,3,520,Mixed upland hardwoods,1183,263.0930996480909,7.0,1.5567639032431415,0.591715976331361,56
TM48589_Hamilton_O4,48589,448940340489998,Hamilton,Corporate/Other Private,4,142,Slash pine,8118,1805.4013380754031,48.0,10.674952479381542,0.5912786400591279,22
TM67375_Columbia_O3,67375,718603858290487,Columbia,Family Forest,3,520,Mixed upland hardwoods,1016,225.95316081357598,6.0,1.3343690599226927,0.5905511811023622,103
TM67509_Columbia_O6,67509,718604473290487,Columbia,Federal,6,142,Slash pine,11519,2561.7662002082498,68.0,15.122849345790517,0.5903290216164597,21
TM64452_Baker_O4,64452,638334742126144,Baker,Corporate/Other Private,4,161,Loblolly pine,4247,944.510899581946,25.0,5.55987108301122,0.588650812338121,16
TM59323_Columbia_O6,59323,533664995126144,Columbia,Federal,6,142,Slash pine,1360,302.4569869158104,8.0,1.7791587465635903,0.5882352941176471,34
TM48658_Hamilton_O4,48658,448940864489998,Hamilton,Corporate/Other Private,4,142,Slash pine,10238,2276.8784059147547,60.0,13.343690599226928,0.5860519632740769,28
TM64479_Suwannee_O3,64479,638335018126144,Suwannee,Family Forest,3,161,Loblolly pine,10799,2401.6419130175263,63.0,14.010875129188273,0.5833873506806185,54
TM43214_Union_O4,43214,374861569489998,Union,Corporate/Other Private,4,161,Loblolly pine,343,76.28143125891394,2.0,0.4447896866408976,0.5830903790087464,17
TM43239_Columbia_O3,43239,374861704489998,Columbia,Family Forest,3,142,Slash pine,9268,2061.1554078939193,54.0,12.009321539304235,0.5826499784203711,18
TM43239_Hamilton_O3,43239,374861704489998,Hamilton,Family Forest,3,142,Slash pine,172,38.25191305111719,1.0,0.2223948433204488,0.5813953488372093,18
TM67513_Union_O4,67513,718604487290487,Union,Corporate/Other Private,4,142,Slash pine,172,38.25191305111719,1.0,0.2223948433204488,0.5813953488372093,8
TM24488_Union_O3,24488,176859781010854,Union,Family Forest,3,142,Slash pine,173,38.47430789443764,1.0,0.2223948433204488,0.5780346820809249,25
TM67284_Columbia_O3,67284,718603453290487,Columbia,Family Forest,3,520,Mixed upland hardwoods,173,38.47430789443764,1.0,0.2223948433204488,0.5780346820809249,47
TM24316_Hamilton_O4,24316,176548896010854,Hamilton,Corporate/Other Private,4,607,Baldcypress / water tupelo,7276,1618.1448799995853,42.0,9.340583419458849,0.577240241891149,135
TM55429_Hamilton_O4,55429,495147823126144,Hamilton,Corporate/Other Private,4,142,Slash pine,1909,424.55175589873676,11.0,2.446343276524937,0.5762179151388162,36
TM36788_Union_O3,36788,289515121489998,Union,Family Forest,3,164,Sand pine,2607,579.78335653641,15.0,3.335922649806732,0.5753739930955121,15
TM21265_Baker_O4,21265,140568302010478,Baker,Corporate/Other Private,4,514,Southern scrub oak,174,38.696702737758095,1.0,0.2223948433204488,0.5747126436781609,28
TM67275_Hamilton_O3,67275,718562342290487,Hamilton,Family Forest,3,142,Slash pine,1220,271.3217088509476,7.0,1.5567639032431415,0.5737704918032787,70
TM36794_Baker_O3,36794,289515149489998,Baker,Family Forest,3,142,Slash pine,349,77.61580031883663,2.0,0.4447896866408976,0.5730659025787965,41
TM43200_Baker_O3,43200,374861516489998,Baker,Family Forest,3,406,Loblolly pine / hardwood,4715,1048.591686255916,27.0,6.0046607696521175,0.5726405090137858,96
TM67541_Union_O4,67541,718604892290487,Union,Corporate/Other Private,4,141,Longleaf pine,175,38.91909758107854,1.0,0.2223948433204488,0.5714285714285714,72
TM67533_Baker_O4,67533,718604872290487,Baker,Corporate/Other Private,4,609,Baldcypress / pondcypress,2292,509.7289808904686,13.0,2.891132963165834,0.5671902268760908,55
TM43234_Hamilton_O3,43234,374861672489998,Hamilton,Family Forest,3,142,Slash pine,9028,2007.7806454970116,51.0,11.342137009342888,0.5649091714665485,15
TM36788_Suwannee_O3,36788,289515121489998,Suwannee,Family Forest,3,164,Sand pine,355,78.95016937875933,2.0,0.4447896866408976,0.5633802816901409,15
TM43315_Suwannee_O3,43315,374862210489998,Suwannee,Family Forest,3,407,Slash pine / hardwood,3020,671.6324268277554,17.0,3.780712336447629,0.5629139072847682,41
TM67277_Suwannee_O4,67277,718562357290487,Suwannee,Corporate/Other Private,4,141,Longleaf pine,178,39.586282111039885,1.0,0.2223948433204488,0.5617977528089888,77
TM13445_Columbia_O4,13445,43855313020004,Columbia,Corporate/Other Private,4,142,Slash pine,891,198.15380539851986,5.0,1.111974216602244,0.5611672278338945,16
TM67511_Baker_O3,67511,718604485290487,Baker,Family Forest,3,161,Loblolly pine,5902,1312.5743652772887,33.0,7.33902982957481,0.5591324974584887,17
TM43326_Union_O3,43326,374862340489998,Union,Family Forest,3,608,Sweetbay / swamp tupelo / red maple,14321,3184.9165511921474,80.0,17.791587465635903,0.5586202080860275,45
TM21259_Baker_O4,21259,140564077010478,Baker,Corporate/Other Private,4,608,Sweetbay / swamp tupelo / red maple,4668,1038.139128619855,26.0,5.782265926331668,0.5569837189374465,55
TM66408_Hamilton_O3,66408,698001388126144,Hamilton,Family Forest,3,142,Slash pine,544,120.98279476632415,3.0,0.6671845299613464,0.5514705882352942,69
TM59428_Columbia_O3,59428,533665395126144,Columbia,Family Forest,3,142,Slash pine,364,80.95172296864337,2.0,0.4447896866408976,0.5494505494505495,36
TM67533_Baker_O3,67533,718604872290487,Baker,Family Forest,3,609,Baldcypress / pondcypress,1280,284.66539945017445,7.0,1.5567639032431415,0.546875,55
TM50155_Hamilton_O3,50155,451136792489998,Hamilton,Family Forest,3,406,Loblolly pine / hardwood,6510,1447.7904300161217,35.0,7.783819516215708,0.5376344086021505,96
TM50163_Hamilton_O3,50163,451136805489998,Hamilton,Family Forest,3,508,Sweetgum / yellow-poplar,372,82.73088171520695,2.0,0.4447896866408976,0.5376344086021505,10
TM64454_Columbia_O6,64454,638334746126144,Columbia,Federal,6,142,Slash pine,1862,414.09919826267566,10.0,2.223948433204488,0.5370569280343717,21
TM13183_Baker_O3,13183,43266266020004,Baker,Family Forest,3,609,Baldcypress / pondcypress,1677,372.95615224839264,9.0,2.001553589884039,0.5366726296958855,73
TM43239_Columbia_O4,43239,374861704489998,Columbia,Corporate/Other Private,4,142,Slash pine,2991,665.1829763714624,16.0,3.5583174931271806,0.5349381477766634,18
TM67461_Hamilton_O4,67461,718604231290487,Hamilton,Corporate/Other Private,4,161,Loblolly pine,3567,793.2824061240409,19.0,4.225502023088526,0.5326604990187833,23
TM48658_Baker_O8,48658,448940864489998,Baker,Local,8,142,Slash pine,757,168.35289639357975,4.0,0.8895793732817951,0.5284015852047557,28
TM48676_Baker_O4,48676,448941011489998,Baker,Corporate/Other Private,4,141,Longleaf pine,190,42.25502023088527,1.0,0.2223948433204488,0.5263157894736842,38
TM64226_Columbia_O4,64226,635664945126144,Columbia,Corporate/Other Private,4,142,Slash pine,1140,253.53012138531162,6.0,1.3343690599226927,0.5263157894736842,60
TM67014_Columbia_O6,67014,718561374290487,Columbia,Federal,6,161,Loblolly pine,382,84.95483014841145,2.0,0.4447896866408976,0.5235602094240838,29
TM67237_Hamilton_O3,67237,718562170290487,Hamilton,Family Forest,3,142,Slash pine,573,127.43224522261715,3.0,0.6671845299613464,0.5235602094240838,16
TM64448_Hamilton_O3,64448,638334723126144,Hamilton,Family Forest,3,608,Sweetbay / swamp tupelo / red maple,191,42.47741507420572,1.0,0.2223948433204488,0.5235602094240838,63
TM43196_Columbia_O3,43196,374861503489998,Columbia,Family Forest,3,520,Mixed upland hardwoods,1730,384.7430789443764,9.0,2.001553589884039,0.5202312138728323,45
TM64483_Columbia_O4,64483,638335132126144,Columbia,Corporate/Other Private,4,142,Slash pine,2905,646.0570198459038,15.0,3.335922649806732,0.5163511187607573,36
TM36818_Hamilton_O4,36818,289515324489998,Hamilton,Corporate/Other Private,4,608,Sweetbay / swamp tupelo / red maple,1943,432.11318057163203,10.0,2.223948433204488,0.514668039114771,37
TM36896_Columbia_O4,36896,289515723489998,Columbia,Corporate/Other Private,4,508,Sweetgum / yellow-poplar,585,130.1009833424625,3.0,0.6671845299613464,0.5128205128205128,15
TM64406_Columbia_O8,64406,638334495126144,Columbia,Local,8,142,Slash pine,3514,781.495479428057,18.0,4.003107179768079,0.5122367672168469,29
TM50155_Columbia_O3,50155,451136792489998,Columbia,Family Forest,3,406,Loblolly pine / hardwood,391,86.95638373829549,2.0,0.4447896866408976,0.5115089514066496,96
TM59428_Baker_O6,59428,533665395126144,Baker,Federal,6,142,Slash pine,45166,10044.685493411389,231.0,51.37320880702367,0.5114466634193863,36
TM36859_Hamilton_O3,36859,289515526489998,Hamilton,Family Forest,3,161,Loblolly pine,392,87.17877858161593,2.0,0.4447896866408976,0.5102040816326531,36
TM67455_Columbia_O8,67455,718604221290487,Columbia,Local,8,142,Slash pine,1570,349.1599040131046,8.0,1.7791587465635903,0.5095541401273885,37
TM67455_Hamilton_O4,67455,718604221290487,Hamilton,Corporate/Other Private,4,142,Slash pine,2416,537.3059414622043,12.0,2.6687381198453854,0.4966887417218543,37
TM36829_Baker_O4,36829,289515364489998,Baker,Corporate/Other Private,4,142,Slash pine,806,179.25024371628174,4.0,0.8895793732817951,0.49627791563275436,43
TM67338_Suwannee_O4,67338,718603673290487,Suwannee,Corporate/Other Private,4,508,Sweetgum / yellow-poplar,806,179.25024371628174,4.0,0.8895793732817951,0.49627791563275436,60
TM67205_Hamilton_O7,67205,718562044290487,Hamilton,State,7,161,Loblolly pine,202,44.92375835073066,1.0,0.2223948433204488,0.49504950495049505,4
TM21259_Baker_O3,21259,140564077010478,Baker,Family Forest,3,608,Sweetbay / swamp tupelo / red maple,4254,946.0676634851892,21.0,4.670291709729424,0.4936530324400564,55
TM21259_Hamilton_O3,21259,140564077010478,Hamilton,Family Forest,3,608,Sweetbay / swamp tupelo / red maple,9853,2191.2563912363817,48.0,10.674952479381542,0.487161270678981,55
TM21265_Columbia_O4,21265,140568302010478,Columbia,Corporate/Other Private,4,514,Southern scrub oak,616,136.99522348539645,3.0,0.6671845299613464,0.487012987012987,28
TM64219_Columbia_O4,64219,635664906126144,Columbia,Corporate/Other Private,4,608,Sweetbay / swamp tupelo / red maple,3698,822.4161305990197,18.0,4.003107179768078,0.48674959437533805,70
TM43291_Baker_O4,43291,374861937489998,Baker,Corporate/Other Private,4,142,Slash pine,10708,2381.4039822753657,52.0,11.564531852663336,0.48561822936122523,25
TM36935_Columbia_O8,36935,289515947489998,Columbia,Local,8,142,Slash pine,2067,459.69014114336767,10.0,2.223948433204488,0.4837929366231253,22
TM67475_Suwannee_O4,67475,718604294290487,Suwannee,Corporate/Other Private,4,407,Slash pine / hardwood,2085,463.6932483231357,10.0,2.223948433204488,0.47961630695443647,51
TM67338_Columbia_O4,67338,718603673290487,Columbia,Corporate/Other Private,4,508,Sweetgum / yellow-poplar,209,46.480522253973795,1.0,0.2223948433204488,0.4784688995215311,60
TM67014_Hamilton_O3,67014,718561374290487,Hamilton,Family Forest,3,161,Loblolly pine,209,46.480522253973795,1.0,0.2223948433204488,0.4784688995215311,29
TM2718_Columbia_O4,2718,20303487010478,Columbia,Corporate/Other Private,4,142,Slash pine,420,93.4058341945885,2.0,0.4447896866408976,0.47619047619047616,38
TM31051_Baker_O3,31051,218219354020004,Baker,Family Forest,3,164,Sand pine,421,93.62822903790894,2.0,0.4447896866408976,0.4750593824228028,60
TM64403_Hamilton_O3,64403,638334483126144,Hamilton,Family Forest,3,403,Longleaf pine / oak,4641,1032.1344678502028,22.0,4.892686553049874,0.4740357681534152,37
TM64343_Columbia_O6,64343,638334109126144,Columbia,Federal,6,141,Longleaf pine,5504,1224.0612176357502,26.0,5.782265926331668,0.47238372093023256,91
TM48528_Baker_O3,48528,448940007489998,Baker,Family Forest,3,520,Mixed upland hardwoods,212,47.14770678393514,1.0,0.2223948433204488,0.4716981132075472,20
TM64483_Baker_O3,64483,638335132126144,Baker,Family Forest,3,142,Slash pine,3613,803.5125689167814,17.0,3.7807123364476296,0.4705231109880985,36
TM23749_Columbia_O8,23749,173002845010854,Columbia,Local,8,141,Longleaf pine,1064,236.62811329295752,5.0,1.111974216602244,0.4699248120300752,114
TM67532_Columbia_O4,67532,718604871290487,Columbia,Corporate/Other Private,4,407,Slash pine / hardwood,213,47.37010162725559,1.0,0.2223948433204488,0.4694835680751174,7
TM24486_Columbia_O4,24486,176859705010854,Columbia,Corporate/Other Private,4,142,Slash pine,2131,473.9234111158764,10.0,2.2239484332044874,0.4692632566870014,34
TM36844_Suwannee_O3,36844,289515430489998,Suwannee,Family Forest,3,161,Loblolly pine,216,48.03728615721694,1.0,0.2223948433204488,0.46296296296296297,77
TM67338_Suwannee_O3,67338,718603673290487,Suwannee,Family Forest,3,508,Sweetgum / yellow-poplar,4114,914.9323854203263,19.0,4.225502023088527,0.46183762761302866,60
TM31045_Columbia_O3,31045,218218672020004,Columbia,Family Forest,3,161,Loblolly pine,9342,2077.6126262996327,43.0,9.562978262779296,0.4602868764718476,42
TM31051_Baker_O4,31051,218219354020004,Baker,Corporate/Other Private,4,164,Sand pine,219,48.704470687178286,1.0,0.2223948433204488,0.45662100456621,60
TM36941_Union_O4,36941,289515964489998,Union,Corporate/Other Private,4,407,Slash pine / hardwood,442,98.29852074763836,2.0,0.4447896866408976,0.45248868778280543,58
TM35378_Suwannee_O3,35378,259178355010854,Suwannee,Family Forest,3,520,Mixed upland hardwoods,7519,1672.1868269264546,34.0,7.561424672895259,0.4521877909296449,28
TM67463_Suwannee_O3,67463,718604236290487,Suwannee,Family Forest,3,520,Mixed upland hardwoods,669,148.78215018138022,3.0,0.6671845299613464,0.4484304932735426,45
TM48588_Suwannee_O3,48588,448940337489998,Suwannee,Family Forest,3,520,Mixed upland hardwoods,2009,446.7912402307816,9.0,2.001553589884039,0.44798407167745147,20
TM50146_Suwannee_O3,50146,451136772489998,Suwannee,Family Forest,3,142,Slash pine,670,149.00454502470066,3.0,0.6671845299613464,0.44776119402985076,16
TM48658_Suwannee_O4,48658,448940864489998,Suwannee,Corporate/Other Private,4,142,Slash pine,3594,799.287066893693,16.0,3.5583174931271806,0.44518642181413465,28
TM21265_Columbia_O3,21265,140568302010478,Columbia,Family Forest,3,514,Southern scrub oak,1801,400.5331128201283,8.0,1.7791587465635903,0.4441976679622432,28
TM2731_Hamilton_O4,2731,20322920010478,Hamilton,Corporate/Other Private,4,142,Slash pine,1129,251.08377810878667,5.0,1.111974216602244,0.4428697962798937,22
TM36853_Suwannee_O3,36853,289515485489998,Suwannee,Family Forest,3,602,Sweetgum / Nuttall oak / willow oak,904,201.04493836168572,4.0,0.8895793732817951,0.4424778761061947,20
TM43237_Hamilton_O4,43237,374861690489998,Hamilton,Corporate/Other Private,4,602,Sweetgum / Nuttall oak / willow oak,679,151.00609861458472,3.0,0.6671845299613464,0.4418262150220913,60
TM50155_Hamilton_O4,50155,451136792489998,Hamilton,Corporate/Other Private,4,406,Loblolly pine / hardwood,2496,555.0975289278401,11.0,2.446343276524937,0.4407051282051282,96
TM59294_Columbia_O4,59294,533664907126144,Columbia,Corporate/Other Private,4,142,Slash pine,4550,1011.896537108042,20.0,4.447896866408976,0.43956043956043955,21
TM31044_Hamilton_O3,31044,218218630020004,Hamilton,Family Forest,3,407,Slash pine / hardwood,459,102.079233084086,2.0,0.4447896866408976,0.4357298474945534,11
TM43239_Baker_O3,43239,374861704489998,Baker,Family Forest,3,142,Slash pine,230,51.15081396370322,1.0,0.2223948433204488,0.43478260869565216,18
TM50155_Suwannee_O4,50155,451136792489998,Suwannee,Corporate/Other Private,4,406,Loblolly pine / hardwood,230,51.15081396370322,1.0,0.2223948433204488,0.43478260869565216,96
TM67453_Baker_O6,67453,718604216290487,Baker,Federal,6,608,Sweetbay / swamp tupelo / red maple,11739,2610.6930657387484,51.0,11.342137009342888,0.434449271658574,85
TM59294_Suwannee_O3,59294,533664907126144,Suwannee,Family Forest,3,142,Slash pine,7150,1590.123129741209,31.0,6.894240142933912,0.43356643356643354,21
TM67230_Hamilton_O3,67230,718562152290487,Hamilton,Family Forest,3,161,Loblolly pine,3933,874.6789187793252,17.0,3.780712336447629,0.43224002034070685,9
TM67541_Columbia_O4,67541,718604892290487,Columbia,Corporate/Other Private,4,141,Longleaf pine,3475,772.8220805385596,15.0,3.335922649806732,0.4316546762589928,72
TM64486_Columbia_O6,64486,638335136126144,Columbia,Federal,6,166,Pond pine,928,206.3824146013765,4.0,0.8895793732817951,0.43103448275862066,60
TM67502_Suwannee_O4,67502,718604451290487,Suwannee,Corporate/Other Private,4,520,Mixed upland hardwoods,466,103.63599698732914,2.0,0.4447896866408976,0.4291845493562232,32
TM43238_Columbia_O3,43238,374861703489998,Columbia,Family Forest,3,602,Sweetgum / Nuttall oak / willow oak,700,155.67639032431413,3.0,0.6671845299613464,0.42857142857142855,105
TM55429_Hamilton_O3,55429,495147823126144,Hamilton,Family Forest,3,142,Slash pine,3075,683.8641432103801,13.0,2.891132963165834,0.42276422764227645,36
TM50146_Columbia_O3,50146,451136772489998,Columbia,Family Forest,3,142,Slash pine,712,158.3451284441595,3.0,0.6671845299613464,0.42134831460674155,16
TM21265_Suwannee_O4,21265,140568302010478,Suwannee,Corporate/Other Private,4,514,Southern scrub oak,717,159.45710266076176,3.0,0.6671845299613464,0.41841004184100417,28
TM31037_Columbia_O8,31037,218218426020004,Columbia,Local,8,503,White oak / red oak / hickory,241,53.597157240228164,1.0,0.2223948433204488,0.4149377593360996,75
TM64384_Columbia_O6,64384,638334343126144,Columbia,Federal,6,407,Slash pine / hardwood,4133,919.1578874434149,17.0,3.7807123364476296,0.4113234938301476,90
TM64483_Baker_O4,64483,638335132126144,Baker,Corporate/Other Private,4,142,Slash pine,1714,381.18476145124924,7.0,1.5567639032431415,0.40840140023337224,36
TM64448_Baker_O4,64448,638334723126144,Baker,Corporate/Other Private,4,608,Sweetbay / swamp tupelo / red maple,245,54.486736613509954,1.0,0.2223948433204488,0.40816326530612246,63
TM67475_Hamilton_O4,67475,718604294290487,Hamilton,Corporate/Other Private,4,407,Slash pine / hardwood,3679,818.1906285759311,15.0,3.335922649806732,0.4077194889915738,51
TM64368_Columbia_O3,64368,638334272126144,Columbia,Family Forest,3,608,Sweetbay / swamp tupelo / red maple,736,163.6826046838503,3.0,0.6671845299613464,0.4076086956521739,18
TM36818_Suwannee_O3,36818,289515324489998,Suwannee,Family Forest,3,608,Sweetbay / swamp tupelo / red maple,246,54.709131456830406,1.0,0.2223948433204488,0.4065040650406504,37
TM50147_Hamilton_O4,50147,451136773489998,Hamilton,Corporate/Other Private,4,608,Sweetbay / swamp tupelo / red maple,9918,2205.7120560522108,40.0,8.895793732817951,0.40330711837063926,68
TM68819_Columbia_O6,68819,740826397290487,Columbia,Federal,6,602,Sweetgum / Nuttall oak / willow oak,993,220.83807941720565,4.0,0.8895793732817951,0.4028197381671702,70
TM64219_Columbia_O3,64219,635664906126144,Columbia,Family Forest,3,608,Sweetbay / swamp tupelo / red maple,5462,1214.7206342162913,22.0,4.892686553049873,0.4027828634199927,70
TM35225_Suwannee_O3,35225,259083269010854,Suwannee,Family Forest,3,520,Mixed upland hardwoods,250,55.598710830112196,1.0,0.2223948433204488,0.4,20
TM64389_Suwannee_O3,64389,638334380126144,Suwannee,Family Forest,3,520,Mixed upland hardwoods,252,56.0435005167531,1.0,0.2223948433204488,0.3968253968253968,75
TM48595_Columbia_O8,48595,448940352489998,Columbia,Local,8,608,Sweetbay / swamp tupelo / red maple,252,56.0435005167531,1.0,0.2223948433204488,0.3968253968253968,60
TM2707_Suwannee_O3,2707,20282429010478,Suwannee,Family Forest,3,142,Slash pine,252,56.0435005167531,1.0,0.2223948433204488,0.3968253968253968,19
TM67277_Columbia_O3,67277,718562357290487,Columbia,Family Forest,3,141,Longleaf pine,504,112.0870010335062,2.0,0.4447896866408976,0.3968253968253968,77
TM48676_Columbia_O8,48676,448941011489998,Columbia,Local,8,141,Longleaf pine,254,56.488290203393994,1.0,0.2223948433204488,0.3937007874015748,38
TM23749_Baker_O6,23749,173002845010854,Baker,Federal,6,141,Longleaf pine,4584,1019.4579617809372,18.0,4.003107179768078,0.39267015706806285,114
TM48672_Baker_O3,48672,448941001489998,Baker,Family Forest,3,142,Slash pine,8162,1815.1867111815031,32.0,7.116634986254361,0.39206076941926,32
TM64167_Baker_O4,64167,635664717126144,Baker,Corporate/Other Private,4,142,Slash pine,3064,681.417799933855,12.0,2.6687381198453854,0.391644908616188,53
TM64173_Suwannee_O4,64173,635664733126144,Suwannee,Corporate/Other Private,4,602,Sweetgum / Nuttall oak / willow oak,256,56.93307989003489,1.0,0.2223948433204488,0.390625,61
TM59294_Baker_O3,59294,533664907126144,Baker,Family Forest,3,142,Slash pine,262,58.26744894995758,1.0,0.2223948433204488,0.3816793893129771,21
TM36847_Baker_O4,36847,289515438489998,Baker,Corporate/Other Private,4,161,Loblolly pine,264,58.712238636598485,1.0,0.2223948433204488,0.3787878787878788,18
TM48595_Columbia_O4,48595,448940352489998,Columbia,Corporate/Other Private,4,608,Sweetbay / swamp tupelo / red maple,800,177.91587465635902,3.0,0.6671845299613464,0.375,60
TM67527_Columbia_O3,67527,718604764290487,Columbia,Family Forest,3,141,Longleaf pine,1601,356.0541441560385,6.0,1.3343690599226927,0.3747657713928795,20
TM35379_Columbia_O7,35379,259178358010854,Columbia,State,7,520,Mixed upland hardwoods,270,60.04660769652118,1.0,0.2223948433204488,0.37037037037037035,48
TM48539_Columbia_O4,48539,448940076489998,Columbia,Corporate/Other Private,4,520,Mixed upland hardwoods,270,60.04660769652118,1.0,0.2223948433204488,0.37037037037037035,63
TM48672_Suwannee_O4,48672,448941001489998,Suwannee,Corporate/Other Private,4,142,Slash pine,541,120.3156102363628,2.0,0.4447896866408976,0.36968576709796674,32
TM36940_Baker_O3,36940,289515963489998,Baker,Family Forest,3,142,Slash pine,2755,612.6977933478364,10.0,2.2239484332044874,0.3629764065335753,91
TM48634_Baker_O3,48634,448940584489998,Baker,Family Forest,3,142,Slash pine,32066,7131.313045913511,116.0,25.79780182517206,0.36175388261710223,40
TM67277_Baker_O3,67277,718562357290487,Baker,Family Forest,3,141,Longleaf pine,278,61.82576644308477,1.0,0.2223948433204488,0.3597122302158273,77
TM43235_Hamilton_O3,43235,374861676489998,Hamilton,Family Forest,3,142,Slash pine,12001,2668.960514688706,43.0,9.562978262779298,0.3583034747104408,19
TM23748_Suwannee_O4,23748,173002842010854,Suwannee,Corporate/Other Private,4,142,Slash pine,3363,747.9138580866692,12.0,2.6687381198453854,0.3568242640499554,45
TM67458_Union_O3,67458,718604225290487,Union,Family Forest,3,520,Mixed upland hardwoods,282,62.71534581636656,1.0,0.2223948433204488,0.3546099290780142,8
TM36935_Baker_O3,36935,289515947489998,Baker,Family Forest,3,142,Slash pine,30514,6786.156249080174,108.0,24.018643078608466,0.3539358982762011,22
TM2699_Hamilton_O3,2699,20266493010478,Hamilton,Family Forest,3,520,Mixed upland hardwoods,2549,566.8844556238239,9.0,2.001553589884039,0.35307963907414674,75
TM23748_Columbia_O4,23748,173002842010854,Columbia,Corporate/Other Private,4,142,Slash pine,3116,692.9823317865183,11.0,2.446343276524937,0.35301668806161746,45
TM67513_Baker_O3,67513,718604487290487,Baker,Family Forest,3,142,Slash pine,284,63.16013550300746,1.0,0.2223948433204488,0.352112676056338,8
TM23749_Columbia_O6,23749,173002845010854,Columbia,Federal,6,141,Longleaf pine,48447,10774.362974345782,170.0,37.8071233644763,0.3508989204697917,114
TM13445_Columbia_O3,13445,43855313020004,Columbia,Family Forest,3,142,Slash pine,860,191.25956525558595,3.0,0.6671845299613464,0.3488372093023256,16
TM16549_Baker_O3,16549,61280243010478,Baker,Family Forest,3,501,Post oak / blackjack oak,574,127.65464006593761,2.0,0.4447896866408976,0.34843205574912894,31
TM64385_Columbia_O3,64385,638334348126144,Columbia,Family Forest,3,520,Mixed upland hardwoods,289,64.27210971960969,1.0,0.2223948433204488,0.3460207612456747,85
TM64483_Hamilton_O4,64483,638335132126144,Hamilton,Corporate/Other Private,4,142,Slash pine,583,129.65619365582162,2.0,0.4447896866408976,0.34305317324185247,36
TM48676_Columbia_O4,48676,448941011489998,Columbia,Corporate/Other Private,4,141,Longleaf pine,292,64.93929424957103,1.0,0.2223948433204488,0.3424657534246575,38
TM16549_Hamilton_O3,16549,61280243010478,Hamilton,Family Forest,3,501,Post oak / blackjack oak,2340,520.4039333698502,8.0,1.7791587465635903,0.3418803418803419,31
TM43188_Columbia_O8,43188,374861464489998,Columbia,Local,8,142,Slash pine,293,65.16168909289149,1.0,0.2223948433204488,0.3412969283276451,32
TM64226_Hamilton_O3,64226,635664945126144,Hamilton,Family Forest,3,142,Slash pine,3814,848.2139324241917,13.0,2.891132963165834,0.34084950183534346,60
TM67541_Hamilton_O4,67541,718604892290487,Hamilton,Corporate/Other Private,4,141,Longleaf pine,6511,1448.012824859442,22.0,4.892686553049873,0.33788972508063275,72
TM33346_Suwannee_O3,33346,249673610010854,Suwannee,Family Forest,3,142,Slash pine,595,132.324931775667,2.0,0.4447896866408976,0.33613445378151263,26
TM64406_Hamilton_O4,64406,638334495126144,Hamilton,Corporate/Other Private,4,142,Slash pine,24497,5448.006476821034,82.0,18.236377152276802,0.33473486549373394,29
TM67458_Hamilton_O3,67458,718604225290487,Hamilton,Family Forest,3,520,Mixed upland hardwoods,299,66.49605815281419,1.0,0.2223948433204488,0.33444816053511706,8
TM43163_Columbia_O3,43163,374861344489998,Columbia,Family Forest,3,403,Longleaf pine / oak,598,132.99211630562837,2.0,0.4447896866408976,0.33444816053511706,79
TM67541_Baker_O4,67541,718604892290487,Baker,Corporate/Other Private,4,141,Longleaf pine,2708,602.2452357117753,9.0,2.001553589884039,0.33234859675036926,72
TM67504_Suwannee_O3,67504,718604453290487,Suwannee,Family Forest,3,520,Mixed upland hardwoods,602,133.88169567891015,2.0,0.4447896866408976,0.33222591362126247,40
TM2743_Baker_O3,2743,20342987010478,Baker,Family Forest,3,142,Slash pine,39066,8688.076949156652,129.0,28.688934788337896,0.330210413146982,96
TM67372_Columbia_O6,67372,718603850290487,Columbia,Federal,6,608,Sweetbay / swamp tupelo / red maple,3352,745.4675148101443,11.0,2.446343276524937,0.32816229116945106,31
TM43321_Baker_O3,43321,374862323489998,Baker,Family Forest,3,141,Longleaf pine,1524,338.92974122036395,5.0,1.111974216602244,0.32808398950131235,55
TM67513_Columbia_O4,67513,718604487290487,Columbia,Corporate/Other Private,4,142,Slash pine,613,136.3280389554351,2.0,0.4447896866408976,0.3262642740619902,8
TM67205_Hamilton_O4,67205,718562044290487,Hamilton,Corporate/Other Private,4,161,Loblolly pine,15498,3446.6752817803153,50.0,11.11974216602244,0.32262227384178604,4
TM59294_Hamilton_O4,59294,533664907126144,Hamilton,Corporate/Other Private,4,142,Slash pine,11817,2628.039863517743,38.0,8.451004046177054,0.32157061860032154,21
TM36847_Columbia_O6,36847,289515438489998,Columbia,Federal,6,161,Loblolly pine,2804,623.5951406705384,9.0,2.001553589884039,0.3209700427960057,18
TM64454_Baker_O4,64454,638334746126144,Baker,Corporate/Other Private,4,142,Slash pine,8791,1955.0730676300655,28.0,6.227055612972566,0.3185075645546582,21
TM48632_Columbia_O3,48632,448940577489998,Columbia,Family Forest,3,142,Slash pine,314,69.83198080262092,1.0,0.2223948433204488,0.3184713375796178,25
TM50161_Hamilton_O4,50161,451136803489998,Hamilton,Corporate/Other Private,4,608,Sweetbay / swamp tupelo / red maple,314,69.83198080262092,1.0,0.2223948433204488,0.3184713375796178,46
TM43151_Suwannee_O3,43151,374861300489998,Suwannee,Family Forest,3,161,Loblolly pine,955,212.38707537102857,3.0,0.6671845299613464,0.31413612565445026,19
TM31045_Columbia_O8,31045,218218672020004,Columbia,Local,8,161,Loblolly pine,959,213.27665474431038,3.0,0.6671845299613464,0.31282586027111575,42
TM48429_Union_O3,48429,448939593489998,Union,Family Forest,3,608,Sweetbay / swamp tupelo / red maple,959,213.27665474431038,3.0,0.6671845299613464,0.31282586027111575,75
TM48658_Suwannee_O3,48658,448940864489998,Suwannee,Family Forest,3,142,Slash pine,22265,4951.621186529793,69.0,15.345244189110964,0.3099034358859196,28
TM64293_Baker_O3,64293,638333844126144,Baker,Family Forest,3,161,Loblolly pine,11353,2524.848656217055,35.0,7.783819516215707,0.3082885580903726,5
TM67535_Columbia_O6,67535,718604877290487,Columbia,Federal,6,608,Sweetbay / swamp tupelo / red maple,2276,506.17066339734146,7.0,1.5567639032431415,0.30755711775043937,81
TM67524_Baker_O6,67524,718604753290487,Baker,Federal,6,161,Loblolly pine,976,217.057367080758,3.0,0.6671845299613464,0.3073770491803279,6
TM23748_Suwannee_O3,23748,173002842010854,Suwannee,Family Forest,3,142,Slash pine,2928,651.172101242274,9.0,2.001553589884039,0.3073770491803279,45
TM2699_Columbia_O4,2699,20266493010478,Columbia,Corporate/Other Private,4,520,Mixed upland hardwoods,326,72.5007189224663,1.0,0.2223948433204488,0.3067484662576687,75
TM67541_Suwannee_O3,67541,718604892290487,Suwannee,Family Forest,3,141,Longleaf pine,13702,3047.254143176789,42.0,9.340583419458849,0.3065245949496424,72
TM67535_Union_O7,67535,718604877290487,Union,State,7,608,Sweetbay / swamp tupelo / red maple,329,73.16790345242765,1.0,0.2223948433204488,0.303951367781155,81
TM36841_Columbia_O6,36841,289515421489998,Columbia,Federal,6,608,Sweetbay / swamp tupelo / red maple,661,147.00299143481664,2.0,0.4447896866408976,0.30257186081694404,35
TM24488_Columbia_O4,24488,176859781010854,Columbia,Corporate/Other Private,4,142,Slash pine,331,73.61269313906854,1.0,0.2223948433204488,0.3021148036253776,25
TM67502_Suwannee_O3,67502,718604451290487,Suwannee,Family Forest,3,520,Mixed upland hardwoods,1987,441.89855367773174,6.0,1.3343690599226927,0.3019627579265224,32
TM23748_Baker_O4,23748,173002842010854,Baker,Corporate/Other Private,4,142,Slash pine,8002,1779.6035362502312,24.0,5.337476239690771,0.2999250187453137,45
TM43315_Suwannee_O4,43315,374862210489998,Suwannee,Corporate/Other Private,4,407,Slash pine / hardwood,1007,223.95160722369192,3.0,0.6671845299613464,0.29791459781529295,41
TM67205_Columbia_O3,67205,718562044290487,Columbia,Family Forest,3,161,Loblolly pine,10088,2243.519179416687,30.0,6.671845299613464,0.2973830293417922,4
TM64454_Columbia_O4,64454,638334746126144,Columbia,Corporate/Other Private,4,142,Slash pine,3041,676.3027185374847,9.0,2.001553589884039,0.295955277869122,21
TM43188_Suwannee_O4,43188,374861464489998,Suwannee,Corporate/Other Private,4,142,Slash pine,339,75.39185188563214,1.0,0.2223948433204488,0.2949852507374631,32
TM13435_Columbia_O4,13435,43855081020004,Columbia,Corporate/Other Private,4,142,Slash pine,3391,754.1409136996418,10.0,2.223948433204488,0.29489826010026543,13
TM36964_Columbia_O3,36964,289516229489998,Columbia,Family Forest,3,520,Mixed upland hardwoods,1699,377.84883880144247,5.0,1.111974216602244,0.2942907592701589,61
TM2743_Columbia_O6,2743,20342987010478,Columbia,Federal,6,142,Slash pine,33374,7422.205500976658,98.0,21.794694645403982,0.29364175705639123,96
TM2699_Hamilton_O4,2699,20266493010478,Hamilton,Corporate/Other Private,4,520,Mixed upland hardwoods,2384,530.1893064759498,7.0,1.5567639032431415,0.2936241610738255,75
TM23747_Columbia_O6,23747,173002836010854,Columbia,Federal,6,142,Slash pine,31028,6900.467198546885,91.0,20.237930742160838,0.29328348588371794,41
TM67541_Columbia_O6,67541,718604892290487,Columbia,Federal,6,141,Longleaf pine,3084,685.865696800264,9.0,2.001553589884039,0.2918287937743191,72
TM48571_Suwannee_O4,48571,448940206489998,Suwannee,Corporate/Other Private,4,142,Slash pine,1725,383.63110472777413,5.0,1.111974216602244,0.2898550724637681,28
TM23749_Baker_O3,23749,173002845010854,Baker,Family Forest,3,141,Longleaf pine,4503,1001.4439794719809,13.0,2.891132963165834,0.28869642460581835,114
TM67530_Columbia_O4,67530,718604867290487,Columbia,Corporate/Other Private,4,141,Longleaf pine,347,77.17101063219573,1.0,0.2223948433204488,0.2881844380403458,80
TM67378_Columbia_O3,67378,718603881290487,Columbia,Family Forest,3,403,Longleaf pine / oak,1042,231.7354267399076,3.0,0.6671845299613464,0.28790786948176583,66
TM67455_Suwannee_O4,67455,718604221290487,Suwannee,Corporate/Other Private,4,142,Slash pine,1050,233.51458548647122,3.0,0.6671845299613464,0.2857142857142857,37
TM67458_Columbia_O4,67458,718604225290487,Columbia,Corporate/Other Private,4,520,Mixed upland hardwoods,700,155.67639032431416,2.0,0.4447896866408976,0.2857142857142857,8
TM36911_Baker_O3,36911,289515792489998,Baker,Family Forest,3,514,Southern scrub oak,3900,867.3398889497503,11.0,2.446343276524937,0.28205128205128205,50
TM64167_Columbia_O4,64167,635664717126144,Columbia,Corporate/Other Private,4,142,Slash pine,1427,317.3574414182804,4.0,0.8895793732817951,0.2803083391730904,53
TM43237_Columbia_O4,43237,374861690489998,Columbia,Corporate/Other Private,4,602,Sweetgum / Nuttall oak / willow oak,2175,483.7087842219761,6.0,1.3343690599226927,0.27586206896551724,60
TM36897_Hamilton_O8,36897,289515725489998,Hamilton,Local,8,406,Loblolly pine / hardwood,364,80.95172296864335,1.0,0.2223948433204488,0.27472527472527475,37
TM67541_Suwannee_O4,67541,718604892290487,Suwannee,Corporate/Other Private,4,141,Longleaf pine,2559,569.1084040570285,7.0,1.5567639032431415,0.27354435326299337,72
TM59213_Hamilton_O7,59213,533664592126144,Hamilton,State,7,407,Slash pine / hardwood,367,81.6189074986047,1.0,0.2223948433204488,0.2724795640326976,56
TM33348_Columbia_O3,33348,249673677010854,Columbia,Family Forest,3,520,Mixed upland hardwoods,372,82.73088171520695,1.0,0.2223948433204488,0.26881720430107525,10
TM21265_Hamilton_O4,21265,140568302010478,Hamilton,Corporate/Other Private,4,514,Southern scrub oak,1129,251.08377810878667,3.0,0.6671845299613464,0.2657218777679362,28
TM48672_Columbia_O3,48672,448941001489998,Columbia,Family Forest,3,142,Slash pine,1885,419.2142796590459,5.0,1.111974216602244,0.26525198938992045,32
TM64293_Hamilton_O3,64293,638333844126144,Hamilton,Family Forest,3,161,Loblolly pine,3414,759.2559950960122,9.0,2.001553589884039,0.26362038664323373,5
TM67126_Hamilton_O3,67126,718561805290487,Hamilton,Family Forest,3,142,Slash pine,762,169.46487061018198,2.0,0.4447896866408976,0.26246719160104987,19
TM50163_Suwannee_O3,50163,451136805489998,Suwannee,Family Forest,3,508,Sweetgum / yellow-poplar,763,169.68726545350242,2.0,0.4447896866408976,0.2621231979030144,10
TM64293_Columbia_O8,64293,638333844126144,Columbia,Local,8,161,Loblolly pine,3064,681.417799933855,8.0,1.7791587465635903,0.26109660574412535,5
TM48594_Suwannee_O4,48594,448940350489998,Suwannee,Corporate/Other Private,4,520,Mixed upland hardwoods,1924,427.8876785485434,5.0,1.111974216602244,0.2598752598752599,41
TM43225_Baker_O8,43225,374861608489998,Baker,Local,8,520,Mixed upland hardwoods,386,85.84440952169322,1.0,0.2223948433204488,0.25906735751295334,51
TM59213_Baker_O3,59213,533664592126144,Baker,Family Forest,3,407,Slash pine / hardwood,1545,343.60003293009333,4.0,0.8895793732817951,0.2588996763754045,56
TM36966_Columbia_O3,36966,289516233489998,Columbia,Family Forest,3,142,Slash pine,5822,1294.7827778116527,15.0,3.335922649806732,0.2576434215046376,14
TM31045_Baker_O3,31045,218218672020004,Baker,Family Forest,3,161,Loblolly pine,1172,260.64675637156597,3.0,0.6671845299613464,0.25597269624573377,42
TM36935_Baker_O6,36935,289515947489998,Baker,Federal,6,142,Slash pine,5867,1304.790545761073,15.0,3.3359226498067316,0.2556672916311573,22
TM64293_Baker_O4,64293,638333844126144,Baker,Corporate/Other Private,4,161,Loblolly pine,5097,1133.5465164043273,13.0,2.891132963165834,0.2550519913674711,5
TM64448_Columbia_O4,64448,638334723126144,Columbia,Corporate/Other Private,4,608,Sweetbay / swamp tupelo / red maple,1182,262.87070480477047,3.0,0.6671845299613464,0.25380710659898476,63
TM23747_Baker_O6,23747,173002836010854,Baker,Federal,6,142,Slash pine,7918,1760.9223694113134,20.0,4.447896866408976,0.2525890376357666,41
TM31045_Suwannee_O3,31045,218218672020004,Suwannee,Family Forest,3,161,Loblolly pine,3180,707.2156017590271,8.0,1.7791587465635903,0.25157232704402516,42
TM67541_Baker_O8,67541,718604892290487,Baker,Local,8,141,Longleaf pine,399,88.73554248485907,1.0,0.2223948433204488,0.2506265664160401,72
TM67338_Hamilton_O4,67338,718603673290487,Hamilton,Corporate/Other Private,4,508,Sweetgum / yellow-poplar,400,88.95793732817951,1.0,0.2223948433204488,0.25,60
TM67205_Baker_O3,67205,718562044290487,Baker,Family Forest,3,161,Loblolly pine,6016,1337.9273774158198,15.0,3.335922649806732,0.24933510638297873,4
TM2718_Columbia_O3,2718,20303487010478,Columbia,Family Forest,3,142,Slash pine,1209,268.8753655744226,3.0,0.6671845299613464,0.24813895781637718,38
TM67371_Columbia_O6,67371,718603849290487,Columbia,Federal,6,141,Longleaf pine,21400,4759.249647057604,53.0,11.786926695983786,0.24766355140186916,44
TM64449_Columbia_O6,64449,638334724126144,Columbia,Federal,6,141,Longleaf pine,410,91.181885761384,1.0,0.2223948433204488,0.24390243902439024,4
TM43326_Columbia_O6,43326,374862340489998,Columbia,Federal,6,608,Sweetbay / swamp tupelo / red maple,1257,279.5503180538041,3.0,0.6671845299613464,0.2386634844868735,45
TM48672_Baker_O4,48672,448941001489998,Baker,Corporate/Other Private,4,142,Slash pine,4612,1025.68501739391,11.0,2.4463432765249364,0.23850823937554205,32
TM36771_Suwannee_O4,36771,289515061489998,Suwannee,Corporate/Other Private,4,514,Southern scrub oak,849,188.813221979061,2.0,0.4447896866408976,0.23557126030624265,87
TM64403_Hamilton_O4,64403,638334483126144,Hamilton,Corporate/Other Private,4,403,Longleaf pine / oak,851,189.2580116657019,2.0,0.4447896866408976,0.23501762632197415,37
TM36736_Suwannee_O4,36736,289514938489998,Suwannee,Corporate/Other Private,4,607,Baldcypress / water tupelo,427,94.96259809783163,1.0,0.2223948433204488,0.234192037470726,141
TM13183_Baker_O6,13183,43266266020004,Baker,Federal,6,609,Baldcypress / pondcypress,1282,285.11018913681534,3.0,0.6671845299613464,0.23400936037441497,73
TM64444_Columbia_O3,64444,638334713126144,Columbia,Family Forest,3,520,Mixed upland hardwoods,4739,1053.9291624956068,11.0,2.446343276524937,0.23211648027009918,37
TM64368_Hamilton_O3,64368,638334272126144,Hamilton,Family Forest,3,608,Sweetbay / swamp tupelo / red maple,431,95.85217747111342,1.0,0.2223948433204488,0.23201856148491878,18
TM64226_Suwannee_O3,64226,635664945126144,Suwannee,Family Forest,3,142,Slash pine,9493,2111.1942476410204,22.0,4.892686553049873,0.23174971031286212,60
TM35375_Columbia_O3,35375,259178255010854,Columbia,Family Forest,3,142,Slash pine,888,197.4866208685585,2.0,0.4447896866408976,0.22522522522522523,36
TM2731_Suwannee_O3,2731,20322920010478,Suwannee,Family Forest,3,142,Slash pine,1785,396.97479532700106,4.0,0.8895793732817951,0.22408963585434175,22
TM67205_Suwannee_O4,67205,718562044290487,Suwannee,Corporate/Other Private,4,161,Loblolly pine,1341,298.2314848927218,3.0,0.6671845299613464,0.22371364653243847,4
TM48589_Suwannee_O3,48589,448940340489998,Suwannee,Family Forest,3,142,Slash pine,8050,1790.2784887296127,18.0,4.003107179768078,0.2236024844720497,22
TM48557_Suwannee_O3,48557,448940171489998,Suwannee,Family Forest,3,142,Slash pine,5829,1296.3395417148959,13.0,2.8911329631658345,0.22302281694973408,24
TM67475_Suwannee_O3,67475,718604294290487,Suwannee,Family Forest,3,407,Slash pine / hardwood,13904,3092.17790152752,31.0,6.894240142933913,0.22295742232451093,51
TM50146_Hamilton_O3,50146,451136772489998,Hamilton,Family Forest,3,142,Slash pine,4542,1010.1173783614784,10.0,2.223948433204488,0.22016732716864817,16
TM64294_Baker_O4,64294,638333845126144,Baker,Corporate/Other Private,4,161,Loblolly pine,5004,1112.8637959755256,11.0,2.446343276524937,0.21982414068745004,5
TM64293_Union_O4,64293,638333844126144,Union,Corporate/Other Private,4,161,Loblolly pine,2736,608.4722913247479,6.0,1.3343690599226927,0.21929824561403508,5
TM2699_Columbia_O3,2699,20266493010478,Columbia,Family Forest,3,520,Mixed upland hardwoods,457,101.6344433974451,1.0,0.2223948433204488,0.2188183807439825,75
TM43326_Hamilton_O4,43326,374862340489998,Hamilton,Corporate/Other Private,4,608,Sweetbay / swamp tupelo / red maple,457,101.6344433974451,1.0,0.2223948433204488,0.2188183807439825,45
TM67513_Columbia_O3,67513,718604487290487,Columbia,Family Forest,3,142,Slash pine,2313,514.3992726001981,5.0,1.111974216602244,0.21616947686986598,8
TM64483_Columbia_O8,64483,638335132126144,Columbia,Local,8,142,Slash pine,931,207.0495991313378,2.0,0.4447896866408976,0.21482277121374865,36
TM2623_Columbia_O3,2623,17498047010478,Columbia,Family Forest,3,161,Loblolly pine,467,103.85839183064958,1.0,0.2223948433204488,0.21413276231263384,47
TM55429_Suwannee_O3,55429,495147823126144,Suwannee,Family Forest,3,142,Slash pine,935,207.9391785046196,2.0,0.4447896866408976,0.21390374331550802,36
TM43204_Suwannee_O3,43204,374861532489998,Suwannee,Family Forest,3,142,Slash pine,1901,422.77259715217315,4.0,0.8895793732817951,0.21041557075223566,18
TM2739_Baker_O3,2739,20336120010478,Baker,Family Forest,3,520,Mixed upland hardwoods,476,105.85994542053362,1.0,0.2223948433204488,0.21008403361344538,75
TM43076_Baker_O6,43076,374860995489998,Baker,Federal,6,983,Palms,957,212.8318650576695,2.0,0.4447896866408976,0.2089864158829676,41
TM67277_Hamilton_O3,67277,718562357290487,Hamilton,Family Forest,3,141,Longleaf pine,481,106.97191963713587,1.0,0.2223948433204488,0.2079002079002079,77
TM67205_Hamilton_O3,67205,718562044290487,Hamilton,Family Forest,3,161,Loblolly pine,19241,4279.099180328755,40.0,8.895793732817951,0.20788940283769036,4
TM67524_Hamilton_O4,67524,718604753290487,Hamilton,Corporate/Other Private,4,161,Loblolly pine,488,108.528683540379,1.0,0.2223948433204488,0.20491803278688525,6
TM16549_Columbia_O4,16549,61280243010478,Columbia,Corporate/Other Private,4,501,Post oak / blackjack oak,1475,328.03239389766196,3.0,0.6671845299613464,0.2033898305084746,31
TM50160_Hamilton_O3,50160,451136801489998,Hamilton,Family Forest,3,142,Slash pine,2464,547.9808939415858,5.0,1.111974216602244,0.20292207792207792,24
TM36819_Suwannee_O3,36819,289515325489998,Suwannee,Family Forest,3,142,Slash pine,990,220.1708948872443,2.0,0.4447896866408976,0.20202020202020202,14
TM31045_Union_O3,31045,218218672020004,Union,Family Forest,3,161,Loblolly pine,495,110.08544744362214,1.0,0.2223948433204488,0.20202020202020202,42
TM67205_Baker_O4,67205,718562044290487,Baker,Corporate/Other Private,4,161,Loblolly pine,10981,2442.117774501848,22.0,4.892686553049873,0.20034605227210636,4
TM48627_Columbia_O3,48627,448940560489998,Columbia,Family Forest,3,142,Slash pine,1011,224.84118659697373,2.0,0.4447896866408976,0.19782393669634027,24
TM67535_Union_O3,67535,718604877290487,Union,Family Forest,3,608,Sweetbay / swamp tupelo / red maple,4565,1015.2324597578487,9.0,2.001553589884039,0.19715224534501644,81
TM67457_Hamilton_O4,67457,718604224290487,Hamilton,Corporate/Other Private,4,514,Southern scrub oak,512,113.86615978006978,1.0,0.2223948433204488,0.1953125,41
TM23747_Baker_O4,23747,173002836010854,Baker,Corporate/Other Private,4,142,Slash pine,1036,230.40105767998494,2.0,0.4447896866408976,0.19305019305019305,41
TM43235_Hamilton_O4,43235,374861676489998,Hamilton,Corporate/Other Private,4,142,Slash pine,15558,3460.018972379542,30.0,6.671845299613464,0.19282684149633628,19
TM67284_Suwannee_O3,67284,718603453290487,Suwannee,Family Forest,3,520,Mixed upland hardwoods,522,116.09010821327426,1.0,0.2223948433204488,0.19157088122605365,47
TM48597_Columbia_O6,48597,448940360489998,Columbia,Federal,6,520,Mixed upland hardwoods,528,117.42447727319696,1.0,0.2223948433204488,0.1893939393939394,40
TM67511_Baker_O4,67511,718604485290487,Baker,Corporate/Other Private,4,161,Loblolly pine,11142,2477.9233442764407,21.0,4.670291709729424,0.1884760366182014,17
TM59428_Columbia_O8,59428,533665395126144,Columbia,Local,8,142,Slash pine,1607,357.3885132159612,3.0,0.6671845299613464,0.18668326073428748,36
TM67277_Hamilton_O4,67277,718562357290487,Hamilton,Corporate/Other Private,4,141,Longleaf pine,539,119.8708205497219,1.0,0.2223948433204488,0.18552875695732837,77
TM64293_Suwannee_O3,64293,638333844126144,Suwannee,Family Forest,3,161,Loblolly pine,39963,8887.565123615093,74.0,16.45721840571321,0.1851712834371794,5
TM36941_Columbia_O3,36941,289515964489998,Columbia,Family Forest,3,407,Slash pine / hardwood,1622,360.72443586576793,3.0,0.6671845299613464,0.18495684340320592,58
TM36896_Suwannee_O3,36896,289515723489998,Suwannee,Family Forest,3,508,Sweetgum / yellow-poplar,4918,1093.7378394499672,9.0,2.001553589884039,0.18300122000813338,15
TM36896_Suwannee_O4,36896,289515723489998,Suwannee,Corporate/Other Private,4,508,Sweetgum / yellow-poplar,547,121.64997929628548,1.0,0.2223948433204488,0.18281535648994515,15
TM67205_Columbia_O4,67205,718562044290487,Columbia,Corporate/Other Private,4,161,Loblolly pine,10958,2437.0026931054776,20.0,4.447896866408976,0.18251505749224312,4
TM55429_Columbia_O3,55429,495147823126144,Columbia,Family Forest,3,142,Slash pine,550,122.31716382624683,1.0,0.2223948433204488,0.18181818181818182,36
TM50179_Columbia_O6,50179,451136876489998,Columbia,Federal,6,608,Sweetbay / swamp tupelo / red maple,3332,741.0196179437353,6.0,1.3343690599226927,0.18007202881152462,55
TM64293_Columbia_O3,64293,638333844126144,Columbia,Family Forest,3,161,Loblolly pine,18540,4123.2003951611205,33.0,7.33902982957481,0.1779935275080906,5
TM36788_Suwannee_O4,36788,289515121489998,Suwannee,Corporate/Other Private,4,164,Sand pine,562,124.98590194609221,1.0,0.2223948433204488,0.17793594306049823,15
TM48676_Baker_O6,48676,448941011489998,Baker,Federal,6,141,Longleaf pine,1124,249.97180389218443,2.0,0.4447896866408976,0.17793594306049823,38
TM50203_Hamilton_O3,50203,451136968489998,Hamilton,Family Forest,3,609,Baldcypress / pondcypress,563,125.20829678941266,1.0,0.2223948433204488,0.17761989342806395,95
TM36906_Columbia_O3,36906,289515773489998,Columbia,Family Forest,3,142,Slash pine,1126,250.4165935788253,2.0,0.4447896866408976,0.17761989342806395,21
TM48633_Baker_O3,48633,448940579489998,Baker,Family Forest,3,142,Slash pine,12388,2755.0273190537196,22.0,4.892686553049874,0.17759121730707136,18
TM67275_Hamilton_O4,67275,718562342290487,Hamilton,Corporate/Other Private,4,142,Slash pine,2260,502.61234590421424,4.0,0.8895793732817951,0.17699115044247787,70
TM64407_Columbia_O6,64407,638334496126144,Columbia,Federal,6,608,Sweetbay / swamp tupelo / red maple,1702,378.5160233314038,3.0,0.6671845299613464,0.1762632197414806,7
TM67524_Columbia_O6,67524,718604753290487,Columbia,Federal,6,161,Loblolly pine,1152,256.19885950515703,2.0,0.4447896866408976,0.1736111111111111,6
TM67211_Columbia_O8,67211,718562060290487,Columbia,Local,8,705,Sycamore / pecan / American elm,583,129.65619365582162,1.0,0.2223948433204488,0.17152658662092624,21
TM64376_Columbia_O3,64376,638334315126144,Columbia,Family Forest,3,161,Loblolly pine,6419,1427.5524992739606,11.0,2.446343276524937,0.17136625642623463,22
TM64298_Suwannee_O3,64298,638333866126144,Suwannee,Family Forest,3,142,Slash pine,1782,396.30761079703973,3.0,0.6671845299613464,0.16835016835016836,4
TM36830_Columbia_O3,36830,289515366489998,Columbia,Family Forest,3,520,Mixed upland hardwoods,1784,396.7524004836806,3.0,0.6671845299613464,0.1681614349775785,69
TM48595_Columbia_O6,48595,448940352489998,Columbia,Federal,6,608,Sweetbay / swamp tupelo / red maple,601,133.6593008355897,1.0,0.2223948433204488,0.16638935108153077,60
TM67372_Hamilton_O4,67372,718603850290487,Hamilton,Corporate/Other Private,4,608,Sweetbay / swamp tupelo / red maple,1231,273.76805212747246,2.0,0.4447896866408976,0.16246953696181965,31
TM55429_Columbia_O4,55429,495147823126144,Columbia,Corporate/Other Private,4,142,Slash pine,620,137.88480285867826,1.0,0.2223948433204488,0.16129032258064516,36
TM21259_Hamilton_O4,21259,140564077010478,Hamilton,Corporate/Other Private,4,608,Sweetbay / swamp tupelo / red maple,7459,1658.8431363272275,12.0,2.6687381198453854,0.16087947446038342,55
TM48557_Suwannee_O4,48557,448940171489998,Suwannee,Corporate/Other Private,4,142,Slash pine,2498,555.542318614481,4.0,0.8895793732817951,0.16012810248198558,24
TM36771_Suwannee_O3,36771,289515061489998,Suwannee,Family Forest,3,514,Southern scrub oak,6420,1427.774894117281,10.0,2.223948433204488,0.1557632398753894,87
TM43157_Baker_O4,43157,374861329489998,Baker,Corporate/Other Private,4,161,Loblolly pine,647,143.88946362833036,1.0,0.2223948433204488,0.1545595054095827,38
TM13435_Columbia_O3,13435,43855081020004,Columbia,Family Forest,3,142,Slash pine,3906,868.6742580096729,6.0,1.3343690599226927,0.15360983102918588,13
TM21265_Hamilton_O3,21265,140568302010478,Hamilton,Family Forest,3,514,Southern scrub oak,2606,579.5609616930896,4.0,0.8895793732817951,0.15349194167306215,28
TM48571_Suwannee_O3,48571,448940206489998,Suwannee,Family Forest,3,142,Slash pine,7202,1601.687661593872,11.0,2.446343276524937,0.15273535129130797,28
TM67324_Suwannee_O4,67324,718603599290487,Suwannee,Corporate/Other Private,4,520,Mixed upland hardwoods,655,145.66862237489394,1.0,0.2223948433204488,0.15267175572519084,47
TM64293_Hamilton_O4,64293,638333844126144,Hamilton,Corporate/Other Private,4,161,Loblolly pine,657,146.11341206153486,1.0,0.2223948433204488,0.15220700152207,5
TM48589_Columbia_O6,48589,448940340489998,Columbia,Federal,6,142,Slash pine,671,149.22693986802113,1.0,0.2223948433204488,0.14903129657228018,22
TM13446_Baker_O4,13446,43855325020004,Baker,Corporate/Other Private,4,142,Slash pine,673,149.67172955466202,1.0,0.2223948433204488,0.1485884101040119,35
TM16549_Hamilton_O4,16549,61280243010478,Hamilton,Corporate/Other Private,4,501,Post oak / blackjack oak,1346,299.34345910932404,2.0,0.4447896866408976,0.1485884101040119,31
TM36934_Hamilton_O4,36934,289515946489998,Hamilton,Corporate/Other Private,4,608,Sweetbay / swamp tupelo / red maple,675,150.11651924130294,1.0,0.2223948433204488,0.14814814814814814,36
TM50203_Hamilton_O4,50203,451136968489998,Hamilton,Corporate/Other Private,4,609,Baldcypress / pondcypress,675,150.11651924130294,1.0,0.2223948433204488,0.14814814814814814,95
TM21265_Baker_O3,21265,140568302010478,Baker,Family Forest,3,514,Southern scrub oak,677,150.56130892794383,1.0,0.2223948433204488,0.14771048744460857,28
TM67371_Baker_O3,67371,718603849290487,Baker,Family Forest,3,141,Longleaf pine,2056,457.24379786684267,3.0,0.6671845299613464,0.14591439688715954,44
TM67236_Hamilton_O4,67236,718562166290487,Hamilton,Corporate/Other Private,4,142,Slash pine,695,154.5644161077119,1.0,0.2223948433204488,0.14388489208633093,28
TM67453_Baker_O3,67453,718604216290487,Baker,Family Forest,3,608,Sweetbay / swamp tupelo / red maple,4183,930.2776296094372,6.0,1.3343690599226927,0.14343772412144393,85
TM43321_Columbia_O6,43321,374862323489998,Columbia,Federal,6,141,Longleaf pine,1406,312.687149708551,2.0,0.4447896866408976,0.1422475106685633,55
TM67509_Baker_O3,67509,718604473290487,Baker,Family Forest,3,142,Slash pine,18994,4224.167654028604,27.0,6.0046607696521175,0.1421501526797936,21
TM64384_Baker_O6,64384,638334343126144,Baker,Federal,6,407,Slash pine / hardwood,2127,473.03383174259454,3.0,0.6671845299613464,0.14104372355430184,90
TM67523_Baker_O3,67523,718604718290487,Baker,Family Forest,3,141,Longleaf pine,46262,10288.430241690601,65.0,14.45566481582917,0.14050408542648393,16
TM50212_Hamilton_O3,50212,451136999489998,Hamilton,Family Forest,3,141,Longleaf pine,5057,1124.6507226715096,7.0,1.5567639032431415,0.13842198932173225,121
TM64293_Columbia_O4,64293,638333844126144,Columbia,Corporate/Other Private,4,161,Loblolly pine,16628,3697.9814547324227,23.0,5.115081396370321,0.13832090449843637,5
TM67279_Columbia_O8,67279,718562372290487,Columbia,Local,8,142,Slash pine,1454,323.3621021879325,2.0,0.4447896866408976,0.1375515818431912,42
TM35383_Columbia_O3,35383,259178425010854,Columbia,Family Forest,3,514,Southern scrub oak,732,162.7930253105685,1.0,0.2223948433204488,0.1366120218579235,30
TM48633_Baker_O6,48633,448940579489998,Baker,Federal,6,142,Slash pine,737,163.90499952717076,1.0,0.2223948433204488,0.13568521031207598,18
TM43237_Columbia_O3,43237,374861690489998,Columbia,Family Forest,3,602,Sweetgum / Nuttall oak / willow oak,743,165.23936858709345,1.0,0.2223948433204488,0.13458950201884254,60
TM24488_Columbia_O3,24488,176859781010854,Columbia,Family Forest,3,142,Slash pine,1490,331.3683165474687,2.0,0.4447896866408976,0.1342281879194631,25
TM67238_Suwannee_O3,67238,718562171290487,Suwannee,Family Forest,3,602,Sweetgum / Nuttall oak / willow oak,1506,334.92663404059584,2.0,0.4447896866408976,0.13280212483399734,103
TM50161_Hamilton_O3,50161,451136803489998,Hamilton,Family Forest,3,608,Sweetbay / swamp tupelo / red maple,758,168.57529123690017,1.0,0.2223948433204488,0.13192612137203166,46
TM2743_Baker_O6,2743,20342987010478,Baker,Federal,6,142,Slash pine,49804,11076.152776731631,62.0,13.788480285867825,0.1244879929322946,96
TM64382_Baker_O4,64382,638334334126144,Baker,Corporate/Other Private,4,161,Loblolly pine,1613,358.7228822758839,2.0,0.4447896866408976,0.12399256044637322,17
TM67453_Columbia_O6,67453,718604216290487,Columbia,Federal,6,608,Sweetbay / swamp tupelo / red maple,6503,1446.2336661128784,8.0,1.7791587465635903,0.12302014454866984,85
TM36941_Columbia_O4,36941,289515964489998,Columbia,Corporate/Other Private,4,407,Slash pine / hardwood,824,183.2533508960498,1.0,0.2223948433204488,0.12135922330097088,58
TM67458_Columbia_O3,67458,718604225290487,Columbia,Family Forest,3,520,Mixed upland hardwoods,826,183.69814058269068,1.0,0.2223948433204488,0.12106537530266344,8
TM36786_Baker_O4,36786,289515115489998,Baker,Corporate/Other Private,4,161,Loblolly pine,834,185.4772993292543,1.0,0.2223948433204488,0.11990407673860912,37
TM48445_Columbia_O8,48445,448939642489998,Columbia,Local,8,161,Loblolly pine,4188,931.3896038260395,5.0,1.111974216602244,0.11938872970391595,59
TM21259_Columbia_O3,21259,140564077010478,Columbia,Family Forest,3,608,Sweetbay / swamp tupelo / red maple,10911,2426.550135469417,13.0,2.8911329631658345,0.11914581614884062,55
TM59213_Baker_O6,59213,533664592126144,Baker,Federal,6,407,Slash pine / hardwood,1689,375.62489036823797,2.0,0.4447896866408976,0.11841326228537596,56
TM48560_Columbia_O3,48560,448940175489998,Columbia,Family Forest,3,602,Sweetgum / Nuttall oak / willow oak,851,189.2580116657019,1.0,0.2223948433204488,0.11750881316098707,41
TM36940_Baker_O4,36940,289515963489998,Baker,Corporate/Other Private,4,142,Slash pine,5170,1149.7813399667202,6.0,1.3343690599226927,0.11605415860735009,91
TM67205_Suwannee_O3,67205,718562044290487,Suwannee,Family Forest,3,161,Loblolly pine,4387,975.6461776468088,5.0,1.111974216602244,0.11397310234784591,4
TM50154_Hamilton_O3,50154,451136790489998,Hamilton,Family Forest,3,608,Sweetbay / swamp tupelo / red maple,1755,390.3029500273876,2.0,0.4447896866408976,0.11396011396011396,50
TM48672_Columbia_O4,48672,448941001489998,Columbia,Corporate/Other Private,4,142,Slash pine,2643,587.7895708959461,3.0,0.6671845299613464,0.11350737797956867,32
TM67455_Suwannee_O3,67455,718604221290487,Suwannee,Family Forest,3,142,Slash pine,5316,1182.2509870915057,6.0,1.3343690599226927,0.11286681715575621,37
TM50146_Hamilton_O4,50146,451136772489998,Hamilton,Corporate/Other Private,4,142,Slash pine,2690,598.2421285320072,3.0,0.6671845299613464,0.11152416356877323,16
TM36964_Suwannee_O3,36964,289516229489998,Suwannee,Family Forest,3,520,Mixed upland hardwoods,1812,402.97945609665317,2.0,0.4447896866408976,0.11037527593818984,61
TM48676_Columbia_O6,48676,448941011489998,Columbia,Federal,6,141,Longleaf pine,1829,406.76016843310083,2.0,0.4447896866408976,0.10934937124111536,38
TM64343_Baker_O3,64343,638334109126144,Baker,Family Forest,3,141,Longleaf pine,920,204.6032558548129,1.0,0.2223948433204488,0.10869565217391304,91
TM60339_Union_O3,60339,548083851126144,Union,Family Forest,3,520,Mixed upland hardwoods,962,213.94383927427174,1.0,0.2223948433204488,0.10395010395010396,48
TM24486_Suwannee_O3,24486,176859705010854,Suwannee,Family Forest,3,142,Slash pine,1001,222.61723816376923,1.0,0.2223948433204488,0.0999000999000999,34
TM64384_Baker_O3,64384,638334343126144,Baker,Family Forest,3,407,Slash pine / hardwood,6140,1365.5043379875556,6.0,1.3343690599226927,0.09771986970684039,90
TM16549_Columbia_O3,16549,61280243010478,Columbia,Family Forest,3,501,Post oak / blackjack oak,3091,687.4224607035072,3.0,0.6671845299613464,0.09705596894208994,31
TM67513_Suwannee_O3,67513,718604487290487,Suwannee,Family Forest,3,142,Slash pine,4156,924.2729688397851,4.0,0.8895793732817951,0.09624639076034648,8
TM23747_Baker_O3,23747,173002836010854,Baker,Family Forest,3,142,Slash pine,77242,17178.222487758107,74.0,16.45721840571321,0.09580280158463013,41
TM50188_Columbia_O6,50188,451136915489998,Columbia,Federal,6,520,Mixed upland hardwoods,2103,467.69635550290377,2.0,0.4447896866408976,0.0951022349025202,26
TM48430_Baker_O3,48430,448939594489998,Baker,Family Forest,3,608,Sweetbay / swamp tupelo / red maple,1057,235.07134938971436,1.0,0.2223948433204488,0.0946073793755913,50
TM48598_Suwannee_O3,48598,448940363489998,Suwannee,Family Forest,3,602,Sweetgum / Nuttall oak / willow oak,2165,481.4848357887716,2.0,0.4447896866408976,0.09237875288683603,91
TM67524_Baker_O3,67524,718604753290487,Baker,Family Forest,3,161,Loblolly pine,1118,248.63743483226173,1.0,0.2223948433204488,0.08944543828264759,6
TM36841_Baker_O6,36841,289515421489998,Baker,Federal,6,608,Sweetbay / swamp tupelo / red maple,1130,251.30617295210712,1.0,0.2223948433204488,0.08849557522123894,35
TM59421_Columbia_O4,59421,533665369126144,Columbia,Corporate/Other Private,4,608,Sweetbay / swamp tupelo / red maple,1216,270.43212947766574,1.0,0.2223948433204488,0.08223684210526316,16
TM36935_Columbia_O6,36935,289515947489998,Columbia,Federal,6,142,Slash pine,4939,1098.4081311596965,4.0,0.8895793732817951,0.08098805426199636,22
TM48608_Suwannee_O3,48608,448940387489998,Suwannee,Family Forest,3,602,Sweetgum / Nuttall oak / willow oak,5392,1199.1529951838597,4.0,0.8895793732817951,0.07418397626112759,107
TM16549_Suwannee_O3,16549,61280243010478,Suwannee,Family Forest,3,501,Post oak / blackjack oak,2758,613.3649778777977,2.0,0.4447896866408976,0.0725163161711385,31
TM59294_Columbia_O8,59294,533664907126144,Columbia,Local,8,142,Slash pine,1400,311.3527806486283,1.0,0.2223948433204488,0.07142857142857142,21
TM35375_Suwannee_O3,35375,259178255010854,Suwannee,Family Forest,3,142,Slash pine,5650,1256.5308647605357,4.0,0.8895793732817951,0.07079646017699115,36
TM67236_Hamilton_O3,67236,718562166290487,Hamilton,Family Forest,3,142,Slash pine,1430,318.02462594824175,1.0,0.2223948433204488,0.06993006993006994,28
TM23747_Columbia_O8,23747,173002836010854,Columbia,Local,8,142,Slash pine,2874,639.1627797029698,2.0,0.4447896866408976,0.06958942240779402,41
TM67304_Columbia_O3,67304,718603520290487,Columbia,Family Forest,3,520,Mixed upland hardwoods,1443,320.9157589114076,1.0,0.2223948433204488,0.0693000693000693,59
TM64405_Suwannee_O4,64405,638334488126144,Suwannee,Corporate/Other Private,4,520,Mixed upland hardwoods,1509,335.59381857055723,1.0,0.2223948433204488,0.06626905235255136,16
TM48632_Baker_O6,48632,448940577489998,Baker,Federal,6,142,Slash pine,1540,342.4880587134911,1.0,0.2223948433204488,0.06493506493506493,25
TM21259_Columbia_O6,21259,140564077010478,Columbia,Federal,6,608,Sweetbay / swamp tupelo / red maple,4691,1043.2542100162252,3.0,0.6671845299613464,0.06395224898742273,55
TM67371_Baker_O6,67371,718603849290487,Baker,Federal,6,141,Longleaf pine,1577,350.7166679163477,1.0,0.2223948433204488,0.06341154090044387,44
TM48429_Columbia_O3,48429,448939593489998,Columbia,Family Forest,3,608,Sweetbay / swamp tupelo / red maple,4762,1059.0442438919772,3.0,0.6671845299613464,0.06299874002519949,75
TM36941_Hamilton_O4,36941,289515964489998,Hamilton,Corporate/Other Private,4,407,Slash pine / hardwood,1617,359.6124616491657,1.0,0.2223948433204488,0.06184291898577613,58
TM2739_Suwannee_O3,2739,20336120010478,Suwannee,Family Forest,3,520,Mixed upland hardwoods,1694,376.73686458484025,1.0,0.2223948433204488,0.0590318772136954,75
TM48429_Columbia_O4,48429,448939593489998,Columbia,Corporate/Other Private,4,608,Sweetbay / swamp tupelo / red maple,4134,919.3802822867352,2.0,0.4447896866408976,0.04837929366231253,75
TM48634_Baker_O6,48634,448940584489998,Baker,Federal,6,142,Slash pine,2086,463.91564316645616,1.0,0.2223948433204488,0.04793863854266539,40
TM48676_Baker_O3,48676,448941011489998,Baker,Family Forest,3,141,Longleaf pine,4205,935.1703161624871,2.0,0.4447896866408976,0.04756242568370987,38
TM48598_Columbia_O3,48598,448940363489998,Columbia,Family Forest,3,602,Sweetgum / Nuttall oak / willow oak,2230,495.9405006046008,1.0,0.2223948433204488,0.04484304932735426,91
TM50160_Hamilton_O4,50160,451136801489998,Hamilton,Corporate/Other Private,4,142,Slash pine,2240,498.1644490378053,1.0,0.2223948433204488,0.044642857142857144,24
TM64406_Columbia_O6,64406,638334495126144,Columbia,Federal,6,142,Slash pine,9659,2148.111791632215,4.0,0.8895793732817951,0.04141215446733616,29
TM48632_Columbia_O8,48632,448940577489998,Columbia,Local,8,142,Slash pine,2419,537.9731259921656,1.0,0.2223948433204488,0.0413393964448119,25
TM64293_Suwannee_O4,64293,638333844126144,Suwannee,Corporate/Other Private,4,161,Loblolly pine,12718,2828.417617349468,5.0,1.111974216602244,0.03931435760339676,5
TM43239_Suwannee_O3,43239,374861704489998,Suwannee,Family Forest,3,142,Slash pine,9216,2049.5908760412563,3.0,0.6671845299613464,0.032552083333333336,18
TM64444_Suwannee_O3,64444,638334713126144,Suwannee,Family Forest,3,520,Mixed upland hardwoods,3265,726.1191634412653,1.0,0.2223948433204488,0.030627871362940276,37
TM64376_Suwannee_O3,64376,638334315126144,Suwannee,Family Forest,3,161,Loblolly pine,4715,1048.591686255916,1.0,0.2223948433204488,0.021208907741251327,22
TM59428_Columbia_O4,59428,533665395126144,Columbia,Corporate/Other Private,4,142,Slash pine,5162,1148.0021812201567,1.0,0.2223948433204488,0.019372336303758234,36
TM67530_Suwannee_O3,67530,718604867290487,Suwannee,Family Forest,3,141,Longleaf pine,6363,1415.0983880480155,1.0,0.2223948433204488,0.015715857300015717,80
TM2718_Suwannee_O3,2718,20303487010478,Suwannee,Family Forest,3,142,Slash pine,13881,3087.0628201311497,2.0,0.4447896866408976,0.014408183848425906,38
TM50147_Columbia_O3,50147,451136773489998,Columbia,Family Forest,3,608,Sweetbay / swamp tupelo / red maple,16216,3606.3547792843974,2.0,0.4447896866408976,0.0123334977799704,68
TM64406_Hamilton_O6,64406,638334495126144,Hamilton,Federal,6,142,Slash pine,6,1.3343690599226927,0.0,0.0,0.0,29
TM64417_Union_O4,64417,638334544126144,Union,Corporate/Other Private,4,403,Longleaf pine / oak,28,6.227055612972566,0.0,0.0,0.0,48
TM64405_Suwannee_O6,64405,638334488126144,Suwannee,Federal,6,520,Mixed upland hardwoods,5,1.111974216602244,0.0,0.0,0.0,16
TM64405_Suwannee_O7,64405,638334488126144,Suwannee,State,7,520,Mixed upland hardwoods,2,0.4447896866408976,0.0,0.0,0.0,16
TM64405_Suwannee_O8,64405,638334488126144,Suwannee,Local,8,520,Mixed upland hardwoods,19,4.225502023088527,0.0,0.0,0.0,16
TM64383_Suwannee_O8,64383,638334339126144,Suwannee,Local,8,407,Slash pine / hardwood,1,0.2223948433204488,0.0,0.0,0.0,21
TM64404_Hamilton_O3,64404,638334487126144,Hamilton,Family Forest,3,142,Slash pine,580,128.9890091258603,0.0,0.0,0.0,16
TM64417_Columbia_O3,64417,638334544126144,Columbia,Family Forest,3,403,Longleaf pine / oak,2,0.4447896866408976,0.0,0.0,0.0,48
TM64403_Hamilton_O7,64403,638334483126144,Hamilton,State,7,403,Longleaf pine / oak,1,0.2223948433204488,0.0,0.0,0.0,37
TM64406_Baker_O8,64406,638334495126144,Baker,Local,8,142,Slash pine,1,0.2223948433204488,0.0,0.0,0.0,29
TM64405_Columbia_O4,64405,638334488126144,Columbia,Corporate/Other Private,4,520,Mixed upland hardwoods,10,2.223948433204488,0.0,0.0,0.0,16
TM64416_Union_O3,64416,638334542126144,Union,Family Forest,3,407,Slash pine / hardwood,1,0.2223948433204488,0.0,0.0,0.0,46
TM64414_Hamilton_O4,64414,638334523126144,Hamilton,Corporate/Other Private,4,403,Longleaf pine / oak,3,0.6671845299613464,0.0,0.0,0.0,80
TM64404_Columbia_O4,64404,638334487126144,Columbia,Corporate/Other Private,4,142,Slash pine,23,5.115081396370322,0.0,0.0,0.0,16
TM64414_Hamilton_O3,64414,638334523126144,Hamilton,Family Forest,3,403,Longleaf pine / oak,3,0.6671845299613464,0.0,0.0,0.0,80
TM64414_Columbia_O6,64414,638334523126144,Columbia,Federal,6,403,Longleaf pine / oak,49,10.897347322701991,0.0,0.0,0.0,80
TM64403_Hamilton_O8,64403,638334483126144,Hamilton,Local,8,403,Longleaf pine / oak,75,16.679613249033657,0.0,0.0,0.0,37
TM64414_Columbia_O8,64414,638334523126144,Columbia,Local,8,403,Longleaf pine / oak,23,5.115081396370322,0.0,0.0,0.0,80
TM64406_Columbia_O7,64406,638334495126144,Columbia,State,7,142,Slash pine,1,0.2223948433204488,0.0,0.0,0.0,29
TM64389_Hamilton_O8,64389,638334380126144,Hamilton,Local,8,520,Mixed upland hardwoods,10,2.223948433204488,0.0,0.0,0.0,75
TM64389_Hamilton_O6,64389,638334380126144,Hamilton,Federal,6,520,Mixed upland hardwoods,3,0.6671845299613464,0.0,0.0,0.0,75
TM64389_Hamilton_O4,64389,638334380126144,Hamilton,Corporate/Other Private,4,520,Mixed upland hardwoods,43,9.562978262779298,0.0,0.0,0.0,75
TM2724_Suwannee_O8,2724,20306534010478,Suwannee,Local,8,142,Slash pine,2,0.4447896866408976,0.0,0.0,0.0,61
TM2731_Columbia_O3,2731,20322920010478,Columbia,Family Forest,3,142,Slash pine,336,74.72466735567079,0.0,0.0,0.0,22
TM64389_Hamilton_O3,64389,638334380126144,Hamilton,Family Forest,3,520,Mixed upland hardwoods,269,59.82421285320073,0.0,0.0,0.0,75
TM2731_Columbia_O4,2731,20322920010478,Columbia,Corporate/Other Private,4,142,Slash pine,144,32.02485743814462,0.0,0.0,0.0,22
TM2731_Columbia_O6,2731,20322920010478,Columbia,Federal,6,142,Slash pine,37,8.228609202856605,0.0,0.0,0.0,22
TM64412_Baker_O3,64412,638334519126144,Baker,Family Forest,3,514,Southern scrub oak,2,0.4447896866408976,0.0,0.0,0.0,12
TM2721_Baker_O3,2721,20304632010478,Baker,Family Forest,3,983,Palms,3,0.6671845299613464,0.0,0.0,0.0,53
TM2721_Baker_O4,2721,20304632010478,Baker,Corporate/Other Private,4,983,Palms,1,0.2223948433204488,0.0,0.0,0.0,53
TM64389_Columbia_O8,64389,638334380126144,Columbia,Local,8,520,Mixed upland hardwoods,12,2.6687381198453854,0.0,0.0,0.0,75
TM64389_Columbia_O7,64389,638334380126144,Columbia,State,7,520,Mixed upland hardwoods,3,0.6671845299613464,0.0,0.0,0.0,75
TM64403_Hamilton_O6,64403,638334483126144,Hamilton,Federal,6,403,Longleaf pine / oak,4,0.8895793732817951,0.0,0.0,0.0,37
TM64383_Suwannee_O7,64383,638334339126144,Suwannee,State,7,407,Slash pine / hardwood,1,0.2223948433204488,0.0,0.0,0.0,21
TM2721_Columbia_O8,2721,20304632010478,Columbia,Local,8,983,Palms,1,0.2223948433204488,0.0,0.0,0.0,53
TM2721_Baker_O6,2721,20304632010478,Baker,Federal,6,983,Palms,6,1.3343690599226927,0.0,0.0,0.0,53
TM2721_Columbia_O6,2721,20304632010478,Columbia,Federal,6,983,Palms,35,7.783819516215708,0.0,0.0,0.0,53
TM2718_Suwannee_O8,2718,20303487010478,Suwannee,Local,8,142,Slash pine,136,30.245698691581033,0.0,0.0,0.0,38
TM64406_Suwannee_O8,64406,638334495126144,Suwannee,Local,8,142,Slash pine,39,8.673398889497502,0.0,0.0,0.0,29
TM64406_Suwannee_O7,64406,638334495126144,Suwannee,State,7,142,Slash pine,4,0.8895793732817951,0.0,0.0,0.0,29
TM64389_Union_O4,64389,638334380126144,Union,Corporate/Other Private,4,520,Mixed upland hardwoods,10,2.223948433204488,0.0,0.0,0.0,75
TM64401_Columbia_O4,64401,638334475126144,Columbia,Corporate/Other Private,4,983,Palms,1,0.2223948433204488,0.0,0.0,0.0,52
TM64386_Union_O4,64386,638334353126144,Union,Corporate/Other Private,4,514,Southern scrub oak,12,2.6687381198453854,0.0,0.0,0.0,65
TM64386_Suwannee_O8,64386,638334353126144,Suwannee,Local,8,514,Southern scrub oak,5,1.111974216602244,0.0,0.0,0.0,65
TM64402_Columbia_O3,64402,638334482126144,Columbia,Family Forest,3,141,Longleaf pine,1,0.2223948433204488,0.0,0.0,0.0,97
TM64402_Hamilton_O4,64402,638334482126144,Hamilton,Corporate/Other Private,4,141,Longleaf pine,1,0.2223948433204488,0.0,0.0,0.0,97
TM64389_Suwannee_O4,64389,638334380126144,Suwannee,Corporate/Other Private,4,520,Mixed upland hardwoods,5,1.111974216602244,0.0,0.0,0.0,75
TM2699_Suwannee_O7,2699,20266493010478,Suwannee,State,7,520,Mixed upland hardwoods,7,1.5567639032431415,0.0,0.0,0.0,75
TM64386_Suwannee_O7,64386,638334353126144,Suwannee,State,7,514,Southern scrub oak,1,0.2223948433204488,0.0,0.0,0.0,65
TM2699_Suwannee_O8,2699,20266493010478,Suwannee,Local,8,520,Mixed upland hardwoods,1,0.2223948433204488,0.0,0.0,0.0,75
TM2700_Baker_O8,2700,20267385010478,Baker,Local,8,520,Mixed upland hardwoods,7,1.5567639032431415,0.0,0.0,0.0,50
TM64386_Suwannee_O4,64386,638334353126144,Suwannee,Corporate/Other Private,4,514,Southern scrub oak,76,16.90200809235411,0.0,0.0,0.0,65
TM2721_Union_O3,2721,20304632010478,Union,Family Forest,3,983,Palms,5,1.111974216602244,0.0,0.0,0.0,53
TM2722_Hamilton_O3,2722,20305440010478,Hamilton,Family Forest,3,407,Slash pine / hardwood,1,0.2223948433204488,0.0,0.0,0.0,39
TM2724_Suwannee_O4,2724,20306534010478,Suwannee,Corporate/Other Private,4,142,Slash pine,16,3.5583174931271806,0.0,0.0,0.0,61
TM64386_Suwannee_O3,64386,638334353126144,Suwannee,Family Forest,3,514,Southern scrub oak,983,218.61413098400115,0.0,0.0,0.0,65
TM2704_Union_O4,2704,20272447010478,Union,Corporate/Other Private,4,520,Mixed upland hardwoods,18,4.003107179768078,0.0,0.0,0.0,20
TM64373_Suwannee_O3,64373,638334300126144,Suwannee,Family Forest,3,142,Slash pine,1405,312.46475486523053,0.0,0.0,0.0,12
TM64373_Suwannee_O4,64373,638334300126144,Suwannee,Corporate/Other Private,4,142,Slash pine,468,104.08078667397004,0.0,0.0,0.0,12
TM64373_Union_O4,64373,638334300126144,Union,Corporate/Other Private,4,142,Slash pine,1,0.2223948433204488,0.0,0.0,0.0,12
TM64368_Hamilton_O6,64368,638334272126144,Hamilton,Federal,6,608,Sweetbay / swamp tupelo / red maple,1,0.2223948433204488,0.0,0.0,0.0,18
TM64368_Suwannee_O3,64368,638334272126144,Suwannee,Family Forest,3,608,Sweetbay / swamp tupelo / red maple,1607,357.3885132159612,0.0,0.0,0.0,18
TM64368_Suwannee_O4,64368,638334272126144,Suwannee,Corporate/Other Private,4,608,Sweetbay / swamp tupelo / red maple,120,26.687381198453856,0.0,0.0,0.0,18
TM64368_Suwannee_O7,64368,638334272126144,Suwannee,State,7,608,Sweetbay / swamp tupelo / red maple,7,1.5567639032431415,0.0,0.0,0.0,18
TM64368_Suwannee_O8,64368,638334272126144,Suwannee,Local,8,608,Sweetbay / swamp tupelo / red maple,3,0.6671845299613464,0.0,0.0,0.0,18
TM64368_Union_O3,64368,638334272126144,Union,Family Forest,3,608,Sweetbay / swamp tupelo / red maple,1279,284.443004606854,0.0,0.0,0.0,18
TM64368_Union_O4,64368,638334272126144,Union,Corporate/Other Private,4,608,Sweetbay / swamp tupelo / red maple,87,19.348351368879044,0.0,0.0,0.0,18
TM64383_Baker_O6,64383,638334339126144,Baker,Federal,6,407,Slash pine / hardwood,3,0.6671845299613464,0.0,0.0,0.0,21
TM2735_Hamilton_O3,2735,20331288010478,Hamilton,Family Forest,3,142,Slash pine,1,0.2223948433204488,0.0,0.0,0.0,36
TM64383_Columbia_O3,64383,638334339126144,Columbia,Family Forest,3,407,Slash pine / hardwood,95,21.127510115442636,0.0,0.0,0.0,21
TM64383_Columbia_O4,64383,638334339126144,Columbia,Corporate/Other Private,4,407,Slash pine / hardwood,42,9.340583419458849,0.0,0.0,0.0,21
TM64383_Columbia_O6,64383,638334339126144,Columbia,Federal,6,407,Slash pine / hardwood,6,1.3343690599226927,0.0,0.0,0.0,21
TM64383_Columbia_O8,64383,638334339126144,Columbia,Local,8,407,Slash pine / hardwood,12,2.6687381198453854,0.0,0.0,0.0,21
TM64383_Hamilton_O3,64383,638334339126144,Hamilton,Family Forest,3,407,Slash pine / hardwood,69,15.345244189110966,0.0,0.0,0.0,21
TM64380_Suwannee_O7,64380,638334324126144,Suwannee,State,7,607,Baldcypress / water tupelo,1,0.2223948433204488,0.0,0.0,0.0,46
TM64380_Suwannee_O8,64380,638334324126144,Suwannee,Local,8,607,Baldcypress / water tupelo,4,0.8895793732817951,0.0,0.0,0.0,46
TM64380_Columbia_O4,64380,638334324126144,Columbia,Corporate/Other Private,4,607,Baldcypress / water tupelo,9,2.001553589884039,0.0,0.0,0.0,46
TM64380_Columbia_O7,64380,638334324126144,Columbia,State,7,607,Baldcypress / water tupelo,19,4.225502023088527,0.0,0.0,0.0,46
TM64380_Columbia_O8,64380,638334324126144,Columbia,Local,8,607,Baldcypress / water tupelo,7,1.5567639032431415,0.0,0.0,0.0,46
TM64380_Suwannee_O3,64380,638334324126144,Suwannee,Family Forest,3,607,Baldcypress / water tupelo,598,132.99211630562837,0.0,0.0,0.0,46
TM64383_Baker_O8,64383,638334339126144,Baker,Local,8,407,Slash pine / hardwood,50,11.119742166022439,0.0,0.0,0.0,21
TM64361_Baker_O4,64361,638334208126144,Baker,Corporate/Other Private,4,514,Southern scrub oak,30,6.671845299613464,0.0,0.0,0.0,36
TM64361_Columbia_O3,64361,638334208126144,Columbia,Family Forest,3,514,Southern scrub oak,2002,445.23447632753846,0.0,0.0,0.0,36
TM64343_Hamilton_O7,64343,638334109126144,Hamilton,State,7,141,Longleaf pine,6,1.3343690599226927,0.0,0.0,0.0,91
TM64344_Baker_O6,64344,638334110126144,Baker,Federal,6,142,Slash pine,23,5.115081396370322,0.0,0.0,0.0,24
TM64344_Baker_O8,64344,638334110126144,Baker,Local,8,142,Slash pine,1,0.2223948433204488,0.0,0.0,0.0,24
TM64344_Columbia_O3,64344,638334110126144,Columbia,Family Forest,3,142,Slash pine,5,1.111974216602244,0.0,0.0,0.0,24
TM64344_Columbia_O4,64344,638334110126144,Columbia,Corporate/Other Private,4,142,Slash pine,7,1.5567639032431415,0.0,0.0,0.0,24
TM64375_Suwannee_O3,64375,638334307126144,Suwannee,Family Forest,3,609,Baldcypress / pondcypress,9,2.001553589884039,0.0,0.0,0.0,73
TM64375_Suwannee_O4,64375,638334307126144,Suwannee,Corporate/Other Private,4,609,Baldcypress / pondcypress,1,0.2223948433204488,0.0,0.0,0.0,73
TM64375_Suwannee_O8,64375,638334307126144,Suwannee,Local,8,609,Baldcypress / pondcypress,1,0.2223948433204488,0.0,0.0,0.0,73
TM64375_Union_O3,64375,638334307126144,Union,Family Forest,3,609,Baldcypress / pondcypress,1,0.2223948433204488,0.0,0.0,0.0,73
TM64373_Columbia_O4,64373,638334300126144,Columbia,Corporate/Other Private,4,142,Slash pine,71,15.790033875751863,0.0,0.0,0.0,12
TM64376_Columbia_O7,64376,638334315126144,Columbia,State,7,161,Loblolly pine,34,7.561424672895258,0.0,0.0,0.0,22
TM64376_Columbia_O8,64376,638334315126144,Columbia,Local,8,161,Loblolly pine,311,69.16479627265957,0.0,0.0,0.0,22
TM64375_Baker_O4,64375,638334307126144,Baker,Corporate/Other Private,4,609,Baldcypress / pondcypress,6,1.3343690599226927,0.0,0.0,0.0,73
TM64375_Baker_O6,64375,638334307126144,Baker,Federal,6,609,Baldcypress / pondcypress,1,0.2223948433204488,0.0,0.0,0.0,73
TM64375_Columbia_O3,64375,638334307126144,Columbia,Family Forest,3,609,Baldcypress / pondcypress,6,1.3343690599226927,0.0,0.0,0.0,73
TM64375_Columbia_O4,64375,638334307126144,Columbia,Corporate/Other Private,4,609,Baldcypress / pondcypress,4,0.8895793732817951,0.0,0.0,0.0,73
TM64375_Columbia_O6,64375,638334307126144,Columbia,Federal,6,609,Baldcypress / pondcypress,3,0.6671845299613464,0.0,0.0,0.0,73
TM64375_Columbia_O8,64375,638334307126144,Columbia,Local,8,609,Baldcypress / pondcypress,1,0.2223948433204488,0.0,0.0,0.0,73
TM64375_Hamilton_O3,64375,638334307126144,Hamilton,Family Forest,3,609,Baldcypress / pondcypress,7,1.5567639032431415,0.0,0.0,0.0,73
TM64375_Hamilton_O4,64375,638334307126144,Hamilton,Corporate/Other Private,4,609,Baldcypress / pondcypress,28,6.227055612972566,0.0,0.0,0.0,73
TM64368_Union_O7,64368,638334272126144,Union,State,7,608,Sweetbay / swamp tupelo / red maple,94,20.905115272122185,0.0,0.0,0.0,18
TM64373_Columbia_O3,64373,638334300126144,Columbia,Family Forest,3,142,Slash pine,977,217.27976192407846,0.0,0.0,0.0,12
TM64376_Columbia_O4,64376,638334315126144,Columbia,Corporate/Other Private,4,161,Loblolly pine,1672,371.84417803179036,0.0,0.0,0.0,22
TM2707_Suwannee_O7,2707,20282429010478,Suwannee,State,7,142,Slash pine,2,0.4447896866408976,0.0,0.0,0.0,19
TM2707_Suwannee_O8,2707,20282429010478,Suwannee,Local,8,142,Slash pine,1,0.2223948433204488,0.0,0.0,0.0,19
TM2707_Union_O4,2707,20282429010478,Union,Corporate/Other Private,4,142,Slash pine,17,3.780712336447629,0.0,0.0,0.0,19
TM2707_Union_O7,2707,20282429010478,Union,State,7,142,Slash pine,16,3.5583174931271806,0.0,0.0,0.0,19
TM2737_Columbia_O8,2737,20333235010478,Columbia,Local,8,141,Longleaf pine,3,0.6671845299613464,0.0,0.0,0.0,41
TM2737_Hamilton_O3,2737,20333235010478,Hamilton,Family Forest,3,141,Longleaf pine,1,0.2223948433204488,0.0,0.0,0.0,41
TM2739_Baker_O8,2739,20336120010478,Baker,Local,8,520,Mixed upland hardwoods,5,1.111974216602244,0.0,0.0,0.0,75
TM2739_Columbia_O6,2739,20336120010478,Columbia,Federal,6,520,Mixed upland hardwoods,1,0.2223948433204488,0.0,0.0,0.0,75
TM64412_Columbia_O3,64412,638334519126144,Columbia,Family Forest,3,514,Southern scrub oak,2,0.4447896866408976,0.0,0.0,0.0,12
TM2735_Suwannee_O3,2735,20331288010478,Suwannee,Family Forest,3,142,Slash pine,284,63.16013550300745,0.0,0.0,0.0,36
TM2735_Suwannee_O4,2735,20331288010478,Suwannee,Corporate/Other Private,4,142,Slash pine,81,18.01398230895635,0.0,0.0,0.0,36
TM64380_Suwannee_O4,64380,638334324126144,Suwannee,Corporate/Other Private,4,607,Baldcypress / water tupelo,116,25.79780182517206,0.0,0.0,0.0,46
TM2737_Columbia_O3,2737,20333235010478,Columbia,Family Forest,3,141,Longleaf pine,28,6.227055612972566,0.0,0.0,0.0,41
TM2737_Columbia_O4,2737,20333235010478,Columbia,Corporate/Other Private,4,141,Longleaf pine,42,9.340583419458849,0.0,0.0,0.0,41
TM64385_Columbia_O7,64385,638334348126144,Columbia,State,7,520,Mixed upland hardwoods,3,0.6671845299613464,0.0,0.0,0.0,85
TM64383_Union_O3,64383,638334339126144,Union,Family Forest,3,407,Slash pine / hardwood,4,0.8895793732817951,0.0,0.0,0.0,21
TM64383_Union_O4,64383,638334339126144,Union,Corporate/Other Private,4,407,Slash pine / hardwood,7,1.5567639032431415,0.0,0.0,0.0,21
TM64384_Baker_O4,64384,638334343126144,Baker,Corporate/Other Private,4,407,Slash pine / hardwood,187,41.587835700923925,0.0,0.0,0.0,90
TM64384_Columbia_O3,64384,638334343126144,Columbia,Family Forest,3,407,Slash pine / hardwood,24,5.337476239690771,0.0,0.0,0.0,90
TM64384_Columbia_O4,64384,638334343126144,Columbia,Corporate/Other Private,4,407,Slash pine / hardwood,655,145.66862237489394,0.0,0.0,0.0,90
TM64383_Hamilton_O4,64383,638334339126144,Hamilton,Corporate/Other Private,4,407,Slash pine / hardwood,14,3.113527806486283,0.0,0.0,0.0,21
TM64383_Hamilton_O6,64383,638334339126144,Hamilton,Federal,6,407,Slash pine / hardwood,1,0.2223948433204488,0.0,0.0,0.0,21
TM64383_Hamilton_O7,64383,638334339126144,Hamilton,State,7,407,Slash pine / hardwood,2,0.4447896866408976,0.0,0.0,0.0,21
TM64383_Hamilton_O8,64383,638334339126144,Hamilton,Local,8,407,Slash pine / hardwood,4,0.8895793732817951,0.0,0.0,0.0,21
TM2735_Union_O4,2735,20331288010478,Union,Corporate/Other Private,4,142,Slash pine,16,3.5583174931271806,0.0,0.0,0.0,36
TM64380_Suwannee_O6,64380,638334324126144,Suwannee,Federal,6,607,Baldcypress / water tupelo,1,0.2223948433204488,0.0,0.0,0.0,46
TM64376_Suwannee_O4,64376,638334315126144,Suwannee,Corporate/Other Private,4,161,Loblolly pine,499,110.97502681690395,0.0,0.0,0.0,22
TM64376_Suwannee_O7,64376,638334315126144,Suwannee,State,7,161,Loblolly pine,1,0.2223948433204488,0.0,0.0,0.0,22
TM64376_Suwannee_O8,64376,638334315126144,Suwannee,Local,8,161,Loblolly pine,50,11.119742166022439,0.0,0.0,0.0,22
TM64376_Union_O4,64376,638334315126144,Union,Corporate/Other Private,4,161,Loblolly pine,1,0.2223948433204488,0.0,0.0,0.0,22
TM64380_Baker_O4,64380,638334324126144,Baker,Corporate/Other Private,4,607,Baldcypress / water tupelo,1,0.2223948433204488,0.0,0.0,0.0,46
TM64385_Columbia_O8,64385,638334348126144,Columbia,Local,8,520,Mixed upland hardwoods,9,2.001553589884039,0.0,0.0,0.0,85
TM64385_Suwannee_O4,64385,638334348126144,Suwannee,Corporate/Other Private,4,520,Mixed upland hardwoods,55,12.231716382624683,0.0,0.0,0.0,85
TM64385_Suwannee_O8,64385,638334348126144,Suwannee,Local,8,520,Mixed upland hardwoods,7,1.5567639032431415,0.0,0.0,0.0,85
TM64385_Union_O3,64385,638334348126144,Union,Family Forest,3,520,Mixed upland hardwoods,5,1.111974216602244,0.0,0.0,0.0,85
TM64386_Columbia_O3,64386,638334353126144,Columbia,Family Forest,3,514,Southern scrub oak,678,150.78370377126427,0.0,0.0,0.0,65
TM2707_Suwannee_O4,2707,20282429010478,Suwannee,Corporate/Other Private,4,142,Slash pine,55,12.231716382624683,0.0,0.0,0.0,19
TM64386_Columbia_O7,64386,638334353126144,Columbia,State,7,514,Southern scrub oak,7,1.5567639032431415,0.0,0.0,0.0,65
TM64384_Hamilton_O3,64384,638334343126144,Hamilton,Family Forest,3,407,Slash pine / hardwood,13,2.891132963165834,0.0,0.0,0.0,90
TM64384_Hamilton_O4,64384,638334343126144,Hamilton,Corporate/Other Private,4,407,Slash pine / hardwood,45,10.007767949420195,0.0,0.0,0.0,90
TM64384_Suwannee_O4,64384,638334343126144,Suwannee,Corporate/Other Private,4,407,Slash pine / hardwood,3,0.6671845299613464,0.0,0.0,0.0,90
TM64384_Union_O3,64384,638334343126144,Union,Family Forest,3,407,Slash pine / hardwood,17,3.780712336447629,0.0,0.0,0.0,90
TM64385_Columbia_O4,64385,638334348126144,Columbia,Corporate/Other Private,4,520,Mixed upland hardwoods,65,14.455664815829172,0.0,0.0,0.0,85
TM2721_Hamilton_O4,2721,20304632010478,Hamilton,Corporate/Other Private,4,983,Palms,1,0.2223948433204488,0.0,0.0,0.0,53
TM2707_Union_O8,2707,20282429010478,Union,Local,8,142,Slash pine,1,0.2223948433204488,0.0,0.0,0.0,19
TM2718_Columbia_O7,2718,20303487010478,Columbia,State,7,142,Slash pine,13,2.891132963165834,0.0,0.0,0.0,38
TM2718_Suwannee_O4,2718,20303487010478,Suwannee,Corporate/Other Private,4,142,Slash pine,2947,655.3976032653626,0.0,0.0,0.0,38
TM2718_Suwannee_O7,2718,20303487010478,Suwannee,State,7,142,Slash pine,415,92.29385997798624,0.0,0.0,0.0,38
TM2707_Hamilton_O7,2707,20282429010478,Hamilton,State,7,142,Slash pine,5,1.111974216602244,0.0,0.0,0.0,19
TM64386_Columbia_O4,64386,638334353126144,Columbia,Corporate/Other Private,4,514,Southern scrub oak,78,17.346797778995004,0.0,0.0,0.0,65
TM64453_Union_O4,64453,638334743126144,Union,Corporate/Other Private,4,520,Mixed upland hardwoods,29,6.449450456293015,0.0,0.0,0.0,8
TM64453_Union_O7,64453,638334743126144,Union,State,7,520,Mixed upland hardwoods,6,1.3343690599226927,0.0,0.0,0.0,8
TM64479_Suwannee_O7,64479,638335018126144,Suwannee,State,7,161,Loblolly pine,11,2.446343276524937,0.0,0.0,0.0,54
TM64479_Suwannee_O8,64479,638335018126144,Suwannee,Local,8,161,Loblolly pine,37,8.228609202856605,0.0,0.0,0.0,54
TM64480_Columbia_O4,64480,638335023126144,Columbia,Corporate/Other Private,4,142,Slash pine,6,1.3343690599226927,0.0,0.0,0.0,5
TM64480_Columbia_O6,64480,638335023126144,Columbia,Federal,6,142,Slash pine,3,0.6671845299613464,0.0,0.0,0.0,5
TM64479_Baker_O8,64479,638335018126144,Baker,Local,8,161,Loblolly pine,1,0.2223948433204488,0.0,0.0,0.0,54
TM64479_Columbia_O6,64479,638335018126144,Columbia,Federal,6,161,Loblolly pine,184,40.92065117096258,0.0,0.0,0.0,54
TM64479_Columbia_O7,64479,638335018126144,Columbia,State,7,161,Loblolly pine,82,18.236377152276802,0.0,0.0,0.0,54
TM64457_Union_O7,64457,638334752126144,Union,State,7,608,Sweetbay / swamp tupelo / red maple,1,0.2223948433204488,0.0,0.0,0.0,5
TM64458_Baker_O4,64458,638334753126144,Baker,Corporate/Other Private,4,407,Slash pine / hardwood,2,0.4447896866408976,0.0,0.0,0.0,10
TM64458_Union_O3,64458,638334753126144,Union,Family Forest,3,407,Slash pine / hardwood,10,2.223948433204488,0.0,0.0,0.0,10
TM2704_Baker_O3,2704,20272447010478,Baker,Family Forest,3,520,Mixed upland hardwoods,2,0.4447896866408976,0.0,0.0,0.0,20
TM64458_Union_O8,64458,638334753126144,Union,Local,8,407,Slash pine / hardwood,1,0.2223948433204488,0.0,0.0,0.0,10
TM64459_Columbia_O6,64459,638334757126144,Columbia,Federal,6,983,Palms,1,0.2223948433204488,0.0,0.0,0.0,50
TM64479_Baker_O4,64479,638335018126144,Baker,Corporate/Other Private,4,161,Loblolly pine,23,5.115081396370322,0.0,0.0,0.0,54
TM64457_Columbia_O8,64457,638334752126144,Columbia,Local,8,608,Sweetbay / swamp tupelo / red maple,10,2.223948433204488,0.0,0.0,0.0,5
TM64457_Hamilton_O3,64457,638334752126144,Hamilton,Family Forest,3,608,Sweetbay / swamp tupelo / red maple,12,2.6687381198453854,0.0,0.0,0.0,5
TM64457_Hamilton_O4,64457,638334752126144,Hamilton,Corporate/Other Private,4,608,Sweetbay / swamp tupelo / red maple,7,1.5567639032431415,0.0,0.0,0.0,5
TM64457_Hamilton_O7,64457,638334752126144,Hamilton,State,7,608,Sweetbay / swamp tupelo / red maple,2,0.4447896866408976,0.0,0.0,0.0,5
TM64457_Suwannee_O3,64457,638334752126144,Suwannee,Family Forest,3,608,Sweetbay / swamp tupelo / red maple,49,10.897347322701991,0.0,0.0,0.0,5
TM64457_Suwannee_O4,64457,638334752126144,Suwannee,Corporate/Other Private,4,608,Sweetbay / swamp tupelo / red maple,14,3.113527806486283,0.0,0.0,0.0,5
TM64457_Union_O3,64457,638334752126144,Union,Family Forest,3,608,Sweetbay / swamp tupelo / red maple,74,16.45721840571321,0.0,0.0,0.0,5
TM64457_Union_O4,64457,638334752126144,Union,Corporate/Other Private,4,608,Sweetbay / swamp tupelo / red maple,5,1.111974216602244,0.0,0.0,0.0,5
TM64483_Suwannee_O8,64483,638335132126144,Suwannee,Local,8,142,Slash pine,9,2.001553589884039,0.0,0.0,0.0,36
TM64458_Union_O4,64458,638334753126144,Union,Corporate/Other Private,4,407,Slash pine / hardwood,13,2.891132963165834,0.0,0.0,0.0,10
TM24508_Hamilton_O3,24508,176860474010854,Hamilton,Family Forest,3,608,Sweetbay / swamp tupelo / red maple,4,0.8895793732817951,0.0,0.0,0.0,25
TM24508_Hamilton_O4,24508,176860474010854,Hamilton,Corporate/Other Private,4,608,Sweetbay / swamp tupelo / red maple,2,0.4447896866408976,0.0,0.0,0.0,25
TM24508_Suwannee_O3,24508,176860474010854,Suwannee,Family Forest,3,608,Sweetbay / swamp tupelo / red maple,26,5.782265926331668,0.0,0.0,0.0,25
TM24508_Suwannee_O4,24508,176860474010854,Suwannee,Corporate/Other Private,4,608,Sweetbay / swamp tupelo / red maple,2,0.4447896866408976,0.0,0.0,0.0,25
TM24508_Union_O4,24508,176860474010854,Union,Corporate/Other Private,4,608,Sweetbay / swamp tupelo / red maple,18,4.003107179768078,0.0,0.0,0.0,25
TM24505_Baker_O4,24505,176860391010854,Baker,Corporate/Other Private,4,407,Slash pine / hardwood,35,7.783819516215708,0.0,0.0,0.0,20
TM24505_Baker_O8,24505,176860391010854,Baker,Local,8,407,Slash pine / hardwood,6,1.3343690599226927,0.0,0.0,0.0,20
TM24508_Baker_O3,24508,176860474010854,Baker,Family Forest,3,608,Sweetbay / swamp tupelo / red maple,56,12.454111225945132,0.0,0.0,0.0,25
TM24508_Baker_O4,24508,176860474010854,Baker,Corporate/Other Private,4,608,Sweetbay / swamp tupelo / red maple,24,5.337476239690771,0.0,0.0,0.0,25
TM24508_Baker_O7,24508,176860474010854,Baker,State,7,608,Sweetbay / swamp tupelo / red maple,1,0.2223948433204488,0.0,0.0,0.0,25
TM24508_Baker_O8,24508,176860474010854,Baker,Local,8,608,Sweetbay / swamp tupelo / red maple,9,2.001553589884039,0.0,0.0,0.0,25
TM24508_Columbia_O3,24508,176860474010854,Columbia,Family Forest,3,608,Sweetbay / swamp tupelo / red maple,21,4.670291709729424,0.0,0.0,0.0,25
TM64453_Union_O3,64453,638334743126144,Union,Family Forest,3,520,Mixed upland hardwoods,43,9.562978262779298,0.0,0.0,0.0,8
TM2623_Columbia_O4,2623,17498047010478,Columbia,Corporate/Other Private,4,161,Loblolly pine,136,30.245698691581033,0.0,0.0,0.0,47
TM2623_Columbia_O8,2623,17498047010478,Columbia,Local,8,161,Loblolly pine,5,1.111974216602244,0.0,0.0,0.0,47
TM2623_Suwannee_O3,2623,17498047010478,Suwannee,Family Forest,3,161,Loblolly pine,213,47.37010162725559,0.0,0.0,0.0,47
TM2623_Suwannee_O7,2623,17498047010478,Suwannee,State,7,161,Loblolly pine,2,0.4447896866408976,0.0,0.0,0.0,47
TM2623_Suwannee_O8,2623,17498047010478,Suwannee,Local,8,161,Loblolly pine,1,0.2223948433204488,0.0,0.0,0.0,47
TM24515_Suwannee_O7,24515,176860754010854,Suwannee,State,7,520,Mixed upland hardwoods,15,3.335922649806732,0.0,0.0,0.0,26
TM24515_Suwannee_O8,24515,176860754010854,Suwannee,Local,8,520,Mixed upland hardwoods,65,14.455664815829172,0.0,0.0,0.0,26
TM2623_Baker_O3,2623,17498047010478,Baker,Family Forest,3,161,Loblolly pine,1,0.2223948433204488,0.0,0.0,0.0,47
TM64454_Baker_O7,64454,638334746126144,Baker,State,7,142,Slash pine,78,17.346797778995004,0.0,0.0,0.0,21
TM64454_Baker_O8,64454,638334746126144,Baker,Local,8,142,Slash pine,164,36.472754304553604,0.0,0.0,0.0,21
TM64454_Columbia_O7,64454,638334746126144,Columbia,State,7,142,Slash pine,80,17.791587465635903,0.0,0.0,0.0,21
TM64454_Hamilton_O3,64454,638334746126144,Hamilton,Family Forest,3,142,Slash pine,4,0.8895793732817951,0.0,0.0,0.0,21
TM64453_Suwannee_O4,64453,638334743126144,Suwannee,Corporate/Other Private,4,520,Mixed upland hardwoods,9,2.001553589884039,0.0,0.0,0.0,8
TM24508_Columbia_O4,24508,176860474010854,Columbia,Corporate/Other Private,4,608,Sweetbay / swamp tupelo / red maple,18,4.003107179768078,0.0,0.0,0.0,25
TM66970_Baker_O6,66970,718561178290487,Baker,Federal,6,503,White oak / red oak / hickory,1,0.2223948433204488,0.0,0.0,0.0,65
TM66970_Columbia_O6,66970,718561178290487,Columbia,Federal,6,503,White oak / red oak / hickory,3,0.6671845299613464,0.0,0.0,0.0,65
TM66970_Hamilton_O3,66970,718561178290487,Hamilton,Family Forest,3,503,White oak / red oak / hickory,47,10.452557636061092,0.0,0.0,0.0,65
TM66970_Hamilton_O4,66970,718561178290487,Hamilton,Corporate/Other Private,4,503,White oak / red oak / hickory,3,0.6671845299613464,0.0,0.0,0.0,65
TM24503_Union_O3,24503,176860221010854,Union,Family Forest,3,606,Atlantic white-cedar,12,2.6687381198453854,0.0,0.0,0.0,26
TM24499_Suwannee_O3,24499,176860101010854,Suwannee,Family Forest,3,142,Slash pine,916,203.71367648153108,0.0,0.0,0.0,29
TM24499_Suwannee_O4,24499,176860101010854,Suwannee,Corporate/Other Private,4,142,Slash pine,176,39.14149242439899,0.0,0.0,0.0,29
TM24499_Suwannee_O8,24499,176860101010854,Suwannee,Local,8,142,Slash pine,2,0.4447896866408976,0.0,0.0,0.0,29
TM24500_Columbia_O3,24500,176860109010854,Columbia,Family Forest,3,609,Baldcypress / pondcypress,3,0.6671845299613464,0.0,0.0,0.0,79
TM24500_Suwannee_O3,24500,176860109010854,Suwannee,Family Forest,3,609,Baldcypress / pondcypress,6,1.3343690599226927,0.0,0.0,0.0,79
TM24503_Baker_O3,24503,176860221010854,Baker,Family Forest,3,606,Atlantic white-cedar,3,0.6671845299613464,0.0,0.0,0.0,26
TM24503_Baker_O4,24503,176860221010854,Baker,Corporate/Other Private,4,606,Atlantic white-cedar,8,1.7791587465635903,0.0,0.0,0.0,26
TM64483_Union_O7,64483,638335132126144,Union,State,7,142,Slash pine,2,0.4447896866408976,0.0,0.0,0.0,36
TM24498_Hamilton_O8,24498,176860080010854,Hamilton,Local,8,406,Loblolly pine / hardwood,1,0.2223948433204488,0.0,0.0,0.0,41
TM24498_Suwannee_O3,24498,176860080010854,Suwannee,Family Forest,3,406,Loblolly pine / hardwood,40,8.895793732817951,0.0,0.0,0.0,41
TM24498_Suwannee_O4,24498,176860080010854,Suwannee,Corporate/Other Private,4,406,Loblolly pine / hardwood,3,0.6671845299613464,0.0,0.0,0.0,41
TM24498_Suwannee_O7,24498,176860080010854,Suwannee,State,7,406,Loblolly pine / hardwood,2,0.4447896866408976,0.0,0.0,0.0,41
TM24499_Columbia_O3,24499,176860101010854,Columbia,Family Forest,3,142,Slash pine,73,16.234823562392762,0.0,0.0,0.0,29
TM24499_Columbia_O4,24499,176860101010854,Columbia,Corporate/Other Private,4,142,Slash pine,18,4.003107179768078,0.0,0.0,0.0,29
TM24499_Columbia_O8,24499,176860101010854,Columbia,Local,8,142,Slash pine,5,1.111974216602244,0.0,0.0,0.0,29
TM24512_Columbia_O8,24512,176860601010854,Columbia,Local,8,608,Sweetbay / swamp tupelo / red maple,6,1.3343690599226927,0.0,0.0,0.0,30
TM24512_Hamilton_O4,24512,176860601010854,Hamilton,Corporate/Other Private,4,608,Sweetbay / swamp tupelo / red maple,2,0.4447896866408976,0.0,0.0,0.0,30
TM24512_Suwannee_O3,24512,176860601010854,Suwannee,Family Forest,3,608,Sweetbay / swamp tupelo / red maple,52,11.564531852663336,0.0,0.0,0.0,30
TM24512_Suwannee_O7,24512,176860601010854,Suwannee,State,7,608,Sweetbay / swamp tupelo / red maple,1,0.2223948433204488,0.0,0.0,0.0,30
TM24512_Union_O4,24512,176860601010854,Union,Corporate/Other Private,4,608,Sweetbay / swamp tupelo / red maple,1,0.2223948433204488,0.0,0.0,0.0,30
TM24508_Union_O7,24508,176860474010854,Union,State,7,608,Sweetbay / swamp tupelo / red maple,22,4.892686553049874,0.0,0.0,0.0,25
TM24503_Baker_O8,24503,176860221010854,Baker,Local,8,606,Atlantic white-cedar,1,0.2223948433204488,0.0,0.0,0.0,26
TM64486_Baker_O3,64486,638335136126144,Baker,Family Forest,3,166,Pond pine,83,18.45877199559725,0.0,0.0,0.0,60
TM64486_Baker_O4,64486,638335136126144,Baker,Corporate/Other Private,4,166,Pond pine,2,0.4447896866408976,0.0,0.0,0.0,60
TM64486_Baker_O6,64486,638335136126144,Baker,Federal,6,166,Pond pine,83,18.45877199559725,0.0,0.0,0.0,60
TM64486_Columbia_O4,64486,638335136126144,Columbia,Corporate/Other Private,4,166,Pond pine,3,0.6671845299613464,0.0,0.0,0.0,60
TM64483_Hamilton_O7,64483,638335132126144,Hamilton,State,7,142,Slash pine,77,17.124402935674556,0.0,0.0,0.0,36
TM64483_Hamilton_O8,64483,638335132126144,Hamilton,Local,8,142,Slash pine,4,0.8895793732817951,0.0,0.0,0.0,36
TM64483_Suwannee_O7,64483,638335132126144,Suwannee,State,7,142,Slash pine,20,4.447896866408976,0.0,0.0,0.0,36
TM64483_Baker_O6,64483,638335132126144,Baker,Federal,6,142,Slash pine,1,0.2223948433204488,0.0,0.0,0.0,36
TM64483_Baker_O7,64483,638335132126144,Baker,State,7,142,Slash pine,4,0.8895793732817951,0.0,0.0,0.0,36
TM64483_Baker_O8,64483,638335132126144,Baker,Local,8,142,Slash pine,8,1.7791587465635903,0.0,0.0,0.0,36
TM64483_Columbia_O6,64483,638335132126144,Columbia,Federal,6,142,Slash pine,100,22.239484332044878,0.0,0.0,0.0,36
TM64483_Columbia_O7,64483,638335132126144,Columbia,State,7,142,Slash pine,13,2.891132963165834,0.0,0.0,0.0,36
TM66970_Baker_O3,66970,718561178290487,Baker,Family Forest,3,503,White oak / red oak / hickory,29,6.449450456293015,0.0,0.0,0.0,65
TM64482_Columbia_O3,64482,638335131126144,Columbia,Family Forest,3,141,Longleaf pine,4,0.8895793732817951,0.0,0.0,0.0,81
TM64482_Columbia_O4,64482,638335131126144,Columbia,Corporate/Other Private,4,141,Longleaf pine,4,0.8895793732817951,0.0,0.0,0.0,81
TM64482_Columbia_O6,64482,638335131126144,Columbia,Federal,6,141,Longleaf pine,25,5.5598710830112195,0.0,0.0,0.0,81
TM64482_Columbia_O8,64482,638335131126144,Columbia,Local,8,141,Longleaf pine,18,4.003107179768078,0.0,0.0,0.0,81
TM64482_Hamilton_O3,64482,638335131126144,Hamilton,Family Forest,3,141,Longleaf pine,6,1.3343690599226927,0.0,0.0,0.0,81
TM64482_Hamilton_O4,64482,638335131126144,Hamilton,Corporate/Other Private,4,141,Longleaf pine,8,1.7791587465635903,0.0,0.0,0.0,81
TM66970_Suwannee_O3,66970,718561178290487,Suwannee,Family Forest,3,503,White oak / red oak / hickory,2,0.4447896866408976,0.0,0.0,0.0,65
TM67014_Baker_O6,67014,718561374290487,Baker,Federal,6,161,Loblolly pine,75,16.679613249033657,0.0,0.0,0.0,29
TM67014_Columbia_O3,67014,718561374290487,Columbia,Family Forest,3,161,Loblolly pine,57,12.676506069265582,0.0,0.0,0.0,29
TM67014_Columbia_O4,67014,718561374290487,Columbia,Corporate/Other Private,4,161,Loblolly pine,45,10.007767949420195,0.0,0.0,0.0,29
TM67014_Columbia_O7,67014,718561374290487,Columbia,State,7,161,Loblolly pine,4,0.8895793732817951,0.0,0.0,0.0,29
TM66954_Columbia_O7,66954,718561137290487,Columbia,State,7,161,Loblolly pine,1,0.2223948433204488,0.0,0.0,0.0,9
TM66954_Columbia_O8,66954,718561137290487,Columbia,Local,8,161,Loblolly pine,7,1.5567639032431415,0.0,0.0,0.0,9
TM64480_Columbia_O8,64480,638335023126144,Columbia,Local,8,142,Slash pine,1,0.2223948433204488,0.0,0.0,0.0,5
TM2704_Columbia_O3,2704,20272447010478,Columbia,Family Forest,3,520,Mixed upland hardwoods,40,8.895793732817951,0.0,0.0,0.0,20
TM2704_Columbia_O4,2704,20272447010478,Columbia,Corporate/Other Private,4,520,Mixed upland hardwoods,68,15.122849345790517,0.0,0.0,0.0,20
TM2704_Suwannee_O3,2704,20272447010478,Suwannee,Family Forest,3,520,Mixed upland hardwoods,51,11.342137009342888,0.0,0.0,0.0,20
TM2704_Suwannee_O4,2704,20272447010478,Suwannee,Corporate/Other Private,4,520,Mixed upland hardwoods,10,2.223948433204488,0.0,0.0,0.0,20
TM2704_Suwannee_O8,2704,20272447010478,Suwannee,Local,8,520,Mixed upland hardwoods,1,0.2223948433204488,0.0,0.0,0.0,20
TM64414_Columbia_O4,64414,638334523126144,Columbia,Corporate/Other Private,4,403,Longleaf pine / oak,2,0.4447896866408976,0.0,0.0,0.0,80
TM64407_Hamilton_O8,64407,638334496126144,Hamilton,Local,8,608,Sweetbay / swamp tupelo / red maple,24,5.337476239690771,0.0,0.0,0.0,7
TM64407_Suwannee_O7,64407,638334496126144,Suwannee,State,7,608,Sweetbay / swamp tupelo / red maple,9,2.001553589884039,0.0,0.0,0.0,7
TM64407_Suwannee_O8,64407,638334496126144,Suwannee,Local,8,608,Sweetbay / swamp tupelo / red maple,3,0.6671845299613464,0.0,0.0,0.0,7
TM64407_Union_O7,64407,638334496126144,Union,State,7,608,Sweetbay / swamp tupelo / red maple,3,0.6671845299613464,0.0,0.0,0.0,7
TM64407_Baker_O6,64407,638334496126144,Baker,Federal,6,608,Sweetbay / swamp tupelo / red maple,83,18.45877199559725,0.0,0.0,0.0,7
TM64407_Baker_O8,64407,638334496126144,Baker,Local,8,608,Sweetbay / swamp tupelo / red maple,14,3.113527806486283,0.0,0.0,0.0,7
TM24508_Columbia_O6,24508,176860474010854,Columbia,Federal,6,608,Sweetbay / swamp tupelo / red maple,1,0.2223948433204488,0.0,0.0,0.0,25
TM64444_Columbia_O8,64444,638334713126144,Columbia,Local,8,520,Mixed upland hardwoods,48,10.674952479381542,0.0,0.0,0.0,37
TM64444_Suwannee_O4,64444,638334713126144,Suwannee,Corporate/Other Private,4,520,Mixed upland hardwoods,527,117.20208242987651,0.0,0.0,0.0,37
TM64444_Suwannee_O8,64444,638334713126144,Suwannee,Local,8,520,Mixed upland hardwoods,24,5.337476239690771,0.0,0.0,0.0,37
TM64437_Hamilton_O4,64437,638334670126144,Hamilton,Corporate/Other Private,4,514,Southern scrub oak,1,0.2223948433204488,0.0,0.0,0.0,18
TM64443_Columbia_O3,64443,638334712126144,Columbia,Family Forest,3,608,Sweetbay / swamp tupelo / red maple,8,1.7791587465635903,0.0,0.0,0.0,70
TM64443_Suwannee_O3,64443,638334712126144,Suwannee,Family Forest,3,608,Sweetbay / swamp tupelo / red maple,1,0.2223948433204488,0.0,0.0,0.0,70
TM64443_Union_O3,64443,638334712126144,Union,Family Forest,3,608,Sweetbay / swamp tupelo / red maple,7,1.5567639032431415,0.0,0.0,0.0,70
TM64443_Union_O4,64443,638334712126144,Union,Corporate/Other Private,4,608,Sweetbay / swamp tupelo / red maple,1,0.2223948433204488,0.0,0.0,0.0,70
TM64444_Baker_O3,64444,638334713126144,Baker,Family Forest,3,520,Mixed upland hardwoods,1,0.2223948433204488,0.0,0.0,0.0,37
TM64444_Columbia_O4,64444,638334713126144,Columbia,Corporate/Other Private,4,520,Mixed upland hardwoods,857,190.59238072562462,0.0,0.0,0.0,37
TM64430_Union_O7,64430,638334610126144,Union,State,7,164,Sand pine,4,0.8895793732817951,0.0,0.0,0.0,19
TM64430_Union_O8,64430,638334610126144,Union,Local,8,164,Sand pine,1,0.2223948433204488,0.0,0.0,0.0,19
TM64431_Columbia_O3,64431,638334616126144,Columbia,Family Forest,3,514,Southern scrub oak,2,0.4447896866408976,0.0,0.0,0.0,41
TM64444_Columbia_O7,64444,638334713126144,Columbia,State,7,520,Mixed upland hardwoods,27,6.0046607696521175,0.0,0.0,0.0,37
TM64412_Columbia_O4,64412,638334519126144,Columbia,Corporate/Other Private,4,514,Southern scrub oak,2,0.4447896866408976,0.0,0.0,0.0,12
TM64412_Hamilton_O4,64412,638334519126144,Hamilton,Corporate/Other Private,4,514,Southern scrub oak,2,0.4447896866408976,0.0,0.0,0.0,12
TM64412_Suwannee_O3,64412,638334519126144,Suwannee,Family Forest,3,514,Southern scrub oak,1,0.2223948433204488,0.0,0.0,0.0,12
TM64414_Baker_O6,64414,638334523126144,Baker,Federal,6,403,Longleaf pine / oak,4,0.8895793732817951,0.0,0.0,0.0,80
TM64414_Columbia_O3,64414,638334523126144,Columbia,Family Forest,3,403,Longleaf pine / oak,4,0.8895793732817951,0.0,0.0,0.0,80
TM2699_Columbia_O6,2699,20266493010478,Columbia,Federal,6,520,Mixed upland hardwoods,154,34.24880587134911,0.0,0.0,0.0,75
TM2687_Columbia_O4,2687,20233712010478,Columbia,Corporate/Other Private,4,514,Southern scrub oak,1,0.2223948433204488,0.0,0.0,0.0,58
TM2687_Suwannee_O3,2687,20233712010478,Suwannee,Family Forest,3,514,Southern scrub oak,6,1.3343690599226927,0.0,0.0,0.0,58
TM2687_Suwannee_O8,2687,20233712010478,Suwannee,Local,8,514,Southern scrub oak,1,0.2223948433204488,0.0,0.0,0.0,58
TM2693_Suwannee_O7,2693,20250670010478,Suwannee,State,7,520,Mixed upland hardwoods,1,0.2223948433204488,0.0,0.0,0.0,40
TM2698_Baker_O3,2698,20266263010478,Baker,Family Forest,3,141,Longleaf pine,2,0.4447896866408976,0.0,0.0,0.0,19
TM2698_Columbia_O3,2698,20266263010478,Columbia,Family Forest,3,141,Longleaf pine,7,1.5567639032431415,0.0,0.0,0.0,19
TM64361_Baker_O3,64361,638334208126144,Baker,Family Forest,3,514,Southern scrub oak,13,2.891132963165834,0.0,0.0,0.0,36
TM2623_Union_O7,2623,17498047010478,Union,State,7,161,Loblolly pine,1,0.2223948433204488,0.0,0.0,0.0,47
TM2623_Union_O8,2623,17498047010478,Union,Local,8,161,Loblolly pine,1,0.2223948433204488,0.0,0.0,0.0,47
TM2683_Baker_O4,2683,20220154010478,Baker,Corporate/Other Private,4,407,Slash pine / hardwood,1,0.2223948433204488,0.0,0.0,0.0,24
TM2683_Columbia_O3,2683,20220154010478,Columbia,Family Forest,3,407,Slash pine / hardwood,1,0.2223948433204488,0.0,0.0,0.0,24
TM2683_Suwannee_O3,2683,20220154010478,Suwannee,Family Forest,3,407,Slash pine / hardwood,1,0.2223948433204488,0.0,0.0,0.0,24
TM2683_Union_O4,2683,20220154010478,Union,Corporate/Other Private,4,407,Slash pine / hardwood,1,0.2223948433204488,0.0,0.0,0.0,24
TM2707_Baker_O3,2707,20282429010478,Baker,Family Forest,3,142,Slash pine,201,44.70136350741021,0.0,0.0,0.0,19
TM2707_Baker_O4,2707,20282429010478,Baker,Corporate/Other Private,4,142,Slash pine,75,16.679613249033657,0.0,0.0,0.0,19
TM2707_Columbia_O4,2707,20282429010478,Columbia,Corporate/Other Private,4,142,Slash pine,130,28.911329631658344,0.0,0.0,0.0,19
TM2707_Columbia_O6,2707,20282429010478,Columbia,Federal,6,142,Slash pine,9,2.001553589884039,0.0,0.0,0.0,19
TM2707_Columbia_O8,2707,20282429010478,Columbia,Local,8,142,Slash pine,38,8.451004046177054,0.0,0.0,0.0,19
TM2707_Hamilton_O3,2707,20282429010478,Hamilton,Family Forest,3,142,Slash pine,66,14.67805965914962,0.0,0.0,0.0,19
TM2707_Hamilton_O4,2707,20282429010478,Hamilton,Corporate/Other Private,4,142,Slash pine,22,4.892686553049874,0.0,0.0,0.0,19
TM2623_Union_O4,2623,17498047010478,Union,Corporate/Other Private,4,161,Loblolly pine,32,7.116634986254361,0.0,0.0,0.0,47
TM2699_Suwannee_O4,2699,20266493010478,Suwannee,Corporate/Other Private,4,520,Mixed upland hardwoods,168,37.362333677835394,0.0,0.0,0.0,75
TM2698_Hamilton_O3,2698,20266263010478,Hamilton,Family Forest,3,141,Longleaf pine,2,0.4447896866408976,0.0,0.0,0.0,19
TM2698_Hamilton_O4,2698,20266263010478,Hamilton,Corporate/Other Private,4,141,Longleaf pine,2,0.4447896866408976,0.0,0.0,0.0,19
TM2698_Suwannee_O3,2698,20266263010478,Suwannee,Family Forest,3,141,Longleaf pine,17,3.780712336447629,0.0,0.0,0.0,19
TM2699_Baker_O4,2699,20266493010478,Baker,Corporate/Other Private,4,520,Mixed upland hardwoods,3,0.6671845299613464,0.0,0.0,0.0,75
TM64452_Baker_O7,64452,638334742126144,Baker,State,7,161,Loblolly pine,41,9.118188576138401,0.0,0.0,0.0,16
TM64448_Suwannee_O7,64448,638334723126144,Suwannee,State,7,608,Sweetbay / swamp tupelo / red maple,14,3.113527806486283,0.0,0.0,0.0,63
TM64449_Baker_O3,64449,638334724126144,Baker,Family Forest,3,141,Longleaf pine,149,33.13683165474687,0.0,0.0,0.0,4
TM64449_Baker_O6,64449,638334724126144,Baker,Federal,6,141,Longleaf pine,327,72.72311376578675,0.0,0.0,0.0,4
TM64449_Columbia_O4,64449,638334724126144,Columbia,Corporate/Other Private,4,141,Longleaf pine,5,1.111974216602244,0.0,0.0,0.0,4
TM64449_Columbia_O8,64449,638334724126144,Columbia,Local,8,141,Longleaf pine,32,7.116634986254361,0.0,0.0,0.0,4
TM64449_Hamilton_O4,64449,638334724126144,Hamilton,Corporate/Other Private,4,141,Longleaf pine,1,0.2223948433204488,0.0,0.0,0.0,4
TM64431_Columbia_O4,64431,638334616126144,Columbia,Corporate/Other Private,4,514,Southern scrub oak,1,0.2223948433204488,0.0,0.0,0.0,41
TM64448_Columbia_O6,64448,638334723126144,Columbia,Federal,6,608,Sweetbay / swamp tupelo / red maple,435,96.74175684439523,0.0,0.0,0.0,63
TM64448_Columbia_O8,64448,638334723126144,Columbia,Local,8,608,Sweetbay / swamp tupelo / red maple,55,12.231716382624683,0.0,0.0,0.0,63
TM64448_Hamilton_O4,64448,638334723126144,Hamilton,Corporate/Other Private,4,608,Sweetbay / swamp tupelo / red maple,104,23.129063705326672,0.0,0.0,0.0,63
TM64448_Suwannee_O3,64448,638334723126144,Suwannee,Family Forest,3,608,Sweetbay / swamp tupelo / red maple,103,22.906668862006224,0.0,0.0,0.0,63
TM64457_Baker_O3,64457,638334752126144,Baker,Family Forest,3,608,Sweetbay / swamp tupelo / red maple,11,2.446343276524937,0.0,0.0,0.0,5
TM64457_Baker_O4,64457,638334752126144,Baker,Corporate/Other Private,4,608,Sweetbay / swamp tupelo / red maple,10,2.223948433204488,0.0,0.0,0.0,5
TM64457_Baker_O8,64457,638334752126144,Baker,Local,8,608,Sweetbay / swamp tupelo / red maple,1,0.2223948433204488,0.0,0.0,0.0,5
TM64457_Columbia_O4,64457,638334752126144,Columbia,Corporate/Other Private,4,608,Sweetbay / swamp tupelo / red maple,27,6.0046607696521175,0.0,0.0,0.0,5
TM64454_Hamilton_O4,64454,638334746126144,Hamilton,Corporate/Other Private,4,142,Slash pine,25,5.5598710830112195,0.0,0.0,0.0,21
TM64454_Suwannee_O4,64454,638334746126144,Suwannee,Corporate/Other Private,4,142,Slash pine,45,10.007767949420195,0.0,0.0,0.0,21
TM64454_Suwannee_O8,64454,638334746126144,Suwannee,Local,8,142,Slash pine,10,2.223948433204488,0.0,0.0,0.0,21
TM64454_Union_O8,64454,638334746126144,Union,Local,8,142,Slash pine,8,1.7791587465635903,0.0,0.0,0.0,21
TM24512_Columbia_O7,24512,176860601010854,Columbia,State,7,608,Sweetbay / swamp tupelo / red maple,1,0.2223948433204488,0.0,0.0,0.0,30
TM64448_Columbia_O3,64448,638334723126144,Columbia,Family Forest,3,608,Sweetbay / swamp tupelo / red maple,224,49.81644490378053,0.0,0.0,0.0,63
TM64437_Columbia_O3,64437,638334670126144,Columbia,Family Forest,3,514,Southern scrub oak,1,0.2223948433204488,0.0,0.0,0.0,18
TM64437_Columbia_O4,64437,638334670126144,Columbia,Corporate/Other Private,4,514,Southern scrub oak,1,0.2223948433204488,0.0,0.0,0.0,18
TM64437_Hamilton_O3,64437,638334670126144,Hamilton,Family Forest,3,514,Southern scrub oak,2,0.4447896866408976,0.0,0.0,0.0,18
TM64417_Union_O7,64417,638334544126144,Union,State,7,403,Longleaf pine / oak,17,3.780712336447629,0.0,0.0,0.0,48
TM64419_Columbia_O3,64419,638334555126144,Columbia,Family Forest,3,161,Loblolly pine,482,107.19431448045631,0.0,0.0,0.0,32
TM64419_Columbia_O4,64419,638334555126144,Columbia,Corporate/Other Private,4,161,Loblolly pine,30,6.671845299613464,0.0,0.0,0.0,32
TM64419_Columbia_O7,64419,638334555126144,Columbia,State,7,161,Loblolly pine,1,0.2223948433204488,0.0,0.0,0.0,32
TM64419_Union_O7,64419,638334555126144,Union,State,7,161,Loblolly pine,4,0.8895793732817951,0.0,0.0,0.0,32
TM64430_Union_O3,64430,638334610126144,Union,Family Forest,3,164,Sand pine,31,6.894240142933913,0.0,0.0,0.0,19
TM64452_Baker_O8,64452,638334742126144,Baker,Local,8,161,Loblolly pine,370,82.28609202856605,0.0,0.0,0.0,16
TM64453_Baker_O7,64453,638334743126144,Baker,State,7,520,Mixed upland hardwoods,1,0.2223948433204488,0.0,0.0,0.0,8
TM64453_Baker_O8,64453,638334743126144,Baker,Local,8,520,Mixed upland hardwoods,24,5.337476239690771,0.0,0.0,0.0,8
TM2699_Hamilton_O8,2699,20266493010478,Hamilton,Local,8,520,Mixed upland hardwoods,52,11.564531852663336,0.0,0.0,0.0,75
TM64450_Baker_O3,64450,638334731126144,Baker,Family Forest,3,142,Slash pine,112,24.908222451890264,0.0,0.0,0.0,73
TM64450_Baker_O4,64450,638334731126144,Baker,Corporate/Other Private,4,142,Slash pine,5,1.111974216602244,0.0,0.0,0.0,73
TM64450_Baker_O6,64450,638334731126144,Baker,Federal,6,142,Slash pine,106,23.57385339196757,0.0,0.0,0.0,73
TM64450_Columbia_O8,64450,638334731126144,Columbia,Local,8,142,Slash pine,2,0.4447896866408976,0.0,0.0,0.0,73
TM2623_Baker_O4,2623,17498047010478,Baker,Corporate/Other Private,4,161,Loblolly pine,1,0.2223948433204488,0.0,0.0,0.0,47
TM24515_Hamilton_O6,24515,176860754010854,Hamilton,Federal,6,520,Mixed upland hardwoods,46,10.230162792740645,0.0,0.0,0.0,26
TM24515_Hamilton_O8,24515,176860754010854,Hamilton,Local,8,520,Mixed upland hardwoods,70,15.567639032431416,0.0,0.0,0.0,26
TM24515_Suwannee_O6,24515,176860754010854,Suwannee,Federal,6,520,Mixed upland hardwoods,3,0.6671845299613464,0.0,0.0,0.0,26
TM24515_Baker_O8,24515,176860754010854,Baker,Local,8,520,Mixed upland hardwoods,65,14.455664815829172,0.0,0.0,0.0,26
TM24515_Columbia_O6,24515,176860754010854,Columbia,Federal,6,520,Mixed upland hardwoods,190,42.25502023088527,0.0,0.0,0.0,26
TM2699_Columbia_O8,2699,20266493010478,Columbia,Local,8,520,Mixed upland hardwoods,93,20.682720428801737,0.0,0.0,0.0,75
TM2699_Hamilton_O6,2699,20266493010478,Hamilton,Federal,6,520,Mixed upland hardwoods,4,0.8895793732817951,0.0,0.0,0.0,75
TM2699_Hamilton_O7,2699,20266493010478,Hamilton,State,7,520,Mixed upland hardwoods,10,2.223948433204488,0.0,0.0,0.0,75
TM64453_Columbia_O4,64453,638334743126144,Columbia,Corporate/Other Private,4,520,Mixed upland hardwoods,108,24.01864307860847,0.0,0.0,0.0,8
TM63999_Suwannee_O3,63999,635664107126144,Suwannee,Family Forest,3,995,Other exotic hardwoods,3,0.6671845299613464,0.0,0.0,0.0,20
TM63999_Suwannee_O4,63999,635664107126144,Suwannee,Corporate/Other Private,4,995,Other exotic hardwoods,3,0.6671845299613464,0.0,0.0,0.0,20
TM64112_Baker_O4,64112,635664534126144,Baker,Corporate/Other Private,4,608,Sweetbay / swamp tupelo / red maple,75,16.679613249033657,0.0,0.0,0.0,65
TM64114_Columbia_O3,64114,635664537126144,Columbia,Family Forest,3,142,Slash pine,5,1.111974216602244,0.0,0.0,0.0,11
TM64114_Columbia_O8,64114,635664537126144,Columbia,Local,8,142,Slash pine,1,0.2223948433204488,0.0,0.0,0.0,11
TM64114_Suwannee_O3,64114,635664537126144,Suwannee,Family Forest,3,142,Slash pine,408,90.7370960747431,0.0,0.0,0.0,11
TM63914_Columbia_O6,63914,635663753126144,Columbia,Federal,6,161,Loblolly pine,3,0.6671845299613464,0.0,0.0,0.0,65
TM63914_Hamilton_O3,63914,635663753126144,Hamilton,Family Forest,3,161,Loblolly pine,1,0.2223948433204488,0.0,0.0,0.0,65
TM63914_Hamilton_O7,63914,635663753126144,Hamilton,State,7,161,Loblolly pine,1,0.2223948433204488,0.0,0.0,0.0,65
TM63987_Suwannee_O3,63987,635664073126144,Suwannee,Family Forest,3,520,Mixed upland hardwoods,2,0.4447896866408976,0.0,0.0,0.0,69
TM60339_Suwannee_O4,60339,548083851126144,Suwannee,Corporate/Other Private,4,520,Mixed upland hardwoods,15,3.335922649806732,0.0,0.0,0.0,48
TM60339_Union_O4,60339,548083851126144,Union,Corporate/Other Private,4,520,Mixed upland hardwoods,30,6.671845299613464,0.0,0.0,0.0,48
TM2734_Columbia_O3,2734,20329200010478,Columbia,Family Forest,3,403,Longleaf pine / oak,8,1.7791587465635903,0.0,0.0,0.0,69
TM61698_Hamilton_O4,61698,559255329126144,Hamilton,Corporate/Other Private,4,706,Sugarberry / hackberry / elm / green ash,5,1.111974216602244,0.0,0.0,0.0,6
TM63914_Baker_O4,63914,635663753126144,Baker,Corporate/Other Private,4,161,Loblolly pine,1,0.2223948433204488,0.0,0.0,0.0,65
TM63914_Baker_O6,63914,635663753126144,Baker,Federal,6,161,Loblolly pine,1,0.2223948433204488,0.0,0.0,0.0,65
TM60339_Baker_O8,60339,548083851126144,Baker,Local,8,520,Mixed upland hardwoods,1,0.2223948433204488,0.0,0.0,0.0,48
TM60339_Columbia_O3,60339,548083851126144,Columbia,Family Forest,3,520,Mixed upland hardwoods,74,16.45721840571321,0.0,0.0,0.0,48
TM60339_Columbia_O4,60339,548083851126144,Columbia,Corporate/Other Private,4,520,Mixed upland hardwoods,14,3.113527806486283,0.0,0.0,0.0,48
TM60339_Columbia_O6,60339,548083851126144,Columbia,Federal,6,520,Mixed upland hardwoods,17,3.780712336447629,0.0,0.0,0.0,48
TM60339_Columbia_O8,60339,548083851126144,Columbia,Local,8,520,Mixed upland hardwoods,5,1.111974216602244,0.0,0.0,0.0,48
TM60339_Hamilton_O4,60339,548083851126144,Hamilton,Corporate/Other Private,4,520,Mixed upland hardwoods,304,67.60803236941643,0.0,0.0,0.0,48
TM64167_Hamilton_O8,64167,635664717126144,Hamilton,Local,8,142,Slash pine,3,0.6671845299613464,0.0,0.0,0.0,53
TM64167_Suwannee_O7,64167,635664717126144,Suwannee,State,7,142,Slash pine,10,2.223948433204488,0.0,0.0,0.0,53
TM64167_Baker_O6,64167,635664717126144,Baker,Federal,6,142,Slash pine,19,4.225502023088527,0.0,0.0,0.0,53
TM60339_Union_O7,60339,548083851126144,Union,State,7,520,Mixed upland hardwoods,21,4.670291709729424,0.0,0.0,0.0,48
TM31047_Columbia_O8,31047,218218851020004,Columbia,Local,8,514,Southern scrub oak,5,1.111974216602244,0.0,0.0,0.0,17
TM32406_Hamilton_O4,32406,236497515010854,Hamilton,Corporate/Other Private,4,608,Sweetbay / swamp tupelo / red maple,14,3.113527806486283,0.0,0.0,0.0,14
TM32406_Hamilton_O8,32406,236497515010854,Hamilton,Local,8,608,Sweetbay / swamp tupelo / red maple,1,0.2223948433204488,0.0,0.0,0.0,14
TM32406_Suwannee_O3,32406,236497515010854,Suwannee,Family Forest,3,608,Sweetbay / swamp tupelo / red maple,11,2.446343276524937,0.0,0.0,0.0,14
TM32406_Suwannee_O4,32406,236497515010854,Suwannee,Corporate/Other Private,4,608,Sweetbay / swamp tupelo / red maple,14,3.113527806486283,0.0,0.0,0.0,14
TM32406_Union_O4,32406,236497515010854,Union,Corporate/Other Private,4,608,Sweetbay / swamp tupelo / red maple,4,0.8895793732817951,0.0,0.0,0.0,14
TM32401_Hamilton_O4,32401,236497171010854,Hamilton,Corporate/Other Private,4,142,Slash pine,239,53.15236755358726,0.0,0.0,0.0,59
TM32405_Hamilton_O3,32405,236497417010854,Hamilton,Family Forest,3,608,Sweetbay / swamp tupelo / red maple,1,0.2223948433204488,0.0,0.0,0.0,34
TM32406_Baker_O4,32406,236497515010854,Baker,Corporate/Other Private,4,608,Sweetbay / swamp tupelo / red maple,23,5.115081396370322,0.0,0.0,0.0,14
TM32406_Baker_O7,32406,236497515010854,Baker,State,7,608,Sweetbay / swamp tupelo / red maple,1,0.2223948433204488,0.0,0.0,0.0,14
TM32406_Baker_O8,32406,236497515010854,Baker,Local,8,608,Sweetbay / swamp tupelo / red maple,7,1.5567639032431415,0.0,0.0,0.0,14
TM32406_Columbia_O4,32406,236497515010854,Columbia,Corporate/Other Private,4,608,Sweetbay / swamp tupelo / red maple,1,0.2223948433204488,0.0,0.0,0.0,14
TM63999_Hamilton_O3,63999,635664107126144,Hamilton,Family Forest,3,995,Other exotic hardwoods,1,0.2223948433204488,0.0,0.0,0.0,20
TM59436_Hamilton_O4,59436,533665422126144,Hamilton,Corporate/Other Private,4,407,Slash pine / hardwood,16,3.5583174931271806,0.0,0.0,0.0,33
TM59436_Hamilton_O8,59436,533665422126144,Hamilton,Local,8,407,Slash pine / hardwood,1,0.2223948433204488,0.0,0.0,0.0,33
TM59436_Suwannee_O3,59436,533665422126144,Suwannee,Family Forest,3,407,Slash pine / hardwood,1,0.2223948433204488,0.0,0.0,0.0,33
TM59875_Baker_O3,59875,545869488126144,Baker,Family Forest,3,517,Elm / ash / black locust,2,0.4447896866408976,0.0,0.0,0.0,15
TM59875_Columbia_O3,59875,545869488126144,Columbia,Family Forest,3,517,Elm / ash / black locust,33,7.33902982957481,0.0,0.0,0.0,15
TM59875_Columbia_O4,59875,545869488126144,Columbia,Corporate/Other Private,4,517,Elm / ash / black locust,11,2.446343276524937,0.0,0.0,0.0,15
TM59875_Columbia_O6,59875,545869488126144,Columbia,Federal,6,517,Elm / ash / black locust,3,0.6671845299613464,0.0,0.0,0.0,15
TM59875_Columbia_O8,59875,545869488126144,Columbia,Local,8,517,Elm / ash / black locust,8,1.7791587465635903,0.0,0.0,0.0,15
TM59428_Columbia_O7,59428,533665395126144,Columbia,State,7,142,Slash pine,488,108.528683540379,0.0,0.0,0.0,36
TM59428_Hamilton_O4,59428,533665395126144,Hamilton,Corporate/Other Private,4,142,Slash pine,138,30.690488378221932,0.0,0.0,0.0,36
TM59428_Suwannee_O3,59428,533665395126144,Suwannee,Family Forest,3,142,Slash pine,13,2.891132963165834,0.0,0.0,0.0,36
TM59428_Union_O3,59428,533665395126144,Union,Family Forest,3,142,Slash pine,154,34.24880587134911,0.0,0.0,0.0,36
TM59436_Hamilton_O3,59436,533665422126144,Hamilton,Family Forest,3,407,Slash pine / hardwood,116,25.79780182517206,0.0,0.0,0.0,33
TM60319_Baker_O3,60319,548083809126144,Baker,Family Forest,3,520,Mixed upland hardwoods,1,0.2223948433204488,0.0,0.0,0.0,33
TM64165_Baker_O3,64165,635664709126144,Baker,Family Forest,3,607,Baldcypress / water tupelo,1,0.2223948433204488,0.0,0.0,0.0,94
TM64174_Hamilton_O4,64174,635664740126144,Hamilton,Corporate/Other Private,4,608,Sweetbay / swamp tupelo / red maple,4,0.8895793732817951,0.0,0.0,0.0,45
TM64174_Suwannee_O3,64174,635664740126144,Suwannee,Family Forest,3,608,Sweetbay / swamp tupelo / red maple,2,0.4447896866408976,0.0,0.0,0.0,45
TM64177_Baker_O3,64177,635664751126144,Baker,Family Forest,3,142,Slash pine,15,3.335922649806732,0.0,0.0,0.0,29
TM64177_Baker_O4,64177,635664751126144,Baker,Corporate/Other Private,4,142,Slash pine,1,0.2223948433204488,0.0,0.0,0.0,29
TM64177_Columbia_O3,64177,635664751126144,Columbia,Family Forest,3,142,Slash pine,28,6.227055612972566,0.0,0.0,0.0,29
TM64177_Columbia_O4,64177,635664751126144,Columbia,Corporate/Other Private,4,142,Slash pine,38,8.451004046177054,0.0,0.0,0.0,29
TM64177_Columbia_O8,64177,635664751126144,Columbia,Local,8,142,Slash pine,4,0.8895793732817951,0.0,0.0,0.0,29
TM64177_Hamilton_O3,64177,635664751126144,Hamilton,Family Forest,3,142,Slash pine,92,20.46032558548129,0.0,0.0,0.0,29
TM64173_Hamilton_O6,64173,635664733126144,Hamilton,Federal,6,602,Sweetgum / Nuttall oak / willow oak,14,3.113527806486283,0.0,0.0,0.0,61
TM64173_Suwannee_O6,64173,635664733126144,Suwannee,Federal,6,602,Sweetgum / Nuttall oak / willow oak,8,1.7791587465635903,0.0,0.0,0.0,61
TM64173_Suwannee_O8,64173,635664733126144,Suwannee,Local,8,602,Sweetgum / Nuttall oak / willow oak,9,2.001553589884039,0.0,0.0,0.0,61
TM64167_Baker_O7,64167,635664717126144,Baker,State,7,142,Slash pine,9,2.001553589884039,0.0,0.0,0.0,53
TM64173_Baker_O4,64173,635664733126144,Baker,Corporate/Other Private,4,602,Sweetgum / Nuttall oak / willow oak,18,4.003107179768078,0.0,0.0,0.0,61
TM64173_Baker_O8,64173,635664733126144,Baker,Local,8,602,Sweetgum / Nuttall oak / willow oak,3,0.6671845299613464,0.0,0.0,0.0,61
TM64173_Columbia_O6,64173,635664733126144,Columbia,Federal,6,602,Sweetgum / Nuttall oak / willow oak,4,0.8895793732817951,0.0,0.0,0.0,61
TM64173_Columbia_O8,64173,635664733126144,Columbia,Local,8,602,Sweetgum / Nuttall oak / willow oak,5,1.111974216602244,0.0,0.0,0.0,61
TM64167_Union_O4,64167,635664717126144,Union,Corporate/Other Private,4,142,Slash pine,155,34.471200714669564,0.0,0.0,0.0,53
TM64167_Union_O7,64167,635664717126144,Union,State,7,142,Slash pine,19,4.225502023088527,0.0,0.0,0.0,53
TM64167_Union_O8,64167,635664717126144,Union,Local,8,142,Slash pine,2,0.4447896866408976,0.0,0.0,0.0,53
TM64168_Hamilton_O4,64168,635664724126144,Hamilton,Corporate/Other Private,4,609,Baldcypress / pondcypress,1,0.2223948433204488,0.0,0.0,0.0,17
TM64172_Hamilton_O4,64172,635664732126144,Hamilton,Corporate/Other Private,4,409,Other pine / hardwood,54,12.009321539304235,0.0,0.0,0.0,53
TM64215_Union_O3,64215,635664892126144,Union,Family Forest,3,141,Longleaf pine,1,0.2223948433204488,0.0,0.0,0.0,6
TM64215_Union_O4,64215,635664892126144,Union,Corporate/Other Private,4,141,Longleaf pine,1,0.2223948433204488,0.0,0.0,0.0,6
TM64218_Baker_O3,64218,635664902126144,Baker,Family Forest,3,142,Slash pine,22,4.892686553049874,0.0,0.0,0.0,55
TM64218_Columbia_O4,64218,635664902126144,Columbia,Corporate/Other Private,4,142,Slash pine,33,7.33902982957481,0.0,0.0,0.0,55
TM64174_Hamilton_O3,64174,635664740126144,Hamilton,Family Forest,3,608,Sweetbay / swamp tupelo / red maple,22,4.892686553049874,0.0,0.0,0.0,45
TM31037_Union_O4,31037,218218426020004,Union,Corporate/Other Private,4,503,White oak / red oak / hickory,6,1.3343690599226927,0.0,0.0,0.0,75
TM31039_Union_O7,31039,218218532020004,Union,State,7,161,Loblolly pine,1,0.2223948433204488,0.0,0.0,0.0,23
TM31039_Union_O8,31039,218218532020004,Union,Local,8,161,Loblolly pine,5,1.111974216602244,0.0,0.0,0.0,23
TM31044_Columbia_O4,31044,218218630020004,Columbia,Corporate/Other Private,4,407,Slash pine / hardwood,8,1.7791587465635903,0.0,0.0,0.0,11
TM31044_Columbia_O8,31044,218218630020004,Columbia,Local,8,407,Slash pine / hardwood,2,0.4447896866408976,0.0,0.0,0.0,11
TM31037_Hamilton_O7,31037,218218426020004,Hamilton,State,7,503,White oak / red oak / hickory,25,5.5598710830112195,0.0,0.0,0.0,75
TM31037_Suwannee_O6,31037,218218426020004,Suwannee,Federal,6,503,White oak / red oak / hickory,1,0.2223948433204488,0.0,0.0,0.0,75
TM31037_Suwannee_O7,31037,218218426020004,Suwannee,State,7,503,White oak / red oak / hickory,79,17.569192622315455,0.0,0.0,0.0,75
TM31037_Suwannee_O8,31037,218218426020004,Suwannee,Local,8,503,White oak / red oak / hickory,9,2.001553589884039,0.0,0.0,0.0,75
TM31048_Suwannee_O3,31048,218219125020004,Suwannee,Family Forest,3,142,Slash pine,1,0.2223948433204488,0.0,0.0,0.0,32
TM31050_Baker_O3,31050,218219353020004,Baker,Family Forest,3,164,Sand pine,6,1.3343690599226927,0.0,0.0,0.0,55
TM31050_Baker_O8,31050,218219353020004,Baker,Local,8,164,Sand pine,1,0.2223948433204488,0.0,0.0,0.0,55
TM64160_Baker_O6,64160,635664693126144,Baker,Federal,6,142,Slash pine,39,8.673398889497502,0.0,0.0,0.0,42
TM31048_Baker_O6,31048,218219125020004,Baker,Federal,6,142,Slash pine,42,9.340583419458849,0.0,0.0,0.0,32
TM31048_Columbia_O3,31048,218219125020004,Columbia,Family Forest,3,142,Slash pine,83,18.45877199559725,0.0,0.0,0.0,32
TM31048_Columbia_O4,31048,218219125020004,Columbia,Corporate/Other Private,4,142,Slash pine,55,12.231716382624683,0.0,0.0,0.0,32
TM31048_Columbia_O8,31048,218219125020004,Columbia,Local,8,142,Slash pine,841,187.03406323249743,0.0,0.0,0.0,32
TM31048_Hamilton_O3,31048,218219125020004,Hamilton,Family Forest,3,142,Slash pine,397,88.29075279821816,0.0,0.0,0.0,32
TM64165_Columbia_O8,64165,635664709126144,Columbia,Local,8,607,Baldcypress / water tupelo,35,7.783819516215708,0.0,0.0,0.0,94
TM64165_Hamilton_O7,64165,635664709126144,Hamilton,State,7,607,Baldcypress / water tupelo,3,0.6671845299613464,0.0,0.0,0.0,94
TM64114_Suwannee_O4,64114,635664537126144,Suwannee,Corporate/Other Private,4,142,Slash pine,208,46.258127410653344,0.0,0.0,0.0,11
TM64114_Suwannee_O8,64114,635664537126144,Suwannee,Local,8,142,Slash pine,1,0.2223948433204488,0.0,0.0,0.0,11
TM64116_Columbia_O6,64116,635664544126144,Columbia,Federal,6,520,Mixed upland hardwoods,1,0.2223948433204488,0.0,0.0,0.0,62
TM64118_Hamilton_O3,64118,635664557126144,Hamilton,Family Forest,3,141,Longleaf pine,210,46.70291709729425,0.0,0.0,0.0,104
TM64118_Hamilton_O4,64118,635664557126144,Hamilton,Corporate/Other Private,4,141,Longleaf pine,3,0.6671845299613464,0.0,0.0,0.0,104
TM64160_Baker_O3,64160,635664693126144,Baker,Family Forest,3,142,Slash pine,39,8.673398889497502,0.0,0.0,0.0,42
TM31050_Columbia_O3,31050,218219353020004,Columbia,Family Forest,3,164,Sand pine,1,0.2223948433204488,0.0,0.0,0.0,55
TM33346_Columbia_O8,33346,249673610010854,Columbia,Local,8,142,Slash pine,43,9.562978262779298,0.0,0.0,0.0,26
TM59294_Suwannee_O6,59294,533664907126144,Suwannee,Federal,6,142,Slash pine,3,0.6671845299613464,0.0,0.0,0.0,21
TM59293_Suwannee_O4,59293,533664906126144,Suwannee,Corporate/Other Private,4,602,Sweetgum / Nuttall oak / willow oak,10,2.223948433204488,0.0,0.0,0.0,60
TM59294_Baker_O4,59294,533664907126144,Baker,Corporate/Other Private,4,142,Slash pine,2,0.4447896866408976,0.0,0.0,0.0,21
TM59294_Columbia_O6,59294,533664907126144,Columbia,Federal,6,142,Slash pine,1777,395.1956365804375,0.0,0.0,0.0,21
TM59213_Union_O3,59213,533664592126144,Union,Family Forest,3,407,Slash pine / hardwood,26,5.782265926331668,0.0,0.0,0.0,56
TM59220_Columbia_O8,59220,533664615126144,Columbia,Local,8,161,Loblolly pine,1,0.2223948433204488,0.0,0.0,0.0,46
TM59248_Columbia_O3,59248,533664724126144,Columbia,Family Forest,3,161,Loblolly pine,1,0.2223948433204488,0.0,0.0,0.0,71
TM59293_Columbia_O3,59293,533664906126144,Columbia,Family Forest,3,602,Sweetgum / Nuttall oak / willow oak,39,8.673398889497502,0.0,0.0,0.0,60
TM59293_Columbia_O4,59293,533664906126144,Columbia,Corporate/Other Private,4,602,Sweetgum / Nuttall oak / willow oak,1,0.2223948433204488,0.0,0.0,0.0,60
TM59293_Columbia_O8,59293,533664906126144,Columbia,Local,8,602,Sweetgum / Nuttall oak / willow oak,1,0.2223948433204488,0.0,0.0,0.0,60
TM59293_Hamilton_O3,59293,533664906126144,Hamilton,Family Forest,3,602,Sweetgum / Nuttall oak / willow oak,16,3.5583174931271806,0.0,0.0,0.0,60
TM31047_Columbia_O7,31047,218218851020004,Columbia,State,7,514,Southern scrub oak,1,0.2223948433204488,0.0,0.0,0.0,17
TM59348_Hamilton_O6,59348,533665078126144,Hamilton,Federal,6,602,Sweetgum / Nuttall oak / willow oak,6,1.3343690599226927,0.0,0.0,0.0,86
TM59348_Hamilton_O8,59348,533665078126144,Hamilton,Local,8,602,Sweetgum / Nuttall oak / willow oak,4,0.8895793732817951,0.0,0.0,0.0,86
TM59348_Suwannee_O4,59348,533665078126144,Suwannee,Corporate/Other Private,4,602,Sweetgum / Nuttall oak / willow oak,37,8.228609202856605,0.0,0.0,0.0,86
TM59348_Suwannee_O6,59348,533665078126144,Suwannee,Federal,6,602,Sweetgum / Nuttall oak / willow oak,6,1.3343690599226927,0.0,0.0,0.0,86
TM59343_Columbia_O8,59343,533665053126144,Columbia,Local,8,161,Loblolly pine,6,1.3343690599226927,0.0,0.0,0.0,72
TM59343_Hamilton_O3,59343,533665053126144,Hamilton,Family Forest,3,161,Loblolly pine,4,0.8895793732817951,0.0,0.0,0.0,72
TM59343_Hamilton_O4,59343,533665053126144,Hamilton,Corporate/Other Private,4,161,Loblolly pine,4,0.8895793732817951,0.0,0.0,0.0,72
TM59348_Baker_O3,59348,533665078126144,Baker,Family Forest,3,602,Sweetgum / Nuttall oak / willow oak,11,2.446343276524937,0.0,0.0,0.0,86
TM59348_Baker_O4,59348,533665078126144,Baker,Corporate/Other Private,4,602,Sweetgum / Nuttall oak / willow oak,5,1.111974216602244,0.0,0.0,0.0,86
TM59348_Baker_O8,59348,533665078126144,Baker,Local,8,602,Sweetgum / Nuttall oak / willow oak,2,0.4447896866408976,0.0,0.0,0.0,86
TM59323_Columbia_O4,59323,533664995126144,Columbia,Corporate/Other Private,4,142,Slash pine,11,2.446343276524937,0.0,0.0,0.0,34
TM59323_Columbia_O8,59323,533664995126144,Columbia,Local,8,142,Slash pine,12,2.6687381198453854,0.0,0.0,0.0,34
TM59323_Hamilton_O4,59323,533664995126144,Hamilton,Corporate/Other Private,4,142,Slash pine,2,0.4447896866408976,0.0,0.0,0.0,34
TM59293_Hamilton_O4,59293,533664906126144,Hamilton,Corporate/Other Private,4,602,Sweetgum / Nuttall oak / willow oak,3,0.6671845299613464,0.0,0.0,0.0,60
TM59295_Columbia_O8,59295,533664908126144,Columbia,Local,8,609,Baldcypress / pondcypress,2,0.4447896866408976,0.0,0.0,0.0,72
TM59294_Hamilton_O6,59294,533664907126144,Hamilton,Federal,6,142,Slash pine,20,4.447896866408976,0.0,0.0,0.0,21
TM59294_Hamilton_O8,59294,533664907126144,Hamilton,Local,8,142,Slash pine,94,20.905115272122185,0.0,0.0,0.0,21
TM31057_Columbia_O4,31057,218219380020004,Columbia,Corporate/Other Private,4,409,Other pine / hardwood,1,0.2223948433204488,0.0,0.0,0.0,55
TM31059_Baker_O6,31059,218219393020004,Baker,Federal,6,141,Longleaf pine,42,9.340583419458849,0.0,0.0,0.0,60
TM31059_Columbia_O6,31059,218219393020004,Columbia,Federal,6,141,Longleaf pine,75,16.679613249033657,0.0,0.0,0.0,60
TM31059_Hamilton_O4,31059,218219393020004,Hamilton,Corporate/Other Private,4,141,Longleaf pine,16,3.5583174931271806,0.0,0.0,0.0,60
TM32396_Hamilton_O3,32396,236497029010854,Hamilton,Family Forest,3,161,Loblolly pine,344,76.50382610223438,0.0,0.0,0.0,29
TM32396_Hamilton_O4,32396,236497029010854,Hamilton,Corporate/Other Private,4,161,Loblolly pine,82,18.236377152276802,0.0,0.0,0.0,29
TM32401_Hamilton_O3,32401,236497171010854,Hamilton,Family Forest,3,142,Slash pine,411,91.40428060470445,0.0,0.0,0.0,59
TM31051_Baker_O7,31051,218219354020004,Baker,State,7,164,Sand pine,40,8.895793732817951,0.0,0.0,0.0,60
TM31051_Baker_O8,31051,218219354020004,Baker,Local,8,164,Sand pine,14,3.113527806486283,0.0,0.0,0.0,60
TM33346_Columbia_O4,33346,249673610010854,Columbia,Corporate/Other Private,4,142,Slash pine,287,63.8273200329688,0.0,0.0,0.0,26
TM31051_Columbia_O4,31051,218219354020004,Columbia,Corporate/Other Private,4,164,Sand pine,9,2.001553589884039,0.0,0.0,0.0,60
TM31051_Union_O4,31051,218219354020004,Union,Corporate/Other Private,4,164,Sand pine,22,4.892686553049874,0.0,0.0,0.0,60
TM31051_Union_O7,31051,218219354020004,Union,State,7,164,Sand pine,9,2.001553589884039,0.0,0.0,0.0,60
TM33346_Hamilton_O4,33346,249673610010854,Hamilton,Corporate/Other Private,4,142,Slash pine,2,0.4447896866408976,0.0,0.0,0.0,26
TM33346_Hamilton_O7,33346,249673610010854,Hamilton,State,7,142,Slash pine,1,0.2223948433204488,0.0,0.0,0.0,26
TM33346_Suwannee_O4,33346,249673610010854,Suwannee,Corporate/Other Private,4,142,Slash pine,161,35.80556977459226,0.0,0.0,0.0,26
TM33346_Suwannee_O7,33346,249673610010854,Suwannee,State,7,142,Slash pine,3,0.6671845299613464,0.0,0.0,0.0,26
TM33346_Union_O3,33346,249673610010854,Union,Family Forest,3,142,Slash pine,1,0.2223948433204488,0.0,0.0,0.0,26
TM33347_Baker_O3,33347,249673656010854,Baker,Family Forest,3,520,Mixed upland hardwoods,1,0.2223948433204488,0.0,0.0,0.0,35
TM33347_Baker_O4,33347,249673656010854,Baker,Corporate/Other Private,4,520,Mixed upland hardwoods,2,0.4447896866408976,0.0,0.0,0.0,35
TM33345_Baker_O8,33345,249673568010854,Baker,Local,8,164,Sand pine,169,37.584728521155846,0.0,0.0,0.0,38
TM33346_Baker_O4,33346,249673610010854,Baker,Corporate/Other Private,4,142,Slash pine,2,0.4447896866408976,0.0,0.0,0.0,26
TM33346_Columbia_O3,33346,249673610010854,Columbia,Family Forest,3,142,Slash pine,256,56.93307989003489,0.0,0.0,0.0,26
TM31051_Columbia_O3,31051,218219354020004,Columbia,Family Forest,3,164,Sand pine,59,13.121295755906479,0.0,0.0,0.0,60
TM59386_Hamilton_O4,59386,533665229126144,Hamilton,Corporate/Other Private,4,142,Slash pine,3,0.6671845299613464,0.0,0.0,0.0,8
TM59387_Hamilton_O3,59387,533665230126144,Hamilton,Family Forest,3,608,Sweetbay / swamp tupelo / red maple,7,1.5567639032431415,0.0,0.0,0.0,21
TM60319_Baker_O4,60319,548083809126144,Baker,Corporate/Other Private,4,520,Mixed upland hardwoods,1,0.2223948433204488,0.0,0.0,0.0,33
TM60319_Columbia_O4,60319,548083809126144,Columbia,Corporate/Other Private,4,520,Mixed upland hardwoods,1,0.2223948433204488,0.0,0.0,0.0,33
TM60319_Columbia_O6,60319,548083809126144,Columbia,Federal,6,520,Mixed upland hardwoods,3,0.6671845299613464,0.0,0.0,0.0,33
TM60319_Columbia_O8,60319,548083809126144,Columbia,Local,8,520,Mixed upland hardwoods,2,0.4447896866408976,0.0,0.0,0.0,33
TM60319_Hamilton_O3,60319,548083809126144,Hamilton,Family Forest,3,520,Mixed upland hardwoods,2,0.4447896866408976,0.0,0.0,0.0,33
TM60319_Hamilton_O4,60319,548083809126144,Hamilton,Corporate/Other Private,4,520,Mixed upland hardwoods,5,1.111974216602244,0.0,0.0,0.0,33
TM60339_Baker_O3,60339,548083851126144,Baker,Family Forest,3,520,Mixed upland hardwoods,98,21.794694645403982,0.0,0.0,0.0,48
TM59875_Hamilton_O4,59875,545869488126144,Hamilton,Corporate/Other Private,4,517,Elm / ash / black locust,82,18.236377152276802,0.0,0.0,0.0,15
TM59875_Suwannee_O3,59875,545869488126144,Suwannee,Family Forest,3,517,Elm / ash / black locust,49,10.897347322701991,0.0,0.0,0.0,15
TM59875_Suwannee_O4,59875,545869488126144,Suwannee,Corporate/Other Private,4,517,Elm / ash / black locust,4,0.8895793732817951,0.0,0.0,0.0,15
TM59343_Baker_O3,59343,533665053126144,Baker,Family Forest,3,161,Loblolly pine,4,0.8895793732817951,0.0,0.0,0.0,72
TM59985_Baker_O3,59985,545869950126144,Baker,Family Forest,3,406,Loblolly pine / hardwood,24,5.337476239690771,0.0,0.0,0.0,70
TM59985_Baker_O4,59985,545869950126144,Baker,Corporate/Other Private,4,406,Loblolly pine / hardwood,2,0.4447896866408976,0.0,0.0,0.0,70
TM31048_Hamilton_O4,31048,218219125020004,Hamilton,Corporate/Other Private,4,142,Slash pine,236,52.485183023625915,0.0,0.0,0.0,32
TM31047_Hamilton_O3,31047,218218851020004,Hamilton,Family Forest,3,514,Southern scrub oak,10,2.223948433204488,0.0,0.0,0.0,17
TM31047_Suwannee_O3,31047,218218851020004,Suwannee,Family Forest,3,514,Southern scrub oak,50,11.119742166022439,0.0,0.0,0.0,17
TM31047_Suwannee_O4,31047,218218851020004,Suwannee,Corporate/Other Private,4,514,Southern scrub oak,2,0.4447896866408976,0.0,0.0,0.0,17
TM31047_Union_O4,31047,218218851020004,Union,Corporate/Other Private,4,514,Southern scrub oak,11,2.446343276524937,0.0,0.0,0.0,17
TM31048_Baker_O4,31048,218219125020004,Baker,Corporate/Other Private,4,142,Slash pine,262,58.26744894995758,0.0,0.0,0.0,32
TM31045_Union_O4,31045,218218672020004,Union,Corporate/Other Private,4,161,Loblolly pine,7,1.5567639032431415,0.0,0.0,0.0,42
TM31047_Baker_O3,31047,218218851020004,Baker,Family Forest,3,514,Southern scrub oak,4,0.8895793732817951,0.0,0.0,0.0,17
TM31047_Columbia_O3,31047,218218851020004,Columbia,Family Forest,3,514,Southern scrub oak,27,6.0046607696521175,0.0,0.0,0.0,17
TM31047_Columbia_O4,31047,218218851020004,Columbia,Corporate/Other Private,4,514,Southern scrub oak,64,14.233269972508722,0.0,0.0,0.0,17
TM31047_Columbia_O6,31047,218218851020004,Columbia,Federal,6,514,Southern scrub oak,1,0.2223948433204488,0.0,0.0,0.0,17
TM59875_Union_O3,59875,545869488126144,Union,Family Forest,3,517,Elm / ash / black locust,4,0.8895793732817951,0.0,0.0,0.0,15
TM59343_Baker_O4,59343,533665053126144,Baker,Corporate/Other Private,4,161,Loblolly pine,4,0.8895793732817951,0.0,0.0,0.0,72
TM59343_Columbia_O4,59343,533665053126144,Columbia,Corporate/Other Private,4,161,Loblolly pine,4,0.8895793732817951,0.0,0.0,0.0,72
TM59343_Columbia_O6,59343,533665053126144,Columbia,Federal,6,161,Loblolly pine,1,0.2223948433204488,0.0,0.0,0.0,72
TM59295_Hamilton_O8,59295,533664908126144,Hamilton,Local,8,609,Baldcypress / pondcypress,2,0.4447896866408976,0.0,0.0,0.0,72
TM59295_Suwannee_O3,59295,533664908126144,Suwannee,Family Forest,3,609,Baldcypress / pondcypress,90,20.01553589884039,0.0,0.0,0.0,72
TM59295_Suwannee_O4,59295,533664908126144,Suwannee,Corporate/Other Private,4,609,Baldcypress / pondcypress,26,5.782265926331668,0.0,0.0,0.0,72
TM59323_Baker_O3,59323,533664995126144,Baker,Family Forest,3,142,Slash pine,26,5.782265926331668,0.0,0.0,0.0,34
TM59323_Baker_O4,59323,533664995126144,Baker,Corporate/Other Private,4,142,Slash pine,4,0.8895793732817951,0.0,0.0,0.0,34
TM59323_Baker_O6,59323,533664995126144,Baker,Federal,6,142,Slash pine,26,5.782265926331668,0.0,0.0,0.0,34
TM59323_Columbia_O3,59323,533664995126144,Columbia,Family Forest,3,142,Slash pine,6,1.3343690599226927,0.0,0.0,0.0,34
TM59423_Baker_O3,59423,533665372126144,Baker,Family Forest,3,142,Slash pine,1,0.2223948433204488,0.0,0.0,0.0,24
TM59428_Baker_O7,59428,533665395126144,Baker,State,7,142,Slash pine,12,2.6687381198453854,0.0,0.0,0.0,36
TM59386_Columbia_O6,59386,533665229126144,Columbia,Federal,6,142,Slash pine,17,3.780712336447629,0.0,0.0,0.0,8
TM59421_Columbia_O8,59421,533665369126144,Columbia,Local,8,608,Sweetbay / swamp tupelo / red maple,39,8.673398889497502,0.0,0.0,0.0,16
TM59421_Hamilton_O3,59421,533665369126144,Hamilton,Family Forest,3,608,Sweetbay / swamp tupelo / red maple,149,33.13683165474687,0.0,0.0,0.0,16
TM59421_Hamilton_O4,59421,533665369126144,Hamilton,Corporate/Other Private,4,608,Sweetbay / swamp tupelo / red maple,209,46.480522253973795,0.0,0.0,0.0,16
TM59421_Hamilton_O7,59421,533665369126144,Hamilton,State,7,608,Sweetbay / swamp tupelo / red maple,12,2.6687381198453854,0.0,0.0,0.0,16
TM59421_Suwannee_O3,59421,533665369126144,Suwannee,Family Forest,3,608,Sweetbay / swamp tupelo / red maple,11,2.446343276524937,0.0,0.0,0.0,16
TM59421_Suwannee_O4,59421,533665369126144,Suwannee,Corporate/Other Private,4,608,Sweetbay / swamp tupelo / red maple,6,1.3343690599226927,0.0,0.0,0.0,16
TM59387_Suwannee_O3,59387,533665230126144,Suwannee,Family Forest,3,608,Sweetbay / swamp tupelo / red maple,5,1.111974216602244,0.0,0.0,0.0,21
TM59417_Baker_O3,59417,533665361126144,Baker,Family Forest,3,142,Slash pine,1,0.2223948433204488,0.0,0.0,0.0,22
TM59420_Hamilton_O4,59420,533665365126144,Hamilton,Corporate/Other Private,4,142,Slash pine,3,0.6671845299613464,0.0,0.0,0.0,72
TM59421_Baker_O4,59421,533665369126144,Baker,Corporate/Other Private,4,608,Sweetbay / swamp tupelo / red maple,25,5.5598710830112195,0.0,0.0,0.0,16
TM59348_Suwannee_O8,59348,533665078126144,Suwannee,Local,8,602,Sweetgum / Nuttall oak / willow oak,6,1.3343690599226927,0.0,0.0,0.0,86
TM59385_Hamilton_O3,59385,533665227126144,Hamilton,Family Forest,3,142,Slash pine,6,1.3343690599226927,0.0,0.0,0.0,25
TM59385_Hamilton_O4,59385,533665227126144,Hamilton,Corporate/Other Private,4,142,Slash pine,104,23.129063705326672,0.0,0.0,0.0,25
TM59421_Columbia_O7,59421,533665369126144,Columbia,State,7,608,Sweetbay / swamp tupelo / red maple,21,4.670291709729424,0.0,0.0,0.0,16
TM64311_Columbia_O3,64311,638333916126144,Columbia,Family Forest,3,409,Other pine / hardwood,239,53.15236755358726,0.0,0.0,0.0,53
TM64311_Columbia_O4,64311,638333916126144,Columbia,Corporate/Other Private,4,409,Other pine / hardwood,53,11.786926695983786,0.0,0.0,0.0,53
TM64311_Columbia_O7,64311,638333916126144,Columbia,State,7,409,Other pine / hardwood,1,0.2223948433204488,0.0,0.0,0.0,53
TM64298_Columbia_O8,64298,638333866126144,Columbia,Local,8,142,Slash pine,14,3.113527806486283,0.0,0.0,0.0,4
TM64298_Hamilton_O3,64298,638333866126144,Hamilton,Family Forest,3,142,Slash pine,138,30.690488378221932,0.0,0.0,0.0,4
TM64298_Hamilton_O4,64298,638333866126144,Hamilton,Corporate/Other Private,4,142,Slash pine,4,0.8895793732817951,0.0,0.0,0.0,4
TM64298_Suwannee_O4,64298,638333866126144,Suwannee,Corporate/Other Private,4,142,Slash pine,1219,271.0993140076271,0.0,0.0,0.0,4
TM64298_Suwannee_O8,64298,638333866126144,Suwannee,Local,8,142,Slash pine,9,2.001553589884039,0.0,0.0,0.0,4
TM64299_Columbia_O3,64299,638333868126144,Columbia,Family Forest,3,141,Longleaf pine,3,0.6671845299613464,0.0,0.0,0.0,10
TM64293_Union_O7,64293,638333844126144,Union,State,7,161,Loblolly pine,1186,263.76028417805225,0.0,0.0,0.0,5
TM64294_Baker_O8,64294,638333845126144,Baker,Local,8,161,Loblolly pine,445,98.96570527759971,0.0,0.0,0.0,5
TM64294_Columbia_O4,64294,638333845126144,Columbia,Corporate/Other Private,4,161,Loblolly pine,1,0.2223948433204488,0.0,0.0,0.0,5
TM64218_Columbia_O6,64218,635664902126144,Columbia,Federal,6,142,Slash pine,2,0.4447896866408976,0.0,0.0,0.0,55
TM64298_Columbia_O3,64298,638333866126144,Columbia,Family Forest,3,142,Slash pine,51,11.342137009342888,0.0,0.0,0.0,4
TM64343_Baker_O4,64343,638334109126144,Baker,Corporate/Other Private,4,141,Longleaf pine,188,41.81023054424437,0.0,0.0,0.0,91
TM64343_Baker_O6,64343,638334109126144,Baker,Federal,6,141,Longleaf pine,24,5.337476239690771,0.0,0.0,0.0,91
TM64343_Columbia_O3,64343,638334109126144,Columbia,Family Forest,3,141,Longleaf pine,40,8.895793732817951,0.0,0.0,0.0,91
TM64343_Columbia_O4,64343,638334109126144,Columbia,Corporate/Other Private,4,141,Longleaf pine,99,22.01708948872443,0.0,0.0,0.0,91
TM64343_Columbia_O8,64343,638334109126144,Columbia,Local,8,141,Longleaf pine,12,2.6687381198453854,0.0,0.0,0.0,91
TM64343_Hamilton_O4,64343,638334109126144,Hamilton,Corporate/Other Private,4,141,Longleaf pine,12,2.6687381198453854,0.0,0.0,0.0,91
TM64329_Suwannee_O7,64329,638333977126144,Suwannee,State,7,520,Mixed upland hardwoods,1,0.2223948433204488,0.0,0.0,0.0,30
TM64329_Union_O7,64329,638333977126144,Union,State,7,520,Mixed upland hardwoods,5,1.111974216602244,0.0,0.0,0.0,30
TM64329_Union_O8,64329,638333977126144,Union,Local,8,520,Mixed upland hardwoods,6,1.3343690599226927,0.0,0.0,0.0,30
TM64330_Columbia_O3,64330,638333983126144,Columbia,Family Forest,3,520,Mixed upland hardwoods,179,39.80867695436033,0.0,0.0,0.0,105
TM64330_Columbia_O4,64330,638333983126144,Columbia,Corporate/Other Private,4,520,Mixed upland hardwoods,7,1.5567639032431415,0.0,0.0,0.0,105
TM64329_Columbia_O6,64329,638333977126144,Columbia,Federal,6,520,Mixed upland hardwoods,26,5.782265926331668,0.0,0.0,0.0,30
TM64298_Baker_O3,64298,638333866126144,Baker,Family Forest,3,142,Slash pine,2,0.4447896866408976,0.0,0.0,0.0,4
TM64293_Columbia_O7,64293,638333844126144,Columbia,State,7,161,Loblolly pine,7,1.5567639032431415,0.0,0.0,0.0,5
TM64286_Columbia_O6,64286,638333809126144,Columbia,Federal,6,142,Slash pine,10,2.223948433204488,0.0,0.0,0.0,24
TM64286_Suwannee_O3,64286,638333809126144,Suwannee,Family Forest,3,142,Slash pine,5,1.111974216602244,0.0,0.0,0.0,24
TM64286_Suwannee_O4,64286,638333809126144,Suwannee,Corporate/Other Private,4,142,Slash pine,4,0.8895793732817951,0.0,0.0,0.0,24
TM64290_Columbia_O3,64290,638333840126144,Columbia,Family Forest,3,608,Sweetbay / swamp tupelo / red maple,2,0.4447896866408976,0.0,0.0,0.0,55
TM64293_Baker_O6,64293,638333844126144,Baker,Federal,6,161,Loblolly pine,1,0.2223948433204488,0.0,0.0,0.0,5
TM64272_Hamilton_O3,64272,638333771126144,Hamilton,Family Forest,3,406,Loblolly pine / hardwood,1,0.2223948433204488,0.0,0.0,0.0,51
TM64272_Suwannee_O3,64272,638333771126144,Suwannee,Family Forest,3,406,Loblolly pine / hardwood,4,0.8895793732817951,0.0,0.0,0.0,51
TM64280_Columbia_O3,64280,638333793126144,Columbia,Family Forest,3,507,Sassafras / persimmon,1,0.2223948433204488,0.0,0.0,0.0,2
TM64280_Columbia_O4,64280,638333793126144,Columbia,Corporate/Other Private,4,507,Sassafras / persimmon,1,0.2223948433204488,0.0,0.0,0.0,2
TM64280_Hamilton_O3,64280,638333793126144,Hamilton,Family Forest,3,507,Sassafras / persimmon,1,0.2223948433204488,0.0,0.0,0.0,2
TM64280_Suwannee_O3,64280,638333793126144,Suwannee,Family Forest,3,507,Sassafras / persimmon,10,2.223948433204488,0.0,0.0,0.0,2
TM64299_Union_O4,64299,638333868126144,Union,Corporate/Other Private,4,141,Longleaf pine,2,0.4447896866408976,0.0,0.0,0.0,10
TM64286_Columbia_O4,64286,638333809126144,Columbia,Corporate/Other Private,4,142,Slash pine,8,1.7791587465635903,0.0,0.0,0.0,24
TM64311_Columbia_O8,64311,638333916126144,Columbia,Local,8,409,Other pine / hardwood,1,0.2223948433204488,0.0,0.0,0.0,53
TM64311_Suwannee_O3,64311,638333916126144,Suwannee,Family Forest,3,409,Other pine / hardwood,236,52.485183023625915,0.0,0.0,0.0,53
TM64311_Suwannee_O4,64311,638333916126144,Suwannee,Corporate/Other Private,4,409,Other pine / hardwood,68,15.122849345790517,0.0,0.0,0.0,53
TM64311_Union_O3,64311,638333916126144,Union,Family Forest,3,409,Other pine / hardwood,11,2.446343276524937,0.0,0.0,0.0,53
TM64316_Suwannee_O3,64316,638333941126144,Suwannee,Family Forest,3,142,Slash pine,383,85.17722499173189,0.0,0.0,0.0,42
TM64316_Suwannee_O4,64316,638333941126144,Suwannee,Corporate/Other Private,4,142,Slash pine,19,4.225502023088527,0.0,0.0,0.0,42
TM64316_Suwannee_O7,64316,638333941126144,Suwannee,State,7,142,Slash pine,1,0.2223948433204488,0.0,0.0,0.0,42
TM64316_Suwannee_O8,64316,638333941126144,Suwannee,Local,8,142,Slash pine,1,0.2223948433204488,0.0,0.0,0.0,42
TM64299_Suwannee_O3,64299,638333868126144,Suwannee,Family Forest,3,141,Longleaf pine,23,5.115081396370322,0.0,0.0,0.0,10
TM64299_Suwannee_O4,64299,638333868126144,Suwannee,Corporate/Other Private,4,141,Longleaf pine,9,2.001553589884039,0.0,0.0,0.0,10
TM64299_Suwannee_O8,64299,638333868126144,Suwannee,Local,8,141,Longleaf pine,1,0.2223948433204488,0.0,0.0,0.0,10
TM64299_Union_O3,64299,638333868126144,Union,Family Forest,3,141,Longleaf pine,1,0.2223948433204488,0.0,0.0,0.0,10
TM64286_Baker_O3,64286,638333809126144,Baker,Family Forest,3,142,Slash pine,2,0.4447896866408976,0.0,0.0,0.0,24
TM2734_Suwannee_O4,2734,20329200010478,Suwannee,Corporate/Other Private,4,403,Longleaf pine / oak,14,3.113527806486283,0.0,0.0,0.0,69
TM2735_Columbia_O3,2735,20331288010478,Columbia,Family Forest,3,142,Slash pine,541,120.3156102363628,0.0,0.0,0.0,36
TM2735_Columbia_O4,2735,20331288010478,Columbia,Corporate/Other Private,4,142,Slash pine,30,6.671845299613464,0.0,0.0,0.0,36
TM2735_Columbia_O6,2735,20331288010478,Columbia,Federal,6,142,Slash pine,1,0.2223948433204488,0.0,0.0,0.0,36
TM2735_Columbia_O8,2735,20331288010478,Columbia,Local,8,142,Slash pine,28,6.227055612972566,0.0,0.0,0.0,36
TM2731_Columbia_O8,2731,20322920010478,Columbia,Local,8,142,Slash pine,28,6.227055612972566,0.0,0.0,0.0,22
TM2731_Hamilton_O3,2731,20322920010478,Hamilton,Family Forest,3,142,Slash pine,1168,259.7571769982842,0.0,0.0,0.0,22
TM2731_Hamilton_O6,2731,20322920010478,Hamilton,Federal,6,142,Slash pine,2,0.4447896866408976,0.0,0.0,0.0,22
TM2731_Hamilton_O8,2731,20322920010478,Hamilton,Local,8,142,Slash pine,7,1.5567639032431415,0.0,0.0,0.0,22
TM2731_Suwannee_O4,2731,20322920010478,Suwannee,Corporate/Other Private,4,142,Slash pine,454,100.96725886748375,0.0,0.0,0.0,22
TM2731_Suwannee_O8,2731,20322920010478,Suwannee,Local,8,142,Slash pine,7,1.5567639032431415,0.0,0.0,0.0,22
TM2743_Baker_O7,2743,20342987010478,Baker,State,7,142,Slash pine,6,1.3343690599226927,0.0,0.0,0.0,96
TM64329_Columbia_O7,64329,638333977126144,Columbia,State,7,520,Mixed upland hardwoods,5,1.111974216602244,0.0,0.0,0.0,30
TM2743_Columbia_O7,2743,20342987010478,Columbia,State,7,142,Slash pine,19,4.225502023088527,0.0,0.0,0.0,96
TM2743_Columbia_O8,2743,20342987010478,Columbia,Local,8,142,Slash pine,7166,1593.681447234336,0.0,0.0,0.0,96
TM2743_Hamilton_O3,2743,20342987010478,Hamilton,Family Forest,3,142,Slash pine,1,0.2223948433204488,0.0,0.0,0.0,96
TM2742_Columbia_O3,2742,20342943010478,Columbia,Family Forest,3,142,Slash pine,13,2.891132963165834,0.0,0.0,0.0,86
TM2742_Columbia_O4,2742,20342943010478,Columbia,Corporate/Other Private,4,142,Slash pine,45,10.007767949420195,0.0,0.0,0.0,86
TM2742_Columbia_O6,2742,20342943010478,Columbia,Federal,6,142,Slash pine,37,8.228609202856605,0.0,0.0,0.0,86
TM2742_Columbia_O8,2742,20342943010478,Columbia,Local,8,142,Slash pine,18,4.003107179768078,0.0,0.0,0.0,86
TM2742_Hamilton_O3,2742,20342943010478,Hamilton,Family Forest,3,142,Slash pine,10,2.223948433204488,0.0,0.0,0.0,86
TM2742_Hamilton_O4,2742,20342943010478,Hamilton,Corporate/Other Private,4,142,Slash pine,25,5.5598710830112195,0.0,0.0,0.0,86
TM64344_Union_O3,64344,638334110126144,Union,Family Forest,3,142,Slash pine,25,5.5598710830112195,0.0,0.0,0.0,24
TM64344_Union_O7,64344,638334110126144,Union,State,7,142,Slash pine,1,0.2223948433204488,0.0,0.0,0.0,24
TM64359_Baker_O4,64359,638334191126144,Baker,Corporate/Other Private,4,983,Palms,2,0.4447896866408976,0.0,0.0,0.0,23
TM64359_Union_O4,64359,638334191126144,Union,Corporate/Other Private,4,983,Palms,2,0.4447896866408976,0.0,0.0,0.0,23
TM2743_Columbia_O4,2743,20342987010478,Columbia,Corporate/Other Private,4,142,Slash pine,2227,495.27331607463947,0.0,0.0,0.0,96
TM64329_Columbia_O8,64329,638333977126144,Columbia,Local,8,520,Mixed upland hardwoods,52,11.564531852663336,0.0,0.0,0.0,30
TM64329_Hamilton_O4,64329,638333977126144,Hamilton,Corporate/Other Private,4,520,Mixed upland hardwoods,17,3.780712336447629,0.0,0.0,0.0,30
TM64329_Hamilton_O6,64329,638333977126144,Hamilton,Federal,6,520,Mixed upland hardwoods,13,2.891132963165834,0.0,0.0,0.0,30
TM64329_Hamilton_O7,64329,638333977126144,Hamilton,State,7,520,Mixed upland hardwoods,2,0.4447896866408976,0.0,0.0,0.0,30
TM64327_Columbia_O3,64327,638333973126144,Columbia,Family Forest,3,514,Southern scrub oak,2,0.4447896866408976,0.0,0.0,0.0,44
TM64327_Suwannee_O3,64327,638333973126144,Suwannee,Family Forest,3,514,Southern scrub oak,1,0.2223948433204488,0.0,0.0,0.0,44
TM64328_Baker_O4,64328,638333974126144,Baker,Corporate/Other Private,4,164,Sand pine,8,1.7791587465635903,0.0,0.0,0.0,12
TM64329_Baker_O4,64329,638333977126144,Baker,Corporate/Other Private,4,520,Mixed upland hardwoods,24,5.337476239690771,0.0,0.0,0.0,30
TM64329_Baker_O8,64329,638333977126144,Baker,Local,8,520,Mixed upland hardwoods,8,1.7791587465635903,0.0,0.0,0.0,30
TM64329_Columbia_O4,64329,638333977126144,Columbia,Corporate/Other Private,4,520,Mixed upland hardwoods,104,23.129063705326672,0.0,0.0,0.0,30
TM64368_Baker_O4,64368,638334272126144,Baker,Corporate/Other Private,4,608,Sweetbay / swamp tupelo / red maple,114,25.353012138531163,0.0,0.0,0.0,18
TM64368_Baker_O8,64368,638334272126144,Baker,Local,8,608,Sweetbay / swamp tupelo / red maple,3,0.6671845299613464,0.0,0.0,0.0,18
TM2734_Suwannee_O3,2734,20329200010478,Suwannee,Family Forest,3,403,Longleaf pine / oak,4,0.8895793732817951,0.0,0.0,0.0,69
TM64368_Columbia_O6,64368,638334272126144,Columbia,Federal,6,608,Sweetbay / swamp tupelo / red maple,29,6.449450456293015,0.0,0.0,0.0,18
TM64368_Columbia_O7,64368,638334272126144,Columbia,State,7,608,Sweetbay / swamp tupelo / red maple,1,0.2223948433204488,0.0,0.0,0.0,18
TM64368_Columbia_O8,64368,638334272126144,Columbia,Local,8,608,Sweetbay / swamp tupelo / red maple,105,23.351458548647123,0.0,0.0,0.0,18
TM64361_Columbia_O4,64361,638334208126144,Columbia,Corporate/Other Private,4,514,Southern scrub oak,114,25.353012138531163,0.0,0.0,0.0,36
TM64361_Columbia_O7,64361,638334208126144,Columbia,State,7,514,Southern scrub oak,2,0.4447896866408976,0.0,0.0,0.0,36
TM64361_Union_O3,64361,638334208126144,Union,Family Forest,3,514,Southern scrub oak,26,5.782265926331668,0.0,0.0,0.0,36
TM64361_Union_O4,64361,638334208126144,Union,Corporate/Other Private,4,514,Southern scrub oak,2,0.4447896866408976,0.0,0.0,0.0,36
TM64361_Union_O7,64361,638334208126144,Union,State,7,514,Southern scrub oak,1,0.2223948433204488,0.0,0.0,0.0,36
TM64362_Columbia_O3,64362,638334218126144,Columbia,Family Forest,3,607,Baldcypress / water tupelo,3,0.6671845299613464,0.0,0.0,0.0,113
TM64362_Columbia_O7,64362,638334218126144,Columbia,State,7,607,Baldcypress / water tupelo,5,1.111974216602244,0.0,0.0,0.0,113
TM2737_Columbia_O6,2737,20333235010478,Columbia,Federal,6,141,Longleaf pine,22,4.892686553049874,0.0,0.0,0.0,41
TM24508_Union_O8,24508,176860474010854,Union,Local,8,608,Sweetbay / swamp tupelo / red maple,1,0.2223948433204488,0.0,0.0,0.0,25
TM2734_Columbia_O4,2734,20329200010478,Columbia,Corporate/Other Private,4,403,Longleaf pine / oak,15,3.335922649806732,0.0,0.0,0.0,69
TM64368_Columbia_O4,64368,638334272126144,Columbia,Corporate/Other Private,4,608,Sweetbay / swamp tupelo / red maple,381,84.73243530509099,0.0,0.0,0.0,18
TM31045_Baker_O6,31045,218218672020004,Baker,Federal,6,161,Loblolly pine,37,8.228609202856605,0.0,0.0,0.0,42
TM31045_Baker_O7,31045,218218672020004,Baker,State,7,161,Loblolly pine,44,9.785373106099748,0.0,0.0,0.0,42
TM31045_Baker_O8,31045,218218672020004,Baker,Local,8,161,Loblolly pine,48,10.674952479381542,0.0,0.0,0.0,42
TM64215_Suwannee_O8,64215,635664892126144,Suwannee,Local,8,141,Longleaf pine,1,0.2223948433204488,0.0,0.0,0.0,6
TM64203_Hamilton_O3,64203,635664862126144,Hamilton,Family Forest,3,608,Sweetbay / swamp tupelo / red maple,128,28.466539945017445,0.0,0.0,0.0,1
TM64203_Hamilton_O4,64203,635664862126144,Hamilton,Corporate/Other Private,4,608,Sweetbay / swamp tupelo / red maple,490,108.97347322701991,0.0,0.0,0.0,1
TM64205_Hamilton_O3,64205,635664873126144,Hamilton,Family Forest,3,161,Loblolly pine,31,6.894240142933913,0.0,0.0,0.0,7
TM64205_Hamilton_O4,64205,635664873126144,Hamilton,Corporate/Other Private,4,161,Loblolly pine,20,4.447896866408976,0.0,0.0,0.0,7
TM64214_Hamilton_O4,64214,635664891126144,Hamilton,Corporate/Other Private,4,407,Slash pine / hardwood,165,36.69514914787405,0.0,0.0,0.0,55
TM64215_Baker_O3,64215,635664892126144,Baker,Family Forest,3,141,Longleaf pine,1,0.2223948433204488,0.0,0.0,0.0,6
TM64215_Baker_O4,64215,635664892126144,Baker,Corporate/Other Private,4,141,Longleaf pine,3,0.6671845299613464,0.0,0.0,0.0,6
TM64177_Hamilton_O4,64177,635664751126144,Hamilton,Corporate/Other Private,4,142,Slash pine,151,33.581621341387766,0.0,0.0,0.0,29
TM64293_Columbia_O6,64293,638333844126144,Columbia,Federal,6,161,Loblolly pine,179,39.80867695436033,0.0,0.0,0.0,5
TM64177_Suwannee_O4,64177,635664751126144,Suwannee,Corporate/Other Private,4,142,Slash pine,41,9.118188576138401,0.0,0.0,0.0,29
TM64192_Columbia_O4,64192,635664809126144,Columbia,Corporate/Other Private,4,520,Mixed upland hardwoods,1,0.2223948433204488,0.0,0.0,0.0,14
TM64193_Hamilton_O3,64193,635664812126144,Hamilton,Family Forest,3,702,River birch / sycamore,9,2.001553589884039,0.0,0.0,0.0,23
TM64203_Columbia_O3,64203,635664862126144,Columbia,Family Forest,3,608,Sweetbay / swamp tupelo / red maple,7,1.5567639032431415,0.0,0.0,0.0,1
TM64203_Columbia_O4,64203,635664862126144,Columbia,Corporate/Other Private,4,608,Sweetbay / swamp tupelo / red maple,10,2.223948433204488,0.0,0.0,0.0,1
TM64221_Baker_O8,64221,635664926126144,Baker,Local,8,142,Slash pine,3,0.6671845299613464,0.0,0.0,0.0,19
TM64226_Baker_O8,64226,635664945126144,Baker,Local,8,142,Slash pine,112,24.908222451890264,0.0,0.0,0.0,60
TM64219_Hamilton_O6,64219,635664906126144,Hamilton,Federal,6,608,Sweetbay / swamp tupelo / red maple,1,0.2223948433204488,0.0,0.0,0.0,70
TM64219_Hamilton_O7,64219,635664906126144,Hamilton,State,7,608,Sweetbay / swamp tupelo / red maple,6,1.3343690599226927,0.0,0.0,0.0,70
TM64219_Hamilton_O8,64219,635664906126144,Hamilton,Local,8,608,Sweetbay / swamp tupelo / red maple,1,0.2223948433204488,0.0,0.0,0.0,70
TM64219_Suwannee_O8,64219,635664906126144,Suwannee,Local,8,608,Sweetbay / swamp tupelo / red maple,4,0.8895793732817951,0.0,0.0,0.0,70
TM64219_Baker_O8,64219,635664906126144,Baker,Local,8,608,Sweetbay / swamp tupelo / red maple,13,2.891132963165834,0.0,0.0,0.0,70
TM64219_Columbia_O6,64219,635664906126144,Columbia,Federal,6,608,Sweetbay / swamp tupelo / red maple,2623,583.3416740295372,0.0,0.0,0.0,70
TM64177_Suwannee_O3,64177,635664751126144,Suwannee,Family Forest,3,142,Slash pine,31,6.894240142933913,0.0,0.0,0.0,29
TM64218_Columbia_O8,64218,635664902126144,Columbia,Local,8,142,Slash pine,6,1.3343690599226927,0.0,0.0,0.0,55
TM64215_Baker_O8,64215,635664892126144,Baker,Local,8,141,Longleaf pine,1,0.2223948433204488,0.0,0.0,0.0,6
TM64215_Columbia_O3,64215,635664892126144,Columbia,Family Forest,3,141,Longleaf pine,8,1.7791587465635903,0.0,0.0,0.0,6
TM64215_Columbia_O4,64215,635664892126144,Columbia,Corporate/Other Private,4,141,Longleaf pine,7,1.5567639032431415,0.0,0.0,0.0,6
TM64215_Hamilton_O3,64215,635664892126144,Hamilton,Family Forest,3,141,Longleaf pine,8,1.7791587465635903,0.0,0.0,0.0,6
TM64215_Hamilton_O4,64215,635664892126144,Hamilton,Corporate/Other Private,4,141,Longleaf pine,5,1.111974216602244,0.0,0.0,0.0,6
TM64215_Suwannee_O4,64215,635664892126144,Suwannee,Corporate/Other Private,4,141,Longleaf pine,2,0.4447896866408976,0.0,0.0,0.0,6
TM31037_Baker_O8,31037,218218426020004,Baker,Local,8,503,White oak / red oak / hickory,11,2.446343276524937,0.0,0.0,0.0,75
TM30999_Columbia_O4,30999,217594399020004,Columbia,Corporate/Other Private,4,520,Mixed upland hardwoods,1,0.2223948433204488,0.0,0.0,0.0,10
TM30999_Hamilton_O3,30999,217594399020004,Hamilton,Family Forest,3,520,Mixed upland hardwoods,1,0.2223948433204488,0.0,0.0,0.0,10
TM31030_Hamilton_O3,31030,218218104020004,Hamilton,Family Forest,3,164,Sand pine,2,0.4447896866408976,0.0,0.0,0.0,25
TM31030_Suwannee_O3,31030,218218104020004,Suwannee,Family Forest,3,164,Sand pine,20,4.447896866408976,0.0,0.0,0.0,25
TM31045_Baker_O4,31045,218218672020004,Baker,Corporate/Other Private,4,161,Loblolly pine,254,56.488290203393994,0.0,0.0,0.0,42
TM31030_Suwannee_O8,31030,218218104020004,Suwannee,Local,8,164,Sand pine,2,0.4447896866408976,0.0,0.0,0.0,25
TM31031_Hamilton_O3,31031,218218121020004,Hamilton,Family Forest,3,520,Mixed upland hardwoods,1,0.2223948433204488,0.0,0.0,0.0,47
TM2743_Hamilton_O4,2743,20342987010478,Hamilton,Corporate/Other Private,4,142,Slash pine,96,21.349904958763084,0.0,0.0,0.0,96
TM2743_Hamilton_O7,2743,20342987010478,Hamilton,State,7,142,Slash pine,3,0.6671845299613464,0.0,0.0,0.0,96
TM2743_Union_O3,2743,20342987010478,Union,Family Forest,3,142,Slash pine,1909,424.55175589873676,0.0,0.0,0.0,96
TM2744_Baker_O3,2744,20345516010478,Baker,Family Forest,3,407,Slash pine / hardwood,3,0.6671845299613464,0.0,0.0,0.0,40
TM2744_Baker_O8,2744,20345516010478,Baker,Local,8,407,Slash pine / hardwood,2,0.4447896866408976,0.0,0.0,0.0,40
TM2744_Columbia_O4,2744,20345516010478,Columbia,Corporate/Other Private,4,407,Slash pine / hardwood,1,0.2223948433204488,0.0,0.0,0.0,40
TM30346_Hamilton_O3,30346,216102308010854,Hamilton,Family Forest,3,141,Longleaf pine,145,32.24725228146507,0.0,0.0,0.0,79
TM30346_Hamilton_O4,30346,216102308010854,Hamilton,Corporate/Other Private,4,141,Longleaf pine,7,1.5567639032431415,0.0,0.0,0.0,79
TM31045_Columbia_O7,31045,218218672020004,Columbia,State,7,161,Loblolly pine,19,4.225502023088527,0.0,0.0,0.0,42
TM31045_Suwannee_O7,31045,218218672020004,Suwannee,State,7,161,Loblolly pine,7,1.5567639032431415,0.0,0.0,0.0,42
TM31045_Suwannee_O8,31045,218218672020004,Suwannee,Local,8,161,Loblolly pine,1,0.2223948433204488,0.0,0.0,0.0,42
TM31030_Suwannee_O4,31030,218218104020004,Suwannee,Corporate/Other Private,4,164,Sand pine,7,1.5567639032431415,0.0,0.0,0.0,25
TM2739_Suwannee_O7,2739,20336120010478,Suwannee,State,7,520,Mixed upland hardwoods,3,0.6671845299613464,0.0,0.0,0.0,75
TM31037_Columbia_O6,31037,218218426020004,Columbia,Federal,6,503,White oak / red oak / hickory,367,81.6189074986047,0.0,0.0,0.0,75
TM31037_Columbia_O7,31037,218218426020004,Columbia,State,7,503,White oak / red oak / hickory,1,0.2223948433204488,0.0,0.0,0.0,75
TM31037_Hamilton_O6,31037,218218426020004,Hamilton,Federal,6,503,White oak / red oak / hickory,22,4.892686553049874,0.0,0.0,0.0,75
TM31032_Baker_O4,31032,218218211020004,Baker,Corporate/Other Private,4,520,Mixed upland hardwoods,41,9.118188576138401,0.0,0.0,0.0,75
TM31032_Baker_O8,31032,218218211020004,Baker,Local,8,520,Mixed upland hardwoods,27,6.0046607696521175,0.0,0.0,0.0,75
TM31032_Union_O3,31032,218218211020004,Union,Family Forest,3,520,Mixed upland hardwoods,1,0.2223948433204488,0.0,0.0,0.0,75
TM31032_Union_O4,31032,218218211020004,Union,Corporate/Other Private,4,520,Mixed upland hardwoods,4,0.8895793732817951,0.0,0.0,0.0,75
TM31036_Baker_O4,31036,218218383020004,Baker,Corporate/Other Private,4,520,Mixed upland hardwoods,5,1.111974216602244,0.0,0.0,0.0,60
TM31037_Baker_O3,31037,218218426020004,Baker,Family Forest,3,503,White oak / red oak / hickory,15,3.335922649806732,0.0,0.0,0.0,75
TM31037_Baker_O4,31037,218218426020004,Baker,Corporate/Other Private,4,503,White oak / red oak / hickory,1,0.2223948433204488,0.0,0.0,0.0,75
TM64266_Baker_O4,64266,638333749126144,Baker,Corporate/Other Private,4,142,Slash pine,107,23.79624823528802,0.0,0.0,0.0,30
TM64219_Columbia_O7,64219,635664906126144,Columbia,State,7,608,Sweetbay / swamp tupelo / red maple,1,0.2223948433204488,0.0,0.0,0.0,70
TM64226_Suwannee_O7,64226,635664945126144,Suwannee,State,7,142,Slash pine,20,4.447896866408976,0.0,0.0,0.0,60
TM64226_Suwannee_O8,64226,635664945126144,Suwannee,Local,8,142,Slash pine,29,6.449450456293015,0.0,0.0,0.0,60
TM64226_Union_O4,64226,635664945126144,Union,Corporate/Other Private,4,142,Slash pine,22,4.892686553049874,0.0,0.0,0.0,60
TM64226_Union_O7,64226,635664945126144,Union,State,7,142,Slash pine,6,1.3343690599226927,0.0,0.0,0.0,60
TM64263_Columbia_O3,64263,638333719126144,Columbia,Family Forest,3,520,Mixed upland hardwoods,8,1.7791587465635903,0.0,0.0,0.0,9
TM64226_Columbia_O7,64226,635664945126144,Columbia,State,7,142,Slash pine,15,3.335922649806732,0.0,0.0,0.0,60
TM64226_Hamilton_O6,64226,635664945126144,Hamilton,Federal,6,142,Slash pine,88,19.570746212199495,0.0,0.0,0.0,60
TM64226_Hamilton_O8,64226,635664945126144,Hamilton,Local,8,142,Slash pine,24,5.337476239690771,0.0,0.0,0.0,60
TM64293_Hamilton_O7,64293,638333844126144,Hamilton,State,7,161,Loblolly pine,211,46.92531194061469,0.0,0.0,0.0,5
TM64293_Hamilton_O8,64293,638333844126144,Hamilton,Local,8,161,Loblolly pine,2,0.4447896866408976,0.0,0.0,0.0,5
TM64293_Suwannee_O7,64293,638333844126144,Suwannee,State,7,161,Loblolly pine,374,83.17567140184785,0.0,0.0,0.0,5
TM64293_Suwannee_O8,64293,638333844126144,Suwannee,Local,8,161,Loblolly pine,285,63.382530346327904,0.0,0.0,0.0,5
TM64293_Baker_O8,64293,638333844126144,Baker,Local,8,161,Loblolly pine,156,34.69359555799001,0.0,0.0,0.0,5
TM64226_Suwannee_O6,64226,635664945126144,Suwannee,Federal,6,142,Slash pine,439,97.63133621767702,0.0,0.0,0.0,60
TM64218_Hamilton_O3,64218,635664902126144,Hamilton,Family Forest,3,142,Slash pine,92,20.46032558548129,0.0,0.0,0.0,55
TM64218_Hamilton_O4,64218,635664902126144,Hamilton,Corporate/Other Private,4,142,Slash pine,76,16.90200809235411,0.0,0.0,0.0,55
TM64218_Hamilton_O7,64218,635664902126144,Hamilton,State,7,142,Slash pine,1,0.2223948433204488,0.0,0.0,0.0,55
TM64218_Suwannee_O3,64218,635664902126144,Suwannee,Family Forest,3,142,Slash pine,4,0.8895793732817951,0.0,0.0,0.0,55
TM64218_Suwannee_O4,64218,635664902126144,Suwannee,Corporate/Other Private,4,142,Slash pine,2,0.4447896866408976,0.0,0.0,0.0,55
TM64219_Baker_O6,64219,635664906126144,Baker,Federal,6,608,Sweetbay / swamp tupelo / red maple,3,0.6671845299613464,0.0,0.0,0.0,70
TM64266_Columbia_O3,64266,638333749126144,Columbia,Family Forest,3,142,Slash pine,9,2.001553589884039,0.0,0.0,0.0,30
TM64266_Columbia_O4,64266,638333749126144,Columbia,Corporate/Other Private,4,142,Slash pine,98,21.794694645403982,0.0,0.0,0.0,30
TM64266_Columbia_O6,64266,638333749126144,Columbia,Federal,6,142,Slash pine,167,37.13993883451495,0.0,0.0,0.0,30
TM64266_Columbia_O7,64266,638333749126144,Columbia,State,7,142,Slash pine,1,0.2223948433204488,0.0,0.0,0.0,30
TM64266_Columbia_O8,64266,638333749126144,Columbia,Local,8,142,Slash pine,75,16.679613249033657,0.0,0.0,0.0,30
TM64266_Union_O3,64266,638333749126144,Union,Family Forest,3,142,Slash pine,3,0.6671845299613464,0.0,0.0,0.0,30
TM2739_Suwannee_O4,2739,20336120010478,Suwannee,Corporate/Other Private,4,520,Mixed upland hardwoods,292,64.93929424957105,0.0,0.0,0.0,75
TM64263_Hamilton_O3,64263,638333719126144,Hamilton,Family Forest,3,520,Mixed upland hardwoods,9,2.001553589884039,0.0,0.0,0.0,9
TM64263_Hamilton_O4,64263,638333719126144,Hamilton,Corporate/Other Private,4,520,Mixed upland hardwoods,2,0.4447896866408976,0.0,0.0,0.0,9
TM64263_Hamilton_O6,64263,638333719126144,Hamilton,Federal,6,520,Mixed upland hardwoods,1,0.2223948433204488,0.0,0.0,0.0,9
TM64263_Suwannee_O3,64263,638333719126144,Suwannee,Family Forest,3,520,Mixed upland hardwoods,10,2.223948433204488,0.0,0.0,0.0,9
TM64263_Suwannee_O4,64263,638333719126144,Suwannee,Corporate/Other Private,4,520,Mixed upland hardwoods,2,0.4447896866408976,0.0,0.0,0.0,9
TM64266_Baker_O3,64266,638333749126144,Baker,Family Forest,3,142,Slash pine,114,25.353012138531163,0.0,0.0,0.0,30
TM2742_Baker_O3,2742,20342943010478,Baker,Family Forest,3,142,Slash pine,17,3.780712336447629,0.0,0.0,0.0,86
TM2742_Baker_O4,2742,20342943010478,Baker,Corporate/Other Private,4,142,Slash pine,28,6.227055612972566,0.0,0.0,0.0,86
TM2742_Baker_O6,2742,20342943010478,Baker,Federal,6,142,Slash pine,3,0.6671845299613464,0.0,0.0,0.0,86
TM2739_Columbia_O7,2739,20336120010478,Columbia,State,7,520,Mixed upland hardwoods,20,4.447896866408976,0.0,0.0,0.0,75
TM2739_Hamilton_O3,2739,20336120010478,Hamilton,Family Forest,3,520,Mixed upland hardwoods,65,14.455664815829172,0.0,0.0,0.0,75
TM2739_Hamilton_O4,2739,20336120010478,Hamilton,Corporate/Other Private,4,520,Mixed upland hardwoods,1,0.2223948433204488,0.0,0.0,0.0,75
TM2739_Hamilton_O6,2739,20336120010478,Hamilton,Federal,6,520,Mixed upland hardwoods,2,0.4447896866408976,0.0,0.0,0.0,75
TM64263_Columbia_O8,64263,638333719126144,Columbia,Local,8,520,Mixed upland hardwoods,1,0.2223948433204488,0.0,0.0,0.0,9
TM67470_Baker_O4,67470,718604276290487,Baker,Corporate/Other Private,4,142,Slash pine,16,3.5583174931271806,0.0,0.0,0.0,6
TM67470_Columbia_O3,67470,718604276290487,Columbia,Family Forest,3,142,Slash pine,7,1.5567639032431415,0.0,0.0,0.0,6
TM67470_Columbia_O4,67470,718604276290487,Columbia,Corporate/Other Private,4,142,Slash pine,97,21.57229980208353,0.0,0.0,0.0,6
TM67470_Columbia_O8,67470,718604276290487,Columbia,Local,8,142,Slash pine,35,7.783819516215708,0.0,0.0,0.0,6
TM67470_Hamilton_O3,67470,718604276290487,Hamilton,Family Forest,3,142,Slash pine,5,1.111974216602244,0.0,0.0,0.0,6
TM67470_Hamilton_O4,67470,718604276290487,Hamilton,Corporate/Other Private,4,142,Slash pine,2,0.4447896866408976,0.0,0.0,0.0,6
TM67463_Suwannee_O4,67463,718604236290487,Suwannee,Corporate/Other Private,4,520,Mixed upland hardwoods,91,20.237930742160838,0.0,0.0,0.0,45
TM67463_Suwannee_O7,67463,718604236290487,Suwannee,State,7,520,Mixed upland hardwoods,1,0.2223948433204488,0.0,0.0,0.0,45
TM67463_Union_O3,67463,718604236290487,Union,Family Forest,3,520,Mixed upland hardwoods,54,12.009321539304235,0.0,0.0,0.0,45
TM67463_Union_O4,67463,718604236290487,Union,Corporate/Other Private,4,520,Mixed upland hardwoods,16,3.5583174931271806,0.0,0.0,0.0,45
TM67469_Hamilton_O4,67469,718604265290487,Hamilton,Corporate/Other Private,4,407,Slash pine / hardwood,4,0.8895793732817951,0.0,0.0,0.0,10
TM67469_Suwannee_O3,67469,718604265290487,Suwannee,Family Forest,3,407,Slash pine / hardwood,1,0.2223948433204488,0.0,0.0,0.0,10
TM67014_Hamilton_O7,67014,718561374290487,Hamilton,State,7,161,Loblolly pine,33,7.33902982957481,0.0,0.0,0.0,29
TM67463_Columbia_O4,67463,718604236290487,Columbia,Corporate/Other Private,4,520,Mixed upland hardwoods,251,55.82110567343265,0.0,0.0,0.0,45
TM67463_Columbia_O6,67463,718604236290487,Columbia,Federal,6,520,Mixed upland hardwoods,10,2.223948433204488,0.0,0.0,0.0,45
TM67463_Columbia_O8,67463,718604236290487,Columbia,Local,8,520,Mixed upland hardwoods,66,14.67805965914962,0.0,0.0,0.0,45
TM67463_Hamilton_O7,67463,718604236290487,Hamilton,State,7,520,Mixed upland hardwoods,7,1.5567639032431415,0.0,0.0,0.0,45
TM67463_Hamilton_O8,67463,718604236290487,Hamilton,Local,8,520,Mixed upland hardwoods,1,0.2223948433204488,0.0,0.0,0.0,45
TM67502_Hamilton_O4,67502,718604451290487,Hamilton,Corporate/Other Private,4,520,Mixed upland hardwoods,82,18.236377152276802,0.0,0.0,0.0,32
TM67502_Hamilton_O6,67502,718604451290487,Hamilton,Federal,6,520,Mixed upland hardwoods,18,4.003107179768078,0.0,0.0,0.0,32
TM67502_Hamilton_O7,67502,718604451290487,Hamilton,State,7,520,Mixed upland hardwoods,8,1.7791587465635903,0.0,0.0,0.0,32
TM67502_Suwannee_O6,67502,718604451290487,Suwannee,Federal,6,520,Mixed upland hardwoods,5,1.111974216602244,0.0,0.0,0.0,32
TM67502_Suwannee_O7,67502,718604451290487,Suwannee,State,7,520,Mixed upland hardwoods,1,0.2223948433204488,0.0,0.0,0.0,32
TM67502_Suwannee_O8,67502,718604451290487,Suwannee,Local,8,520,Mixed upland hardwoods,13,2.891132963165834,0.0,0.0,0.0,32
TM67475_Union_O7,67475,718604294290487,Union,State,7,407,Slash pine / hardwood,8,1.7791587465635903,0.0,0.0,0.0,51
TM67475_Union_O8,67475,718604294290487,Union,Local,8,407,Slash pine / hardwood,1,0.2223948433204488,0.0,0.0,0.0,51
TM67470_Baker_O3,67470,718604276290487,Baker,Family Forest,3,142,Slash pine,243,54.04194692686905,0.0,0.0,0.0,6
TM16608_Union_O3,16608,61601464010478,Union,Family Forest,3,142,Slash pine,1,0.2223948433204488,0.0,0.0,0.0,46
TM17746_Columbia_O3,17746,76812325010478,Columbia,Family Forest,3,520,Mixed upland hardwoods,52,11.564531852663336,0.0,0.0,0.0,23
TM17746_Columbia_O4,17746,76812325010478,Columbia,Corporate/Other Private,4,520,Mixed upland hardwoods,36,8.006214359536155,0.0,0.0,0.0,23
TM17746_Columbia_O8,17746,76812325010478,Columbia,Local,8,520,Mixed upland hardwoods,6,1.3343690599226927,0.0,0.0,0.0,23
TM17746_Hamilton_O3,17746,76812325010478,Hamilton,Family Forest,3,520,Mixed upland hardwoods,81,18.01398230895635,0.0,0.0,0.0,23
TM16567_Union_O3,16567,61359910010478,Union,Family Forest,3,142,Slash pine,36,8.006214359536155,0.0,0.0,0.0,20
TM16567_Union_O4,16567,61359910010478,Union,Corporate/Other Private,4,142,Slash pine,3,0.6671845299613464,0.0,0.0,0.0,20
TM16567_Union_O7,16567,61359910010478,Union,State,7,142,Slash pine,8,1.7791587465635903,0.0,0.0,0.0,20
TM16569_Hamilton_O3,16569,61371912010478,Hamilton,Family Forest,3,608,Sweetbay / swamp tupelo / red maple,52,11.564531852663336,0.0,0.0,0.0,30
TM16569_Hamilton_O4,16569,61371912010478,Hamilton,Corporate/Other Private,4,608,Sweetbay / swamp tupelo / red maple,39,8.673398889497502,0.0,0.0,0.0,30
TM16582_Baker_O4,16582,61420940010478,Baker,Corporate/Other Private,4,407,Slash pine / hardwood,2,0.4447896866408976,0.0,0.0,0.0,103
TM21259_Columbia_O4,21259,140564077010478,Columbia,Corporate/Other Private,4,608,Sweetbay / swamp tupelo / red maple,1462,325.14126093449613,0.0,0.0,0.0,55
TM67475_Baker_O6,67475,718604294290487,Baker,Federal,6,407,Slash pine / hardwood,3,0.6671845299613464,0.0,0.0,0.0,51
TM21259_Hamilton_O8,21259,140564077010478,Hamilton,Local,8,608,Sweetbay / swamp tupelo / red maple,6,1.3343690599226927,0.0,0.0,0.0,55
TM21190_Columbia_O8,21190,134678539010854,Columbia,Local,8,142,Slash pine,1,0.2223948433204488,0.0,0.0,0.0,25
TM21190_Suwannee_O3,21190,134678539010854,Suwannee,Family Forest,3,142,Slash pine,69,15.345244189110966,0.0,0.0,0.0,25
TM21190_Suwannee_O4,21190,134678539010854,Suwannee,Corporate/Other Private,4,142,Slash pine,6,1.3343690599226927,0.0,0.0,0.0,25
TM21258_Baker_O4,21258,140561558010478,Baker,Corporate/Other Private,4,141,Longleaf pine,7,1.5567639032431415,0.0,0.0,0.0,33
TM21259_Baker_O8,21259,140564077010478,Baker,Local,8,608,Sweetbay / swamp tupelo / red maple,61,13.566085442547376,0.0,0.0,0.0,55
TM67461_Columbia_O7,67461,718604231290487,Columbia,State,7,161,Loblolly pine,3,0.6671845299613464,0.0,0.0,0.0,23
TM67461_Hamilton_O6,67461,718604231290487,Hamilton,Federal,6,161,Loblolly pine,14,3.113527806486283,0.0,0.0,0.0,23
TM67460_Suwannee_O3,67460,718604230290487,Suwannee,Family Forest,3,520,Mixed upland hardwoods,5,1.111974216602244,0.0,0.0,0.0,4
TM67461_Baker_O6,67461,718604231290487,Baker,Federal,6,161,Loblolly pine,11,2.446343276524937,0.0,0.0,0.0,23
TM67461_Baker_O7,67461,718604231290487,Baker,State,7,161,Loblolly pine,3,0.6671845299613464,0.0,0.0,0.0,23
TM67461_Columbia_O6,67461,718604231290487,Columbia,Federal,6,161,Loblolly pine,5548,1233.84659074185,0.0,0.0,0.0,23
TM67472_Union_O4,67472,718604280290487,Union,Corporate/Other Private,4,609,Baldcypress / pondcypress,4,0.8895793732817951,0.0,0.0,0.0,127
TM21259_Hamilton_O6,21259,140564077010478,Hamilton,Federal,6,608,Sweetbay / swamp tupelo / red maple,1,0.2223948433204488,0.0,0.0,0.0,55
TM67475_Suwannee_O8,67475,718604294290487,Suwannee,Local,8,407,Slash pine / hardwood,80,17.791587465635903,0.0,0.0,0.0,51
TM67475_Hamilton_O6,67475,718604294290487,Hamilton,Federal,6,407,Slash pine / hardwood,68,15.122849345790517,0.0,0.0,0.0,51
TM67508_Baker_O4,67508,718604470290487,Baker,Corporate/Other Private,4,608,Sweetbay / swamp tupelo / red maple,72,16.01242871907231,0.0,0.0,0.0,10
TM67508_Columbia_O3,67508,718604470290487,Columbia,Family Forest,3,608,Sweetbay / swamp tupelo / red maple,14,3.113527806486283,0.0,0.0,0.0,10
TM67508_Columbia_O4,67508,718604470290487,Columbia,Corporate/Other Private,4,608,Sweetbay / swamp tupelo / red maple,27,6.0046607696521175,0.0,0.0,0.0,10
TM67508_Columbia_O8,67508,718604470290487,Columbia,Local,8,608,Sweetbay / swamp tupelo / red maple,6,1.3343690599226927,0.0,0.0,0.0,10
TM67508_Hamilton_O3,67508,718604470290487,Hamilton,Family Forest,3,608,Sweetbay / swamp tupelo / red maple,15,3.335922649806732,0.0,0.0,0.0,10
TM67508_Hamilton_O4,67508,718604470290487,Hamilton,Corporate/Other Private,4,608,Sweetbay / swamp tupelo / red maple,14,3.113527806486283,0.0,0.0,0.0,10
TM67508_Suwannee_O3,67508,718604470290487,Suwannee,Family Forest,3,608,Sweetbay / swamp tupelo / red maple,2,0.4447896866408976,0.0,0.0,0.0,10
TM67508_Suwannee_O4,67508,718604470290487,Suwannee,Corporate/Other Private,4,608,Sweetbay / swamp tupelo / red maple,2,0.4447896866408976,0.0,0.0,0.0,10
TM67504_Union_O7,67504,718604453290487,Union,State,7,520,Mixed upland hardwoods,2,0.4447896866408976,0.0,0.0,0.0,40
TM67504_Union_O8,67504,718604453290487,Union,Local,8,520,Mixed upland hardwoods,1,0.2223948433204488,0.0,0.0,0.0,40
TM67502_Baker_O3,67502,718604451290487,Baker,Family Forest,3,520,Mixed upland hardwoods,3,0.6671845299613464,0.0,0.0,0.0,32
TM67504_Columbia_O7,67504,718604453290487,Columbia,State,7,520,Mixed upland hardwoods,1,0.2223948433204488,0.0,0.0,0.0,40
TM67504_Columbia_O8,67504,718604453290487,Columbia,Local,8,520,Mixed upland hardwoods,18,4.003107179768078,0.0,0.0,0.0,40
TM67504_Hamilton_O4,67504,718604453290487,Hamilton,Corporate/Other Private,4,520,Mixed upland hardwoods,9,2.001553589884039,0.0,0.0,0.0,40
TM67502_Union_O3,67502,718604451290487,Union,Family Forest,3,520,Mixed upland hardwoods,1,0.2223948433204488,0.0,0.0,0.0,32
TM67503_Columbia_O4,67503,718604452290487,Columbia,Corporate/Other Private,4,608,Sweetbay / swamp tupelo / red maple,8,1.7791587465635903,0.0,0.0,0.0,86
TM67503_Suwannee_O3,67503,718604452290487,Suwannee,Family Forest,3,608,Sweetbay / swamp tupelo / red maple,101,22.46187917536533,0.0,0.0,0.0,86
TM67503_Suwannee_O4,67503,718604452290487,Suwannee,Corporate/Other Private,4,608,Sweetbay / swamp tupelo / red maple,8,1.7791587465635903,0.0,0.0,0.0,86
TM67503_Union_O4,67503,718604452290487,Union,Corporate/Other Private,4,608,Sweetbay / swamp tupelo / red maple,62,13.788480285867825,0.0,0.0,0.0,86
TM67503_Union_O7,67503,718604452290487,Union,State,7,608,Sweetbay / swamp tupelo / red maple,2,0.4447896866408976,0.0,0.0,0.0,86
TM67513_Baker_O4,67513,718604487290487,Baker,Corporate/Other Private,4,142,Slash pine,231,51.37320880702367,0.0,0.0,0.0,8
TM67513_Baker_O8,67513,718604487290487,Baker,Local,8,142,Slash pine,1,0.2223948433204488,0.0,0.0,0.0,8
TM67513_Columbia_O6,67513,718604487290487,Columbia,Federal,6,142,Slash pine,60,13.343690599226928,0.0,0.0,0.0,8
TM67513_Columbia_O7,67513,718604487290487,Columbia,State,7,142,Slash pine,2,0.4447896866408976,0.0,0.0,0.0,8
TM67508_Baker_O3,67508,718604470290487,Baker,Family Forest,3,608,Sweetbay / swamp tupelo / red maple,34,7.561424672895258,0.0,0.0,0.0,10
TM67502_Baker_O4,67502,718604451290487,Baker,Corporate/Other Private,4,520,Mixed upland hardwoods,1,0.2223948433204488,0.0,0.0,0.0,32
TM67502_Columbia_O3,67502,718604451290487,Columbia,Family Forest,3,520,Mixed upland hardwoods,14,3.113527806486283,0.0,0.0,0.0,32
TM67502_Columbia_O4,67502,718604451290487,Columbia,Corporate/Other Private,4,520,Mixed upland hardwoods,1,0.2223948433204488,0.0,0.0,0.0,32
TM67502_Columbia_O8,67502,718604451290487,Columbia,Local,8,520,Mixed upland hardwoods,1,0.2223948433204488,0.0,0.0,0.0,32
TM16549_Suwannee_O6,16549,61280243010478,Suwannee,Federal,6,501,Post oak / blackjack oak,1,0.2223948433204488,0.0,0.0,0.0,31
TM16549_Suwannee_O7,16549,61280243010478,Suwannee,State,7,501,Post oak / blackjack oak,7,1.5567639032431415,0.0,0.0,0.0,31
TM16549_Suwannee_O8,16549,61280243010478,Suwannee,Local,8,501,Post oak / blackjack oak,7,1.5567639032431415,0.0,0.0,0.0,31
TM16549_Union_O4,16549,61280243010478,Union,Corporate/Other Private,4,501,Post oak / blackjack oak,15,3.335922649806732,0.0,0.0,0.0,31
TM16562_Baker_O3,16562,61339349010478,Baker,Family Forest,3,406,Loblolly pine / hardwood,3,0.6671845299613464,0.0,0.0,0.0,22
TM16562_Columbia_O3,16562,61339349010478,Columbia,Family Forest,3,406,Loblolly pine / hardwood,29,6.449450456293015,0.0,0.0,0.0,22
TM16549_Columbia_O8,16549,61280243010478,Columbia,Local,8,501,Post oak / blackjack oak,256,56.93307989003489,0.0,0.0,0.0,31
TM16549_Hamilton_O6,16549,61280243010478,Hamilton,Federal,6,501,Post oak / blackjack oak,5,1.111974216602244,0.0,0.0,0.0,31
TM67475_Suwannee_O7,67475,718604294290487,Suwannee,State,7,407,Slash pine / hardwood,23,5.115081396370322,0.0,0.0,0.0,51
TM16549_Hamilton_O8,16549,61280243010478,Hamilton,Local,8,501,Post oak / blackjack oak,3,0.6671845299613464,0.0,0.0,0.0,31
TM16549_Suwannee_O4,16549,61280243010478,Suwannee,Corporate/Other Private,4,501,Post oak / blackjack oak,1881,418.32470028576415,0.0,0.0,0.0,31
TM18436_Hamilton_O3,18436,90822958010478,Hamilton,Family Forest,3,161,Loblolly pine,4,0.8895793732817951,0.0,0.0,0.0,33
TM18437_Columbia_O4,18437,90825681010478,Columbia,Corporate/Other Private,4,517,Elm / ash / black locust,210,46.70291709729425,0.0,0.0,0.0,75
TM18437_Columbia_O8,18437,90825681010478,Columbia,Local,8,517,Elm / ash / black locust,97,21.57229980208353,0.0,0.0,0.0,75
TM17746_Hamilton_O4,17746,76812325010478,Hamilton,Corporate/Other Private,4,520,Mixed upland hardwoods,42,9.340583419458849,0.0,0.0,0.0,23
TM17746_Suwannee_O3,17746,76812325010478,Suwannee,Family Forest,3,520,Mixed upland hardwoods,195,43.366994447487514,0.0,0.0,0.0,23
TM17746_Suwannee_O4,17746,76812325010478,Suwannee,Corporate/Other Private,4,520,Mixed upland hardwoods,37,8.228609202856605,0.0,0.0,0.0,23
TM17746_Suwannee_O7,17746,76812325010478,Suwannee,State,7,520,Mixed upland hardwoods,1,0.2223948433204488,0.0,0.0,0.0,23
TM17746_Union_O3,17746,76812325010478,Union,Family Forest,3,520,Mixed upland hardwoods,5,1.111974216602244,0.0,0.0,0.0,23
TM17746_Union_O4,17746,76812325010478,Union,Corporate/Other Private,4,520,Mixed upland hardwoods,2,0.4447896866408976,0.0,0.0,0.0,23
TM67475_Hamilton_O8,67475,718604294290487,Hamilton,Local,8,407,Slash pine / hardwood,25,5.5598710830112195,0.0,0.0,0.0,51
TM67475_Suwannee_O6,67475,718604294290487,Suwannee,Federal,6,407,Slash pine / hardwood,74,16.45721840571321,0.0,0.0,0.0,51
TM16549_Hamilton_O7,16549,61280243010478,Hamilton,State,7,501,Post oak / blackjack oak,11,2.446343276524937,0.0,0.0,0.0,31
TM67429_Baker_O4,67429,718604087290487,Baker,Corporate/Other Private,4,514,Southern scrub oak,52,11.564531852663336,0.0,0.0,0.0,33
TM67429_Baker_O8,67429,718604087290487,Baker,Local,8,514,Southern scrub oak,23,5.115081396370322,0.0,0.0,0.0,33
TM67429_Columbia_O3,67429,718604087290487,Columbia,Family Forest,3,514,Southern scrub oak,79,17.569192622315455,0.0,0.0,0.0,33
TM67429_Columbia_O7,67429,718604087290487,Columbia,State,7,514,Southern scrub oak,2,0.4447896866408976,0.0,0.0,0.0,33
TM67429_Columbia_O8,67429,718604087290487,Columbia,Local,8,514,Southern scrub oak,17,3.780712336447629,0.0,0.0,0.0,33
TM67429_Suwannee_O3,67429,718604087290487,Suwannee,Family Forest,3,514,Southern scrub oak,237,52.707577866946366,0.0,0.0,0.0,33
TM67429_Suwannee_O4,67429,718604087290487,Suwannee,Corporate/Other Private,4,514,Southern scrub oak,17,3.780712336447629,0.0,0.0,0.0,33
TM67456_Suwannee_O4,67456,718604223290487,Suwannee,Corporate/Other Private,4,520,Mixed upland hardwoods,1,0.2223948433204488,0.0,0.0,0.0,51
TM67457_Baker_O4,67457,718604224290487,Baker,Corporate/Other Private,4,514,Southern scrub oak,29,6.449450456293015,0.0,0.0,0.0,41
TM67457_Baker_O8,67457,718604224290487,Baker,Local,8,514,Southern scrub oak,18,4.003107179768078,0.0,0.0,0.0,41
TM67457_Columbia_O6,67457,718604224290487,Columbia,Federal,6,514,Southern scrub oak,16,3.5583174931271806,0.0,0.0,0.0,41
TM67457_Columbia_O7,67457,718604224290487,Columbia,State,7,514,Southern scrub oak,5,1.111974216602244,0.0,0.0,0.0,41
TM16608_Baker_O8,16608,61601464010478,Baker,Local,8,142,Slash pine,5,1.111974216602244,0.0,0.0,0.0,46
TM67455_Suwannee_O7,67455,718604221290487,Suwannee,State,7,142,Slash pine,15,3.335922649806732,0.0,0.0,0.0,37
TM67455_Suwannee_O8,67455,718604221290487,Suwannee,Local,8,142,Slash pine,35,7.783819516215708,0.0,0.0,0.0,37
TM67456_Columbia_O3,67456,718604223290487,Columbia,Family Forest,3,520,Mixed upland hardwoods,1,0.2223948433204488,0.0,0.0,0.0,51
TM67456_Hamilton_O3,67456,718604223290487,Hamilton,Family Forest,3,520,Mixed upland hardwoods,7,1.5567639032431415,0.0,0.0,0.0,51
TM67456_Hamilton_O4,67456,718604223290487,Hamilton,Corporate/Other Private,4,520,Mixed upland hardwoods,1,0.2223948433204488,0.0,0.0,0.0,51
TM67456_Suwannee_O3,67456,718604223290487,Suwannee,Family Forest,3,520,Mixed upland hardwoods,1,0.2223948433204488,0.0,0.0,0.0,51
TM67455_Columbia_O7,67455,718604221290487,Columbia,State,7,142,Slash pine,1,0.2223948433204488,0.0,0.0,0.0,37
TM67455_Hamilton_O6,67455,718604221290487,Hamilton,Federal,6,142,Slash pine,72,16.01242871907231,0.0,0.0,0.0,37
TM67455_Hamilton_O8,67455,718604221290487,Hamilton,Local,8,142,Slash pine,158,35.13838524463091,0.0,0.0,0.0,37
TM67454_Hamilton_O4,67454,718604217290487,Hamilton,Corporate/Other Private,4,141,Longleaf pine,2,0.4447896866408976,0.0,0.0,0.0,5
TM67454_Suwannee_O3,67454,718604217290487,Suwannee,Family Forest,3,141,Longleaf pine,4,0.8895793732817951,0.0,0.0,0.0,5
TM67454_Suwannee_O4,67454,718604217290487,Suwannee,Corporate/Other Private,4,141,Longleaf pine,1,0.2223948433204488,0.0,0.0,0.0,5
TM67454_Suwannee_O8,67454,718604217290487,Suwannee,Local,8,141,Longleaf pine,1,0.2223948433204488,0.0,0.0,0.0,5
TM67455_Suwannee_O6,67455,718604221290487,Suwannee,Federal,6,142,Slash pine,12,2.6687381198453854,0.0,0.0,0.0,37
TM67426_Baker_O3,67426,718604076290487,Baker,Family Forest,3,142,Slash pine,36,8.006214359536155,0.0,0.0,0.0,6
TM67426_Baker_O4,67426,718604076290487,Baker,Corporate/Other Private,4,142,Slash pine,149,33.13683165474687,0.0,0.0,0.0,6
TM67426_Baker_O8,67426,718604076290487,Baker,Local,8,142,Slash pine,2,0.4447896866408976,0.0,0.0,0.0,6
TM67417_Columbia_O8,67417,718604055290487,Columbia,Local,8,142,Slash pine,3,0.6671845299613464,0.0,0.0,0.0,5
TM67417_Hamilton_O3,67417,718604055290487,Hamilton,Family Forest,3,142,Slash pine,1,0.2223948433204488,0.0,0.0,0.0,5
TM67417_Hamilton_O4,67417,718604055290487,Hamilton,Corporate/Other Private,4,142,Slash pine,8,1.7791587465635903,0.0,0.0,0.0,5
TM67419_Union_O3,67419,718604057290487,Union,Family Forest,3,602,Sweetgum / Nuttall oak / willow oak,1,0.2223948433204488,0.0,0.0,0.0,40
TM67420_Columbia_O3,67420,718604060290487,Columbia,Family Forest,3,142,Slash pine,26,5.782265926331668,0.0,0.0,0.0,8
TM67420_Columbia_O4,67420,718604060290487,Columbia,Corporate/Other Private,4,142,Slash pine,6,1.3343690599226927,0.0,0.0,0.0,8
TM67420_Suwannee_O3,67420,718604060290487,Suwannee,Family Forest,3,142,Slash pine,1,0.2223948433204488,0.0,0.0,0.0,8
TM67453_Columbia_O7,67453,718604216290487,Columbia,State,7,608,Sweetbay / swamp tupelo / red maple,184,40.92065117096258,0.0,0.0,0.0,85
TM67453_Columbia_O8,67453,718604216290487,Columbia,Local,8,608,Sweetbay / swamp tupelo / red maple,150,33.359226498067315,0.0,0.0,0.0,85
TM67452_Columbia_O3,67452,718604205290487,Columbia,Family Forest,3,520,Mixed upland hardwoods,2,0.4447896866408976,0.0,0.0,0.0,63
TM67453_Union_O3,67453,718604216290487,Union,Family Forest,3,608,Sweetbay / swamp tupelo / red maple,11,2.446343276524937,0.0,0.0,0.0,85
TM67454_Columbia_O3,67454,718604217290487,Columbia,Family Forest,3,141,Longleaf pine,2,0.4447896866408976,0.0,0.0,0.0,5
TM67454_Columbia_O7,67454,718604217290487,Columbia,State,7,141,Longleaf pine,1,0.2223948433204488,0.0,0.0,0.0,5
TM67454_Hamilton_O3,67454,718604217290487,Hamilton,Family Forest,3,141,Longleaf pine,2,0.4447896866408976,0.0,0.0,0.0,5
TM67452_Hamilton_O3,67452,718604205290487,Hamilton,Family Forest,3,520,Mixed upland hardwoods,1,0.2223948433204488,0.0,0.0,0.0,63
TM67452_Suwannee_O3,67452,718604205290487,Suwannee,Family Forest,3,520,Mixed upland hardwoods,1,0.2223948433204488,0.0,0.0,0.0,63
TM67453_Columbia_O3,67453,718604216290487,Columbia,Family Forest,3,608,Sweetbay / swamp tupelo / red maple,67,14.900454502470069,0.0,0.0,0.0,85
TM67453_Columbia_O4,67453,718604216290487,Columbia,Corporate/Other Private,4,608,Sweetbay / swamp tupelo / red maple,1607,357.3885132159612,0.0,0.0,0.0,85
TM67429_Suwannee_O7,67429,718604087290487,Suwannee,State,7,514,Southern scrub oak,1,0.2223948433204488,0.0,0.0,0.0,33
TM67429_Union_O4,67429,718604087290487,Union,Corporate/Other Private,4,514,Southern scrub oak,36,8.006214359536155,0.0,0.0,0.0,33
TM67429_Union_O7,67429,718604087290487,Union,State,7,514,Southern scrub oak,13,2.891132963165834,0.0,0.0,0.0,33
TM67451_Columbia_O4,67451,718604197290487,Columbia,Corporate/Other Private,4,609,Baldcypress / pondcypress,1,0.2223948433204488,0.0,0.0,0.0,67
TM67452_Baker_O3,67452,718604205290487,Baker,Family Forest,3,520,Mixed upland hardwoods,4,0.8895793732817951,0.0,0.0,0.0,63
TM67453_Hamilton_O3,67453,718604216290487,Hamilton,Family Forest,3,608,Sweetbay / swamp tupelo / red maple,9,2.001553589884039,0.0,0.0,0.0,85
TM21265_Columbia_O7,21265,140568302010478,Columbia,State,7,514,Southern scrub oak,8,1.7791587465635903,0.0,0.0,0.0,28
TM21262_Suwannee_O8,21262,140566167010478,Suwannee,Local,8,142,Slash pine,2,0.4447896866408976,0.0,0.0,0.0,84
TM21262_Union_O4,21262,140566167010478,Union,Corporate/Other Private,4,142,Slash pine,8,1.7791587465635903,0.0,0.0,0.0,84
TM21262_Union_O8,21262,140566167010478,Union,Local,8,142,Slash pine,4,0.8895793732817951,0.0,0.0,0.0,84
TM21265_Baker_O6,21265,140568302010478,Baker,Federal,6,514,Southern scrub oak,9,2.001553589884039,0.0,0.0,0.0,28
TM67458_Suwannee_O7,67458,718604225290487,Suwannee,State,7,520,Mixed upland hardwoods,1,0.2223948433204488,0.0,0.0,0.0,8
TM67457_Suwannee_O8,67457,718604224290487,Suwannee,Local,8,514,Southern scrub oak,3,0.6671845299613464,0.0,0.0,0.0,41
TM67457_Union_O3,67457,718604224290487,Union,Family Forest,3,514,Southern scrub oak,27,6.0046607696521175,0.0,0.0,0.0,41
TM67458_Baker_O4,67458,718604225290487,Baker,Corporate/Other Private,4,520,Mixed upland hardwoods,99,22.01708948872443,0.0,0.0,0.0,8
TM67458_Baker_O8,67458,718604225290487,Baker,Local,8,520,Mixed upland hardwoods,1,0.2223948433204488,0.0,0.0,0.0,8
TM67458_Columbia_O6,67458,718604225290487,Columbia,Federal,6,520,Mixed upland hardwoods,9,2.001553589884039,0.0,0.0,0.0,8
TM67457_Columbia_O8,67457,718604224290487,Columbia,Local,8,514,Southern scrub oak,137,30.468093534901485,0.0,0.0,0.0,41
TM67455_Baker_O4,67455,718604221290487,Baker,Corporate/Other Private,4,142,Slash pine,1,0.2223948433204488,0.0,0.0,0.0,37
TM67457_Hamilton_O7,67457,718604224290487,Hamilton,State,7,514,Southern scrub oak,2,0.4447896866408976,0.0,0.0,0.0,41
TM67457_Hamilton_O8,67457,718604224290487,Hamilton,Local,8,514,Southern scrub oak,2,0.4447896866408976,0.0,0.0,0.0,41
TM67457_Suwannee_O3,67457,718604224290487,Suwannee,Family Forest,3,514,Southern scrub oak,1012,225.06358144029417,0.0,0.0,0.0,41
TM67457_Suwannee_O7,67457,718604224290487,Suwannee,State,7,514,Southern scrub oak,3,0.6671845299613464,0.0,0.0,0.0,41
TM67462_Suwannee_O6,67462,718604233290487,Suwannee,Federal,6,608,Sweetbay / swamp tupelo / red maple,3,0.6671845299613464,0.0,0.0,0.0,18
TM67462_Suwannee_O8,67462,718604233290487,Suwannee,Local,8,608,Sweetbay / swamp tupelo / red maple,12,2.6687381198453854,0.0,0.0,0.0,18
TM67463_Baker_O3,67463,718604236290487,Baker,Family Forest,3,520,Mixed upland hardwoods,4,0.8895793732817951,0.0,0.0,0.0,45
TM67463_Baker_O4,67463,718604236290487,Baker,Corporate/Other Private,4,520,Mixed upland hardwoods,2,0.4447896866408976,0.0,0.0,0.0,45
TM67461_Suwannee_O6,67461,718604231290487,Suwannee,Federal,6,161,Loblolly pine,1,0.2223948433204488,0.0,0.0,0.0,23
TM67461_Suwannee_O7,67461,718604231290487,Suwannee,State,7,161,Loblolly pine,9,2.001553589884039,0.0,0.0,0.0,23
TM67461_Suwannee_O8,67461,718604231290487,Suwannee,Local,8,161,Loblolly pine,59,13.121295755906479,0.0,0.0,0.0,23
TM17787_Baker_O4,17787,85172032010478,Baker,Corporate/Other Private,4,608,Sweetbay / swamp tupelo / red maple,88,19.570746212199495,0.0,0.0,0.0,56
TM16608_Baker_O7,16608,61601464010478,Baker,State,7,142,Slash pine,9,2.001553589884039,0.0,0.0,0.0,46
TM67457_Hamilton_O3,67457,718604224290487,Hamilton,Family Forest,3,514,Southern scrub oak,512,113.86615978006978,0.0,0.0,0.0,41
TM67455_Columbia_O6,67455,718604221290487,Columbia,Federal,6,142,Slash pine,2,0.4447896866408976,0.0,0.0,0.0,37
TM67458_Suwannee_O8,67458,718604225290487,Suwannee,Local,8,520,Mixed upland hardwoods,93,20.682720428801737,0.0,0.0,0.0,8
TM67458_Union_O4,67458,718604225290487,Union,Corporate/Other Private,4,520,Mixed upland hardwoods,110,24.463432765249365,0.0,0.0,0.0,8
TM67458_Union_O7,67458,718604225290487,Union,State,7,520,Mixed upland hardwoods,4,0.8895793732817951,0.0,0.0,0.0,8
TM67458_Union_O8,67458,718604225290487,Union,Local,8,520,Mixed upland hardwoods,3,0.6671845299613464,0.0,0.0,0.0,8
TM67459_Hamilton_O3,67459,718604228290487,Hamilton,Family Forest,3,161,Loblolly pine,269,59.82421285320073,0.0,0.0,0.0,50
TM67459_Hamilton_O4,67459,718604228290487,Hamilton,Corporate/Other Private,4,161,Loblolly pine,2,0.4447896866408976,0.0,0.0,0.0,50
TM67459_Suwannee_O3,67459,718604228290487,Suwannee,Family Forest,3,161,Loblolly pine,25,5.5598710830112195,0.0,0.0,0.0,50
TM67458_Columbia_O8,67458,718604225290487,Columbia,Local,8,520,Mixed upland hardwoods,34,7.561424672895258,0.0,0.0,0.0,8
TM67458_Hamilton_O4,67458,718604225290487,Hamilton,Corporate/Other Private,4,520,Mixed upland hardwoods,535,118.98124117644011,0.0,0.0,0.0,8
TM67458_Hamilton_O6,67458,718604225290487,Hamilton,Federal,6,520,Mixed upland hardwoods,2,0.4447896866408976,0.0,0.0,0.0,8
TM67458_Hamilton_O8,67458,718604225290487,Hamilton,Local,8,520,Mixed upland hardwoods,2,0.4447896866408976,0.0,0.0,0.0,8
TM21265_Columbia_O6,21265,140568302010478,Columbia,Federal,6,514,Southern scrub oak,185,41.14304601428302,0.0,0.0,0.0,28
TM67458_Suwannee_O4,67458,718604225290487,Suwannee,Corporate/Other Private,4,520,Mixed upland hardwoods,323,71.83353439250496,0.0,0.0,0.0,8
TM21183_Union_O4,21183,134677819010854,Union,Corporate/Other Private,4,142,Slash pine,178,39.586282111039885,0.0,0.0,0.0,15
TM21183_Union_O8,21183,134677819010854,Union,Local,8,142,Slash pine,18,4.003107179768078,0.0,0.0,0.0,15
TM21184_Baker_O3,21184,134677831010854,Baker,Family Forest,3,141,Longleaf pine,1,0.2223948433204488,0.0,0.0,0.0,22
TM21184_Columbia_O3,21184,134677831010854,Columbia,Family Forest,3,141,Longleaf pine,2,0.4447896866408976,0.0,0.0,0.0,22
TM21184_Suwannee_O3,21184,134677831010854,Suwannee,Family Forest,3,141,Longleaf pine,4,0.8895793732817951,0.0,0.0,0.0,22
TM21184_Suwannee_O4,21184,134677831010854,Suwannee,Corporate/Other Private,4,141,Longleaf pine,1,0.2223948433204488,0.0,0.0,0.0,22
TM21190_Columbia_O3,21190,134678539010854,Columbia,Family Forest,3,142,Slash pine,2,0.4447896866408976,0.0,0.0,0.0,25
TM21190_Columbia_O4,21190,134678539010854,Columbia,Corporate/Other Private,4,142,Slash pine,3,0.6671845299613464,0.0,0.0,0.0,25
TM21183_Baker_O4,21183,134677819010854,Baker,Corporate/Other Private,4,142,Slash pine,32,7.116634986254361,0.0,0.0,0.0,15
TM21183_Columbia_O3,21183,134677819010854,Columbia,Family Forest,3,142,Slash pine,70,15.567639032431416,0.0,0.0,0.0,15
TM21183_Columbia_O4,21183,134677819010854,Columbia,Corporate/Other Private,4,142,Slash pine,22,4.892686553049874,0.0,0.0,0.0,15
TM21265_Baker_O8,21265,140568302010478,Baker,Local,8,514,Southern scrub oak,50,11.119742166022439,0.0,0.0,0.0,28
TM67458_Suwannee_O3,67458,718604225290487,Suwannee,Family Forest,3,520,Mixed upland hardwoods,2502,556.4318979877629,0.0,0.0,0.0,8
TM13445_Hamilton_O4,13445,43855313020004,Hamilton,Corporate/Other Private,4,142,Slash pine,268,59.601818009880276,0.0,0.0,0.0,16
TM13445_Suwannee_O4,13445,43855313020004,Suwannee,Corporate/Other Private,4,142,Slash pine,425,94.51780841119073,0.0,0.0,0.0,16
TM13445_Suwannee_O7,13445,43855313020004,Suwannee,State,7,142,Slash pine,1,0.2223948433204488,0.0,0.0,0.0,16
TM13445_Suwannee_O8,13445,43855313020004,Suwannee,Local,8,142,Slash pine,57,12.676506069265582,0.0,0.0,0.0,16
TM67534_Suwannee_O4,67534,718604873290487,Suwannee,Corporate/Other Private,4,514,Southern scrub oak,12,2.6687381198453854,0.0,0.0,0.0,38
TM67534_Union_O3,67534,718604873290487,Union,Family Forest,3,514,Southern scrub oak,10,2.223948433204488,0.0,0.0,0.0,38
TM67535_Baker_O6,67535,718604877290487,Baker,Federal,6,608,Sweetbay / swamp tupelo / red maple,43,9.562978262779298,0.0,0.0,0.0,81
TM67535_Baker_O8,67535,718604877290487,Baker,Local,8,608,Sweetbay / swamp tupelo / red maple,4,0.8895793732817951,0.0,0.0,0.0,81
TM67534_Baker_O6,67534,718604873290487,Baker,Federal,6,514,Southern scrub oak,16,3.5583174931271806,0.0,0.0,0.0,38
TM67534_Columbia_O3,67534,718604873290487,Columbia,Family Forest,3,514,Southern scrub oak,15,3.335922649806732,0.0,0.0,0.0,38
TM67534_Columbia_O4,67534,718604873290487,Columbia,Corporate/Other Private,4,514,Southern scrub oak,10,2.223948433204488,0.0,0.0,0.0,38
TM67534_Columbia_O8,67534,718604873290487,Columbia,Local,8,514,Southern scrub oak,18,4.003107179768078,0.0,0.0,0.0,38
TM67513_Columbia_O8,67513,718604487290487,Columbia,Local,8,142,Slash pine,200,44.478968664089756,0.0,0.0,0.0,8
TM67534_Hamilton_O7,67534,718604873290487,Hamilton,State,7,514,Southern scrub oak,44,9.785373106099748,0.0,0.0,0.0,38
TM67538_Columbia_O6,67538,718604885290487,Columbia,Federal,6,142,Slash pine,59,13.121295755906479,0.0,0.0,0.0,35
TM67538_Columbia_O7,67538,718604885290487,Columbia,State,7,142,Slash pine,7,1.5567639032431415,0.0,0.0,0.0,35
TM67538_Hamilton_O4,67538,718604885290487,Hamilton,Corporate/Other Private,4,142,Slash pine,136,30.245698691581033,0.0,0.0,0.0,35
TM13255_Suwannee_O4,13255,43393151010478,Suwannee,Corporate/Other Private,4,520,Mixed upland hardwoods,1,0.2223948433204488,0.0,0.0,0.0,74
TM13275_Baker_O4,13275,43441517010478,Baker,Corporate/Other Private,4,142,Slash pine,1,0.2223948433204488,0.0,0.0,0.0,69
TM13432_Suwannee_O7,13432,43854936020004,Suwannee,State,7,508,Sweetgum / yellow-poplar,14,3.113527806486283,0.0,0.0,0.0,81
TM13432_Suwannee_O8,13432,43854936020004,Suwannee,Local,8,508,Sweetgum / yellow-poplar,3,0.6671845299613464,0.0,0.0,0.0,81
TM13432_Union_O3,13432,43854936020004,Union,Family Forest,3,508,Sweetgum / yellow-poplar,21,4.670291709729424,0.0,0.0,0.0,81
TM13435_Baker_O3,13435,43855081020004,Baker,Family Forest,3,142,Slash pine,222,49.37165521713963,0.0,0.0,0.0,13
TM13435_Baker_O4,13435,43855081020004,Baker,Corporate/Other Private,4,142,Slash pine,5,1.111974216602244,0.0,0.0,0.0,13
TM13255_Suwannee_O3,13255,43393151010478,Suwannee,Family Forest,3,520,Mixed upland hardwoods,5,1.111974216602244,0.0,0.0,0.0,74
TM13435_Columbia_O6,13435,43855081020004,Columbia,Federal,6,142,Slash pine,1504,334.48184435395495,0.0,0.0,0.0,13
TM67534_Hamilton_O4,67534,718604873290487,Hamilton,Corporate/Other Private,4,514,Southern scrub oak,3,0.6671845299613464,0.0,0.0,0.0,38
TM16547_Union_O4,16547,61264238010478,Union,Corporate/Other Private,4,161,Loblolly pine,2,0.4447896866408976,0.0,0.0,0.0,32
TM16547_Union_O7,16547,61264238010478,Union,State,7,161,Loblolly pine,28,6.227055612972566,0.0,0.0,0.0,32
TM67532_Columbia_O6,67532,718604871290487,Columbia,Federal,6,407,Slash pine / hardwood,365,81.17411781196381,0.0,0.0,0.0,7
TM67532_Columbia_O7,67532,718604871290487,Columbia,State,7,407,Slash pine / hardwood,2,0.4447896866408976,0.0,0.0,0.0,7
TM67532_Hamilton_O4,67532,718604871290487,Hamilton,Corporate/Other Private,4,407,Slash pine / hardwood,21,4.670291709729424,0.0,0.0,0.0,7
TM67532_Union_O4,67532,718604871290487,Union,Corporate/Other Private,4,407,Slash pine / hardwood,28,6.227055612972566,0.0,0.0,0.0,7
TM67530_Suwannee_O7,67530,718604867290487,Suwannee,State,7,141,Longleaf pine,15,3.335922649806732,0.0,0.0,0.0,80
TM67530_Suwannee_O8,67530,718604867290487,Suwannee,Local,8,141,Longleaf pine,16,3.5583174931271806,0.0,0.0,0.0,80
TM67532_Baker_O6,67532,718604871290487,Baker,Federal,6,407,Slash pine / hardwood,1,0.2223948433204488,0.0,0.0,0.0,7
TM67532_Baker_O7,67532,718604871290487,Baker,State,7,407,Slash pine / hardwood,3,0.6671845299613464,0.0,0.0,0.0,7
TM67532_Baker_O8,67532,718604871290487,Baker,Local,8,407,Slash pine / hardwood,6,1.3343690599226927,0.0,0.0,0.0,7
TM67535_Suwannee_O7,67535,718604877290487,Suwannee,State,7,608,Sweetbay / swamp tupelo / red maple,2,0.4447896866408976,0.0,0.0,0.0,81
TM13447_Baker_O8,13447,43855332020004,Baker,Local,8,142,Slash pine,324,72.0559292358254,0.0,0.0,0.0,30
TM67536_Baker_O4,67536,718604879290487,Baker,Corporate/Other Private,4,608,Sweetbay / swamp tupelo / red maple,10,2.223948433204488,0.0,0.0,0.0,51
TM67536_Columbia_O3,67536,718604879290487,Columbia,Family Forest,3,608,Sweetbay / swamp tupelo / red maple,9,2.001553589884039,0.0,0.0,0.0,51
TM67536_Columbia_O4,67536,718604879290487,Columbia,Corporate/Other Private,4,608,Sweetbay / swamp tupelo / red maple,1,0.2223948433204488,0.0,0.0,0.0,51
TM67536_Columbia_O8,67536,718604879290487,Columbia,Local,8,608,Sweetbay / swamp tupelo / red maple,1,0.2223948433204488,0.0,0.0,0.0,51
TM67535_Hamilton_O7,67535,718604877290487,Hamilton,State,7,608,Sweetbay / swamp tupelo / red maple,2,0.4447896866408976,0.0,0.0,0.0,81
TM13436_Baker_O4,13436,43855099020004,Baker,Corporate/Other Private,4,520,Mixed upland hardwoods,11,2.446343276524937,0.0,0.0,0.0,78
TM13436_Baker_O8,13436,43855099020004,Baker,Local,8,520,Mixed upland hardwoods,3,0.6671845299613464,0.0,0.0,0.0,78
TM13436_Columbia_O6,13436,43855099020004,Columbia,Federal,6,520,Mixed upland hardwoods,8,1.7791587465635903,0.0,0.0,0.0,78
TM13436_Hamilton_O3,13436,43855099020004,Hamilton,Family Forest,3,520,Mixed upland hardwoods,4,0.8895793732817951,0.0,0.0,0.0,78
TM13435_Columbia_O8,13435,43855081020004,Columbia,Local,8,142,Slash pine,1757,390.7477397140285,0.0,0.0,0.0,13
TM13435_Hamilton_O6,13435,43855081020004,Hamilton,Federal,6,142,Slash pine,4,0.8895793732817951,0.0,0.0,0.0,13
TM13435_Suwannee_O8,13435,43855081020004,Suwannee,Local,8,142,Slash pine,13,2.891132963165834,0.0,0.0,0.0,13
TM13446_Baker_O3,13446,43855325020004,Baker,Family Forest,3,142,Slash pine,15,3.335922649806732,0.0,0.0,0.0,35
TM67535_Union_O4,67535,718604877290487,Union,Corporate/Other Private,4,608,Sweetbay / swamp tupelo / red maple,168,37.362333677835394,0.0,0.0,0.0,81
TM67538_Baker_O7,67538,718604885290487,Baker,State,7,142,Slash pine,2,0.4447896866408976,0.0,0.0,0.0,35
TM13422_Suwannee_O3,13422,43854450020004,Suwannee,Family Forest,3,142,Slash pine,114,25.353012138531163,0.0,0.0,0.0,24
TM36962_Baker_O8,36962,289516223489998,Baker,Local,8,520,Mixed upland hardwoods,18,4.003107179768078,0.0,0.0,0.0,72
TM13429_Hamilton_O3,13429,43854857020004,Hamilton,Family Forest,3,142,Slash pine,165,36.69514914787405,0.0,0.0,0.0,23
TM13431_Hamilton_O3,13431,43854884020004,Hamilton,Family Forest,3,608,Sweetbay / swamp tupelo / red maple,13,2.891132963165834,0.0,0.0,0.0,63
TM13431_Hamilton_O4,13431,43854884020004,Hamilton,Corporate/Other Private,4,608,Sweetbay / swamp tupelo / red maple,6,1.3343690599226927,0.0,0.0,0.0,63
TM13431_Suwannee_O4,13431,43854884020004,Suwannee,Corporate/Other Private,4,608,Sweetbay / swamp tupelo / red maple,2,0.4447896866408976,0.0,0.0,0.0,63
TM13275_Hamilton_O8,13275,43441517010478,Hamilton,Local,8,142,Slash pine,6,1.3343690599226927,0.0,0.0,0.0,69
TM13275_Suwannee_O3,13275,43441517010478,Suwannee,Family Forest,3,142,Slash pine,63,14.010875129188273,0.0,0.0,0.0,69
TM13275_Suwannee_O4,13275,43441517010478,Suwannee,Corporate/Other Private,4,142,Slash pine,4,0.8895793732817951,0.0,0.0,0.0,69
TM13275_Suwannee_O6,13275,43441517010478,Suwannee,Federal,6,142,Slash pine,1,0.2223948433204488,0.0,0.0,0.0,69
TM13419_Hamilton_O3,13419,43854353020004,Hamilton,Family Forest,3,520,Mixed upland hardwoods,1,0.2223948433204488,0.0,0.0,0.0,5
TM13432_Columbia_O8,13432,43854936020004,Columbia,Local,8,508,Sweetgum / yellow-poplar,23,5.115081396370322,0.0,0.0,0.0,81
TM13422_Columbia_O8,13422,43854450020004,Columbia,Local,8,142,Slash pine,2,0.4447896866408976,0.0,0.0,0.0,24
TM13275_Hamilton_O4,13275,43441517010478,Hamilton,Corporate/Other Private,4,142,Slash pine,134,29.800909004940138,0.0,0.0,0.0,69
TM13437_Baker_O8,13437,43855124020004,Baker,Local,8,142,Slash pine,1,0.2223948433204488,0.0,0.0,0.0,39
TM13437_Columbia_O3,13437,43855124020004,Columbia,Family Forest,3,142,Slash pine,15,3.335922649806732,0.0,0.0,0.0,39
TM13437_Columbia_O8,13437,43855124020004,Columbia,Local,8,142,Slash pine,1,0.2223948433204488,0.0,0.0,0.0,39
TM13437_Hamilton_O3,13437,43855124020004,Hamilton,Family Forest,3,142,Slash pine,1,0.2223948433204488,0.0,0.0,0.0,39
TM13437_Suwannee_O3,13437,43855124020004,Suwannee,Family Forest,3,142,Slash pine,21,4.670291709729424,0.0,0.0,0.0,39
TM13437_Suwannee_O4,13437,43855124020004,Suwannee,Corporate/Other Private,4,142,Slash pine,4,0.8895793732817951,0.0,0.0,0.0,39
TM13437_Union_O3,13437,43855124020004,Union,Family Forest,3,142,Slash pine,2,0.4447896866408976,0.0,0.0,0.0,39
TM13439_Columbia_O3,13439,43855199020004,Columbia,Family Forest,3,161,Loblolly pine,1,0.2223948433204488,0.0,0.0,0.0,45
TM13436_Suwannee_O4,13436,43855099020004,Suwannee,Corporate/Other Private,4,520,Mixed upland hardwoods,234,52.04039333698502,0.0,0.0,0.0,78
TM13436_Suwannee_O8,13436,43855099020004,Suwannee,Local,8,520,Mixed upland hardwoods,8,1.7791587465635903,0.0,0.0,0.0,78
TM13437_Baker_O3,13437,43855124020004,Baker,Family Forest,3,142,Slash pine,6,1.3343690599226927,0.0,0.0,0.0,39
TM13419_Hamilton_O4,13419,43854353020004,Hamilton,Corporate/Other Private,4,520,Mixed upland hardwoods,2,0.4447896866408976,0.0,0.0,0.0,5
TM13432_Hamilton_O4,13432,43854936020004,Hamilton,Corporate/Other Private,4,508,Sweetgum / yellow-poplar,5,1.111974216602244,0.0,0.0,0.0,81
TM13432_Hamilton_O6,13432,43854936020004,Hamilton,Federal,6,508,Sweetgum / yellow-poplar,1,0.2223948433204488,0.0,0.0,0.0,81
TM67539_Baker_O7,67539,718604888290487,Baker,State,7,142,Slash pine,4,0.8895793732817951,0.0,0.0,0.0,80
TM67539_Columbia_O4,67539,718604888290487,Columbia,Corporate/Other Private,4,142,Slash pine,117,26.02019666849251,0.0,0.0,0.0,80
TM67539_Hamilton_O3,67539,718604888290487,Hamilton,Family Forest,3,142,Slash pine,1,0.2223948433204488,0.0,0.0,0.0,80
TM67539_Hamilton_O4,67539,718604888290487,Hamilton,Corporate/Other Private,4,142,Slash pine,36,8.006214359536155,0.0,0.0,0.0,80
TM67539_Union_O3,67539,718604888290487,Union,Family Forest,3,142,Slash pine,16,3.5583174931271806,0.0,0.0,0.0,80
TM67538_Suwannee_O4,67538,718604885290487,Suwannee,Corporate/Other Private,4,142,Slash pine,10,2.223948433204488,0.0,0.0,0.0,35
TM67538_Suwannee_O7,67538,718604885290487,Suwannee,State,7,142,Slash pine,5,1.111974216602244,0.0,0.0,0.0,35
TM67538_Union_O7,67538,718604885290487,Union,State,7,142,Slash pine,123,27.3545657284152,0.0,0.0,0.0,35
TM67539_Baker_O6,67539,718604888290487,Baker,Federal,6,142,Slash pine,635,141.22072550848497,0.0,0.0,0.0,80
TM68819_Hamilton_O7,68819,740826397290487,Hamilton,State,7,602,Sweetgum / Nuttall oak / willow oak,1,0.2223948433204488,0.0,0.0,0.0,70
TM67538_Baker_O6,67538,718604885290487,Baker,Federal,6,142,Slash pine,4,0.8895793732817951,0.0,0.0,0.0,35
TM68819_Suwannee_O4,68819,740826397290487,Suwannee,Corporate/Other Private,4,602,Sweetgum / Nuttall oak / willow oak,43,9.562978262779298,0.0,0.0,0.0,70
TM68819_Union_O3,68819,740826397290487,Union,Family Forest,3,602,Sweetgum / Nuttall oak / willow oak,14,3.113527806486283,0.0,0.0,0.0,70
TM13275_Hamilton_O6,13275,43441517010478,Hamilton,Federal,6,142,Slash pine,7,1.5567639032431415,0.0,0.0,0.0,69
TM68819_Baker_O7,68819,740826397290487,Baker,State,7,602,Sweetgum / Nuttall oak / willow oak,3,0.6671845299613464,0.0,0.0,0.0,70
TM36962_Union_O8,36962,289516223489998,Union,Local,8,520,Mixed upland hardwoods,4,0.8895793732817951,0.0,0.0,0.0,72
TM36962_Columbia_O7,36962,289516223489998,Columbia,State,7,520,Mixed upland hardwoods,62,13.788480285867825,0.0,0.0,0.0,72
TM36961_Union_O7,36961,289516222489998,Union,State,7,161,Loblolly pine,8,1.7791587465635903,0.0,0.0,0.0,36
TM36962_Baker_O7,36962,289516223489998,Baker,State,7,520,Mixed upland hardwoods,1,0.2223948433204488,0.0,0.0,0.0,72
TM67536_Union_O4,67536,718604879290487,Union,Corporate/Other Private,4,608,Sweetbay / swamp tupelo / red maple,30,6.671845299613464,0.0,0.0,0.0,51
TM67538_Suwannee_O3,67538,718604885290487,Suwannee,Family Forest,3,142,Slash pine,167,37.13993883451495,0.0,0.0,0.0,35
TM67537_Suwannee_O8,67537,718604880290487,Suwannee,Local,8,166,Pond pine,11,2.446343276524937,0.0,0.0,0.0,12
TM67537_Union_O3,67537,718604880290487,Union,Family Forest,3,166,Pond pine,5,1.111974216602244,0.0,0.0,0.0,12
TM67537_Union_O4,67537,718604880290487,Union,Corporate/Other Private,4,166,Pond pine,2,0.4447896866408976,0.0,0.0,0.0,12
TM68819_Hamilton_O8,68819,740826397290487,Hamilton,Local,8,602,Sweetgum / Nuttall oak / willow oak,7,1.5567639032431415,0.0,0.0,0.0,70
TM67508_Union_O3,67508,718604470290487,Union,Family Forest,3,608,Sweetbay / swamp tupelo / red maple,3,0.6671845299613464,0.0,0.0,0.0,10
TM67508_Union_O7,67508,718604470290487,Union,State,7,608,Sweetbay / swamp tupelo / red maple,1,0.2223948433204488,0.0,0.0,0.0,10
TM67509_Baker_O4,67509,718604473290487,Baker,Corporate/Other Private,4,142,Slash pine,20,4.447896866408976,0.0,0.0,0.0,21
TM67509_Baker_O6,67509,718604473290487,Baker,Federal,6,142,Slash pine,5523,1228.2867196588386,0.0,0.0,0.0,21
TM67509_Columbia_O3,67509,718604473290487,Columbia,Family Forest,3,142,Slash pine,124,27.57696057173565,0.0,0.0,0.0,21
TM67509_Columbia_O4,67509,718604473290487,Columbia,Corporate/Other Private,4,142,Slash pine,41,9.118188576138401,0.0,0.0,0.0,21
TM67523_Hamilton_O4,67523,718604718290487,Hamilton,Corporate/Other Private,4,141,Longleaf pine,45,10.007767949420195,0.0,0.0,0.0,16
TM67523_Hamilton_O7,67523,718604718290487,Hamilton,State,7,141,Longleaf pine,163,36.25035946123315,0.0,0.0,0.0,16
TM67523_Suwannee_O3,67523,718604718290487,Suwannee,Family Forest,3,141,Longleaf pine,1,0.2223948433204488,0.0,0.0,0.0,16
TM67524_Baker_O4,67524,718604753290487,Baker,Corporate/Other Private,4,161,Loblolly pine,1106,245.96869671241635,0.0,0.0,0.0,6
TM67524_Baker_O7,67524,718604753290487,Baker,State,7,161,Loblolly pine,2,0.4447896866408976,0.0,0.0,0.0,6
TM67523_Baker_O4,67523,718604718290487,Baker,Corporate/Other Private,4,141,Longleaf pine,535,118.98124117644011,0.0,0.0,0.0,16
TM16547_Union_O3,16547,61264238010478,Union,Family Forest,3,161,Loblolly pine,203,45.1461531940511,0.0,0.0,0.0,32
TM67523_Baker_O8,67523,718604718290487,Baker,Local,8,141,Longleaf pine,4,0.8895793732817951,0.0,0.0,0.0,16
TM67523_Columbia_O4,67523,718604718290487,Columbia,Corporate/Other Private,4,141,Longleaf pine,72,16.01242871907231,0.0,0.0,0.0,16
TM67523_Columbia_O8,67523,718604718290487,Columbia,Local,8,141,Longleaf pine,313,69.60958595930047,0.0,0.0,0.0,16
TM67513_Union_O7,67513,718604487290487,Union,State,7,142,Slash pine,31,6.894240142933913,0.0,0.0,0.0,8
TM67513_Union_O8,67513,718604487290487,Union,Local,8,142,Slash pine,9,2.001553589884039,0.0,0.0,0.0,8
TM67521_Columbia_O3,67521,718604687290487,Columbia,Family Forest,3,514,Southern scrub oak,5,1.111974216602244,0.0,0.0,0.0,30
TM67521_Union_O4,67521,718604687290487,Union,Corporate/Other Private,4,514,Southern scrub oak,6,1.3343690599226927,0.0,0.0,0.0,30
TM67513_Hamilton_O3,67513,718604487290487,Hamilton,Family Forest,3,142,Slash pine,60,13.343690599226928,0.0,0.0,0.0,8
TM67513_Hamilton_O7,67513,718604487290487,Hamilton,State,7,142,Slash pine,3,0.6671845299613464,0.0,0.0,0.0,8
TM67513_Hamilton_O8,67513,718604487290487,Hamilton,Local,8,142,Slash pine,2,0.4447896866408976,0.0,0.0,0.0,8
TM67513_Suwannee_O4,67513,718604487290487,Suwannee,Corporate/Other Private,4,142,Slash pine,632,140.55354097852364,0.0,0.0,0.0,8
TM67513_Suwannee_O7,67513,718604487290487,Suwannee,State,7,142,Slash pine,6,1.3343690599226927,0.0,0.0,0.0,8
TM67513_Suwannee_O8,67513,718604487290487,Suwannee,Local,8,142,Slash pine,230,51.15081396370322,0.0,0.0,0.0,8
TM67523_Baker_O6,67523,718604718290487,Baker,Federal,6,141,Longleaf pine,68,15.122849345790517,0.0,0.0,0.0,16
TM67511_Baker_O8,67511,718604485290487,Baker,Local,8,161,Loblolly pine,242,53.81955208354861,0.0,0.0,0.0,17
TM67512_Baker_O4,67512,718604486290487,Baker,Corporate/Other Private,4,142,Slash pine,2261,502.8347407475347,0.0,0.0,0.0,20
TM67512_Baker_O7,67512,718604486290487,Baker,State,7,142,Slash pine,22,4.892686553049874,0.0,0.0,0.0,20
TM16547_Columbia_O4,16547,61264238010478,Columbia,Corporate/Other Private,4,161,Loblolly pine,33,7.33902982957481,0.0,0.0,0.0,32
TM16547_Columbia_O7,16547,61264238010478,Columbia,State,7,161,Loblolly pine,1,0.2223948433204488,0.0,0.0,0.0,32
TM13447_Union_O8,13447,43855332020004,Union,Local,8,142,Slash pine,3,0.6671845299613464,0.0,0.0,0.0,30
TM14309_Columbia_O3,14309,46158741020004,Columbia,Family Forest,3,995,Other exotic hardwoods,1,0.2223948433204488,0.0,0.0,0.0,9
TM16564_Hamilton_O3,16564,61354193010478,Hamilton,Family Forest,3,161,Loblolly pine,58,12.89890091258603,0.0,0.0,0.0,24
TM16564_Hamilton_O4,16564,61354193010478,Hamilton,Corporate/Other Private,4,161,Loblolly pine,14,3.113527806486283,0.0,0.0,0.0,24
TM16564_Suwannee_O3,16564,61354193010478,Suwannee,Family Forest,3,161,Loblolly pine,33,7.33902982957481,0.0,0.0,0.0,24
TM16564_Suwannee_O4,16564,61354193010478,Suwannee,Corporate/Other Private,4,161,Loblolly pine,3,0.6671845299613464,0.0,0.0,0.0,24
TM16567_Baker_O3,16567,61359910010478,Baker,Family Forest,3,142,Slash pine,84,18.681166838917697,0.0,0.0,0.0,20
TM67510_Columbia_O6,67510,718604478290487,Columbia,Federal,6,142,Slash pine,1,0.2223948433204488,0.0,0.0,0.0,86
TM16567_Baker_O8,16567,61359910010478,Baker,Local,8,142,Slash pine,1,0.2223948433204488,0.0,0.0,0.0,20
TM16567_Columbia_O3,16567,61359910010478,Columbia,Family Forest,3,142,Slash pine,1,0.2223948433204488,0.0,0.0,0.0,20
TM16562_Columbia_O4,16562,61339349010478,Columbia,Corporate/Other Private,4,406,Loblolly pine / hardwood,3,0.6671845299613464,0.0,0.0,0.0,22
TM16562_Hamilton_O3,16562,61339349010478,Hamilton,Family Forest,3,406,Loblolly pine / hardwood,17,3.780712336447629,0.0,0.0,0.0,22
TM16562_Suwannee_O3,16562,61339349010478,Suwannee,Family Forest,3,406,Loblolly pine / hardwood,13,2.891132963165834,0.0,0.0,0.0,22
TM16562_Suwannee_O4,16562,61339349010478,Suwannee,Corporate/Other Private,4,406,Loblolly pine / hardwood,7,1.5567639032431415,0.0,0.0,0.0,22
TM16562_Union_O3,16562,61339349010478,Union,Family Forest,3,406,Loblolly pine / hardwood,2,0.4447896866408976,0.0,0.0,0.0,22
TM16564_Columbia_O4,16564,61354193010478,Columbia,Corporate/Other Private,4,161,Loblolly pine,4,0.8895793732817951,0.0,0.0,0.0,24
TM67512_Union_O8,67512,718604486290487,Union,Local,8,142,Slash pine,2,0.4447896866408976,0.0,0.0,0.0,20
TM67509_Columbia_O8,67509,718604473290487,Columbia,Local,8,142,Slash pine,5,1.111974216602244,0.0,0.0,0.0,21
TM67509_Hamilton_O3,67509,718604473290487,Hamilton,Family Forest,3,142,Slash pine,16,3.5583174931271806,0.0,0.0,0.0,21
TM67509_Hamilton_O4,67509,718604473290487,Hamilton,Corporate/Other Private,4,142,Slash pine,22,4.892686553049874,0.0,0.0,0.0,21
TM67509_Hamilton_O7,67509,718604473290487,Hamilton,State,7,142,Slash pine,58,12.89890091258603,0.0,0.0,0.0,21
TM16567_Baker_O4,16567,61359910010478,Baker,Corporate/Other Private,4,142,Slash pine,94,20.905115272122185,0.0,0.0,0.0,20
TM67533_Suwannee_O3,67533,718604872290487,Suwannee,Family Forest,3,609,Baldcypress / pondcypress,2,0.4447896866408976,0.0,0.0,0.0,55
TM67533_Union_O3,67533,718604872290487,Union,Family Forest,3,609,Baldcypress / pondcypress,6,1.3343690599226927,0.0,0.0,0.0,55
TM67534_Baker_O3,67534,718604873290487,Baker,Family Forest,3,514,Southern scrub oak,32,7.116634986254361,0.0,0.0,0.0,38
TM67532_Union_O7,67532,718604871290487,Union,State,7,407,Slash pine / hardwood,11,2.446343276524937,0.0,0.0,0.0,7
TM67532_Union_O8,67532,718604871290487,Union,Local,8,407,Slash pine / hardwood,2,0.4447896866408976,0.0,0.0,0.0,7
TM67533_Baker_O6,67533,718604872290487,Baker,Federal,6,609,Baldcypress / pondcypress,3,0.6671845299613464,0.0,0.0,0.0,55
TM67533_Baker_O7,67533,718604872290487,Baker,State,7,609,Baldcypress / pondcypress,3,0.6671845299613464,0.0,0.0,0.0,55
TM67533_Baker_O8,67533,718604872290487,Baker,Local,8,609,Baldcypress / pondcypress,15,3.335922649806732,0.0,0.0,0.0,55
TM13445_Union_O4,13445,43855313020004,Union,Corporate/Other Private,4,142,Slash pine,44,9.785373106099748,0.0,0.0,0.0,16
TM13445_Baker_O7,13445,43855313020004,Baker,State,7,142,Slash pine,3,0.6671845299613464,0.0,0.0,0.0,16
TM13445_Baker_O8,13445,43855313020004,Baker,Local,8,142,Slash pine,1,0.2223948433204488,0.0,0.0,0.0,16
TM13445_Columbia_O6,13445,43855313020004,Columbia,Federal,6,142,Slash pine,45,10.007767949420195,0.0,0.0,0.0,16
TM67527_Union_O4,67527,718604764290487,Union,Corporate/Other Private,4,141,Longleaf pine,8,1.7791587465635903,0.0,0.0,0.0,20
TM13439_Union_O3,13439,43855199020004,Union,Family Forest,3,161,Loblolly pine,1,0.2223948433204488,0.0,0.0,0.0,45
TM13439_Union_O4,13439,43855199020004,Union,Corporate/Other Private,4,161,Loblolly pine,1,0.2223948433204488,0.0,0.0,0.0,45
TM13443_Columbia_O3,13443,43855291020004,Columbia,Family Forest,3,609,Baldcypress / pondcypress,1,0.2223948433204488,0.0,0.0,0.0,76
TM13443_Columbia_O4,13443,43855291020004,Columbia,Corporate/Other Private,4,609,Baldcypress / pondcypress,1,0.2223948433204488,0.0,0.0,0.0,76
TM13443_Union_O3,13443,43855291020004,Union,Family Forest,3,609,Baldcypress / pondcypress,3,0.6671845299613464,0.0,0.0,0.0,76
TM16549_Baker_O4,16549,61280243010478,Baker,Corporate/Other Private,4,501,Post oak / blackjack oak,401,89.18033217149997,0.0,0.0,0.0,31
TM16549_Baker_O6,16549,61280243010478,Baker,Federal,6,501,Post oak / blackjack oak,2,0.4447896866408976,0.0,0.0,0.0,31
TM16549_Baker_O7,16549,61280243010478,Baker,State,7,501,Post oak / blackjack oak,1,0.2223948433204488,0.0,0.0,0.0,31
TM16549_Baker_O8,16549,61280243010478,Baker,Local,8,501,Post oak / blackjack oak,79,17.569192622315455,0.0,0.0,0.0,31
TM16549_Columbia_O6,16549,61280243010478,Columbia,Federal,6,501,Post oak / blackjack oak,48,10.674952479381542,0.0,0.0,0.0,31
TM16549_Columbia_O7,16549,61280243010478,Columbia,State,7,501,Post oak / blackjack oak,3,0.6671845299613464,0.0,0.0,0.0,31
TM16547_Hamilton_O7,16547,61264238010478,Hamilton,State,7,161,Loblolly pine,5,1.111974216602244,0.0,0.0,0.0,32
TM16547_Hamilton_O8,16547,61264238010478,Hamilton,Local,8,161,Loblolly pine,1,0.2223948433204488,0.0,0.0,0.0,32
TM13445_Columbia_O8,13445,43855313020004,Columbia,Local,8,142,Slash pine,77,17.124402935674556,0.0,0.0,0.0,16
TM67530_Columbia_O3,67530,718604867290487,Columbia,Family Forest,3,141,Longleaf pine,2846,632.9357240899973,0.0,0.0,0.0,80
TM67530_Columbia_O7,67530,718604867290487,Columbia,State,7,141,Longleaf pine,29,6.449450456293015,0.0,0.0,0.0,80
TM67530_Columbia_O8,67530,718604867290487,Columbia,Local,8,141,Longleaf pine,44,9.785373106099748,0.0,0.0,0.0,80
TM67530_Suwannee_O4,67530,718604867290487,Suwannee,Corporate/Other Private,4,141,Longleaf pine,1042,231.73542673990764,0.0,0.0,0.0,80
TM67530_Suwannee_O6,67530,718604867290487,Suwannee,Federal,6,141,Longleaf pine,1,0.2223948433204488,0.0,0.0,0.0,80
TM67527_Columbia_O4,67527,718604764290487,Columbia,Corporate/Other Private,4,141,Longleaf pine,193,42.92220476084662,0.0,0.0,0.0,20
TM67527_Columbia_O6,67527,718604764290487,Columbia,Federal,6,141,Longleaf pine,1,0.2223948433204488,0.0,0.0,0.0,20
TM67527_Columbia_O7,67527,718604764290487,Columbia,State,7,141,Longleaf pine,13,2.891132963165834,0.0,0.0,0.0,20
TM67527_Columbia_O8,67527,718604764290487,Columbia,Local,8,141,Longleaf pine,5,1.111974216602244,0.0,0.0,0.0,20
TM67527_Suwannee_O3,67527,718604764290487,Suwannee,Family Forest,3,141,Longleaf pine,1523,338.7073463770435,0.0,0.0,0.0,20
TM67527_Suwannee_O4,67527,718604764290487,Suwannee,Corporate/Other Private,4,141,Longleaf pine,185,41.14304601428302,0.0,0.0,0.0,20
TM67527_Suwannee_O8,67527,718604764290487,Suwannee,Local,8,141,Longleaf pine,6,1.3343690599226927,0.0,0.0,0.0,20
TM67525_Baker_O3,67525,718604757290487,Baker,Family Forest,3,141,Longleaf pine,17,3.780712336447629,0.0,0.0,0.0,21
TM67533_Columbia_O8,67533,718604872290487,Columbia,Local,8,609,Baldcypress / pondcypress,103,22.906668862006224,0.0,0.0,0.0,55
TM67525_Columbia_O6,67525,718604757290487,Columbia,Federal,6,141,Longleaf pine,50,11.119742166022439,0.0,0.0,0.0,21
TM67526_Columbia_O4,67526,718604760290487,Columbia,Corporate/Other Private,4,141,Longleaf pine,3,0.6671845299613464,0.0,0.0,0.0,79
TM67526_Hamilton_O3,67526,718604760290487,Hamilton,Family Forest,3,141,Longleaf pine,27,6.0046607696521175,0.0,0.0,0.0,79
TM67526_Suwannee_O3,67526,718604760290487,Suwannee,Family Forest,3,141,Longleaf pine,2,0.4447896866408976,0.0,0.0,0.0,79
TM67526_Suwannee_O4,67526,718604760290487,Suwannee,Corporate/Other Private,4,141,Longleaf pine,49,10.897347322701991,0.0,0.0,0.0,79
TM67524_Columbia_O4,67524,718604753290487,Columbia,Corporate/Other Private,4,161,Loblolly pine,824,183.2533508960498,0.0,0.0,0.0,6
TM67524_Columbia_O7,67524,718604753290487,Columbia,State,7,161,Loblolly pine,19,4.225502023088527,0.0,0.0,0.0,6
TM67524_Columbia_O8,67524,718604753290487,Columbia,Local,8,161,Loblolly pine,232,51.59560365034412,0.0,0.0,0.0,6
TM67524_Hamilton_O3,67524,718604753290487,Hamilton,Family Forest,3,161,Loblolly pine,69,15.345244189110966,0.0,0.0,0.0,6
TM67524_Hamilton_O7,67524,718604753290487,Hamilton,State,7,161,Loblolly pine,2,0.4447896866408976,0.0,0.0,0.0,6
TM67524_Union_O3,67524,718604753290487,Union,Family Forest,3,161,Loblolly pine,22,4.892686553049874,0.0,0.0,0.0,6
TM67533_Columbia_O6,67533,718604872290487,Columbia,Federal,6,609,Baldcypress / pondcypress,104,23.129063705326672,0.0,0.0,0.0,55
TM67533_Columbia_O7,67533,718604872290487,Columbia,State,7,609,Baldcypress / pondcypress,1,0.2223948433204488,0.0,0.0,0.0,55
TM67525_Columbia_O4,67525,718604757290487,Columbia,Corporate/Other Private,4,141,Longleaf pine,27,6.0046607696521175,0.0,0.0,0.0,21
TM24488_Union_O4,24488,176859781010854,Union,Corporate/Other Private,4,142,Slash pine,14,3.113527806486283,0.0,0.0,0.0,25
TM24489_Columbia_O3,24489,176859785010854,Columbia,Family Forest,3,508,Sweetgum / yellow-poplar,3,0.6671845299613464,0.0,0.0,0.0,86
TM24489_Suwannee_O3,24489,176859785010854,Suwannee,Family Forest,3,508,Sweetgum / yellow-poplar,4,0.8895793732817951,0.0,0.0,0.0,86
TM24490_Baker_O4,24490,176859834010854,Baker,Corporate/Other Private,4,608,Sweetbay / swamp tupelo / red maple,3,0.6671845299613464,0.0,0.0,0.0,107
TM24496_Baker_O3,24496,176860041010854,Baker,Family Forest,3,608,Sweetbay / swamp tupelo / red maple,4,0.8895793732817951,0.0,0.0,0.0,15
TM24496_Baker_O4,24496,176860041010854,Baker,Corporate/Other Private,4,608,Sweetbay / swamp tupelo / red maple,3,0.6671845299613464,0.0,0.0,0.0,15
TM24498_Columbia_O3,24498,176860080010854,Columbia,Family Forest,3,406,Loblolly pine / hardwood,1,0.2223948433204488,0.0,0.0,0.0,41
TM24488_Columbia_O6,24488,176859781010854,Columbia,Federal,6,142,Slash pine,1,0.2223948433204488,0.0,0.0,0.0,25
TM24488_Columbia_O7,24488,176859781010854,Columbia,State,7,142,Slash pine,2,0.4447896866408976,0.0,0.0,0.0,25
TM24488_Columbia_O8,24488,176859781010854,Columbia,Local,8,142,Slash pine,130,28.911329631658344,0.0,0.0,0.0,25
TM24488_Suwannee_O3,24488,176859781010854,Suwannee,Family Forest,3,142,Slash pine,2330,518.1799849366457,0.0,0.0,0.0,25
TM24488_Suwannee_O4,24488,176859781010854,Suwannee,Corporate/Other Private,4,142,Slash pine,547,121.64997929628548,0.0,0.0,0.0,25
TM21270_Columbia_O3,21270,140593174010478,Columbia,Family Forest,3,983,Palms,4,0.8895793732817951,0.0,0.0,0.0,115
TM24488_Suwannee_O8,24488,176859781010854,Suwannee,Local,8,142,Slash pine,2,0.4447896866408976,0.0,0.0,0.0,25
TM67273_Hamilton_O3,67273,718562334290487,Hamilton,Family Forest,3,609,Baldcypress / pondcypress,7,1.5567639032431415,0.0,0.0,0.0,65
TM67273_Hamilton_O4,67273,718562334290487,Hamilton,Corporate/Other Private,4,609,Baldcypress / pondcypress,6,1.3343690599226927,0.0,0.0,0.0,65
TM67275_Columbia_O3,67275,718562342290487,Columbia,Family Forest,3,142,Slash pine,256,56.93307989003489,0.0,0.0,0.0,70
TM67275_Columbia_O4,67275,718562342290487,Columbia,Corporate/Other Private,4,142,Slash pine,33,7.33902982957481,0.0,0.0,0.0,70
TM67275_Columbia_O6,67275,718562342290487,Columbia,Federal,6,142,Slash pine,80,17.791587465635903,0.0,0.0,0.0,70
TM67275_Columbia_O8,67275,718562342290487,Columbia,Local,8,142,Slash pine,47,10.452557636061092,0.0,0.0,0.0,70
TM67266_Suwannee_O3,67266,718562312290487,Suwannee,Family Forest,3,608,Sweetbay / swamp tupelo / red maple,21,4.670291709729424,0.0,0.0,0.0,13
TM67266_Suwannee_O4,67266,718562312290487,Suwannee,Corporate/Other Private,4,608,Sweetbay / swamp tupelo / red maple,3,0.6671845299613464,0.0,0.0,0.0,13
TM67266_Union_O3,67266,718562312290487,Union,Family Forest,3,608,Sweetbay / swamp tupelo / red maple,1,0.2223948433204488,0.0,0.0,0.0,13
TM67271_Baker_O3,67271,718562326290487,Baker,Family Forest,3,142,Slash pine,8,1.7791587465635903,0.0,0.0,0.0,9
TM67271_Baker_O6,67271,718562326290487,Baker,Federal,6,142,Slash pine,9,2.001553589884039,0.0,0.0,0.0,9
TM67271_Columbia_O4,67271,718562326290487,Columbia,Corporate/Other Private,4,142,Slash pine,2,0.4447896866408976,0.0,0.0,0.0,9
TM24488_Suwannee_O7,24488,176859781010854,Suwannee,State,7,142,Slash pine,284,63.16013550300745,0.0,0.0,0.0,25
TM67238_Hamilton_O8,67238,718562171290487,Hamilton,Local,8,602,Sweetgum / Nuttall oak / willow oak,18,4.003107179768078,0.0,0.0,0.0,103
TM67238_Suwannee_O4,67238,718562171290487,Suwannee,Corporate/Other Private,4,602,Sweetgum / Nuttall oak / willow oak,310,68.94240142933913,0.0,0.0,0.0,103
TM67238_Suwannee_O7,67238,718562171290487,Suwannee,State,7,602,Sweetgum / Nuttall oak / willow oak,25,5.5598710830112195,0.0,0.0,0.0,103
TM67237_Hamilton_O7,67237,718562170290487,Hamilton,State,7,142,Slash pine,2,0.4447896866408976,0.0,0.0,0.0,16
TM67238_Baker_O3,67238,718562171290487,Baker,Family Forest,3,602,Sweetgum / Nuttall oak / willow oak,5,1.111974216602244,0.0,0.0,0.0,103
TM67238_Baker_O4,67238,718562171290487,Baker,Corporate/Other Private,4,602,Sweetgum / Nuttall oak / willow oak,13,2.891132963165834,0.0,0.0,0.0,103
TM67238_Baker_O8,67238,718562171290487,Baker,Local,8,602,Sweetgum / Nuttall oak / willow oak,1,0.2223948433204488,0.0,0.0,0.0,103
TM67276_Hamilton_O4,67276,718562346290487,Hamilton,Corporate/Other Private,4,608,Sweetbay / swamp tupelo / red maple,360,80.06214359536156,0.0,0.0,0.0,61
TM67277_Baker_O4,67277,718562357290487,Baker,Corporate/Other Private,4,141,Longleaf pine,104,23.129063705326672,0.0,0.0,0.0,77
TM67277_Baker_O8,67277,718562357290487,Baker,Local,8,141,Longleaf pine,54,12.009321539304235,0.0,0.0,0.0,77
TM67277_Columbia_O6,67277,718562357290487,Columbia,Federal,6,141,Longleaf pine,39,8.673398889497502,0.0,0.0,0.0,77
TM67277_Columbia_O8,67277,718562357290487,Columbia,Local,8,141,Longleaf pine,107,23.79624823528802,0.0,0.0,0.0,77
TM24307_Hamilton_O8,24307,176548654010854,Hamilton,Local,8,142,Slash pine,1,0.2223948433204488,0.0,0.0,0.0,24
TM67275_Suwannee_O3,67275,718562342290487,Suwannee,Family Forest,3,142,Slash pine,5,1.111974216602244,0.0,0.0,0.0,70
TM67275_Suwannee_O4,67275,718562342290487,Suwannee,Corporate/Other Private,4,142,Slash pine,1,0.2223948433204488,0.0,0.0,0.0,70
TM67276_Columbia_O3,67276,718562346290487,Columbia,Family Forest,3,608,Sweetbay / swamp tupelo / red maple,242,53.81955208354861,0.0,0.0,0.0,61
TM67276_Columbia_O4,67276,718562346290487,Columbia,Corporate/Other Private,4,608,Sweetbay / swamp tupelo / red maple,90,20.01553589884039,0.0,0.0,0.0,61
TM67276_Columbia_O6,67276,718562346290487,Columbia,Federal,6,608,Sweetbay / swamp tupelo / red maple,138,30.690488378221932,0.0,0.0,0.0,61
TM67276_Columbia_O8,67276,718562346290487,Columbia,Local,8,608,Sweetbay / swamp tupelo / red maple,28,6.227055612972566,0.0,0.0,0.0,61
TM24316_Columbia_O6,24316,176548896010854,Columbia,Federal,6,607,Baldcypress / water tupelo,1045,232.40261126986897,0.0,0.0,0.0,135
TM24316_Columbia_O7,24316,176548896010854,Columbia,State,7,607,Baldcypress / water tupelo,9,2.001553589884039,0.0,0.0,0.0,135
TM24316_Hamilton_O6,24316,176548896010854,Hamilton,Federal,6,607,Baldcypress / water tupelo,9,2.001553589884039,0.0,0.0,0.0,135
TM24304_Hamilton_O7,24304,176548620010854,Hamilton,State,7,161,Loblolly pine,3,0.6671845299613464,0.0,0.0,0.0,41
TM24304_Hamilton_O8,24304,176548620010854,Hamilton,Local,8,161,Loblolly pine,15,3.335922649806732,0.0,0.0,0.0,41
TM24307_Hamilton_O3,24307,176548654010854,Hamilton,Family Forest,3,142,Slash pine,606,134.77127505219195,0.0,0.0,0.0,24
TM24307_Hamilton_O4,24307,176548654010854,Hamilton,Corporate/Other Private,4,142,Slash pine,269,59.82421285320073,0.0,0.0,0.0,24
TM67275_Hamilton_O8,67275,718562342290487,Hamilton,Local,8,142,Slash pine,1,0.2223948433204488,0.0,0.0,0.0,70
TM67304_Columbia_O8,67304,718603520290487,Columbia,Local,8,520,Mixed upland hardwoods,28,6.227055612972566,0.0,0.0,0.0,59
TM67304_Hamilton_O3,67304,718603520290487,Hamilton,Family Forest,3,520,Mixed upland hardwoods,32,7.116634986254361,0.0,0.0,0.0,59
TM67304_Hamilton_O4,67304,718603520290487,Hamilton,Corporate/Other Private,4,520,Mixed upland hardwoods,88,19.570746212199495,0.0,0.0,0.0,59
TM67304_Suwannee_O3,67304,718603520290487,Suwannee,Family Forest,3,520,Mixed upland hardwoods,735,163.46020984052987,0.0,0.0,0.0,59
TM67304_Suwannee_O4,67304,718603520290487,Suwannee,Corporate/Other Private,4,520,Mixed upland hardwoods,100,22.239484332044878,0.0,0.0,0.0,59
TM67293_Columbia_O4,67293,718603486290487,Columbia,Corporate/Other Private,4,520,Mixed upland hardwoods,1,0.2223948433204488,0.0,0.0,0.0,24
TM67293_Suwannee_O3,67293,718603486290487,Suwannee,Family Forest,3,520,Mixed upland hardwoods,3,0.6671845299613464,0.0,0.0,0.0,24
TM67293_Suwannee_O4,67293,718603486290487,Suwannee,Corporate/Other Private,4,520,Mixed upland hardwoods,21,4.670291709729424,0.0,0.0,0.0,24
TM67293_Union_O3,67293,718603486290487,Union,Family Forest,3,520,Mixed upland hardwoods,2,0.4447896866408976,0.0,0.0,0.0,24
TM67304_Baker_O3,67304,718603520290487,Baker,Family Forest,3,520,Mixed upland hardwoods,9,2.001553589884039,0.0,0.0,0.0,59
TM67304_Baker_O4,67304,718603520290487,Baker,Corporate/Other Private,4,520,Mixed upland hardwoods,2,0.4447896866408976,0.0,0.0,0.0,59
TM67304_Baker_O8,67304,718603520290487,Baker,Local,8,520,Mixed upland hardwoods,2,0.4447896866408976,0.0,0.0,0.0,59
TM67271_Columbia_O6,67271,718562326290487,Columbia,Federal,6,142,Slash pine,59,13.121295755906479,0.0,0.0,0.0,9
TM67284_Suwannee_O8,67284,718603453290487,Suwannee,Local,8,520,Mixed upland hardwoods,1,0.2223948433204488,0.0,0.0,0.0,47
TM67284_Union_O3,67284,718603453290487,Union,Family Forest,3,520,Mixed upland hardwoods,35,7.783819516215708,0.0,0.0,0.0,47
TM67284_Union_O4,67284,718603453290487,Union,Corporate/Other Private,4,520,Mixed upland hardwoods,24,5.337476239690771,0.0,0.0,0.0,47
TM67286_Suwannee_O3,67286,718603459290487,Suwannee,Family Forest,3,602,Sweetgum / Nuttall oak / willow oak,1,0.2223948433204488,0.0,0.0,0.0,72
TM67293_Columbia_O3,67293,718603486290487,Columbia,Family Forest,3,520,Mixed upland hardwoods,1,0.2223948433204488,0.0,0.0,0.0,24
TM67315_Hamilton_O4,67315,718603558290487,Hamilton,Corporate/Other Private,4,608,Sweetbay / swamp tupelo / red maple,17,3.780712336447629,0.0,0.0,0.0,16
TM67315_Suwannee_O3,67315,718603558290487,Suwannee,Family Forest,3,608,Sweetbay / swamp tupelo / red maple,9,2.001553589884039,0.0,0.0,0.0,16
TM67315_Suwannee_O4,67315,718603558290487,Suwannee,Corporate/Other Private,4,608,Sweetbay / swamp tupelo / red maple,1,0.2223948433204488,0.0,0.0,0.0,16
TM67315_Union_O3,67315,718603558290487,Union,Family Forest,3,608,Sweetbay / swamp tupelo / red maple,33,7.33902982957481,0.0,0.0,0.0,16
TM67319_Baker_O3,67319,718603581290487,Baker,Family Forest,3,141,Longleaf pine,1,0.2223948433204488,0.0,0.0,0.0,80
TM67319_Baker_O4,67319,718603581290487,Baker,Corporate/Other Private,4,141,Longleaf pine,1,0.2223948433204488,0.0,0.0,0.0,80
TM67319_Baker_O8,67319,718603581290487,Baker,Local,8,141,Longleaf pine,5,1.111974216602244,0.0,0.0,0.0,80
TM67319_Columbia_O3,67319,718603581290487,Columbia,Family Forest,3,141,Longleaf pine,6,1.3343690599226927,0.0,0.0,0.0,80
TM67284_Suwannee_O4,67284,718603453290487,Suwannee,Corporate/Other Private,4,520,Mixed upland hardwoods,127,28.244145101696997,0.0,0.0,0.0,47
TM67271_Hamilton_O4,67271,718562326290487,Hamilton,Corporate/Other Private,4,142,Slash pine,18,4.003107179768078,0.0,0.0,0.0,9
TM67284_Columbia_O4,67284,718603453290487,Columbia,Corporate/Other Private,4,520,Mixed upland hardwoods,60,13.343690599226928,0.0,0.0,0.0,47
TM67284_Columbia_O6,67284,718603453290487,Columbia,Federal,6,520,Mixed upland hardwoods,3,0.6671845299613464,0.0,0.0,0.0,47
TM67284_Columbia_O8,67284,718603453290487,Columbia,Local,8,520,Mixed upland hardwoods,6,1.3343690599226927,0.0,0.0,0.0,47
TM67284_Hamilton_O3,67284,718603453290487,Hamilton,Family Forest,3,520,Mixed upland hardwoods,186,41.365440857603474,0.0,0.0,0.0,47
TM67284_Hamilton_O4,67284,718603453290487,Hamilton,Corporate/Other Private,4,520,Mixed upland hardwoods,43,9.562978262779298,0.0,0.0,0.0,47
TM67284_Hamilton_O7,67284,718603453290487,Hamilton,State,7,520,Mixed upland hardwoods,3,0.6671845299613464,0.0,0.0,0.0,47
TM67279_Hamilton_O4,67279,718562372290487,Hamilton,Corporate/Other Private,4,142,Slash pine,104,23.129063705326672,0.0,0.0,0.0,42
TM67279_Union_O3,67279,718562372290487,Union,Family Forest,3,142,Slash pine,17,3.780712336447629,0.0,0.0,0.0,42
TM67283_Hamilton_O3,67283,718603452290487,Hamilton,Family Forest,3,161,Loblolly pine,81,18.01398230895635,0.0,0.0,0.0,26
TM67283_Hamilton_O4,67283,718603452290487,Hamilton,Corporate/Other Private,4,161,Loblolly pine,8,1.7791587465635903,0.0,0.0,0.0,26
TM67284_Baker_O4,67284,718603453290487,Baker,Corporate/Other Private,4,520,Mixed upland hardwoods,4,0.8895793732817951,0.0,0.0,0.0,47
TM67304_Columbia_O7,67304,718603520290487,Columbia,State,7,520,Mixed upland hardwoods,1,0.2223948433204488,0.0,0.0,0.0,59
TM67279_Columbia_O4,67279,718562372290487,Columbia,Corporate/Other Private,4,142,Slash pine,683,151.89567798786652,0.0,0.0,0.0,42
TM67279_Columbia_O7,67279,718562372290487,Columbia,State,7,142,Slash pine,8,1.7791587465635903,0.0,0.0,0.0,42
TM67277_Hamilton_O7,67277,718562357290487,Hamilton,State,7,141,Longleaf pine,19,4.225502023088527,0.0,0.0,0.0,77
TM67277_Union_O3,67277,718562357290487,Union,Family Forest,3,141,Longleaf pine,76,16.90200809235411,0.0,0.0,0.0,77
TM67277_Union_O4,67277,718562357290487,Union,Corporate/Other Private,4,141,Longleaf pine,1,0.2223948433204488,0.0,0.0,0.0,77
TM67304_Suwannee_O6,67304,718603520290487,Suwannee,Federal,6,520,Mixed upland hardwoods,1,0.2223948433204488,0.0,0.0,0.0,59
TM67304_Suwannee_O7,67304,718603520290487,Suwannee,State,7,520,Mixed upland hardwoods,1,0.2223948433204488,0.0,0.0,0.0,59
TM67304_Suwannee_O8,67304,718603520290487,Suwannee,Local,8,520,Mixed upland hardwoods,2,0.4447896866408976,0.0,0.0,0.0,59
TM67304_Union_O4,67304,718603520290487,Union,Corporate/Other Private,4,520,Mixed upland hardwoods,2,0.4447896866408976,0.0,0.0,0.0,59
TM67308_Baker_O4,67308,718603540290487,Baker,Corporate/Other Private,4,142,Slash pine,3,0.6671845299613464,0.0,0.0,0.0,77
TM67308_Baker_O6,67308,718603540290487,Baker,Federal,6,142,Slash pine,38,8.451004046177054,0.0,0.0,0.0,77
TM67304_Columbia_O4,67304,718603520290487,Columbia,Corporate/Other Private,4,520,Mixed upland hardwoods,201,44.70136350741021,0.0,0.0,0.0,59
TM67304_Columbia_O6,67304,718603520290487,Columbia,Federal,6,520,Mixed upland hardwoods,1,0.2223948433204488,0.0,0.0,0.0,59
TM67284_Baker_O6,67284,718603453290487,Baker,Federal,6,520,Mixed upland hardwoods,1,0.2223948433204488,0.0,0.0,0.0,47
TM67126_Hamilton_O4,67126,718561805290487,Hamilton,Corporate/Other Private,4,142,Slash pine,207,46.0357325673329,0.0,0.0,0.0,19
TM67126_Hamilton_O8,67126,718561805290487,Hamilton,Local,8,142,Slash pine,5,1.111974216602244,0.0,0.0,0.0,19
TM67014_Columbia_O8,67014,718561374290487,Columbia,Local,8,161,Loblolly pine,135,30.023303848260586,0.0,0.0,0.0,29
TM67014_Hamilton_O4,67014,718561374290487,Hamilton,Corporate/Other Private,4,161,Loblolly pine,25,5.5598710830112195,0.0,0.0,0.0,29
TM59295_Columbia_O6,59295,533664908126144,Columbia,Federal,6,609,Baldcypress / pondcypress,20,4.447896866408976,0.0,0.0,0.0,72
TM67014_Suwannee_O3,67014,718561374290487,Suwannee,Family Forest,3,161,Loblolly pine,27,6.0046607696521175,0.0,0.0,0.0,29
TM67014_Suwannee_O4,67014,718561374290487,Suwannee,Corporate/Other Private,4,161,Loblolly pine,1,0.2223948433204488,0.0,0.0,0.0,29
TM67205_Suwannee_O7,67205,718562044290487,Suwannee,State,7,161,Loblolly pine,2,0.4447896866408976,0.0,0.0,0.0,4
TM67205_Suwannee_O8,67205,718562044290487,Suwannee,Local,8,161,Loblolly pine,51,11.342137009342888,0.0,0.0,0.0,4
TM67205_Union_O3,67205,718562044290487,Union,Family Forest,3,161,Loblolly pine,34,7.561424672895258,0.0,0.0,0.0,4
TM67205_Union_O4,67205,718562044290487,Union,Corporate/Other Private,4,161,Loblolly pine,14,3.113527806486283,0.0,0.0,0.0,4
TM67211_Baker_O4,67211,718562060290487,Baker,Corporate/Other Private,4,705,Sycamore / pecan / American elm,16,3.5583174931271806,0.0,0.0,0.0,21
TM67238_Hamilton_O7,67238,718562171290487,Hamilton,State,7,602,Sweetgum / Nuttall oak / willow oak,14,3.113527806486283,0.0,0.0,0.0,103
TM67205_Columbia_O6,67205,718562044290487,Columbia,Federal,6,161,Loblolly pine,184,40.92065117096258,0.0,0.0,0.0,4
TM67205_Columbia_O8,67205,718562044290487,Columbia,Local,8,161,Loblolly pine,660,146.7805965914962,0.0,0.0,0.0,4
TM67205_Hamilton_O6,67205,718562044290487,Hamilton,Federal,6,161,Loblolly pine,49,10.897347322701991,0.0,0.0,0.0,4
TM67205_Hamilton_O8,67205,718562044290487,Hamilton,Local,8,161,Loblolly pine,599,133.21451114894882,0.0,0.0,0.0,4
TM24486_Suwannee_O4,24486,176859705010854,Suwannee,Corporate/Other Private,4,142,Slash pine,276,61.380976756443864,0.0,0.0,0.0,34
TM24486_Suwannee_O7,24486,176859705010854,Suwannee,State,7,142,Slash pine,3,0.6671845299613464,0.0,0.0,0.0,34
TM24486_Union_O4,24486,176859705010854,Union,Corporate/Other Private,4,142,Slash pine,239,53.15236755358726,0.0,0.0,0.0,34
TM24486_Union_O8,24486,176859705010854,Union,Local,8,142,Slash pine,4,0.8895793732817951,0.0,0.0,0.0,34
TM24486_Columbia_O7,24486,176859705010854,Columbia,State,7,142,Slash pine,63,14.010875129188273,0.0,0.0,0.0,34
TM24503_Union_O4,24503,176860221010854,Union,Corporate/Other Private,4,606,Atlantic white-cedar,12,2.6687381198453854,0.0,0.0,0.0,26
TM24504_Columbia_O3,24504,176860271010854,Columbia,Family Forest,3,520,Mixed upland hardwoods,68,15.122849345790517,0.0,0.0,0.0,90
TM24504_Columbia_O4,24504,176860271010854,Columbia,Corporate/Other Private,4,520,Mixed upland hardwoods,1,0.2223948433204488,0.0,0.0,0.0,90
TM24504_Union_O4,24504,176860271010854,Union,Corporate/Other Private,4,520,Mixed upland hardwoods,33,7.33902982957481,0.0,0.0,0.0,90
TM67211_Baker_O6,67211,718562060290487,Baker,Federal,6,705,Sycamore / pecan / American elm,31,6.894240142933913,0.0,0.0,0.0,21
TM24512_Columbia_O4,24512,176860601010854,Columbia,Corporate/Other Private,4,608,Sweetbay / swamp tupelo / red maple,6,1.3343690599226927,0.0,0.0,0.0,30
TM66970_Hamilton_O7,66970,718561178290487,Hamilton,State,7,503,White oak / red oak / hickory,2,0.4447896866408976,0.0,0.0,0.0,65
TM66408_Hamilton_O8,66408,698001388126144,Hamilton,Local,8,142,Slash pine,60,13.343690599226928,0.0,0.0,0.0,69
TM66408_Suwannee_O3,66408,698001388126144,Suwannee,Family Forest,3,142,Slash pine,52,11.564531852663336,0.0,0.0,0.0,69
TM66408_Suwannee_O4,66408,698001388126144,Suwannee,Corporate/Other Private,4,142,Slash pine,7,1.5567639032431415,0.0,0.0,0.0,69
TM66479_Baker_O4,66479,698001610126144,Baker,Corporate/Other Private,4,406,Loblolly pine / hardwood,1,0.2223948433204488,0.0,0.0,0.0,4
TM66954_Baker_O6,66954,718561137290487,Baker,Federal,6,161,Loblolly pine,1,0.2223948433204488,0.0,0.0,0.0,9
TM66954_Columbia_O4,66954,718561137290487,Columbia,Corporate/Other Private,4,161,Loblolly pine,5,1.111974216602244,0.0,0.0,0.0,9
TM66954_Columbia_O6,66954,718561137290487,Columbia,Federal,6,161,Loblolly pine,22,4.892686553049874,0.0,0.0,0.0,9
TM64486_Columbia_O8,64486,638335136126144,Columbia,Local,8,166,Pond pine,5,1.111974216602244,0.0,0.0,0.0,60
TM64486_Hamilton_O4,64486,638335136126144,Hamilton,Corporate/Other Private,4,166,Pond pine,8,1.7791587465635903,0.0,0.0,0.0,60
TM64486_Union_O3,64486,638335136126144,Union,Family Forest,3,166,Pond pine,13,2.891132963165834,0.0,0.0,0.0,60
TM67058_Hamilton_O4,67058,718561535290487,Hamilton,Corporate/Other Private,4,142,Slash pine,1,0.2223948433204488,0.0,0.0,0.0,56
TM64694_Union_O3,64694,656661736126144,Union,Family Forest,3,520,Mixed upland hardwoods,3,0.6671845299613464,0.0,0.0,0.0,90
TM67161_Hamilton_O3,67161,718561923290487,Hamilton,Family Forest,3,161,Loblolly pine,130,28.911329631658344,0.0,0.0,0.0,36
TM67161_Hamilton_O4,67161,718561923290487,Hamilton,Corporate/Other Private,4,161,Loblolly pine,9,2.001553589884039,0.0,0.0,0.0,36
TM67161_Union_O3,67161,718561923290487,Union,Family Forest,3,161,Loblolly pine,2,0.4447896866408976,0.0,0.0,0.0,36
TM67179_Baker_O3,67179,718561964290487,Baker,Family Forest,3,142,Slash pine,1,0.2223948433204488,0.0,0.0,0.0,15
TM67179_Columbia_O3,67179,718561964290487,Columbia,Family Forest,3,142,Slash pine,9,2.001553589884039,0.0,0.0,0.0,15
TM67179_Columbia_O4,67179,718561964290487,Columbia,Corporate/Other Private,4,142,Slash pine,4,0.8895793732817951,0.0,0.0,0.0,15
TM67161_Baker_O8,67161,718561923290487,Baker,Local,8,161,Loblolly pine,1,0.2223948433204488,0.0,0.0,0.0,36
TM67161_Columbia_O4,67161,718561923290487,Columbia,Corporate/Other Private,4,161,Loblolly pine,8,1.7791587465635903,0.0,0.0,0.0,36
TM67161_Columbia_O8,67161,718561923290487,Columbia,Local,8,161,Loblolly pine,10,2.223948433204488,0.0,0.0,0.0,36
TM67057_Hamilton_O6,67057,718561522290487,Hamilton,Federal,6,602,Sweetgum / Nuttall oak / willow oak,9,2.001553589884039,0.0,0.0,0.0,70
TM67057_Hamilton_O8,67057,718561522290487,Hamilton,Local,8,602,Sweetgum / Nuttall oak / willow oak,30,6.671845299613464,0.0,0.0,0.0,70
TM67058_Baker_O6,67058,718561535290487,Baker,Federal,6,142,Slash pine,5,1.111974216602244,0.0,0.0,0.0,56
TM64487_Baker_O8,64487,638335139126144,Baker,Local,8,142,Slash pine,2,0.4447896866408976,0.0,0.0,0.0,80
TM67235_Columbia_O8,67235,718562165290487,Columbia,Local,8,520,Mixed upland hardwoods,10,2.223948433204488,0.0,0.0,0.0,2
TM67235_Hamilton_O4,67235,718562165290487,Hamilton,Corporate/Other Private,4,520,Mixed upland hardwoods,44,9.785373106099748,0.0,0.0,0.0,2
TM67211_Union_O3,67211,718562060290487,Union,Family Forest,3,705,Sycamore / pecan / American elm,56,12.454111225945132,0.0,0.0,0.0,21
TM67228_Hamilton_O4,67228,718562147290487,Hamilton,Corporate/Other Private,4,602,Sweetgum / Nuttall oak / willow oak,22,4.892686553049874,0.0,0.0,0.0,111
TM67230_Hamilton_O8,67230,718562152290487,Hamilton,Local,8,161,Loblolly pine,30,6.671845299613464,0.0,0.0,0.0,9
TM67233_Hamilton_O4,67233,718562163290487,Hamilton,Corporate/Other Private,4,608,Sweetbay / swamp tupelo / red maple,10,2.223948433204488,0.0,0.0,0.0,22
TM67211_Columbia_O4,67211,718562060290487,Columbia,Corporate/Other Private,4,705,Sycamore / pecan / American elm,32,7.116634986254361,0.0,0.0,0.0,21
TM67211_Columbia_O7,67211,718562060290487,Columbia,State,7,705,Sycamore / pecan / American elm,34,7.561424672895258,0.0,0.0,0.0,21
TM67211_Hamilton_O3,67211,718562060290487,Hamilton,Family Forest,3,705,Sycamore / pecan / American elm,3,0.6671845299613464,0.0,0.0,0.0,21
TM67211_Hamilton_O4,67211,718562060290487,Hamilton,Corporate/Other Private,4,705,Sycamore / pecan / American elm,4,0.8895793732817951,0.0,0.0,0.0,21
TM67211_Suwannee_O3,67211,718562060290487,Suwannee,Family Forest,3,705,Sycamore / pecan / American elm,1,0.2223948433204488,0.0,0.0,0.0,21
TM67266_Columbia_O4,67266,718562312290487,Columbia,Corporate/Other Private,4,608,Sweetbay / swamp tupelo / red maple,52,11.564531852663336,0.0,0.0,0.0,13
TM24504_Union_O7,24504,176860271010854,Union,State,7,520,Mixed upland hardwoods,24,5.337476239690771,0.0,0.0,0.0,90
TM67266_Columbia_O8,67266,718562312290487,Columbia,Local,8,608,Sweetbay / swamp tupelo / red maple,20,4.447896866408976,0.0,0.0,0.0,13
TM67266_Hamilton_O3,67266,718562312290487,Hamilton,Family Forest,3,608,Sweetbay / swamp tupelo / red maple,117,26.02019666849251,0.0,0.0,0.0,13
TM67266_Hamilton_O4,67266,718562312290487,Hamilton,Corporate/Other Private,4,608,Sweetbay / swamp tupelo / red maple,98,21.794694645403982,0.0,0.0,0.0,13
TM67266_Hamilton_O6,67266,718562312290487,Hamilton,Federal,6,608,Sweetbay / swamp tupelo / red maple,1,0.2223948433204488,0.0,0.0,0.0,13
TM67266_Hamilton_O8,67266,718562312290487,Hamilton,Local,8,608,Sweetbay / swamp tupelo / red maple,1,0.2223948433204488,0.0,0.0,0.0,13
TM67238_Suwannee_O8,67238,718562171290487,Suwannee,Local,8,602,Sweetgum / Nuttall oak / willow oak,4,0.8895793732817951,0.0,0.0,0.0,103
TM67239_Hamilton_O3,67239,718562176290487,Hamilton,Family Forest,3,142,Slash pine,5,1.111974216602244,0.0,0.0,0.0,27
TM67239_Hamilton_O4,67239,718562176290487,Hamilton,Corporate/Other Private,4,142,Slash pine,12,2.6687381198453854,0.0,0.0,0.0,27
TM67262_Hamilton_O4,67262,718562294290487,Hamilton,Corporate/Other Private,4,602,Sweetgum / Nuttall oak / willow oak,2,0.4447896866408976,0.0,0.0,0.0,4
TM67266_Baker_O3,67266,718562312290487,Baker,Family Forest,3,608,Sweetbay / swamp tupelo / red maple,5,1.111974216602244,0.0,0.0,0.0,13
TM67266_Baker_O4,67266,718562312290487,Baker,Corporate/Other Private,4,608,Sweetbay / swamp tupelo / red maple,1,0.2223948433204488,0.0,0.0,0.0,13
TM67266_Baker_O7,67266,718562312290487,Baker,State,7,608,Sweetbay / swamp tupelo / red maple,5,1.111974216602244,0.0,0.0,0.0,13
TM67238_Hamilton_O6,67238,718562171290487,Hamilton,Federal,6,602,Sweetgum / Nuttall oak / willow oak,23,5.115081396370322,0.0,0.0,0.0,103
TM67266_Columbia_O6,67266,718562312290487,Columbia,Federal,6,608,Sweetbay / swamp tupelo / red maple,1,0.2223948433204488,0.0,0.0,0.0,13
TM24504_Union_O8,24504,176860271010854,Union,Local,8,520,Mixed upland hardwoods,1,0.2223948433204488,0.0,0.0,0.0,90
TM24505_Baker_O3,24505,176860391010854,Baker,Family Forest,3,407,Slash pine / hardwood,29,6.449450456293015,0.0,0.0,0.0,20
TM24503_Columbia_O3,24503,176860221010854,Columbia,Family Forest,3,606,Atlantic white-cedar,28,6.227055612972566,0.0,0.0,0.0,26
TM24503_Columbia_O4,24503,176860221010854,Columbia,Corporate/Other Private,4,606,Atlantic white-cedar,20,4.447896866408976,0.0,0.0,0.0,26
TM24503_Columbia_O6,24503,176860221010854,Columbia,Federal,6,606,Atlantic white-cedar,1,0.2223948433204488,0.0,0.0,0.0,26
TM24503_Columbia_O8,24503,176860221010854,Columbia,Local,8,606,Atlantic white-cedar,3,0.6671845299613464,0.0,0.0,0.0,26
TM24503_Hamilton_O3,24503,176860221010854,Hamilton,Family Forest,3,606,Atlantic white-cedar,21,4.670291709729424,0.0,0.0,0.0,26
TM24503_Suwannee_O3,24503,176860221010854,Suwannee,Family Forest,3,606,Atlantic white-cedar,7,1.5567639032431415,0.0,0.0,0.0,26
TM67187_Suwannee_O4,67187,718561982290487,Suwannee,Corporate/Other Private,4,142,Slash pine,5,1.111974216602244,0.0,0.0,0.0,9
TM67199_Hamilton_O3,67199,718562028290487,Hamilton,Family Forest,3,142,Slash pine,59,13.121295755906479,0.0,0.0,0.0,8
TM67199_Hamilton_O4,67199,718562028290487,Hamilton,Corporate/Other Private,4,142,Slash pine,2,0.4447896866408976,0.0,0.0,0.0,8
TM67205_Baker_O8,67205,718562044290487,Baker,Local,8,161,Loblolly pine,3,0.6671845299613464,0.0,0.0,0.0,4
TM67235_Columbia_O6,67235,718562165290487,Columbia,Federal,6,520,Mixed upland hardwoods,1,0.2223948433204488,0.0,0.0,0.0,2
TM67179_Hamilton_O3,67179,718561964290487,Hamilton,Family Forest,3,142,Slash pine,7,1.5567639032431415,0.0,0.0,0.0,15
TM67179_Hamilton_O4,67179,718561964290487,Hamilton,Corporate/Other Private,4,142,Slash pine,3,0.6671845299613464,0.0,0.0,0.0,15
TM67179_Suwannee_O4,67179,718561964290487,Suwannee,Corporate/Other Private,4,142,Slash pine,2,0.4447896866408976,0.0,0.0,0.0,15
TM67186_Baker_O3,67186,718561979290487,Baker,Family Forest,3,608,Sweetbay / swamp tupelo / red maple,2,0.4447896866408976,0.0,0.0,0.0,14
TM67186_Baker_O4,67186,718561979290487,Baker,Corporate/Other Private,4,608,Sweetbay / swamp tupelo / red maple,1,0.2223948433204488,0.0,0.0,0.0,14
TM67187_Baker_O4,67187,718561982290487,Baker,Corporate/Other Private,4,142,Slash pine,1,0.2223948433204488,0.0,0.0,0.0,9
TM67235_Suwannee_O4,67235,718562165290487,Suwannee,Corporate/Other Private,4,520,Mixed upland hardwoods,15,3.335922649806732,0.0,0.0,0.0,2
TM67235_Union_O3,67235,718562165290487,Union,Family Forest,3,520,Mixed upland hardwoods,1,0.2223948433204488,0.0,0.0,0.0,2
TM67236_Hamilton_O8,67236,718562166290487,Hamilton,Local,8,142,Slash pine,15,3.335922649806732,0.0,0.0,0.0,28
TM67237_Hamilton_O4,67237,718562170290487,Hamilton,Corporate/Other Private,4,142,Slash pine,670,149.0045450247007,0.0,0.0,0.0,16
TM67235_Baker_O4,67235,718562165290487,Baker,Corporate/Other Private,4,520,Mixed upland hardwoods,73,16.234823562392762,0.0,0.0,0.0,2
TM67235_Columbia_O3,67235,718562165290487,Columbia,Family Forest,3,520,Mixed upland hardwoods,14,3.113527806486283,0.0,0.0,0.0,2
TM67235_Columbia_O4,67235,718562165290487,Columbia,Corporate/Other Private,4,520,Mixed upland hardwoods,49,10.897347322701991,0.0,0.0,0.0,2
TM67179_Columbia_O8,67179,718561964290487,Columbia,Local,8,142,Slash pine,1,0.2223948433204488,0.0,0.0,0.0,15
TM21269_Columbia_O8,21269,140582800010478,Columbia,Local,8,142,Slash pine,35,7.783819516215708,0.0,0.0,0.0,24
TM21265_Hamilton_O6,21265,140568302010478,Hamilton,Federal,6,514,Southern scrub oak,2,0.4447896866408976,0.0,0.0,0.0,28
TM21265_Hamilton_O8,21265,140568302010478,Hamilton,Local,8,514,Southern scrub oak,26,5.782265926331668,0.0,0.0,0.0,28
TM21265_Suwannee_O3,21265,140568302010478,Suwannee,Family Forest,3,514,Southern scrub oak,2973,661.1798691916943,0.0,0.0,0.0,28
TM21265_Suwannee_O6,21265,140568302010478,Suwannee,Federal,6,514,Southern scrub oak,1,0.2223948433204488,0.0,0.0,0.0,28
TM21265_Suwannee_O7,21265,140568302010478,Suwannee,State,7,514,Southern scrub oak,2,0.4447896866408976,0.0,0.0,0.0,28
TM21265_Suwannee_O8,21265,140568302010478,Suwannee,Local,8,514,Southern scrub oak,16,3.5583174931271806,0.0,0.0,0.0,28
TM23748_Baker_O7,23748,173002842010854,Baker,State,7,142,Slash pine,46,10.230162792740645,0.0,0.0,0.0,45
TM23748_Baker_O8,23748,173002842010854,Baker,Local,8,142,Slash pine,103,22.906668862006224,0.0,0.0,0.0,45
TM23747_Baker_O8,23747,173002836010854,Baker,Local,8,142,Slash pine,5,1.111974216602244,0.0,0.0,0.0,41
TM23747_Columbia_O3,23747,173002836010854,Columbia,Family Forest,3,142,Slash pine,186,41.365440857603474,0.0,0.0,0.0,41
TM23747_Columbia_O4,23747,173002836010854,Columbia,Corporate/Other Private,4,142,Slash pine,2825,628.2654323802678,0.0,0.0,0.0,41
TM67315_Baker_O3,67315,718603558290487,Baker,Family Forest,3,608,Sweetbay / swamp tupelo / red maple,16,3.5583174931271806,0.0,0.0,0.0,16
TM23747_Hamilton_O3,23747,173002836010854,Hamilton,Family Forest,3,142,Slash pine,16,3.5583174931271806,0.0,0.0,0.0,41
TM67375_Columbia_O8,67375,718603858290487,Columbia,Local,8,520,Mixed upland hardwoods,11,2.446343276524937,0.0,0.0,0.0,103
TM67375_Suwannee_O3,67375,718603858290487,Suwannee,Family Forest,3,520,Mixed upland hardwoods,4,0.8895793732817951,0.0,0.0,0.0,103
TM67375_Union_O7,67375,718603858290487,Union,State,7,520,Mixed upland hardwoods,1,0.2223948433204488,0.0,0.0,0.0,103
TM67375_Columbia_O4,67375,718603858290487,Columbia,Corporate/Other Private,4,520,Mixed upland hardwoods,72,16.01242871907231,0.0,0.0,0.0,103
TM67375_Columbia_O7,67375,718603858290487,Columbia,State,7,520,Mixed upland hardwoods,7,1.5567639032431415,0.0,0.0,0.0,103
TM67416_Union_O3,67416,718604054290487,Union,Family Forest,3,609,Baldcypress / pondcypress,2,0.4447896866408976,0.0,0.0,0.0,88
TM67417_Baker_O3,67417,718604055290487,Baker,Family Forest,3,142,Slash pine,91,20.237930742160838,0.0,0.0,0.0,5
TM67417_Baker_O4,67417,718604055290487,Baker,Corporate/Other Private,4,142,Slash pine,27,6.0046607696521175,0.0,0.0,0.0,5
TM67417_Columbia_O3,67417,718604055290487,Columbia,Family Forest,3,142,Slash pine,1,0.2223948433204488,0.0,0.0,0.0,5
TM67417_Columbia_O4,67417,718604055290487,Columbia,Corporate/Other Private,4,142,Slash pine,3,0.6671845299613464,0.0,0.0,0.0,5
TM67417_Columbia_O6,67417,718604055290487,Columbia,Federal,6,142,Slash pine,148,32.91443681142642,0.0,0.0,0.0,5
TM67417_Columbia_O7,67417,718604055290487,Columbia,State,7,142,Slash pine,1,0.2223948433204488,0.0,0.0,0.0,5
TM23747_Columbia_O7,23747,173002836010854,Columbia,State,7,142,Slash pine,37,8.228609202856605,0.0,0.0,0.0,41
TM23749_Columbia_O4,23749,173002845010854,Columbia,Corporate/Other Private,4,141,Longleaf pine,938,208.60636303458097,0.0,0.0,0.0,114
TM23749_Columbia_O7,23749,173002845010854,Columbia,State,7,141,Longleaf pine,21,4.670291709729424,0.0,0.0,0.0,114
TM23749_Hamilton_O3,23749,173002845010854,Hamilton,Family Forest,3,141,Longleaf pine,3114,692.5375420998776,0.0,0.0,0.0,114
TM23749_Hamilton_O7,23749,173002845010854,Hamilton,State,7,141,Longleaf pine,60,13.343690599226928,0.0,0.0,0.0,114
TM67372_Suwannee_O8,67372,718603850290487,Suwannee,Local,8,608,Sweetbay / swamp tupelo / red maple,7,1.5567639032431415,0.0,0.0,0.0,31
TM67372_Baker_O6,67372,718603850290487,Baker,Federal,6,608,Sweetbay / swamp tupelo / red maple,14,3.113527806486283,0.0,0.0,0.0,31
TM67372_Columbia_O7,67372,718603850290487,Columbia,State,7,608,Sweetbay / swamp tupelo / red maple,8,1.7791587465635903,0.0,0.0,0.0,31
TM67371_Columbia_O7,67371,718603849290487,Columbia,State,7,141,Longleaf pine,1,0.2223948433204488,0.0,0.0,0.0,44
TM67371_Columbia_O8,67371,718603849290487,Columbia,Local,8,141,Longleaf pine,80,17.791587465635903,0.0,0.0,0.0,44
TM67371_Hamilton_O3,67371,718603849290487,Hamilton,Family Forest,3,141,Longleaf pine,42,9.340583419458849,0.0,0.0,0.0,44
TM67371_Hamilton_O4,67371,718603849290487,Hamilton,Corporate/Other Private,4,141,Longleaf pine,4,0.8895793732817951,0.0,0.0,0.0,44
TM67371_Suwannee_O3,67371,718603849290487,Suwannee,Family Forest,3,141,Longleaf pine,7,1.5567639032431415,0.0,0.0,0.0,44
TM21269_Columbia_O7,21269,140582800010478,Columbia,State,7,142,Slash pine,6,1.3343690599226927,0.0,0.0,0.0,24
TM67378_Suwannee_O4,67378,718603881290487,Suwannee,Corporate/Other Private,4,403,Longleaf pine / oak,42,9.340583419458849,0.0,0.0,0.0,66
TM67378_Suwannee_O8,67378,718603881290487,Suwannee,Local,8,403,Longleaf pine / oak,2,0.4447896866408976,0.0,0.0,0.0,66
TM67379_Baker_O4,67379,718603887290487,Baker,Corporate/Other Private,4,142,Slash pine,29,6.449450456293015,0.0,0.0,0.0,12
TM67378_Baker_O8,67378,718603881290487,Baker,Local,8,403,Longleaf pine / oak,64,14.233269972508722,0.0,0.0,0.0,66
TM67378_Columbia_O6,67378,718603881290487,Columbia,Federal,6,403,Longleaf pine / oak,1,0.2223948433204488,0.0,0.0,0.0,66
TM67378_Columbia_O7,67378,718603881290487,Columbia,State,7,403,Longleaf pine / oak,4,0.8895793732817951,0.0,0.0,0.0,66
TM67378_Columbia_O8,67378,718603881290487,Columbia,Local,8,403,Longleaf pine / oak,24,5.337476239690771,0.0,0.0,0.0,66
TM67378_Hamilton_O3,67378,718603881290487,Hamilton,Family Forest,3,403,Longleaf pine / oak,3,0.6671845299613464,0.0,0.0,0.0,66
TM21270_Columbia_O8,21270,140593174010478,Columbia,Local,8,983,Palms,1,0.2223948433204488,0.0,0.0,0.0,115
TM21265_Union_O4,21265,140568302010478,Union,Corporate/Other Private,4,514,Southern scrub oak,8,1.7791587465635903,0.0,0.0,0.0,28
TM21269_Baker_O4,21269,140582800010478,Baker,Corporate/Other Private,4,142,Slash pine,2,0.4447896866408976,0.0,0.0,0.0,24
TM21269_Columbia_O3,21269,140582800010478,Columbia,Family Forest,3,142,Slash pine,983,218.61413098400115,0.0,0.0,0.0,24
TM21269_Columbia_O4,21269,140582800010478,Columbia,Corporate/Other Private,4,142,Slash pine,175,38.91909758107854,0.0,0.0,0.0,24
TM67378_Suwannee_O3,67378,718603881290487,Suwannee,Family Forest,3,403,Longleaf pine / oak,127,28.244145101696997,0.0,0.0,0.0,66
TM67427_Columbia_O7,67427,718604085290487,Columbia,State,7,602,Sweetgum / Nuttall oak / willow oak,49,10.897347322701991,0.0,0.0,0.0,30
TM67427_Suwannee_O4,67427,718604085290487,Suwannee,Corporate/Other Private,4,602,Sweetgum / Nuttall oak / willow oak,599,133.21451114894882,0.0,0.0,0.0,30
TM67427_Suwannee_O6,67427,718604085290487,Suwannee,Federal,6,602,Sweetgum / Nuttall oak / willow oak,1,0.2223948433204488,0.0,0.0,0.0,30
TM67427_Suwannee_O7,67427,718604085290487,Suwannee,State,7,602,Sweetgum / Nuttall oak / willow oak,4,0.8895793732817951,0.0,0.0,0.0,30
TM21265_Baker_O7,21265,140568302010478,Baker,State,7,514,Southern scrub oak,6,1.3343690599226927,0.0,0.0,0.0,28
TM21262_Columbia_O3,21262,140566167010478,Columbia,Family Forest,3,142,Slash pine,227,50.483629433741875,0.0,0.0,0.0,84
TM21262_Columbia_O4,21262,140566167010478,Columbia,Corporate/Other Private,4,142,Slash pine,16,3.5583174931271806,0.0,0.0,0.0,84
TM21262_Columbia_O6,21262,140566167010478,Columbia,Federal,6,142,Slash pine,2,0.4447896866408976,0.0,0.0,0.0,84
TM21262_Columbia_O7,21262,140566167010478,Columbia,State,7,142,Slash pine,1,0.2223948433204488,0.0,0.0,0.0,84
TM21262_Suwannee_O3,21262,140566167010478,Suwannee,Family Forest,3,142,Slash pine,430,95.62978262779298,0.0,0.0,0.0,84
TM21262_Suwannee_O4,21262,140566167010478,Suwannee,Corporate/Other Private,4,142,Slash pine,58,12.89890091258603,0.0,0.0,0.0,84
TM21262_Suwannee_O7,21262,140566167010478,Suwannee,State,7,142,Slash pine,1,0.2223948433204488,0.0,0.0,0.0,84
TM67414_Columbia_O6,67414,718604047290487,Columbia,Federal,6,142,Slash pine,1,0.2223948433204488,0.0,0.0,0.0,6
TM21259_Suwannee_O8,21259,140564077010478,Suwannee,Local,8,608,Sweetbay / swamp tupelo / red maple,5,1.111974216602244,0.0,0.0,0.0,55
TM21262_Baker_O8,21262,140566167010478,Baker,Local,8,142,Slash pine,236,52.485183023625915,0.0,0.0,0.0,84
TM21270_Hamilton_O3,21270,140593174010478,Hamilton,Family Forest,3,983,Palms,1,0.2223948433204488,0.0,0.0,0.0,115
TM21270_Suwannee_O3,21270,140593174010478,Suwannee,Family Forest,3,983,Palms,2,0.4447896866408976,0.0,0.0,0.0,115
TM21270_Union_O3,21270,140593174010478,Union,Family Forest,3,983,Palms,3,0.6671845299613464,0.0,0.0,0.0,115
TM21272_Baker_O4,21272,140599486010478,Baker,Corporate/Other Private,4,514,Southern scrub oak,55,12.231716382624683,0.0,0.0,0.0,61
TM21604_Baker_O3,21604,153666119010854,Baker,Family Forest,3,704,Willow,3,0.6671845299613464,0.0,0.0,0.0,14
TM21604_Baker_O4,21604,153666119010854,Baker,Corporate/Other Private,4,704,Willow,3,0.6671845299613464,0.0,0.0,0.0,14
TM21269_Suwannee_O3,21269,140582800010478,Suwannee,Family Forest,3,142,Slash pine,202,44.92375835073066,0.0,0.0,0.0,24
TM21269_Suwannee_O4,21269,140582800010478,Suwannee,Corporate/Other Private,4,142,Slash pine,19,4.225502023088527,0.0,0.0,0.0,24
TM21269_Union_O4,21269,140582800010478,Union,Corporate/Other Private,4,142,Slash pine,16,3.5583174931271806,0.0,0.0,0.0,24
TM21270_Baker_O3,21270,140593174010478,Baker,Family Forest,3,983,Palms,2,0.4447896866408976,0.0,0.0,0.0,115
TM21270_Baker_O4,21270,140593174010478,Baker,Corporate/Other Private,4,983,Palms,1,0.2223948433204488,0.0,0.0,0.0,115
TM21259_Suwannee_O7,21259,140564077010478,Suwannee,State,7,608,Sweetbay / swamp tupelo / red maple,49,10.897347322701991,0.0,0.0,0.0,55
TM67414_Hamilton_O3,67414,718604047290487,Hamilton,Family Forest,3,142,Slash pine,11,2.446343276524937,0.0,0.0,0.0,6
TM67414_Hamilton_O4,67414,718604047290487,Hamilton,Corporate/Other Private,4,142,Slash pine,2,0.4447896866408976,0.0,0.0,0.0,6
TM67414_Suwannee_O3,67414,718604047290487,Suwannee,Family Forest,3,142,Slash pine,83,18.45877199559725,0.0,0.0,0.0,6
TM67414_Suwannee_O4,67414,718604047290487,Suwannee,Corporate/Other Private,4,142,Slash pine,16,3.5583174931271806,0.0,0.0,0.0,6
TM67416_Columbia_O3,67416,718604054290487,Columbia,Family Forest,3,609,Baldcypress / pondcypress,40,8.895793732817951,0.0,0.0,0.0,88
TM67416_Columbia_O4,67416,718604054290487,Columbia,Corporate/Other Private,4,609,Baldcypress / pondcypress,2,0.4447896866408976,0.0,0.0,0.0,88
TM67416_Suwannee_O3,67416,718604054290487,Suwannee,Family Forest,3,609,Baldcypress / pondcypress,4,0.8895793732817951,0.0,0.0,0.0,88
TM67405_Suwannee_O4,67405,718604018290487,Suwannee,Corporate/Other Private,4,602,Sweetgum / Nuttall oak / willow oak,5,1.111974216602244,0.0,0.0,0.0,45
TM67413_Columbia_O3,67413,718604044290487,Columbia,Family Forest,3,142,Slash pine,3,0.6671845299613464,0.0,0.0,0.0,29
TM67413_Columbia_O4,67413,718604044290487,Columbia,Corporate/Other Private,4,142,Slash pine,6,1.3343690599226927,0.0,0.0,0.0,29
TM67413_Suwannee_O3,67413,718604044290487,Suwannee,Family Forest,3,142,Slash pine,2039,453.46308553039506,0.0,0.0,0.0,29
TM67413_Suwannee_O4,67413,718604044290487,Suwannee,Corporate/Other Private,4,142,Slash pine,793,176.35911075311589,0.0,0.0,0.0,29
TM67429_Baker_O3,67429,718604087290487,Baker,Family Forest,3,514,Southern scrub oak,50,11.119742166022439,0.0,0.0,0.0,33
TM67414_Columbia_O3,67414,718604047290487,Columbia,Family Forest,3,142,Slash pine,54,12.009321539304235,0.0,0.0,0.0,6
TM67414_Columbia_O4,67414,718604047290487,Columbia,Corporate/Other Private,4,142,Slash pine,6,1.3343690599226927,0.0,0.0,0.0,6
TM67379_Union_O8,67379,718603887290487,Union,Local,8,142,Slash pine,1,0.2223948433204488,0.0,0.0,0.0,12
TM67380_Baker_O3,67380,718603888290487,Baker,Family Forest,3,142,Slash pine,46,10.230162792740645,0.0,0.0,0.0,17
TM67380_Baker_O4,67380,718603888290487,Baker,Corporate/Other Private,4,142,Slash pine,8,1.7791587465635903,0.0,0.0,0.0,17
TM67380_Baker_O8,67380,718603888290487,Baker,Local,8,142,Slash pine,14,3.113527806486283,0.0,0.0,0.0,17
TM67380_Union_O7,67380,718603888290487,Union,State,7,142,Slash pine,2,0.4447896866408976,0.0,0.0,0.0,17
TM67403_Suwannee_O3,67403,718604011290487,Suwannee,Family Forest,3,161,Loblolly pine,2,0.4447896866408976,0.0,0.0,0.0,10
TM67405_Suwannee_O3,67405,718604018290487,Suwannee,Family Forest,3,602,Sweetgum / Nuttall oak / willow oak,53,11.786926695983786,0.0,0.0,0.0,45
TM67427_Union_O8,67427,718604085290487,Union,Local,8,602,Sweetgum / Nuttall oak / willow oak,40,8.895793732817951,0.0,0.0,0.0,30
TM67428_Columbia_O3,67428,718604086290487,Columbia,Family Forest,3,142,Slash pine,10,2.223948433204488,0.0,0.0,0.0,12
TM67428_Suwannee_O3,67428,718604086290487,Suwannee,Family Forest,3,142,Slash pine,35,7.783819516215708,0.0,0.0,0.0,12
TM67428_Suwannee_O4,67428,718604086290487,Suwannee,Corporate/Other Private,4,142,Slash pine,3,0.6671845299613464,0.0,0.0,0.0,12
TM67413_Suwannee_O8,67413,718604044290487,Suwannee,Local,8,142,Slash pine,164,36.472754304553604,0.0,0.0,0.0,29
TM67313_Suwannee_O3,67313,718603549290487,Suwannee,Family Forest,3,607,Baldcypress / water tupelo,70,15.567639032431416,0.0,0.0,0.0,91
TM67313_Suwannee_O4,67313,718603549290487,Suwannee,Corporate/Other Private,4,607,Baldcypress / water tupelo,15,3.335922649806732,0.0,0.0,0.0,91
TM67313_Suwannee_O8,67313,718603549290487,Suwannee,Local,8,607,Baldcypress / water tupelo,1,0.2223948433204488,0.0,0.0,0.0,91
TM67308_Columbia_O4,67308,718603540290487,Columbia,Corporate/Other Private,4,142,Slash pine,24,5.337476239690771,0.0,0.0,0.0,77
TM67308_Columbia_O8,67308,718603540290487,Columbia,Local,8,142,Slash pine,1,0.2223948433204488,0.0,0.0,0.0,77
TM67308_Hamilton_O4,67308,718603540290487,Hamilton,Corporate/Other Private,4,142,Slash pine,1,0.2223948433204488,0.0,0.0,0.0,77
TM67311_Columbia_O3,67311,718603545290487,Columbia,Family Forest,3,141,Longleaf pine,2,0.4447896866408976,0.0,0.0,0.0,75
TM67311_Columbia_O4,67311,718603545290487,Columbia,Corporate/Other Private,4,141,Longleaf pine,5,1.111974216602244,0.0,0.0,0.0,75
TM67337_Columbia_O6,67337,718603672290487,Columbia,Federal,6,403,Longleaf pine / oak,8,1.7791587465635903,0.0,0.0,0.0,73
TM67337_Columbia_O7,67337,718603672290487,Columbia,State,7,403,Longleaf pine / oak,11,2.446343276524937,0.0,0.0,0.0,73
TM67337_Columbia_O8,67337,718603672290487,Columbia,Local,8,403,Longleaf pine / oak,17,3.780712336447629,0.0,0.0,0.0,73
TM67337_Hamilton_O3,67337,718603672290487,Hamilton,Family Forest,3,403,Longleaf pine / oak,40,8.895793732817951,0.0,0.0,0.0,73
TM24304_Hamilton_O4,24304,176548620010854,Hamilton,Corporate/Other Private,4,161,Loblolly pine,240,53.37476239690771,0.0,0.0,0.0,41
TM67337_Suwannee_O3,67337,718603672290487,Suwannee,Family Forest,3,403,Longleaf pine / oak,145,32.24725228146507,0.0,0.0,0.0,73
TM67324_Suwannee_O6,67324,718603599290487,Suwannee,Federal,6,520,Mixed upland hardwoods,53,11.786926695983786,0.0,0.0,0.0,47
TM67324_Suwannee_O7,67324,718603599290487,Suwannee,State,7,520,Mixed upland hardwoods,3,0.6671845299613464,0.0,0.0,0.0,47
TM67324_Suwannee_O8,67324,718603599290487,Suwannee,Local,8,520,Mixed upland hardwoods,18,4.003107179768078,0.0,0.0,0.0,47
TM67337_Baker_O3,67337,718603672290487,Baker,Family Forest,3,403,Longleaf pine / oak,24,5.337476239690771,0.0,0.0,0.0,73
TM67337_Baker_O4,67337,718603672290487,Baker,Corporate/Other Private,4,403,Longleaf pine / oak,6,1.3343690599226927,0.0,0.0,0.0,73
TM67337_Baker_O6,67337,718603672290487,Baker,Federal,6,403,Longleaf pine / oak,1,0.2223948433204488,0.0,0.0,0.0,73
TM67323_Columbia_O4,67323,718603597290487,Columbia,Corporate/Other Private,4,520,Mixed upland hardwoods,32,7.116634986254361,0.0,0.0,0.0,73
TM67323_Columbia_O8,67323,718603597290487,Columbia,Local,8,520,Mixed upland hardwoods,2,0.4447896866408976,0.0,0.0,0.0,73
TM67323_Suwannee_O4,67323,718603597290487,Suwannee,Corporate/Other Private,4,520,Mixed upland hardwoods,2,0.4447896866408976,0.0,0.0,0.0,73
TM67324_Hamilton_O6,67324,718603599290487,Hamilton,Federal,6,520,Mixed upland hardwoods,147,32.69204196810597,0.0,0.0,0.0,47
TM67324_Hamilton_O7,67324,718603599290487,Hamilton,State,7,520,Mixed upland hardwoods,11,2.446343276524937,0.0,0.0,0.0,47
TM67324_Hamilton_O8,67324,718603599290487,Hamilton,Local,8,520,Mixed upland hardwoods,21,4.670291709729424,0.0,0.0,0.0,47
TM67337_Hamilton_O4,67337,718603672290487,Hamilton,Corporate/Other Private,4,403,Longleaf pine / oak,185,41.14304601428302,0.0,0.0,0.0,73
TM67315_Baker_O4,67315,718603558290487,Baker,Corporate/Other Private,4,608,Sweetbay / swamp tupelo / red maple,18,4.003107179768078,0.0,0.0,0.0,16
TM67315_Columbia_O3,67315,718603558290487,Columbia,Family Forest,3,608,Sweetbay / swamp tupelo / red maple,21,4.670291709729424,0.0,0.0,0.0,16
TM67315_Columbia_O4,67315,718603558290487,Columbia,Corporate/Other Private,4,608,Sweetbay / swamp tupelo / red maple,4,0.8895793732817951,0.0,0.0,0.0,16
TM67315_Columbia_O6,67315,718603558290487,Columbia,Federal,6,608,Sweetbay / swamp tupelo / red maple,6,1.3343690599226927,0.0,0.0,0.0,16
TM67315_Columbia_O8,67315,718603558290487,Columbia,Local,8,608,Sweetbay / swamp tupelo / red maple,1,0.2223948433204488,0.0,0.0,0.0,16
TM23749_Suwannee_O3,23749,173002845010854,Suwannee,Family Forest,3,141,Longleaf pine,18,4.003107179768078,0.0,0.0,0.0,114
TM23748_Union_O7,23748,173002842010854,Union,State,7,142,Slash pine,2,0.4447896866408976,0.0,0.0,0.0,45
TM23748_Union_O8,23748,173002842010854,Union,Local,8,142,Slash pine,7,1.5567639032431415,0.0,0.0,0.0,45
TM23749_Baker_O4,23749,173002845010854,Baker,Corporate/Other Private,4,141,Longleaf pine,638,141.88791003844634,0.0,0.0,0.0,114
TM23749_Baker_O7,23749,173002845010854,Baker,State,7,141,Longleaf pine,1,0.2223948433204488,0.0,0.0,0.0,114
TM23749_Columbia_O3,23749,173002845010854,Columbia,Family Forest,3,141,Longleaf pine,215,47.81489131389649,0.0,0.0,0.0,114
TM23748_Columbia_O7,23748,173002842010854,Columbia,State,7,142,Slash pine,87,19.348351368879044,0.0,0.0,0.0,45
TM67313_Columbia_O4,67313,718603549290487,Columbia,Corporate/Other Private,4,607,Baldcypress / water tupelo,6,1.3343690599226927,0.0,0.0,0.0,91
TM23748_Suwannee_O8,23748,173002842010854,Suwannee,Local,8,142,Slash pine,2,0.4447896866408976,0.0,0.0,0.0,45
TM24316_Union_O7,24316,176548896010854,Union,State,7,607,Baldcypress / water tupelo,60,13.343690599226928,0.0,0.0,0.0,135
TM24316_Union_O8,24316,176548896010854,Union,Local,8,607,Baldcypress / water tupelo,8,1.7791587465635903,0.0,0.0,0.0,135
TM24329_Hamilton_O3,24329,176549308010854,Hamilton,Family Forest,3,403,Longleaf pine / oak,1,0.2223948433204488,0.0,0.0,0.0,95
TM24329_Hamilton_O4,24329,176549308010854,Hamilton,Corporate/Other Private,4,403,Longleaf pine / oak,8,1.7791587465635903,0.0,0.0,0.0,95
TM24484_Baker_O3,24484,176859634010854,Baker,Family Forest,3,608,Sweetbay / swamp tupelo / red maple,6,1.3343690599226927,0.0,0.0,0.0,68
TM24484_Baker_O4,24484,176859634010854,Baker,Corporate/Other Private,4,608,Sweetbay / swamp tupelo / red maple,39,8.673398889497502,0.0,0.0,0.0,68
TM24484_Baker_O8,24484,176859634010854,Baker,Local,8,608,Sweetbay / swamp tupelo / red maple,3,0.6671845299613464,0.0,0.0,0.0,68
TM24484_Union_O3,24484,176859634010854,Union,Family Forest,3,608,Sweetbay / swamp tupelo / red maple,1,0.2223948433204488,0.0,0.0,0.0,68
TM24316_Suwannee_O6,24316,176548896010854,Suwannee,Federal,6,607,Baldcypress / water tupelo,2,0.4447896866408976,0.0,0.0,0.0,135
TM24316_Suwannee_O7,24316,176548896010854,Suwannee,State,7,607,Baldcypress / water tupelo,5,1.111974216602244,0.0,0.0,0.0,135
TM67315_Hamilton_O3,67315,718603558290487,Hamilton,Family Forest,3,608,Sweetbay / swamp tupelo / red maple,19,4.225502023088527,0.0,0.0,0.0,16
TM67313_Columbia_O3,67313,718603549290487,Columbia,Family Forest,3,607,Baldcypress / water tupelo,43,9.562978262779298,0.0,0.0,0.0,91
TM23748_Suwannee_O7,23748,173002842010854,Suwannee,State,7,142,Slash pine,21,4.670291709729424,0.0,0.0,0.0,45
TM67338_Columbia_O6,67338,718603673290487,Columbia,Federal,6,508,Sweetgum / yellow-poplar,8,1.7791587465635903,0.0,0.0,0.0,60
TM67372_Union_O8,67372,718603850290487,Union,Local,8,608,Sweetbay / swamp tupelo / red maple,8,1.7791587465635903,0.0,0.0,0.0,31
TM67373_Columbia_O3,67373,718603852290487,Columbia,Family Forest,3,161,Loblolly pine,177,39.363887267719434,0.0,0.0,0.0,19
TM67373_Columbia_O4,67373,718603852290487,Columbia,Corporate/Other Private,4,161,Loblolly pine,20,4.447896866408976,0.0,0.0,0.0,19
TM67373_Columbia_O7,67373,718603852290487,Columbia,State,7,161,Loblolly pine,45,10.007767949420195,0.0,0.0,0.0,19
TM67372_Suwannee_O7,67372,718603850290487,Suwannee,State,7,608,Sweetbay / swamp tupelo / red maple,61,13.566085442547376,0.0,0.0,0.0,31
TM21604_Union_O3,21604,153666119010854,Union,Family Forest,3,704,Willow,9,2.001553589884039,0.0,0.0,0.0,14
TM21604_Union_O4,21604,153666119010854,Union,Corporate/Other Private,4,704,Willow,1,0.2223948433204488,0.0,0.0,0.0,14
TM21604_Union_O7,21604,153666119010854,Union,State,7,704,Willow,3,0.6671845299613464,0.0,0.0,0.0,14
TM21624_Suwannee_O3,21624,153846474010854,Suwannee,Family Forest,3,609,Baldcypress / pondcypress,1,0.2223948433204488,0.0,0.0,0.0,35
TM23747_Baker_O7,23747,173002836010854,Baker,State,7,142,Slash pine,92,20.46032558548129,0.0,0.0,0.0,41
TM21604_Columbia_O4,21604,153666119010854,Columbia,Corporate/Other Private,4,704,Willow,8,1.7791587465635903,0.0,0.0,0.0,14
TM67319_Columbia_O4,67319,718603581290487,Columbia,Corporate/Other Private,4,141,Longleaf pine,2,0.4447896866408976,0.0,0.0,0.0,80
TM21604_Columbia_O7,21604,153666119010854,Columbia,State,7,704,Willow,1,0.2223948433204488,0.0,0.0,0.0,14
TM21604_Columbia_O8,21604,153666119010854,Columbia,Local,8,704,Willow,19,4.225502023088527,0.0,0.0,0.0,14
TM21604_Hamilton_O3,21604,153666119010854,Hamilton,Family Forest,3,704,Willow,21,4.670291709729424,0.0,0.0,0.0,14
TM21604_Hamilton_O4,21604,153666119010854,Hamilton,Corporate/Other Private,4,704,Willow,87,19.348351368879044,0.0,0.0,0.0,14
TM21604_Suwannee_O3,21604,153666119010854,Suwannee,Family Forest,3,704,Willow,46,10.230162792740645,0.0,0.0,0.0,14
TM21604_Suwannee_O4,21604,153666119010854,Suwannee,Corporate/Other Private,4,704,Willow,8,1.7791587465635903,0.0,0.0,0.0,14
TM23749_Suwannee_O4,23749,173002845010854,Suwannee,Corporate/Other Private,4,141,Longleaf pine,3,0.6671845299613464,0.0,0.0,0.0,114
TM23749_Union_O3,23749,173002845010854,Union,Family Forest,3,141,Longleaf pine,11,2.446343276524937,0.0,0.0,0.0,114
TM23753_Baker_O3,23753,173002897010854,Baker,Family Forest,3,141,Longleaf pine,1,0.2223948433204488,0.0,0.0,0.0,93
TM23753_Baker_O4,23753,173002897010854,Baker,Corporate/Other Private,4,141,Longleaf pine,11,2.446343276524937,0.0,0.0,0.0,93
TM23753_Union_O3,23753,173002897010854,Union,Family Forest,3,141,Longleaf pine,54,12.009321539304235,0.0,0.0,0.0,93
TM23898_Suwannee_O3,23898,174758382020004,Suwannee,Family Forest,3,995,Other exotic hardwoods,1,0.2223948433204488,0.0,0.0,0.0,12
TM24304_Hamilton_O3,24304,176548620010854,Hamilton,Family Forest,3,161,Loblolly pine,1321,293.7835880263128,0.0,0.0,0.0,41
TM21604_Columbia_O6,21604,153666119010854,Columbia,Federal,6,704,Willow,8,1.7791587465635903,0.0,0.0,0.0,14
TM67319_Suwannee_O3,67319,718603581290487,Suwannee,Family Forest,3,141,Longleaf pine,27,6.0046607696521175,0.0,0.0,0.0,80
TM67319_Suwannee_O4,67319,718603581290487,Suwannee,Corporate/Other Private,4,141,Longleaf pine,7,1.5567639032431415,0.0,0.0,0.0,80
TM67319_Union_O3,67319,718603581290487,Union,Family Forest,3,141,Longleaf pine,1,0.2223948433204488,0.0,0.0,0.0,80
TM67322_Columbia_O6,67322,718603596290487,Columbia,Federal,6,162,Shortleaf pine,2,0.4447896866408976,0.0,0.0,0.0,52
TM67323_Baker_O3,67323,718603597290487,Baker,Family Forest,3,520,Mixed upland hardwoods,23,5.115081396370322,0.0,0.0,0.0,73
TM67323_Baker_O4,67323,718603597290487,Baker,Corporate/Other Private,4,520,Mixed upland hardwoods,1,0.2223948433204488,0.0,0.0,0.0,73
TM67351_Union_O3,67351,718603724290487,Union,Family Forest,3,520,Mixed upland hardwoods,67,14.900454502470069,0.0,0.0,0.0,37
TM67351_Union_O4,67351,718603724290487,Union,Corporate/Other Private,4,520,Mixed upland hardwoods,8,1.7791587465635903,0.0,0.0,0.0,37
TM67351_Union_O8,67351,718603724290487,Union,Local,8,520,Mixed upland hardwoods,2,0.4447896866408976,0.0,0.0,0.0,37
TM67371_Baker_O4,67371,718603849290487,Baker,Corporate/Other Private,4,141,Longleaf pine,52,11.564531852663336,0.0,0.0,0.0,44
TM67371_Columbia_O3,67371,718603849290487,Columbia,Family Forest,3,141,Longleaf pine,67,14.900454502470069,0.0,0.0,0.0,44
TM67371_Columbia_O4,67371,718603849290487,Columbia,Corporate/Other Private,4,141,Longleaf pine,68,15.122849345790517,0.0,0.0,0.0,44
TM67338_Suwannee_O7,67338,718603673290487,Suwannee,State,7,508,Sweetgum / yellow-poplar,13,2.891132963165834,0.0,0.0,0.0,60
TM67338_Baker_O3,67338,718603673290487,Baker,Family Forest,3,508,Sweetgum / yellow-poplar,16,3.5583174931271806,0.0,0.0,0.0,60
TM67349_Columbia_O3,67349,718603721290487,Columbia,Family Forest,3,403,Longleaf pine / oak,92,20.46032558548129,0.0,0.0,0.0,42
TM67349_Columbia_O4,67349,718603721290487,Columbia,Corporate/Other Private,4,403,Longleaf pine / oak,19,4.225502023088527,0.0,0.0,0.0,42
TM67349_Columbia_O7,67349,718603721290487,Columbia,State,7,403,Longleaf pine / oak,1,0.2223948433204488,0.0,0.0,0.0,42
TM67351_Columbia_O3,67351,718603724290487,Columbia,Family Forest,3,520,Mixed upland hardwoods,71,15.790033875751863,0.0,0.0,0.0,37
TM67351_Columbia_O4,67351,718603724290487,Columbia,Corporate/Other Private,4,520,Mixed upland hardwoods,19,4.225502023088527,0.0,0.0,0.0,37
TM67338_Columbia_O7,67338,718603673290487,Columbia,State,7,508,Sweetgum / yellow-poplar,10,2.223948433204488,0.0,0.0,0.0,60
TM67338_Hamilton_O6,67338,718603673290487,Hamilton,Federal,6,508,Sweetgum / yellow-poplar,10,2.223948433204488,0.0,0.0,0.0,60
TM67338_Hamilton_O7,67338,718603673290487,Hamilton,State,7,508,Sweetgum / yellow-poplar,6,1.3343690599226927,0.0,0.0,0.0,60
TM67338_Hamilton_O8,67338,718603673290487,Hamilton,Local,8,508,Sweetgum / yellow-poplar,21,4.670291709729424,0.0,0.0,0.0,60
TM67337_Suwannee_O4,67337,718603672290487,Suwannee,Corporate/Other Private,4,403,Longleaf pine / oak,35,7.783819516215708,0.0,0.0,0.0,73
TM67337_Suwannee_O7,67337,718603672290487,Suwannee,State,7,403,Longleaf pine / oak,4,0.8895793732817951,0.0,0.0,0.0,73
TM67337_Union_O3,67337,718603672290487,Union,Family Forest,3,403,Longleaf pine / oak,1,0.2223948433204488,0.0,0.0,0.0,73
TM67337_Union_O4,67337,718603672290487,Union,Corporate/Other Private,4,403,Longleaf pine / oak,1,0.2223948433204488,0.0,0.0,0.0,73
TM67338_Suwannee_O8,67338,718603673290487,Suwannee,Local,8,508,Sweetgum / yellow-poplar,40,8.895793732817951,0.0,0.0,0.0,60
TM36881_Columbia_O4,36881,289515602489998,Columbia,Corporate/Other Private,4,141,Longleaf pine,1,0.2223948433204488,0.0,0.0,0.0,71
TM36881_Hamilton_O3,36881,289515602489998,Hamilton,Family Forest,3,141,Longleaf pine,5,1.111974216602244,0.0,0.0,0.0,71
TM36881_Suwannee_O3,36881,289515602489998,Suwannee,Family Forest,3,141,Longleaf pine,7,1.5567639032431415,0.0,0.0,0.0,71
TM36881_Suwannee_O4,36881,289515602489998,Suwannee,Corporate/Other Private,4,141,Longleaf pine,13,2.891132963165834,0.0,0.0,0.0,71
TM36883_Baker_O3,36883,289515625489998,Baker,Family Forest,3,142,Slash pine,1,0.2223948433204488,0.0,0.0,0.0,30
TM36883_Baker_O4,36883,289515625489998,Baker,Corporate/Other Private,4,142,Slash pine,2,0.4447896866408976,0.0,0.0,0.0,30
TM36883_Suwannee_O3,36883,289515625489998,Suwannee,Family Forest,3,142,Slash pine,5,1.111974216602244,0.0,0.0,0.0,30
TM36873_Columbia_O7,36873,289515570489998,Columbia,State,7,142,Slash pine,16,3.5583174931271806,0.0,0.0,0.0,15
TM36873_Suwannee_O3,36873,289515570489998,Suwannee,Family Forest,3,142,Slash pine,744,165.4617634304139,0.0,0.0,0.0,15
TM36873_Suwannee_O4,36873,289515570489998,Suwannee,Corporate/Other Private,4,142,Slash pine,195,43.366994447487514,0.0,0.0,0.0,15
TM36873_Suwannee_O8,36873,289515570489998,Suwannee,Local,8,142,Slash pine,1,0.2223948433204488,0.0,0.0,0.0,15
TM36873_Union_O4,36873,289515570489998,Union,Corporate/Other Private,4,142,Slash pine,1,0.2223948433204488,0.0,0.0,0.0,15
TM59213_Columbia_O4,59213,533664592126144,Columbia,Corporate/Other Private,4,407,Slash pine / hardwood,495,110.08544744362214,0.0,0.0,0.0,56
TM36881_Baker_O4,36881,289515602489998,Baker,Corporate/Other Private,4,141,Longleaf pine,12,2.6687381198453854,0.0,0.0,0.0,71
TM36903_Columbia_O3,36903,289515763489998,Columbia,Family Forest,3,142,Slash pine,3,0.6671845299613464,0.0,0.0,0.0,11
TM36903_Columbia_O4,36903,289515763489998,Columbia,Corporate/Other Private,4,142,Slash pine,1,0.2223948433204488,0.0,0.0,0.0,11
TM36903_Hamilton_O3,36903,289515763489998,Hamilton,Family Forest,3,142,Slash pine,3,0.6671845299613464,0.0,0.0,0.0,11
TM36903_Suwannee_O3,36903,289515763489998,Suwannee,Family Forest,3,142,Slash pine,13,2.891132963165834,0.0,0.0,0.0,11
TM36903_Suwannee_O4,36903,289515763489998,Suwannee,Corporate/Other Private,4,142,Slash pine,1,0.2223948433204488,0.0,0.0,0.0,11
TM36903_Union_O4,36903,289515763489998,Union,Corporate/Other Private,4,142,Slash pine,1,0.2223948433204488,0.0,0.0,0.0,11
TM36903_Union_O7,36903,289515763489998,Union,State,7,142,Slash pine,2,0.4447896866408976,0.0,0.0,0.0,11
TM36897_Suwannee_O6,36897,289515725489998,Suwannee,Federal,6,406,Loblolly pine / hardwood,62,13.788480285867825,0.0,0.0,0.0,37
TM36897_Suwannee_O7,36897,289515725489998,Suwannee,State,7,406,Loblolly pine / hardwood,34,7.561424672895258,0.0,0.0,0.0,37
TM36898_Baker_O3,36898,289515730489998,Baker,Family Forest,3,142,Slash pine,2,0.4447896866408976,0.0,0.0,0.0,29
TM36899_Baker_O4,36899,289515746489998,Baker,Corporate/Other Private,4,141,Longleaf pine,2,0.4447896866408976,0.0,0.0,0.0,24
TM36899_Hamilton_O3,36899,289515746489998,Hamilton,Family Forest,3,141,Longleaf pine,6,1.3343690599226927,0.0,0.0,0.0,24
TM36881_Baker_O3,36881,289515602489998,Baker,Family Forest,3,141,Longleaf pine,1,0.2223948433204488,0.0,0.0,0.0,71
TM43239_Hamilton_O8,43239,374861704489998,Hamilton,Local,8,142,Slash pine,7,1.5567639032431415,0.0,0.0,0.0,18
TM43239_Suwannee_O4,43239,374861704489998,Suwannee,Corporate/Other Private,4,142,Slash pine,2972,660.9574743483738,0.0,0.0,0.0,18
TM43239_Suwannee_O6,43239,374861704489998,Suwannee,Federal,6,142,Slash pine,9,2.001553589884039,0.0,0.0,0.0,18
TM43238_Union_O4,43238,374861703489998,Union,Corporate/Other Private,4,602,Sweetgum / Nuttall oak / willow oak,24,5.337476239690771,0.0,0.0,0.0,105
TM43239_Columbia_O7,43239,374861704489998,Columbia,State,7,142,Slash pine,29,6.449450456293015,0.0,0.0,0.0,18
TM43237_Suwannee_O8,43237,374861690489998,Suwannee,Local,8,602,Sweetgum / Nuttall oak / willow oak,3,0.6671845299613464,0.0,0.0,0.0,60
TM43238_Columbia_O6,43238,374861703489998,Columbia,Federal,6,602,Sweetgum / Nuttall oak / willow oak,2,0.4447896866408976,0.0,0.0,0.0,105
TM43238_Columbia_O8,43238,374861703489998,Columbia,Local,8,602,Sweetgum / Nuttall oak / willow oak,22,4.892686553049874,0.0,0.0,0.0,105
TM43238_Suwannee_O3,43238,374861703489998,Suwannee,Family Forest,3,602,Sweetgum / Nuttall oak / willow oak,327,72.72311376578675,0.0,0.0,0.0,105
TM43238_Suwannee_O4,43238,374861703489998,Suwannee,Corporate/Other Private,4,602,Sweetgum / Nuttall oak / willow oak,32,7.116634986254361,0.0,0.0,0.0,105
TM43237_Columbia_O6,43237,374861690489998,Columbia,Federal,6,602,Sweetgum / Nuttall oak / willow oak,2098,466.58438128630155,0.0,0.0,0.0,60
TM43237_Columbia_O7,43237,374861690489998,Columbia,State,7,602,Sweetgum / Nuttall oak / willow oak,1,0.2223948433204488,0.0,0.0,0.0,60
TM36881_Columbia_O3,36881,289515602489998,Columbia,Family Forest,3,141,Longleaf pine,5,1.111974216602244,0.0,0.0,0.0,71
TM43284_Baker_O8,43284,374861921489998,Baker,Local,8,141,Longleaf pine,2,0.4447896866408976,0.0,0.0,0.0,92
TM43284_Columbia_O3,43284,374861921489998,Columbia,Family Forest,3,141,Longleaf pine,2,0.4447896866408976,0.0,0.0,0.0,92
TM43284_Union_O3,43284,374861921489998,Union,Family Forest,3,141,Longleaf pine,8,1.7791587465635903,0.0,0.0,0.0,92
TM43284_Union_O4,43284,374861921489998,Union,Corporate/Other Private,4,141,Longleaf pine,1,0.2223948433204488,0.0,0.0,0.0,92
TM43286_Baker_O3,43286,374861925489998,Baker,Family Forest,3,141,Longleaf pine,27,6.0046607696521175,0.0,0.0,0.0,76
TM43286_Baker_O6,43286,374861925489998,Baker,Federal,6,141,Longleaf pine,4,0.8895793732817951,0.0,0.0,0.0,76
TM43272_Columbia_O3,43272,374861876489998,Columbia,Family Forest,3,141,Longleaf pine,1,0.2223948433204488,0.0,0.0,0.0,10
TM43272_Columbia_O4,43272,374861876489998,Columbia,Corporate/Other Private,4,141,Longleaf pine,1,0.2223948433204488,0.0,0.0,0.0,10
TM43272_Hamilton_O3,43272,374861876489998,Hamilton,Family Forest,3,141,Longleaf pine,2,0.4447896866408976,0.0,0.0,0.0,10
TM43272_Suwannee_O3,43272,374861876489998,Suwannee,Family Forest,3,141,Longleaf pine,6,1.3343690599226927,0.0,0.0,0.0,10
TM43272_Union_O4,43272,374861876489998,Union,Corporate/Other Private,4,141,Longleaf pine,1,0.2223948433204488,0.0,0.0,0.0,10
TM43284_Baker_O3,43284,374861921489998,Baker,Family Forest,3,141,Longleaf pine,99,22.01708948872443,0.0,0.0,0.0,92
TM43284_Baker_O4,43284,374861921489998,Baker,Corporate/Other Private,4,141,Longleaf pine,44,9.785373106099748,0.0,0.0,0.0,92
TM43237_Hamilton_O8,43237,374861690489998,Hamilton,Local,8,602,Sweetgum / Nuttall oak / willow oak,8,1.7791587465635903,0.0,0.0,0.0,60
TM43290_Hamilton_O7,43290,374861936489998,Hamilton,State,7,508,Sweetgum / yellow-poplar,1,0.2223948433204488,0.0,0.0,0.0,14
TM43287_Baker_O4,43287,374861932489998,Baker,Corporate/Other Private,4,142,Slash pine,375,83.3980662451683,0.0,0.0,0.0,53
TM43287_Baker_O8,43287,374861932489998,Baker,Local,8,142,Slash pine,13,2.891132963165834,0.0,0.0,0.0,53
TM43288_Baker_O4,43288,374861934489998,Baker,Corporate/Other Private,4,161,Loblolly pine,332,73.835087982389,0.0,0.0,0.0,12
TM43288_Baker_O8,43288,374861934489998,Baker,Local,8,161,Loblolly pine,9,2.001553589884039,0.0,0.0,0.0,12
TM43288_Union_O4,43288,374861934489998,Union,Corporate/Other Private,4,161,Loblolly pine,5,1.111974216602244,0.0,0.0,0.0,12
TM43288_Union_O7,43288,374861934489998,Union,State,7,161,Loblolly pine,4,0.8895793732817951,0.0,0.0,0.0,12
TM43315_Baker_O4,43315,374862210489998,Baker,Corporate/Other Private,4,407,Slash pine / hardwood,28,6.227055612972566,0.0,0.0,0.0,41
TM43315_Columbia_O6,43315,374862210489998,Columbia,Federal,6,407,Slash pine / hardwood,6,1.3343690599226927,0.0,0.0,0.0,41
TM43315_Columbia_O7,43315,374862210489998,Columbia,State,7,407,Slash pine / hardwood,4,0.8895793732817951,0.0,0.0,0.0,41
TM43294_Baker_O8,43294,374861940489998,Baker,Local,8,406,Loblolly pine / hardwood,206,45.81333772401245,0.0,0.0,0.0,38
TM43294_Columbia_O3,43294,374861940489998,Columbia,Family Forest,3,406,Loblolly pine / hardwood,248,55.1539211434713,0.0,0.0,0.0,38
TM36899_Hamilton_O4,36899,289515746489998,Hamilton,Corporate/Other Private,4,141,Longleaf pine,3,0.6671845299613464,0.0,0.0,0.0,24
TM43294_Columbia_O6,43294,374861940489998,Columbia,Federal,6,406,Loblolly pine / hardwood,9,2.001553589884039,0.0,0.0,0.0,38
TM36872_Suwannee_O3,36872,289515568489998,Suwannee,Family Forest,3,142,Slash pine,76,16.90200809235411,0.0,0.0,0.0,11
TM36868_Baker_O6,36868,289515552489998,Baker,Federal,6,142,Slash pine,1,0.2223948433204488,0.0,0.0,0.0,13
TM36868_Hamilton_O3,36868,289515552489998,Hamilton,Family Forest,3,142,Slash pine,2,0.4447896866408976,0.0,0.0,0.0,13
TM36868_Hamilton_O4,36868,289515552489998,Hamilton,Corporate/Other Private,4,142,Slash pine,6,1.3343690599226927,0.0,0.0,0.0,13
TM36868_Union_O3,36868,289515552489998,Union,Family Forest,3,142,Slash pine,2,0.4447896866408976,0.0,0.0,0.0,13
TM36871_Hamilton_O3,36871,289515563489998,Hamilton,Family Forest,3,161,Loblolly pine,1776,394.97324173711706,0.0,0.0,0.0,12
TM36864_Baker_O8,36864,289515540489998,Baker,Local,8,608,Sweetbay / swamp tupelo / red maple,57,12.676506069265582,0.0,0.0,0.0,67
TM36864_Columbia_O3,36864,289515540489998,Columbia,Family Forest,3,608,Sweetbay / swamp tupelo / red maple,55,12.231716382624683,0.0,0.0,0.0,67
TM36865_Columbia_O3,36865,289515543489998,Columbia,Family Forest,3,609,Baldcypress / pondcypress,4,0.8895793732817951,0.0,0.0,0.0,89
TM36865_Suwannee_O3,36865,289515543489998,Suwannee,Family Forest,3,609,Baldcypress / pondcypress,3,0.6671845299613464,0.0,0.0,0.0,89
TM36868_Baker_O3,36868,289515552489998,Baker,Family Forest,3,142,Slash pine,58,12.89890091258603,0.0,0.0,0.0,13
TM36868_Baker_O4,36868,289515552489998,Baker,Corporate/Other Private,4,142,Slash pine,8,1.7791587465635903,0.0,0.0,0.0,13
TM43294_Columbia_O4,43294,374861940489998,Columbia,Corporate/Other Private,4,406,Loblolly pine / hardwood,3,0.6671845299613464,0.0,0.0,0.0,38
TM43284_Baker_O7,43284,374861921489998,Baker,State,7,141,Longleaf pine,3,0.6671845299613464,0.0,0.0,0.0,92
TM43262_Baker_O8,43262,374861796489998,Baker,Local,8,403,Longleaf pine / oak,49,10.897347322701991,0.0,0.0,0.0,93
TM43262_Columbia_O3,43262,374861796489998,Columbia,Family Forest,3,403,Longleaf pine / oak,50,11.119742166022439,0.0,0.0,0.0,93
TM43262_Columbia_O4,43262,374861796489998,Columbia,Corporate/Other Private,4,403,Longleaf pine / oak,23,5.115081396370322,0.0,0.0,0.0,93
TM43262_Suwannee_O3,43262,374861796489998,Suwannee,Family Forest,3,403,Longleaf pine / oak,43,9.562978262779298,0.0,0.0,0.0,93
TM43262_Suwannee_O4,43262,374861796489998,Suwannee,Corporate/Other Private,4,403,Longleaf pine / oak,3,0.6671845299613464,0.0,0.0,0.0,93
TM43262_Union_O3,43262,374861796489998,Union,Family Forest,3,403,Longleaf pine / oak,24,5.337476239690771,0.0,0.0,0.0,93
TM43262_Union_O4,43262,374861796489998,Union,Corporate/Other Private,4,403,Longleaf pine / oak,5,1.111974216602244,0.0,0.0,0.0,93
TM43239_Suwannee_O7,43239,374861704489998,Suwannee,State,7,142,Slash pine,18,4.003107179768078,0.0,0.0,0.0,18
TM43239_Suwannee_O8,43239,374861704489998,Suwannee,Local,8,142,Slash pine,28,6.227055612972566,0.0,0.0,0.0,18
TM43239_Union_O8,43239,374861704489998,Union,Local,8,142,Slash pine,3,0.6671845299613464,0.0,0.0,0.0,18
TM43261_Columbia_O3,43261,374861794489998,Columbia,Family Forest,3,142,Slash pine,4,0.8895793732817951,0.0,0.0,0.0,83
TM43290_Hamilton_O4,43290,374861936489998,Hamilton,Corporate/Other Private,4,508,Sweetgum / yellow-poplar,12,2.6687381198453854,0.0,0.0,0.0,14
TM43262_Baker_O3,43262,374861796489998,Baker,Family Forest,3,403,Longleaf pine / oak,37,8.228609202856605,0.0,0.0,0.0,93
TM43291_Columbia_O3,43291,374861937489998,Columbia,Family Forest,3,142,Slash pine,2,0.4447896866408976,0.0,0.0,0.0,25
TM43290_Suwannee_O3,43290,374861936489998,Suwannee,Family Forest,3,508,Sweetgum / yellow-poplar,29,6.449450456293015,0.0,0.0,0.0,14
TM43290_Suwannee_O4,43290,374861936489998,Suwannee,Corporate/Other Private,4,508,Sweetgum / yellow-poplar,8,1.7791587465635903,0.0,0.0,0.0,14
TM43290_Suwannee_O8,43290,374861936489998,Suwannee,Local,8,508,Sweetgum / yellow-poplar,2,0.4447896866408976,0.0,0.0,0.0,14
TM43290_Union_O4,43290,374861936489998,Union,Corporate/Other Private,4,508,Sweetgum / yellow-poplar,10,2.223948433204488,0.0,0.0,0.0,14
TM43290_Union_O7,43290,374861936489998,Union,State,7,508,Sweetgum / yellow-poplar,2,0.4447896866408976,0.0,0.0,0.0,14
TM43290_Baker_O3,43290,374861936489998,Baker,Family Forest,3,508,Sweetgum / yellow-poplar,8,1.7791587465635903,0.0,0.0,0.0,14
TM43290_Baker_O4,43290,374861936489998,Baker,Corporate/Other Private,4,508,Sweetgum / yellow-poplar,7,1.5567639032431415,0.0,0.0,0.0,14
TM43290_Columbia_O3,43290,374861936489998,Columbia,Family Forest,3,508,Sweetgum / yellow-poplar,17,3.780712336447629,0.0,0.0,0.0,14
TM43290_Columbia_O4,43290,374861936489998,Columbia,Corporate/Other Private,4,508,Sweetgum / yellow-poplar,5,1.111974216602244,0.0,0.0,0.0,14
TM43290_Columbia_O8,43290,374861936489998,Columbia,Local,8,508,Sweetgum / yellow-poplar,1,0.2223948433204488,0.0,0.0,0.0,14
TM43290_Hamilton_O3,43290,374861936489998,Hamilton,Family Forest,3,508,Sweetgum / yellow-poplar,23,5.115081396370322,0.0,0.0,0.0,14
TM43261_Columbia_O4,43261,374861794489998,Columbia,Corporate/Other Private,4,142,Slash pine,3,0.6671845299613464,0.0,0.0,0.0,83
TM43210_Union_O7,43210,374861554489998,Union,State,7,142,Slash pine,1,0.2223948433204488,0.0,0.0,0.0,62
TM43212_Baker_O8,43212,374861563489998,Baker,Local,8,142,Slash pine,67,14.900454502470069,0.0,0.0,0.0,33
TM43212_Union_O3,43212,374861563489998,Union,Family Forest,3,142,Slash pine,26,5.782265926331668,0.0,0.0,0.0,33
TM43212_Union_O7,43212,374861563489998,Union,State,7,142,Slash pine,8,1.7791587465635903,0.0,0.0,0.0,33
TM43207_Columbia_O3,43207,374861541489998,Columbia,Family Forest,3,142,Slash pine,7,1.5567639032431415,0.0,0.0,0.0,20
TM43207_Suwannee_O3,43207,374861541489998,Suwannee,Family Forest,3,142,Slash pine,688,153.00765220446877,0.0,0.0,0.0,20
TM43207_Suwannee_O4,43207,374861541489998,Suwannee,Corporate/Other Private,4,142,Slash pine,94,20.905115272122185,0.0,0.0,0.0,20
TM43207_Suwannee_O7,43207,374861541489998,Suwannee,State,7,142,Slash pine,3,0.6671845299613464,0.0,0.0,0.0,20
TM43207_Suwannee_O8,43207,374861541489998,Suwannee,Local,8,142,Slash pine,22,4.892686553049874,0.0,0.0,0.0,20
TM43206_Columbia_O3,43206,374861540489998,Columbia,Family Forest,3,164,Sand pine,76,16.90200809235411,0.0,0.0,0.0,18
TM43206_Columbia_O4,43206,374861540489998,Columbia,Corporate/Other Private,4,164,Sand pine,131,29.13372447497879,0.0,0.0,0.0,18
TM43206_Columbia_O8,43206,374861540489998,Columbia,Local,8,164,Sand pine,1,0.2223948433204488,0.0,0.0,0.0,18
TM43239_Hamilton_O7,43239,374861704489998,Hamilton,State,7,142,Slash pine,1,0.2223948433204488,0.0,0.0,0.0,18
TM43206_Hamilton_O4,43206,374861540489998,Hamilton,Corporate/Other Private,4,164,Sand pine,29,6.449450456293015,0.0,0.0,0.0,18
TM43206_Suwannee_O3,43206,374861540489998,Suwannee,Family Forest,3,164,Sand pine,108,24.01864307860847,0.0,0.0,0.0,18
TM43206_Suwannee_O4,43206,374861540489998,Suwannee,Corporate/Other Private,4,164,Sand pine,7,1.5567639032431415,0.0,0.0,0.0,18
TM43206_Union_O3,43206,374861540489998,Union,Family Forest,3,164,Sand pine,105,23.351458548647123,0.0,0.0,0.0,18
TM43225_Columbia_O7,43225,374861608489998,Columbia,State,7,520,Mixed upland hardwoods,1,0.2223948433204488,0.0,0.0,0.0,51
TM43225_Hamilton_O4,43225,374861608489998,Hamilton,Corporate/Other Private,4,520,Mixed upland hardwoods,20,4.447896866408976,0.0,0.0,0.0,51
TM43225_Hamilton_O6,43225,374861608489998,Hamilton,Federal,6,520,Mixed upland hardwoods,1,0.2223948433204488,0.0,0.0,0.0,51
TM43225_Hamilton_O8,43225,374861608489998,Hamilton,Local,8,520,Mixed upland hardwoods,2,0.4447896866408976,0.0,0.0,0.0,51
TM43225_Suwannee_O3,43225,374861608489998,Suwannee,Family Forest,3,520,Mixed upland hardwoods,487,108.30628869705856,0.0,0.0,0.0,51
TM43225_Suwannee_O4,43225,374861608489998,Suwannee,Corporate/Other Private,4,520,Mixed upland hardwoods,10,2.223948433204488,0.0,0.0,0.0,51
TM43218_Union_O4,43218,374861589489998,Union,Corporate/Other Private,4,608,Sweetbay / swamp tupelo / red maple,1,0.2223948433204488,0.0,0.0,0.0,15
TM43218_Union_O7,43218,374861589489998,Union,State,7,608,Sweetbay / swamp tupelo / red maple,2,0.4447896866408976,0.0,0.0,0.0,15
TM36903_Baker_O4,36903,289515763489998,Baker,Corporate/Other Private,4,142,Slash pine,7,1.5567639032431415,0.0,0.0,0.0,11
TM43206_Hamilton_O3,43206,374861540489998,Hamilton,Family Forest,3,164,Sand pine,5,1.111974216602244,0.0,0.0,0.0,18
TM36905_Baker_O7,36905,289515771489998,Baker,State,7,514,Southern scrub oak,1,0.2223948433204488,0.0,0.0,0.0,42
TM36905_Baker_O8,36905,289515771489998,Baker,Local,8,514,Southern scrub oak,4,0.8895793732817951,0.0,0.0,0.0,42
TM36905_Columbia_O3,36905,289515771489998,Columbia,Family Forest,3,514,Southern scrub oak,35,7.783819516215708,0.0,0.0,0.0,42
TM36905_Columbia_O4,36905,289515771489998,Columbia,Corporate/Other Private,4,514,Southern scrub oak,1,0.2223948433204488,0.0,0.0,0.0,42
TM36905_Columbia_O7,36905,289515771489998,Columbia,State,7,514,Southern scrub oak,1,0.2223948433204488,0.0,0.0,0.0,42
TM36927_Baker_O4,36927,289515931489998,Baker,Corporate/Other Private,4,608,Sweetbay / swamp tupelo / red maple,64,14.233269972508722,0.0,0.0,0.0,51
TM36927_Baker_O8,36927,289515931489998,Baker,Local,8,608,Sweetbay / swamp tupelo / red maple,4,0.8895793732817951,0.0,0.0,0.0,51
TM36927_Columbia_O4,36927,289515931489998,Columbia,Corporate/Other Private,4,608,Sweetbay / swamp tupelo / red maple,172,38.25191305111719,0.0,0.0,0.0,51
TM36927_Columbia_O8,36927,289515931489998,Columbia,Local,8,608,Sweetbay / swamp tupelo / red maple,5,1.111974216602244,0.0,0.0,0.0,51
TM36927_Union_O7,36927,289515931489998,Union,State,7,608,Sweetbay / swamp tupelo / red maple,36,8.006214359536155,0.0,0.0,0.0,51
TM36915_Baker_O3,36915,289515810489998,Baker,Family Forest,3,514,Southern scrub oak,8,1.7791587465635903,0.0,0.0,0.0,55
TM36915_Baker_O4,36915,289515810489998,Baker,Corporate/Other Private,4,514,Southern scrub oak,3,0.6671845299613464,0.0,0.0,0.0,55
TM43217_Columbia_O3,43217,374861587489998,Columbia,Family Forest,3,514,Southern scrub oak,81,18.01398230895635,0.0,0.0,0.0,67
TM36919_Hamilton_O3,36919,289515849489998,Hamilton,Family Forest,3,983,Palms,1,0.2223948433204488,0.0,0.0,0.0,27
TM43205_Columbia_O3,43205,374861537489998,Columbia,Family Forest,3,142,Slash pine,27,6.0046607696521175,0.0,0.0,0.0,23
TM43202_Columbia_O8,43202,374861522489998,Columbia,Local,8,602,Sweetgum / Nuttall oak / willow oak,126,28.021750258376546,0.0,0.0,0.0,80
TM43202_Suwannee_O3,43202,374861522489998,Suwannee,Family Forest,3,602,Sweetgum / Nuttall oak / willow oak,99,22.01708948872443,0.0,0.0,0.0,80
TM43202_Suwannee_O4,43202,374861522489998,Suwannee,Corporate/Other Private,4,602,Sweetgum / Nuttall oak / willow oak,33,7.33902982957481,0.0,0.0,0.0,80
TM43203_Baker_O8,43203,374861529489998,Baker,Local,8,142,Slash pine,4,0.8895793732817951,0.0,0.0,0.0,87
TM43201_Baker_O8,43201,374861518489998,Baker,Local,8,609,Baldcypress / pondcypress,15,3.335922649806732,0.0,0.0,0.0,64
TM43201_Columbia_O3,43201,374861518489998,Columbia,Family Forest,3,609,Baldcypress / pondcypress,1,0.2223948433204488,0.0,0.0,0.0,64
TM43202_Columbia_O7,43202,374861522489998,Columbia,State,7,602,Sweetgum / Nuttall oak / willow oak,8,1.7791587465635903,0.0,0.0,0.0,80
TM43214_Union_O7,43214,374861569489998,Union,State,7,161,Loblolly pine,1,0.2223948433204488,0.0,0.0,0.0,17
TM43215_Union_O3,43215,374861575489998,Union,Family Forest,3,141,Longleaf pine,1,0.2223948433204488,0.0,0.0,0.0,49
TM43217_Baker_O4,43217,374861587489998,Baker,Corporate/Other Private,4,514,Southern scrub oak,177,39.363887267719434,0.0,0.0,0.0,67
TM43217_Baker_O8,43217,374861587489998,Baker,Local,8,514,Southern scrub oak,13,2.891132963165834,0.0,0.0,0.0,67
TM36915_Baker_O8,36915,289515810489998,Baker,Local,8,514,Southern scrub oak,1,0.2223948433204488,0.0,0.0,0.0,55
TM43217_Suwannee_O8,43217,374861587489998,Suwannee,Local,8,514,Southern scrub oak,1,0.2223948433204488,0.0,0.0,0.0,67
TM43236_Hamilton_O4,43236,374861678489998,Hamilton,Corporate/Other Private,4,403,Longleaf pine / oak,162,36.0279646179127,0.0,0.0,0.0,11
TM43236_Hamilton_O6,43236,374861678489998,Hamilton,Federal,6,403,Longleaf pine / oak,3,0.6671845299613464,0.0,0.0,0.0,11
TM43236_Hamilton_O8,43236,374861678489998,Hamilton,Local,8,403,Longleaf pine / oak,1,0.2223948433204488,0.0,0.0,0.0,11
TM43236_Suwannee_O3,43236,374861678489998,Suwannee,Family Forest,3,403,Longleaf pine / oak,107,23.79624823528802,0.0,0.0,0.0,11
TM43236_Suwannee_O4,43236,374861678489998,Suwannee,Corporate/Other Private,4,403,Longleaf pine / oak,18,4.003107179768078,0.0,0.0,0.0,11
TM43236_Suwannee_O8,43236,374861678489998,Suwannee,Local,8,403,Longleaf pine / oak,2,0.4447896866408976,0.0,0.0,0.0,11
TM43235_Hamilton_O7,43235,374861676489998,Hamilton,State,7,142,Slash pine,4,0.8895793732817951,0.0,0.0,0.0,19
TM43235_Hamilton_O8,43235,374861676489998,Hamilton,Local,8,142,Slash pine,45,10.007767949420195,0.0,0.0,0.0,19
TM43236_Baker_O3,43236,374861678489998,Baker,Family Forest,3,403,Longleaf pine / oak,3,0.6671845299613464,0.0,0.0,0.0,11
TM43236_Columbia_O3,43236,374861678489998,Columbia,Family Forest,3,403,Longleaf pine / oak,29,6.449450456293015,0.0,0.0,0.0,11
TM43236_Columbia_O4,43236,374861678489998,Columbia,Corporate/Other Private,4,403,Longleaf pine / oak,29,6.449450456293015,0.0,0.0,0.0,11
TM36897_Columbia_O7,36897,289515725489998,Columbia,State,7,406,Loblolly pine / hardwood,14,3.113527806486283,0.0,0.0,0.0,37
TM43236_Columbia_O8,43236,374861678489998,Columbia,Local,8,403,Longleaf pine / oak,12,2.6687381198453854,0.0,0.0,0.0,11
TM43236_Hamilton_O3,43236,374861678489998,Hamilton,Family Forest,3,403,Longleaf pine / oak,274,60.93618706980297,0.0,0.0,0.0,11
TM43234_Hamilton_O7,43234,374861672489998,Hamilton,State,7,142,Slash pine,8,1.7791587465635903,0.0,0.0,0.0,15
TM43234_Hamilton_O8,43234,374861672489998,Hamilton,Local,8,142,Slash pine,149,33.13683165474687,0.0,0.0,0.0,15
TM43234_Suwannee_O3,43234,374861672489998,Suwannee,Family Forest,3,142,Slash pine,27,6.0046607696521175,0.0,0.0,0.0,15
TM43234_Suwannee_O4,43234,374861672489998,Suwannee,Corporate/Other Private,4,142,Slash pine,17,3.780712336447629,0.0,0.0,0.0,15
TM43234_Suwannee_O6,43234,374861672489998,Suwannee,Federal,6,142,Slash pine,1,0.2223948433204488,0.0,0.0,0.0,15
TM43234_Suwannee_O8,43234,374861672489998,Suwannee,Local,8,142,Slash pine,5,1.111974216602244,0.0,0.0,0.0,15
TM43225_Union_O7,43225,374861608489998,Union,State,7,520,Mixed upland hardwoods,6,1.3343690599226927,0.0,0.0,0.0,51
TM43234_Columbia_O3,43234,374861672489998,Columbia,Family Forest,3,142,Slash pine,13,2.891132963165834,0.0,0.0,0.0,15
TM43234_Columbia_O8,43234,374861672489998,Columbia,Local,8,142,Slash pine,5,1.111974216602244,0.0,0.0,0.0,15
TM43234_Hamilton_O6,43234,374861672489998,Hamilton,Federal,6,142,Slash pine,13,2.891132963165834,0.0,0.0,0.0,15
TM43239_Hamilton_O6,43239,374861704489998,Hamilton,Federal,6,142,Slash pine,6,1.3343690599226927,0.0,0.0,0.0,18
TM43236_Columbia_O6,43236,374861678489998,Columbia,Federal,6,403,Longleaf pine / oak,2,0.4447896866408976,0.0,0.0,0.0,11
TM36908_Baker_O8,36908,289515776489998,Baker,Local,8,514,Southern scrub oak,2,0.4447896866408976,0.0,0.0,0.0,52
TM36908_Columbia_O3,36908,289515776489998,Columbia,Family Forest,3,514,Southern scrub oak,22,4.892686553049874,0.0,0.0,0.0,52
TM36908_Columbia_O4,36908,289515776489998,Columbia,Corporate/Other Private,4,514,Southern scrub oak,21,4.670291709729424,0.0,0.0,0.0,52
TM36908_Columbia_O8,36908,289515776489998,Columbia,Local,8,514,Southern scrub oak,8,1.7791587465635903,0.0,0.0,0.0,52
TM36908_Hamilton_O3,36908,289515776489998,Hamilton,Family Forest,3,514,Southern scrub oak,23,5.115081396370322,0.0,0.0,0.0,52
TM36908_Hamilton_O4,36908,289515776489998,Hamilton,Corporate/Other Private,4,514,Southern scrub oak,54,12.009321539304235,0.0,0.0,0.0,52
TM36908_Suwannee_O3,36908,289515776489998,Suwannee,Family Forest,3,514,Southern scrub oak,55,12.231716382624683,0.0,0.0,0.0,52
TM36908_Suwannee_O4,36908,289515776489998,Suwannee,Corporate/Other Private,4,514,Southern scrub oak,14,3.113527806486283,0.0,0.0,0.0,52
TM36906_Columbia_O4,36906,289515773489998,Columbia,Corporate/Other Private,4,142,Slash pine,75,16.679613249033657,0.0,0.0,0.0,21
TM36906_Columbia_O7,36906,289515773489998,Columbia,State,7,142,Slash pine,67,14.900454502470069,0.0,0.0,0.0,21
TM36906_Union_O4,36906,289515773489998,Union,Corporate/Other Private,4,142,Slash pine,19,4.225502023088527,0.0,0.0,0.0,21
TM36906_Union_O8,36906,289515773489998,Union,Local,8,142,Slash pine,10,2.223948433204488,0.0,0.0,0.0,21
TM36908_Baker_O3,36908,289515776489998,Baker,Family Forest,3,514,Southern scrub oak,1,0.2223948433204488,0.0,0.0,0.0,52
TM43217_Suwannee_O7,43217,374861587489998,Suwannee,State,7,514,Southern scrub oak,1,0.2223948433204488,0.0,0.0,0.0,67
TM43218_Baker_O3,43218,374861589489998,Baker,Family Forest,3,608,Sweetbay / swamp tupelo / red maple,7,1.5567639032431415,0.0,0.0,0.0,15
TM43218_Baker_O4,43218,374861589489998,Baker,Corporate/Other Private,4,608,Sweetbay / swamp tupelo / red maple,2,0.4447896866408976,0.0,0.0,0.0,15
TM43218_Columbia_O3,43218,374861589489998,Columbia,Family Forest,3,608,Sweetbay / swamp tupelo / red maple,2,0.4447896866408976,0.0,0.0,0.0,15
TM43218_Hamilton_O3,43218,374861589489998,Hamilton,Family Forest,3,608,Sweetbay / swamp tupelo / red maple,1,0.2223948433204488,0.0,0.0,0.0,15
TM43218_Suwannee_O3,43218,374861589489998,Suwannee,Family Forest,3,608,Sweetbay / swamp tupelo / red maple,3,0.6671845299613464,0.0,0.0,0.0,15
TM43218_Suwannee_O4,43218,374861589489998,Suwannee,Corporate/Other Private,4,608,Sweetbay / swamp tupelo / red maple,3,0.6671845299613464,0.0,0.0,0.0,15
TM43218_Union_O3,43218,374861589489998,Union,Family Forest,3,608,Sweetbay / swamp tupelo / red maple,4,0.8895793732817951,0.0,0.0,0.0,15
TM43217_Columbia_O4,43217,374861587489998,Columbia,Corporate/Other Private,4,514,Southern scrub oak,11,2.446343276524937,0.0,0.0,0.0,67
TM43217_Columbia_O8,43217,374861587489998,Columbia,Local,8,514,Southern scrub oak,13,2.891132963165834,0.0,0.0,0.0,67
TM43217_Hamilton_O3,43217,374861587489998,Hamilton,Family Forest,3,514,Southern scrub oak,40,8.895793732817951,0.0,0.0,0.0,67
TM43217_Hamilton_O4,43217,374861587489998,Hamilton,Corporate/Other Private,4,514,Southern scrub oak,198,44.03417897744886,0.0,0.0,0.0,67
TM43217_Suwannee_O3,43217,374861587489998,Suwannee,Family Forest,3,514,Southern scrub oak,62,13.788480285867825,0.0,0.0,0.0,67
TM43217_Suwannee_O4,43217,374861587489998,Suwannee,Corporate/Other Private,4,514,Southern scrub oak,9,2.001553589884039,0.0,0.0,0.0,67
TM43217_Union_O3,43217,374861587489998,Union,Family Forest,3,514,Southern scrub oak,4,0.8895793732817951,0.0,0.0,0.0,67
TM47366_Baker_O4,47366,433062557489998,Baker,Corporate/Other Private,4,602,Sweetgum / Nuttall oak / willow oak,15,3.335922649806732,0.0,0.0,0.0,20
TM47366_Baker_O6,47366,433062557489998,Baker,Federal,6,602,Sweetgum / Nuttall oak / willow oak,1,0.2223948433204488,0.0,0.0,0.0,20
TM47366_Columbia_O6,47366,433062557489998,Columbia,Federal,6,602,Sweetgum / Nuttall oak / willow oak,32,7.116634986254361,0.0,0.0,0.0,20
TM47553_Suwannee_O4,47553,443866042489998,Suwannee,Corporate/Other Private,4,406,Loblolly pine / hardwood,1,0.2223948433204488,0.0,0.0,0.0,25
TM47617_Columbia_O6,47617,443867435489998,Columbia,Federal,6,406,Loblolly pine / hardwood,9,2.001553589884039,0.0,0.0,0.0,65
TM45497_Baker_O8,45497,386113727489998,Baker,Local,8,406,Loblolly pine / hardwood,2,0.4447896866408976,0.0,0.0,0.0,52
TM45497_Columbia_O4,45497,386113727489998,Columbia,Corporate/Other Private,4,406,Loblolly pine / hardwood,9,2.001553589884039,0.0,0.0,0.0,52
TM45497_Columbia_O8,45497,386113727489998,Columbia,Local,8,406,Loblolly pine / hardwood,2,0.4447896866408976,0.0,0.0,0.0,52
TM45497_Suwannee_O3,45497,386113727489998,Suwannee,Family Forest,3,406,Loblolly pine / hardwood,3,0.6671845299613464,0.0,0.0,0.0,52
TM45497_Suwannee_O4,45497,386113727489998,Suwannee,Corporate/Other Private,4,406,Loblolly pine / hardwood,5,1.111974216602244,0.0,0.0,0.0,52
TM45497_Union_O3,45497,386113727489998,Union,Family Forest,3,406,Loblolly pine / hardwood,1,0.2223948433204488,0.0,0.0,0.0,52
TM48445_Columbia_O7,48445,448939642489998,Columbia,State,7,161,Loblolly pine,190,42.25502023088527,0.0,0.0,0.0,59
TM36896_Suwannee_O6,36896,289515723489998,Suwannee,Federal,6,508,Sweetgum / yellow-poplar,2,0.4447896866408976,0.0,0.0,0.0,15
TM48445_Suwannee_O3,48445,448939642489998,Suwannee,Family Forest,3,161,Loblolly pine,26,5.782265926331668,0.0,0.0,0.0,59
TM48445_Suwannee_O4,48445,448939642489998,Suwannee,Corporate/Other Private,4,161,Loblolly pine,14,3.113527806486283,0.0,0.0,0.0,59
TM48431_Columbia_O3,48431,448939595489998,Columbia,Family Forest,3,161,Loblolly pine,1,0.2223948433204488,0.0,0.0,0.0,38
TM48431_Suwannee_O3,48431,448939595489998,Suwannee,Family Forest,3,161,Loblolly pine,1,0.2223948433204488,0.0,0.0,0.0,38
TM48445_Baker_O7,48445,448939642489998,Baker,State,7,161,Loblolly pine,2,0.4447896866408976,0.0,0.0,0.0,59
TM48445_Columbia_O4,48445,448939642489998,Columbia,Corporate/Other Private,4,161,Loblolly pine,1660,369.175439911945,0.0,0.0,0.0,59
TM48429_Suwannee_O8,48429,448939593489998,Suwannee,Local,8,608,Sweetbay / swamp tupelo / red maple,3,0.6671845299613464,0.0,0.0,0.0,75
TM48429_Union_O4,48429,448939593489998,Union,Corporate/Other Private,4,608,Sweetbay / swamp tupelo / red maple,35,7.783819516215708,0.0,0.0,0.0,75
TM48429_Union_O7,48429,448939593489998,Union,State,7,608,Sweetbay / swamp tupelo / red maple,1,0.2223948433204488,0.0,0.0,0.0,75
TM48430_Baker_O6,48430,448939594489998,Baker,Federal,6,608,Sweetbay / swamp tupelo / red maple,152,33.80401618470822,0.0,0.0,0.0,50
TM48430_Columbia_O6,48430,448939594489998,Columbia,Federal,6,608,Sweetbay / swamp tupelo / red maple,2,0.4447896866408976,0.0,0.0,0.0,50
TM48430_Union_O3,48430,448939594489998,Union,Family Forest,3,608,Sweetbay / swamp tupelo / red maple,9,2.001553589884039,0.0,0.0,0.0,50
TM48429_Columbia_O6,48429,448939593489998,Columbia,Federal,6,608,Sweetbay / swamp tupelo / red maple,1672,371.84417803179036,0.0,0.0,0.0,75
TM48445_Hamilton_O4,48445,448939642489998,Hamilton,Corporate/Other Private,4,161,Loblolly pine,207,46.0357325673329,0.0,0.0,0.0,59
TM45047_Hamilton_O6,45047,385730105489998,Hamilton,Federal,6,520,Mixed upland hardwoods,24,5.337476239690771,0.0,0.0,0.0,75
TM45047_Hamilton_O8,45047,385730105489998,Hamilton,Local,8,520,Mixed upland hardwoods,16,3.5583174931271806,0.0,0.0,0.0,75
TM45047_Suwannee_O6,45047,385730105489998,Suwannee,Federal,6,520,Mixed upland hardwoods,2,0.4447896866408976,0.0,0.0,0.0,75
TM45047_Suwannee_O8,45047,385730105489998,Suwannee,Local,8,520,Mixed upland hardwoods,28,6.227055612972566,0.0,0.0,0.0,75
TM47640_Baker_O3,47640,443867517489998,Baker,Family Forest,3,705,Sycamore / pecan / American elm,1,0.2223948433204488,0.0,0.0,0.0,25
TM47640_Baker_O4,47640,443867517489998,Baker,Corporate/Other Private,4,705,Sycamore / pecan / American elm,6,1.3343690599226927,0.0,0.0,0.0,25
TM48424_Baker_O3,48424,448938249489998,Baker,Family Forest,3,520,Mixed upland hardwoods,3,0.6671845299613464,0.0,0.0,0.0,31
TM48424_Baker_O4,48424,448938249489998,Baker,Corporate/Other Private,4,520,Mixed upland hardwoods,2,0.4447896866408976,0.0,0.0,0.0,31
TM48429_Baker_O3,48429,448939593489998,Baker,Family Forest,3,608,Sweetbay / swamp tupelo / red maple,8,1.7791587465635903,0.0,0.0,0.0,75
TM48429_Baker_O4,48429,448939593489998,Baker,Corporate/Other Private,4,608,Sweetbay / swamp tupelo / red maple,31,6.894240142933913,0.0,0.0,0.0,75
TM47617_Columbia_O7,47617,443867435489998,Columbia,State,7,406,Loblolly pine / hardwood,3,0.6671845299613464,0.0,0.0,0.0,65
TM47617_Hamilton_O3,47617,443867435489998,Hamilton,Family Forest,3,406,Loblolly pine / hardwood,2,0.4447896866408976,0.0,0.0,0.0,65
TM47617_Union_O4,47617,443867435489998,Union,Corporate/Other Private,4,406,Loblolly pine / hardwood,12,2.6687381198453854,0.0,0.0,0.0,65
TM36828_Baker_O3,36828,289515362489998,Baker,Family Forest,3,403,Longleaf pine / oak,38,8.451004046177054,0.0,0.0,0.0,56
TM36828_Baker_O4,36828,289515362489998,Baker,Corporate/Other Private,4,403,Longleaf pine / oak,127,28.244145101696997,0.0,0.0,0.0,56
TM36823_Columbia_O7,36823,289515330489998,Columbia,State,7,142,Slash pine,13,2.891132963165834,0.0,0.0,0.0,87
TM36846_Union_O3,36846,289515437489998,Union,Family Forest,3,403,Longleaf pine / oak,3,0.6671845299613464,0.0,0.0,0.0,35
TM36846_Union_O4,36846,289515437489998,Union,Corporate/Other Private,4,403,Longleaf pine / oak,5,1.111974216602244,0.0,0.0,0.0,35
TM36847_Columbia_O3,36847,289515438489998,Columbia,Family Forest,3,161,Loblolly pine,14,3.113527806486283,0.0,0.0,0.0,18
TM36847_Columbia_O4,36847,289515438489998,Columbia,Corporate/Other Private,4,161,Loblolly pine,14,3.113527806486283,0.0,0.0,0.0,18
TM36844_Columbia_O4,36844,289515430489998,Columbia,Corporate/Other Private,4,161,Loblolly pine,45,10.007767949420195,0.0,0.0,0.0,77
TM36844_Columbia_O8,36844,289515430489998,Columbia,Local,8,161,Loblolly pine,2,0.4447896866408976,0.0,0.0,0.0,77
TM36844_Hamilton_O3,36844,289515430489998,Hamilton,Family Forest,3,161,Loblolly pine,123,27.3545657284152,0.0,0.0,0.0,77
TM36844_Hamilton_O4,36844,289515430489998,Hamilton,Corporate/Other Private,4,161,Loblolly pine,16,3.5583174931271806,0.0,0.0,0.0,77
TM36844_Hamilton_O8,36844,289515430489998,Hamilton,Local,8,161,Loblolly pine,1,0.2223948433204488,0.0,0.0,0.0,77
TM36844_Suwannee_O4,36844,289515430489998,Suwannee,Corporate/Other Private,4,161,Loblolly pine,49,10.897347322701991,0.0,0.0,0.0,77
TM47617_Hamilton_O4,47617,443867435489998,Hamilton,Corporate/Other Private,4,406,Loblolly pine / hardwood,8,1.7791587465635903,0.0,0.0,0.0,65
TM48458_Columbia_O8,48458,448939667489998,Columbia,Local,8,142,Slash pine,9,2.001553589884039,0.0,0.0,0.0,36
TM48492_Hamilton_O3,48492,448939790489998,Hamilton,Family Forest,3,166,Pond pine,2,0.4447896866408976,0.0,0.0,0.0,81
TM48492_Hamilton_O4,48492,448939790489998,Hamilton,Corporate/Other Private,4,166,Pond pine,1,0.2223948433204488,0.0,0.0,0.0,81
TM48492_Suwannee_O3,48492,448939790489998,Suwannee,Family Forest,3,166,Pond pine,7,1.5567639032431415,0.0,0.0,0.0,81
TM48500_Baker_O6,48500,448939819489998,Baker,Federal,6,142,Slash pine,1,0.2223948433204488,0.0,0.0,0.0,3
TM48500_Columbia_O4,48500,448939819489998,Columbia,Corporate/Other Private,4,142,Slash pine,1,0.2223948433204488,0.0,0.0,0.0,3
TM48480_Union_O3,48480,448939748489998,Union,Family Forest,3,514,Southern scrub oak,1,0.2223948433204488,0.0,0.0,0.0,32
TM48491_Columbia_O3,48491,448939789489998,Columbia,Family Forest,3,406,Loblolly pine / hardwood,6,1.3343690599226927,0.0,0.0,0.0,70
TM48491_Suwannee_O3,48491,448939789489998,Suwannee,Family Forest,3,406,Loblolly pine / hardwood,30,6.671845299613464,0.0,0.0,0.0,70
TM48491_Suwannee_O4,48491,448939789489998,Suwannee,Corporate/Other Private,4,406,Loblolly pine / hardwood,2,0.4447896866408976,0.0,0.0,0.0,70
TM48491_Union_O3,48491,448939789489998,Union,Family Forest,3,406,Loblolly pine / hardwood,16,3.5583174931271806,0.0,0.0,0.0,70
TM48492_Baker_O3,48492,448939790489998,Baker,Family Forest,3,166,Pond pine,1,0.2223948433204488,0.0,0.0,0.0,81
TM48429_Columbia_O7,48429,448939593489998,Columbia,State,7,608,Sweetbay / swamp tupelo / red maple,2,0.4447896866408976,0.0,0.0,0.0,75
TM36821_Hamilton_O6,36821,289515327489998,Hamilton,Federal,6,609,Baldcypress / pondcypress,1,0.2223948433204488,0.0,0.0,0.0,37
TM36820_Suwannee_O3,36820,289515326489998,Suwannee,Family Forest,3,141,Longleaf pine,17,3.780712336447629,0.0,0.0,0.0,82
TM36820_Suwannee_O4,36820,289515326489998,Suwannee,Corporate/Other Private,4,141,Longleaf pine,4,0.8895793732817951,0.0,0.0,0.0,82
TM36820_Suwannee_O7,36820,289515326489998,Suwannee,State,7,141,Longleaf pine,1,0.2223948433204488,0.0,0.0,0.0,82
TM36820_Union_O3,36820,289515326489998,Union,Family Forest,3,141,Longleaf pine,6,1.3343690599226927,0.0,0.0,0.0,82
TM36820_Union_O4,36820,289515326489998,Union,Corporate/Other Private,4,141,Longleaf pine,2,0.4447896866408976,0.0,0.0,0.0,82
TM36821_Baker_O3,36821,289515327489998,Baker,Family Forest,3,609,Baldcypress / pondcypress,102,22.684274018685777,0.0,0.0,0.0,37
TM36821_Baker_O4,36821,289515327489998,Baker,Corporate/Other Private,4,609,Baldcypress / pondcypress,262,58.26744894995758,0.0,0.0,0.0,37
TM36821_Baker_O6,36821,289515327489998,Baker,Federal,6,609,Baldcypress / pondcypress,33,7.33902982957481,0.0,0.0,0.0,37
TM36820_Baker_O6,36820,289515326489998,Baker,Federal,6,141,Longleaf pine,1,0.2223948433204488,0.0,0.0,0.0,82
TM36820_Columbia_O3,36820,289515326489998,Columbia,Family Forest,3,141,Longleaf pine,45,10.007767949420195,0.0,0.0,0.0,82
TM36820_Columbia_O4,36820,289515326489998,Columbia,Corporate/Other Private,4,141,Longleaf pine,20,4.447896866408976,0.0,0.0,0.0,82
TM36820_Columbia_O6,36820,289515326489998,Columbia,Federal,6,141,Longleaf pine,6,1.3343690599226927,0.0,0.0,0.0,82
TM48492_Columbia_O3,48492,448939790489998,Columbia,Family Forest,3,166,Pond pine,18,4.003107179768078,0.0,0.0,0.0,81
TM48429_Hamilton_O4,48429,448939593489998,Hamilton,Corporate/Other Private,4,608,Sweetbay / swamp tupelo / red maple,183,40.69825632764213,0.0,0.0,0.0,75
TM48429_Hamilton_O7,48429,448939593489998,Hamilton,State,7,608,Sweetbay / swamp tupelo / red maple,6,1.3343690599226927,0.0,0.0,0.0,75
TM48477_Suwannee_O3,48477,448939744489998,Suwannee,Family Forest,3,520,Mixed upland hardwoods,21,4.670291709729424,0.0,0.0,0.0,35
TM48477_Suwannee_O4,48477,448939744489998,Suwannee,Corporate/Other Private,4,520,Mixed upland hardwoods,6,1.3343690599226927,0.0,0.0,0.0,35
TM48477_Union_O3,48477,448939744489998,Union,Family Forest,3,520,Mixed upland hardwoods,3,0.6671845299613464,0.0,0.0,0.0,35
TM48479_Baker_O3,48479,448939747489998,Baker,Family Forest,3,520,Mixed upland hardwoods,28,6.227055612972566,0.0,0.0,0.0,20
TM48479_Baker_O4,48479,448939747489998,Baker,Corporate/Other Private,4,520,Mixed upland hardwoods,5,1.111974216602244,0.0,0.0,0.0,20
TM48479_Baker_O8,48479,448939747489998,Baker,Local,8,520,Mixed upland hardwoods,2,0.4447896866408976,0.0,0.0,0.0,20
TM48479_Columbia_O3,48479,448939747489998,Columbia,Family Forest,3,520,Mixed upland hardwoods,79,17.569192622315455,0.0,0.0,0.0,20
TM48479_Columbia_O4,48479,448939747489998,Columbia,Corporate/Other Private,4,520,Mixed upland hardwoods,34,7.561424672895258,0.0,0.0,0.0,20
TM48477_Columbia_O3,48477,448939744489998,Columbia,Family Forest,3,520,Mixed upland hardwoods,26,5.782265926331668,0.0,0.0,0.0,35
TM48477_Columbia_O4,48477,448939744489998,Columbia,Corporate/Other Private,4,520,Mixed upland hardwoods,106,23.57385339196757,0.0,0.0,0.0,35
TM48458_Columbia_O4,48458,448939667489998,Columbia,Corporate/Other Private,4,142,Slash pine,80,17.791587465635903,0.0,0.0,0.0,36
TM48477_Columbia_O8,48477,448939744489998,Columbia,Local,8,520,Mixed upland hardwoods,66,14.67805965914962,0.0,0.0,0.0,35
TM48477_Hamilton_O4,48477,448939744489998,Hamilton,Corporate/Other Private,4,520,Mixed upland hardwoods,16,3.5583174931271806,0.0,0.0,0.0,35
TM48458_Suwannee_O3,48458,448939667489998,Suwannee,Family Forest,3,142,Slash pine,426,94.74020325451119,0.0,0.0,0.0,36
TM48458_Suwannee_O4,48458,448939667489998,Suwannee,Corporate/Other Private,4,142,Slash pine,158,35.13838524463091,0.0,0.0,0.0,36
TM48458_Suwannee_O8,48458,448939667489998,Suwannee,Local,8,142,Slash pine,1,0.2223948433204488,0.0,0.0,0.0,36
TM48458_Union_O3,48458,448939667489998,Union,Family Forest,3,142,Slash pine,32,7.116634986254361,0.0,0.0,0.0,36
TM48477_Baker_O8,48477,448939744489998,Baker,Local,8,520,Mixed upland hardwoods,1,0.2223948433204488,0.0,0.0,0.0,35
TM48450_Columbia_O3,48450,448939649489998,Columbia,Family Forest,3,609,Baldcypress / pondcypress,14,3.113527806486283,0.0,0.0,0.0,87
TM48450_Columbia_O8,48450,448939649489998,Columbia,Local,8,609,Baldcypress / pondcypress,1,0.2223948433204488,0.0,0.0,0.0,87
TM48450_Suwannee_O3,48450,448939649489998,Suwannee,Family Forest,3,609,Baldcypress / pondcypress,13,2.891132963165834,0.0,0.0,0.0,87
TM48450_Union_O3,48450,448939649489998,Union,Family Forest,3,609,Baldcypress / pondcypress,1,0.2223948433204488,0.0,0.0,0.0,87
TM48458_Baker_O4,48458,448939667489998,Baker,Corporate/Other Private,4,142,Slash pine,39,8.673398889497502,0.0,0.0,0.0,36
TM48458_Columbia_O3,48458,448939667489998,Columbia,Family Forest,3,142,Slash pine,352,78.28298484879798,0.0,0.0,0.0,36
TM48477_Columbia_O7,48477,448939744489998,Columbia,State,7,520,Mixed upland hardwoods,1,0.2223948433204488,0.0,0.0,0.0,35
TM43324_Baker_O3,43324,374862329489998,Baker,Family Forest,3,142,Slash pine,10,2.223948433204488,0.0,0.0,0.0,40
TM43321_Columbia_O4,43321,374862323489998,Columbia,Corporate/Other Private,4,141,Longleaf pine,1,0.2223948433204488,0.0,0.0,0.0,55
TM43321_Columbia_O8,43321,374862323489998,Columbia,Local,8,141,Longleaf pine,1,0.2223948433204488,0.0,0.0,0.0,55
TM43323_Baker_O3,43323,374862325489998,Baker,Family Forest,3,141,Longleaf pine,32,7.116634986254361,0.0,0.0,0.0,85
TM43323_Baker_O4,43323,374862325489998,Baker,Corporate/Other Private,4,141,Longleaf pine,10,2.223948433204488,0.0,0.0,0.0,85
TM43323_Baker_O8,43323,374862325489998,Baker,Local,8,141,Longleaf pine,2,0.4447896866408976,0.0,0.0,0.0,85
TM43323_Columbia_O3,43323,374862325489998,Columbia,Family Forest,3,141,Longleaf pine,1,0.2223948433204488,0.0,0.0,0.0,85
TM43323_Columbia_O4,43323,374862325489998,Columbia,Corporate/Other Private,4,141,Longleaf pine,6,1.3343690599226927,0.0,0.0,0.0,85
TM43315_Suwannee_O7,43315,374862210489998,Suwannee,State,7,407,Slash pine / hardwood,5,1.111974216602244,0.0,0.0,0.0,41
TM43315_Suwannee_O8,43315,374862210489998,Suwannee,Local,8,407,Slash pine / hardwood,16,3.5583174931271806,0.0,0.0,0.0,41
TM43315_Union_O8,43315,374862210489998,Union,Local,8,407,Slash pine / hardwood,1,0.2223948433204488,0.0,0.0,0.0,41
TM43321_Baker_O4,43321,374862323489998,Baker,Corporate/Other Private,4,141,Longleaf pine,1,0.2223948433204488,0.0,0.0,0.0,55
TM45048_Hamilton_O4,45048,385730126489998,Hamilton,Corporate/Other Private,4,520,Mixed upland hardwoods,23,5.115081396370322,0.0,0.0,0.0,8
TM43315_Hamilton_O8,43315,374862210489998,Hamilton,Local,8,407,Slash pine / hardwood,11,2.446343276524937,0.0,0.0,0.0,41
TM43315_Suwannee_O6,43315,374862210489998,Suwannee,Federal,6,407,Slash pine / hardwood,7,1.5567639032431415,0.0,0.0,0.0,41
TM43336_Hamilton_O7,43336,374862361489998,Hamilton,State,7,141,Longleaf pine,1,0.2223948433204488,0.0,0.0,0.0,70
TM43336_Union_O3,43336,374862361489998,Union,Family Forest,3,141,Longleaf pine,23,5.115081396370322,0.0,0.0,0.0,70
TM45047_Baker_O6,45047,385730105489998,Baker,Federal,6,520,Mixed upland hardwoods,1,0.2223948433204488,0.0,0.0,0.0,75
TM43326_Suwannee_O7,43326,374862340489998,Suwannee,State,7,608,Sweetbay / swamp tupelo / red maple,2,0.4447896866408976,0.0,0.0,0.0,45
TM43326_Union_O7,43326,374862340489998,Union,State,7,608,Sweetbay / swamp tupelo / red maple,234,52.04039333698502,0.0,0.0,0.0,45
TM36861_Columbia_O4,36861,289515533489998,Columbia,Corporate/Other Private,4,609,Baldcypress / pondcypress,2,0.4447896866408976,0.0,0.0,0.0,17
TM36853_Hamilton_O6,36853,289515485489998,Hamilton,Federal,6,602,Sweetgum / Nuttall oak / willow oak,5,1.111974216602244,0.0,0.0,0.0,20
TM36853_Suwannee_O4,36853,289515485489998,Suwannee,Corporate/Other Private,4,602,Sweetgum / Nuttall oak / willow oak,104,23.129063705326672,0.0,0.0,0.0,20
TM36853_Suwannee_O6,36853,289515485489998,Suwannee,Federal,6,602,Sweetgum / Nuttall oak / willow oak,28,6.227055612972566,0.0,0.0,0.0,20
TM36853_Suwannee_O8,36853,289515485489998,Suwannee,Local,8,602,Sweetgum / Nuttall oak / willow oak,7,1.5567639032431415,0.0,0.0,0.0,20
TM36855_Columbia_O3,36855,289515496489998,Columbia,Family Forest,3,142,Slash pine,69,15.345244189110966,0.0,0.0,0.0,23
TM43315_Hamilton_O7,43315,374862210489998,Hamilton,State,7,407,Slash pine / hardwood,61,13.566085442547376,0.0,0.0,0.0,41
TM36896_Suwannee_O7,36896,289515723489998,Suwannee,State,7,508,Sweetgum / yellow-poplar,4,0.8895793732817951,0.0,0.0,0.0,15
TM36896_Suwannee_O8,36896,289515723489998,Suwannee,Local,8,508,Sweetgum / yellow-poplar,15,3.335922649806732,0.0,0.0,0.0,15
TM36896_Union_O7,36896,289515723489998,Union,State,7,508,Sweetgum / yellow-poplar,2,0.4447896866408976,0.0,0.0,0.0,15
TM36883_Union_O3,36883,289515625489998,Union,Family Forest,3,142,Slash pine,13,2.891132963165834,0.0,0.0,0.0,30
TM36883_Union_O4,36883,289515625489998,Union,Corporate/Other Private,4,142,Slash pine,2,0.4447896866408976,0.0,0.0,0.0,30
TM36896_Columbia_O6,36896,289515723489998,Columbia,Federal,6,508,Sweetgum / yellow-poplar,22,4.892686553049874,0.0,0.0,0.0,15
TM36896_Columbia_O7,36896,289515723489998,Columbia,State,7,508,Sweetgum / yellow-poplar,17,3.780712336447629,0.0,0.0,0.0,15
TM36896_Columbia_O8,36896,289515723489998,Columbia,Local,8,508,Sweetgum / yellow-poplar,75,16.679613249033657,0.0,0.0,0.0,15
TM43292_Union_O7,43292,374861938489998,Union,State,7,142,Slash pine,25,5.5598710830112195,0.0,0.0,0.0,22
TM43292_Union_O8,43292,374861938489998,Union,Local,8,142,Slash pine,3,0.6671845299613464,0.0,0.0,0.0,22
TM43293_Columbia_O3,43293,374861939489998,Columbia,Family Forest,3,602,Sweetgum / Nuttall oak / willow oak,24,5.337476239690771,0.0,0.0,0.0,90
TM43293_Columbia_O7,43293,374861939489998,Columbia,State,7,602,Sweetgum / Nuttall oak / willow oak,17,3.780712336447629,0.0,0.0,0.0,90
TM43323_Union_O7,43323,374862325489998,Union,State,7,141,Longleaf pine,6,1.3343690599226927,0.0,0.0,0.0,85
TM43292_Baker_O4,43292,374861938489998,Baker,Corporate/Other Private,4,142,Slash pine,34,7.561424672895258,0.0,0.0,0.0,22
TM43292_Baker_O7,43292,374861938489998,Baker,State,7,142,Slash pine,2,0.4447896866408976,0.0,0.0,0.0,22
TM43292_Baker_O8,43292,374861938489998,Baker,Local,8,142,Slash pine,9,2.001553589884039,0.0,0.0,0.0,22
TM43292_Columbia_O3,43292,374861938489998,Columbia,Family Forest,3,142,Slash pine,2,0.4447896866408976,0.0,0.0,0.0,22
TM43292_Columbia_O4,43292,374861938489998,Columbia,Corporate/Other Private,4,142,Slash pine,4,0.8895793732817951,0.0,0.0,0.0,22
TM43292_Columbia_O8,43292,374861938489998,Columbia,Local,8,142,Slash pine,1,0.2223948433204488,0.0,0.0,0.0,22
TM43292_Hamilton_O4,43292,374861938489998,Hamilton,Corporate/Other Private,4,142,Slash pine,11,2.446343276524937,0.0,0.0,0.0,22
TM43323_Columbia_O8,43323,374862325489998,Columbia,Local,8,141,Longleaf pine,13,2.891132963165834,0.0,0.0,0.0,85
TM43323_Hamilton_O4,43323,374862325489998,Hamilton,Corporate/Other Private,4,141,Longleaf pine,1,0.2223948433204488,0.0,0.0,0.0,85
TM43323_Suwannee_O3,43323,374862325489998,Suwannee,Family Forest,3,141,Longleaf pine,1,0.2223948433204488,0.0,0.0,0.0,85
TM43323_Suwannee_O4,43323,374862325489998,Suwannee,Corporate/Other Private,4,141,Longleaf pine,2,0.4447896866408976,0.0,0.0,0.0,85
TM43323_Union_O3,43323,374862325489998,Union,Family Forest,3,141,Longleaf pine,10,2.223948433204488,0.0,0.0,0.0,85
TM43323_Union_O4,43323,374862325489998,Union,Corporate/Other Private,4,141,Longleaf pine,5,1.111974216602244,0.0,0.0,0.0,85
TM43294_Baker_O6,43294,374861940489998,Baker,Federal,6,406,Loblolly pine / hardwood,1,0.2223948433204488,0.0,0.0,0.0,38
TM45048_Hamilton_O3,45048,385730126489998,Hamilton,Family Forest,3,520,Mixed upland hardwoods,6,1.3343690599226927,0.0,0.0,0.0,8
TM36846_Columbia_O3,36846,289515437489998,Columbia,Family Forest,3,403,Longleaf pine / oak,3,0.6671845299613464,0.0,0.0,0.0,35
TM36841_Columbia_O4,36841,289515421489998,Columbia,Corporate/Other Private,4,608,Sweetbay / swamp tupelo / red maple,123,27.3545657284152,0.0,0.0,0.0,35
TM36841_Columbia_O7,36841,289515421489998,Columbia,State,7,608,Sweetbay / swamp tupelo / red maple,15,3.335922649806732,0.0,0.0,0.0,35
TM36841_Columbia_O8,36841,289515421489998,Columbia,Local,8,608,Sweetbay / swamp tupelo / red maple,65,14.455664815829172,0.0,0.0,0.0,35
TM36841_Hamilton_O4,36841,289515421489998,Hamilton,Corporate/Other Private,4,608,Sweetbay / swamp tupelo / red maple,9,2.001553589884039,0.0,0.0,0.0,35
TM36841_Union_O3,36841,289515421489998,Union,Family Forest,3,608,Sweetbay / swamp tupelo / red maple,26,5.782265926331668,0.0,0.0,0.0,35
TM36842_Baker_O4,36842,289515425489998,Baker,Corporate/Other Private,4,403,Longleaf pine / oak,7,1.5567639032431415,0.0,0.0,0.0,72
TM36844_Columbia_O3,36844,289515430489998,Columbia,Family Forest,3,161,Loblolly pine,16,3.5583174931271806,0.0,0.0,0.0,77
TM36830_Union_O8,36830,289515366489998,Union,Local,8,520,Mixed upland hardwoods,9,2.001553589884039,0.0,0.0,0.0,69
TM36840_Union_O4,36840,289515419489998,Union,Corporate/Other Private,4,520,Mixed upland hardwoods,1,0.2223948433204488,0.0,0.0,0.0,58
TM36841_Baker_O4,36841,289515421489998,Baker,Corporate/Other Private,4,608,Sweetbay / swamp tupelo / red maple,13,2.891132963165834,0.0,0.0,0.0,35
TM36855_Columbia_O4,36855,289515496489998,Columbia,Corporate/Other Private,4,142,Slash pine,3,0.6671845299613464,0.0,0.0,0.0,23
TM36861_Columbia_O8,36861,289515533489998,Columbia,Local,8,609,Baldcypress / pondcypress,1,0.2223948433204488,0.0,0.0,0.0,17
TM36861_Suwannee_O3,36861,289515533489998,Suwannee,Family Forest,3,609,Baldcypress / pondcypress,8,1.7791587465635903,0.0,0.0,0.0,17
TM36861_Suwannee_O4,36861,289515533489998,Suwannee,Corporate/Other Private,4,609,Baldcypress / pondcypress,1,0.2223948433204488,0.0,0.0,0.0,17
TM36861_Suwannee_O8,36861,289515533489998,Suwannee,Local,8,609,Baldcypress / pondcypress,2,0.4447896866408976,0.0,0.0,0.0,17
TM36863_Columbia_O4,36863,289515538489998,Columbia,Corporate/Other Private,4,142,Slash pine,4,0.8895793732817951,0.0,0.0,0.0,53
TM36863_Suwannee_O3,36863,289515538489998,Suwannee,Family Forest,3,142,Slash pine,1,0.2223948433204488,0.0,0.0,0.0,53
TM36863_Suwannee_O4,36863,289515538489998,Suwannee,Corporate/Other Private,4,142,Slash pine,2,0.4447896866408976,0.0,0.0,0.0,53
TM36855_Suwannee_O3,36855,289515496489998,Suwannee,Family Forest,3,142,Slash pine,3284,730.3446654643539,0.0,0.0,0.0,23
TM36855_Suwannee_O4,36855,289515496489998,Suwannee,Corporate/Other Private,4,142,Slash pine,847,188.36843229242012,0.0,0.0,0.0,23
TM36855_Suwannee_O7,36855,289515496489998,Suwannee,State,7,142,Slash pine,44,9.785373106099748,0.0,0.0,0.0,23
TM36855_Suwannee_O8,36855,289515496489998,Suwannee,Local,8,142,Slash pine,4,0.8895793732817951,0.0,0.0,0.0,23
TM36859_Hamilton_O4,36859,289515526489998,Hamilton,Corporate/Other Private,4,161,Loblolly pine,499,110.97502681690395,0.0,0.0,0.0,36
TM36861_Columbia_O3,36861,289515533489998,Columbia,Family Forest,3,609,Baldcypress / pondcypress,25,5.5598710830112195,0.0,0.0,0.0,17
TM36841_Columbia_O3,36841,289515421489998,Columbia,Family Forest,3,608,Sweetbay / swamp tupelo / red maple,5,1.111974216602244,0.0,0.0,0.0,35
TM36849_Baker_O6,36849,289515455489998,Baker,Federal,6,141,Longleaf pine,4,0.8895793732817951,0.0,0.0,0.0,36
TM36849_Columbia_O6,36849,289515455489998,Columbia,Federal,6,141,Longleaf pine,1,0.2223948433204488,0.0,0.0,0.0,36
TM36853_Baker_O4,36853,289515485489998,Baker,Corporate/Other Private,4,602,Sweetgum / Nuttall oak / willow oak,12,2.6687381198453854,0.0,0.0,0.0,20
TM36872_Suwannee_O4,36872,289515568489998,Suwannee,Corporate/Other Private,4,142,Slash pine,8,1.7791587465635903,0.0,0.0,0.0,11
TM36872_Union_O3,36872,289515568489998,Union,Family Forest,3,142,Slash pine,2,0.4447896866408976,0.0,0.0,0.0,11
TM36872_Union_O4,36872,289515568489998,Union,Corporate/Other Private,4,142,Slash pine,1,0.2223948433204488,0.0,0.0,0.0,11
TM36872_Union_O8,36872,289515568489998,Union,Local,8,142,Slash pine,4,0.8895793732817951,0.0,0.0,0.0,11
TM36873_Baker_O4,36873,289515570489998,Baker,Corporate/Other Private,4,142,Slash pine,28,6.227055612972566,0.0,0.0,0.0,15
TM36873_Columbia_O3,36873,289515570489998,Columbia,Family Forest,3,142,Slash pine,354,78.72777453543887,0.0,0.0,0.0,15
TM36871_Hamilton_O4,36871,289515563489998,Hamilton,Corporate/Other Private,4,161,Loblolly pine,498,110.75263197358349,0.0,0.0,0.0,12
TM36871_Hamilton_O8,36871,289515563489998,Hamilton,Local,8,161,Loblolly pine,21,4.670291709729424,0.0,0.0,0.0,12
TM36872_Columbia_O3,36872,289515568489998,Columbia,Family Forest,3,142,Slash pine,5,1.111974216602244,0.0,0.0,0.0,11
TM36872_Columbia_O4,36872,289515568489998,Columbia,Corporate/Other Private,4,142,Slash pine,1,0.2223948433204488,0.0,0.0,0.0,11
TM45048_Baker_O4,45048,385730126489998,Baker,Corporate/Other Private,4,520,Mixed upland hardwoods,10,2.223948433204488,0.0,0.0,0.0,8
TM36872_Columbia_O8,36872,289515568489998,Columbia,Local,8,142,Slash pine,1,0.2223948433204488,0.0,0.0,0.0,11
TM36872_Hamilton_O3,36872,289515568489998,Hamilton,Family Forest,3,142,Slash pine,6,1.3343690599226927,0.0,0.0,0.0,11
TM43326_Columbia_O7,43326,374862340489998,Columbia,State,7,608,Sweetbay / swamp tupelo / red maple,2,0.4447896866408976,0.0,0.0,0.0,45
TM43326_Hamilton_O7,43326,374862340489998,Hamilton,State,7,608,Sweetbay / swamp tupelo / red maple,12,2.6687381198453854,0.0,0.0,0.0,45
TM43324_Baker_O4,43324,374862329489998,Baker,Corporate/Other Private,4,142,Slash pine,100,22.239484332044878,0.0,0.0,0.0,40
TM43325_Union_O4,43325,374862331489998,Union,Corporate/Other Private,4,141,Longleaf pine,5,1.111974216602244,0.0,0.0,0.0,85
TM43326_Baker_O6,43326,374862340489998,Baker,Federal,6,608,Sweetbay / swamp tupelo / red maple,9,2.001553589884039,0.0,0.0,0.0,45
TM43326_Baker_O7,43326,374862340489998,Baker,State,7,608,Sweetbay / swamp tupelo / red maple,1,0.2223948433204488,0.0,0.0,0.0,45
TM43326_Baker_O8,43326,374862340489998,Baker,Local,8,608,Sweetbay / swamp tupelo / red maple,117,26.02019666849251,0.0,0.0,0.0,45
TM45048_Union_O3,45048,385730126489998,Union,Family Forest,3,520,Mixed upland hardwoods,33,7.33902982957481,0.0,0.0,0.0,8
TM45048_Union_O7,45048,385730126489998,Union,State,7,520,Mixed upland hardwoods,2,0.4447896866408976,0.0,0.0,0.0,8
TM45395_Hamilton_O3,45395,386107026489998,Hamilton,Family Forest,3,608,Sweetbay / swamp tupelo / red maple,2,0.4447896866408976,0.0,0.0,0.0,20
TM45048_Baker_O3,45048,385730126489998,Baker,Family Forest,3,520,Mixed upland hardwoods,26,5.782265926331668,0.0,0.0,0.0,8
TM36872_Columbia_O6,36872,289515568489998,Columbia,Federal,6,142,Slash pine,1,0.2223948433204488,0.0,0.0,0.0,11
TM43046_Suwannee_O4,43046,374860898489998,Suwannee,Corporate/Other Private,4,406,Loblolly pine / hardwood,11,2.446343276524937,0.0,0.0,0.0,12
TM43046_Suwannee_O7,43046,374860898489998,Suwannee,State,7,406,Loblolly pine / hardwood,1,0.2223948433204488,0.0,0.0,0.0,12
TM43049_Columbia_O3,43049,374860902489998,Columbia,Family Forest,3,520,Mixed upland hardwoods,4,0.8895793732817951,0.0,0.0,0.0,16
TM43049_Columbia_O4,43049,374860902489998,Columbia,Corporate/Other Private,4,520,Mixed upland hardwoods,3,0.6671845299613464,0.0,0.0,0.0,16
TM43049_Columbia_O8,43049,374860902489998,Columbia,Local,8,520,Mixed upland hardwoods,1,0.2223948433204488,0.0,0.0,0.0,16
TM43049_Hamilton_O3,43049,374860902489998,Hamilton,Family Forest,3,520,Mixed upland hardwoods,19,4.225502023088527,0.0,0.0,0.0,16
TM36941_Hamilton_O8,36941,289515964489998,Hamilton,Local,8,407,Slash pine / hardwood,2,0.4447896866408976,0.0,0.0,0.0,58
TM36940_Union_O3,36940,289515963489998,Union,Family Forest,3,142,Slash pine,5,1.111974216602244,0.0,0.0,0.0,91
TM36940_Union_O4,36940,289515963489998,Union,Corporate/Other Private,4,142,Slash pine,3,0.6671845299613464,0.0,0.0,0.0,91
TM36940_Union_O7,36940,289515963489998,Union,State,7,142,Slash pine,5,1.111974216602244,0.0,0.0,0.0,91
TM36941_Baker_O6,36941,289515964489998,Baker,Federal,6,407,Slash pine / hardwood,5,1.111974216602244,0.0,0.0,0.0,58
TM36941_Baker_O7,36941,289515964489998,Baker,State,7,407,Slash pine / hardwood,8,1.7791587465635903,0.0,0.0,0.0,58
TM36905_Baker_O6,36905,289515771489998,Baker,Federal,6,514,Southern scrub oak,1,0.2223948433204488,0.0,0.0,0.0,42
TM36939_Union_O8,36939,289515962489998,Union,Local,8,142,Slash pine,2,0.4447896866408976,0.0,0.0,0.0,55
TM36940_Baker_O8,36940,289515963489998,Baker,Local,8,142,Slash pine,59,13.121295755906479,0.0,0.0,0.0,91
TM36961_Hamilton_O6,36961,289516222489998,Hamilton,Federal,6,161,Loblolly pine,4,0.8895793732817951,0.0,0.0,0.0,36
TM36961_Hamilton_O7,36961,289516222489998,Hamilton,State,7,161,Loblolly pine,23,5.115081396370322,0.0,0.0,0.0,36
TM36961_Suwannee_O8,36961,289516222489998,Suwannee,Local,8,161,Loblolly pine,2,0.4447896866408976,0.0,0.0,0.0,36
TM36961_Union_O4,36961,289516222489998,Union,Corporate/Other Private,4,161,Loblolly pine,53,11.786926695983786,0.0,0.0,0.0,36
TM36961_Baker_O4,36961,289516222489998,Baker,Corporate/Other Private,4,161,Loblolly pine,44,9.785373106099748,0.0,0.0,0.0,36
TM36961_Baker_O8,36961,289516222489998,Baker,Local,8,161,Loblolly pine,5,1.111974216602244,0.0,0.0,0.0,36
TM36961_Columbia_O6,36961,289516222489998,Columbia,Federal,6,161,Loblolly pine,33,7.33902982957481,0.0,0.0,0.0,36
TM36961_Columbia_O7,36961,289516222489998,Columbia,State,7,161,Loblolly pine,4,0.8895793732817951,0.0,0.0,0.0,36
TM36961_Columbia_O8,36961,289516222489998,Columbia,Local,8,161,Loblolly pine,100,22.239484332044878,0.0,0.0,0.0,36
TM43049_Hamilton_O4,43049,374860902489998,Hamilton,Corporate/Other Private,4,520,Mixed upland hardwoods,13,2.891132963165834,0.0,0.0,0.0,16
TM43046_Columbia_O4,43046,374860898489998,Columbia,Corporate/Other Private,4,406,Loblolly pine / hardwood,16,3.5583174931271806,0.0,0.0,0.0,12
TM36939_Suwannee_O4,36939,289515962489998,Suwannee,Corporate/Other Private,4,142,Slash pine,4,0.8895793732817951,0.0,0.0,0.0,55
TM36975_Union_O7,36975,289516378489998,Union,State,7,514,Southern scrub oak,1,0.2223948433204488,0.0,0.0,0.0,12
TM40950_Baker_O3,40950,347395060489998,Baker,Family Forest,3,520,Mixed upland hardwoods,4,0.8895793732817951,0.0,0.0,0.0,73
TM36971_Hamilton_O3,36971,289516357489998,Hamilton,Family Forest,3,142,Slash pine,60,13.343690599226928,0.0,0.0,0.0,80
TM36971_Hamilton_O4,36971,289516357489998,Hamilton,Corporate/Other Private,4,142,Slash pine,83,18.45877199559725,0.0,0.0,0.0,80
TM36971_Hamilton_O7,36971,289516357489998,Hamilton,State,7,142,Slash pine,19,4.225502023088527,0.0,0.0,0.0,80
TM36971_Suwannee_O3,36971,289516357489998,Suwannee,Family Forest,3,142,Slash pine,57,12.676506069265582,0.0,0.0,0.0,80
TM36971_Suwannee_O4,36971,289516357489998,Suwannee,Corporate/Other Private,4,142,Slash pine,31,6.894240142933913,0.0,0.0,0.0,80
TM36971_Suwannee_O7,36971,289516357489998,Suwannee,State,7,142,Slash pine,3,0.6671845299613464,0.0,0.0,0.0,80
TM36969_Union_O4,36969,289516349489998,Union,Corporate/Other Private,4,608,Sweetbay / swamp tupelo / red maple,4,0.8895793732817951,0.0,0.0,0.0,55
TM36971_Baker_O6,36971,289516357489998,Baker,Federal,6,142,Slash pine,3,0.6671845299613464,0.0,0.0,0.0,80
TM36971_Baker_O7,36971,289516357489998,Baker,State,7,142,Slash pine,1,0.2223948433204488,0.0,0.0,0.0,80
TM36971_Baker_O8,36971,289516357489998,Baker,Local,8,142,Slash pine,7,1.5567639032431415,0.0,0.0,0.0,80
TM43046_Suwannee_O3,43046,374860898489998,Suwannee,Family Forest,3,406,Loblolly pine / hardwood,48,10.674952479381542,0.0,0.0,0.0,12
TM36968_Hamilton_O4,36968,289516340489998,Hamilton,Corporate/Other Private,4,142,Slash pine,8,1.7791587465635903,0.0,0.0,0.0,73
TM36968_Union_O3,36968,289516340489998,Union,Family Forest,3,142,Slash pine,122,27.13217088509475,0.0,0.0,0.0,73
TM36969_Baker_O4,36969,289516349489998,Baker,Corporate/Other Private,4,608,Sweetbay / swamp tupelo / red maple,1,0.2223948433204488,0.0,0.0,0.0,55
TM36969_Columbia_O3,36969,289516349489998,Columbia,Family Forest,3,608,Sweetbay / swamp tupelo / red maple,7,1.5567639032431415,0.0,0.0,0.0,55
TM36969_Columbia_O4,36969,289516349489998,Columbia,Corporate/Other Private,4,608,Sweetbay / swamp tupelo / red maple,1,0.2223948433204488,0.0,0.0,0.0,55
TM36969_Suwannee_O3,36969,289516349489998,Suwannee,Family Forest,3,608,Sweetbay / swamp tupelo / red maple,3,0.6671845299613464,0.0,0.0,0.0,55
TM36969_Suwannee_O4,36969,289516349489998,Suwannee,Corporate/Other Private,4,608,Sweetbay / swamp tupelo / red maple,2,0.4447896866408976,0.0,0.0,0.0,55
TM36969_Union_O3,36969,289516349489998,Union,Family Forest,3,608,Sweetbay / swamp tupelo / red maple,11,2.446343276524937,0.0,0.0,0.0,55
TM43049_Hamilton_O7,43049,374860902489998,Hamilton,State,7,520,Mixed upland hardwoods,2,0.4447896866408976,0.0,0.0,0.0,16
TM43049_Suwannee_O3,43049,374860902489998,Suwannee,Family Forest,3,520,Mixed upland hardwoods,2,0.4447896866408976,0.0,0.0,0.0,16
TM43049_Suwannee_O4,43049,374860902489998,Suwannee,Corporate/Other Private,4,520,Mixed upland hardwoods,1,0.2223948433204488,0.0,0.0,0.0,16
TM43052_Columbia_O6,43052,374860909489998,Columbia,Federal,6,142,Slash pine,33,7.33902982957481,0.0,0.0,0.0,32
TM43054_Baker_O6,43054,374860913489998,Baker,Federal,6,602,Sweetgum / Nuttall oak / willow oak,1,0.2223948433204488,0.0,0.0,0.0,52
TM36971_Columbia_O4,36971,289516357489998,Columbia,Corporate/Other Private,4,142,Slash pine,403,89.62512185814086,0.0,0.0,0.0,80
TM36935_Hamilton_O4,36935,289515947489998,Hamilton,Corporate/Other Private,4,142,Slash pine,39,8.673398889497502,0.0,0.0,0.0,22
TM36936_Baker_O3,36936,289515956489998,Baker,Family Forest,3,142,Slash pine,2,0.4447896866408976,0.0,0.0,0.0,15
TM36941_Suwannee_O7,36941,289515964489998,Suwannee,State,7,407,Slash pine / hardwood,2,0.4447896866408976,0.0,0.0,0.0,58
TM36941_Suwannee_O8,36941,289515964489998,Suwannee,Local,8,407,Slash pine / hardwood,1,0.2223948433204488,0.0,0.0,0.0,58
TM36941_Columbia_O6,36941,289515964489998,Columbia,Federal,6,407,Slash pine / hardwood,654,145.4462275315735,0.0,0.0,0.0,58
TM36941_Columbia_O7,36941,289515964489998,Columbia,State,7,407,Slash pine / hardwood,4,0.8895793732817951,0.0,0.0,0.0,58
TM43054_Suwannee_O7,43054,374860913489998,Suwannee,State,7,602,Sweetgum / Nuttall oak / willow oak,1,0.2223948433204488,0.0,0.0,0.0,52
TM43054_Suwannee_O8,43054,374860913489998,Suwannee,Local,8,602,Sweetgum / Nuttall oak / willow oak,3,0.6671845299613464,0.0,0.0,0.0,52
TM43054_Columbia_O6,43054,374860913489998,Columbia,Federal,6,602,Sweetgum / Nuttall oak / willow oak,344,76.50382610223438,0.0,0.0,0.0,52
TM43054_Hamilton_O6,43054,374860913489998,Hamilton,Federal,6,602,Sweetgum / Nuttall oak / willow oak,5,1.111974216602244,0.0,0.0,0.0,52
TM43078_Union_O4,43078,374860997489998,Union,Corporate/Other Private,4,407,Slash pine / hardwood,1,0.2223948433204488,0.0,0.0,0.0,56
TM43080_Baker_O3,43080,374861003489998,Baker,Family Forest,3,141,Longleaf pine,8,1.7791587465635903,0.0,0.0,0.0,90
TM43046_Columbia_O6,43046,374860898489998,Columbia,Federal,6,406,Loblolly pine / hardwood,7,1.5567639032431415,0.0,0.0,0.0,12
TM43080_Union_O3,43080,374861003489998,Union,Family Forest,3,141,Longleaf pine,80,17.791587465635903,0.0,0.0,0.0,90
TM43086_Baker_O8,43086,374861013489998,Baker,Local,8,407,Slash pine / hardwood,41,9.118188576138401,0.0,0.0,0.0,81
TM43076_Columbia_O8,43076,374860995489998,Columbia,Local,8,983,Palms,24,5.337476239690771,0.0,0.0,0.0,41
TM43076_Hamilton_O3,43076,374860995489998,Hamilton,Family Forest,3,983,Palms,1,0.2223948433204488,0.0,0.0,0.0,41
TM43076_Hamilton_O4,43076,374860995489998,Hamilton,Corporate/Other Private,4,983,Palms,8,1.7791587465635903,0.0,0.0,0.0,41
TM43076_Union_O3,43076,374860995489998,Union,Family Forest,3,983,Palms,29,6.449450456293015,0.0,0.0,0.0,41
TM43077_Columbia_O3,43077,374860996489998,Columbia,Family Forest,3,406,Loblolly pine / hardwood,57,12.676506069265582,0.0,0.0,0.0,41
TM43077_Union_O3,43077,374860996489998,Union,Family Forest,3,406,Loblolly pine / hardwood,1,0.2223948433204488,0.0,0.0,0.0,41
TM43078_Baker_O4,43078,374860997489998,Baker,Corporate/Other Private,4,407,Slash pine / hardwood,1,0.2223948433204488,0.0,0.0,0.0,56
TM43078_Columbia_O3,43078,374860997489998,Columbia,Family Forest,3,407,Slash pine / hardwood,13,2.891132963165834,0.0,0.0,0.0,56
TM43071_Suwannee_O3,43071,374860976489998,Suwannee,Family Forest,3,607,Baldcypress / water tupelo,3,0.6671845299613464,0.0,0.0,0.0,184
TM43076_Baker_O3,43076,374860995489998,Baker,Family Forest,3,983,Palms,357,79.39495906540022,0.0,0.0,0.0,41
TM43076_Baker_O4,43076,374860995489998,Baker,Corporate/Other Private,4,983,Palms,11,2.446343276524937,0.0,0.0,0.0,41
TM43080_Baker_O4,43080,374861003489998,Baker,Corporate/Other Private,4,141,Longleaf pine,9,2.001553589884039,0.0,0.0,0.0,90
TM43046_Columbia_O8,43046,374860898489998,Columbia,Local,8,406,Loblolly pine / hardwood,3,0.6671845299613464,0.0,0.0,0.0,12
TM43046_Hamilton_O6,43046,374860898489998,Hamilton,Federal,6,406,Loblolly pine / hardwood,8,1.7791587465635903,0.0,0.0,0.0,12
TM43046_Hamilton_O7,43046,374860898489998,Hamilton,State,7,406,Loblolly pine / hardwood,3,0.6671845299613464,0.0,0.0,0.0,12
TM40969_Baker_O4,40969,351508220489998,Baker,Corporate/Other Private,4,995,Other exotic hardwoods,21,4.670291709729424,0.0,0.0,0.0,46
TM40969_Baker_O7,40969,351508220489998,Baker,State,7,995,Other exotic hardwoods,1,0.2223948433204488,0.0,0.0,0.0,46
TM40969_Baker_O8,40969,351508220489998,Baker,Local,8,995,Other exotic hardwoods,2,0.4447896866408976,0.0,0.0,0.0,46
TM40969_Hamilton_O3,40969,351508220489998,Hamilton,Family Forest,3,995,Other exotic hardwoods,6,1.3343690599226927,0.0,0.0,0.0,46
TM40969_Hamilton_O4,40969,351508220489998,Hamilton,Corporate/Other Private,4,995,Other exotic hardwoods,4,0.8895793732817951,0.0,0.0,0.0,46
TM40969_Hamilton_O8,40969,351508220489998,Hamilton,Local,8,995,Other exotic hardwoods,1,0.2223948433204488,0.0,0.0,0.0,46
TM40969_Suwannee_O3,40969,351508220489998,Suwannee,Family Forest,3,995,Other exotic hardwoods,5,1.111974216602244,0.0,0.0,0.0,46
TM43067_Hamilton_O4,43067,374860959489998,Hamilton,Corporate/Other Private,4,409,Other pine / hardwood,30,6.671845299613464,0.0,0.0,0.0,61
TM43067_Suwannee_O3,43067,374860959489998,Suwannee,Family Forest,3,409,Other pine / hardwood,31,6.894240142933913,0.0,0.0,0.0,61
TM36935_Hamilton_O3,36935,289515947489998,Hamilton,Family Forest,3,142,Slash pine,39,8.673398889497502,0.0,0.0,0.0,22
TM43068_Baker_O3,43068,374860961489998,Baker,Family Forest,3,514,Southern scrub oak,14,3.113527806486283,0.0,0.0,0.0,15
TM43068_Baker_O4,43068,374860961489998,Baker,Corporate/Other Private,4,514,Southern scrub oak,12,2.6687381198453854,0.0,0.0,0.0,15
TM43068_Columbia_O3,43068,374860961489998,Columbia,Family Forest,3,514,Southern scrub oak,19,4.225502023088527,0.0,0.0,0.0,15
TM43054_Union_O7,43054,374860913489998,Union,State,7,602,Sweetgum / Nuttall oak / willow oak,1,0.2223948433204488,0.0,0.0,0.0,52
TM43067_Baker_O4,43067,374860959489998,Baker,Corporate/Other Private,4,409,Other pine / hardwood,32,7.116634986254361,0.0,0.0,0.0,61
TM43067_Baker_O6,43067,374860959489998,Baker,Federal,6,409,Other pine / hardwood,180,40.03107179768078,0.0,0.0,0.0,61
TM43067_Columbia_O4,43067,374860959489998,Columbia,Corporate/Other Private,4,409,Other pine / hardwood,95,21.127510115442636,0.0,0.0,0.0,61
TM36939_Baker_O8,36939,289515962489998,Baker,Local,8,142,Slash pine,111,24.685827608569817,0.0,0.0,0.0,55
TM36936_Baker_O4,36936,289515956489998,Baker,Corporate/Other Private,4,142,Slash pine,5,1.111974216602244,0.0,0.0,0.0,15
TM36937_Baker_O3,36937,289515957489998,Baker,Family Forest,3,607,Baldcypress / water tupelo,1,0.2223948433204488,0.0,0.0,0.0,111
TM36935_Columbia_O3,36935,289515947489998,Columbia,Family Forest,3,142,Slash pine,120,26.687381198453856,0.0,0.0,0.0,22
TM36935_Columbia_O4,36935,289515947489998,Columbia,Corporate/Other Private,4,142,Slash pine,2138,475.4801750191195,0.0,0.0,0.0,22
TM36935_Columbia_O7,36935,289515947489998,Columbia,State,7,142,Slash pine,4,0.8895793732817951,0.0,0.0,0.0,22
TM43067_Union_O3,43067,374860959489998,Union,Family Forest,3,409,Other pine / hardwood,5,1.111974216602244,0.0,0.0,0.0,61
TM67541_Baker_O6,67541,718604892290487,Baker,Federal,6,141,Longleaf pine,48,10.674952479381542,0.0,0.0,0.0,72
TM68819_Columbia_O8,68819,740826397290487,Columbia,Local,8,602,Sweetgum / Nuttall oak / willow oak,15,3.335922649806732,0.0,0.0,0.0,70
TM67546_Baker_O3,67546,718604898290487,Baker,Family Forest,3,514,Southern scrub oak,2,0.4447896866408976,0.0,0.0,0.0,11
TM67546_Baker_O4,67546,718604898290487,Baker,Corporate/Other Private,4,514,Southern scrub oak,1,0.2223948433204488,0.0,0.0,0.0,11
TM67546_Baker_O8,67546,718604898290487,Baker,Local,8,514,Southern scrub oak,1,0.2223948433204488,0.0,0.0,0.0,11
TM67546_Columbia_O3,67546,718604898290487,Columbia,Family Forest,3,514,Southern scrub oak,1,0.2223948433204488,0.0,0.0,0.0,11
TM67546_Columbia_O4,67546,718604898290487,Columbia,Corporate/Other Private,4,514,Southern scrub oak,1,0.2223948433204488,0.0,0.0,0.0,11
TM67546_Union_O3,67546,718604898290487,Union,Family Forest,3,514,Southern scrub oak,3,0.6671845299613464,0.0,0.0,0.0,11
TM67546_Union_O7,67546,718604898290487,Union,State,7,514,Southern scrub oak,1,0.2223948433204488,0.0,0.0,0.0,11
TM13183_Baker_O4,13183,43266266020004,Baker,Corporate/Other Private,4,609,Baldcypress / pondcypress,29,6.449450456293015,0.0,0.0,0.0,73
TM13173_Hamilton_O4,13173,43265882020004,Hamilton,Corporate/Other Private,4,161,Loblolly pine,1,0.2223948433204488,0.0,0.0,0.0,13
TM67541_Suwannee_O6,67541,718604892290487,Suwannee,Federal,6,141,Longleaf pine,23,5.115081396370322,0.0,0.0,0.0,72
TM36975_Union_O4,36975,289516378489998,Union,Corporate/Other Private,4,514,Southern scrub oak,1,0.2223948433204488,0.0,0.0,0.0,12
TM67541_Suwannee_O8,67541,718604892290487,Suwannee,Local,8,141,Longleaf pine,123,27.3545657284152,0.0,0.0,0.0,72
TM13173_Baker_O4,13173,43265882020004,Baker,Corporate/Other Private,4,161,Loblolly pine,1,0.2223948433204488,0.0,0.0,0.0,13
TM68819_Union_O8,68819,740826397290487,Union,Local,8,602,Sweetgum / Nuttall oak / willow oak,1,0.2223948433204488,0.0,0.0,0.0,70
TM13422_Hamilton_O3,13422,43854450020004,Hamilton,Family Forest,3,142,Slash pine,1,0.2223948433204488,0.0,0.0,0.0,24
TM13422_Suwannee_O4,13422,43854450020004,Suwannee,Corporate/Other Private,4,142,Slash pine,25,5.5598710830112195,0.0,0.0,0.0,24
TM36965_Columbia_O6,36965,289516230489998,Columbia,Federal,6,520,Mixed upland hardwoods,127,28.244145101696997,0.0,0.0,0.0,33
TM36965_Columbia_O7,36965,289516230489998,Columbia,State,7,520,Mixed upland hardwoods,70,15.567639032431416,0.0,0.0,0.0,33
TM36965_Hamilton_O6,36965,289516230489998,Hamilton,Federal,6,520,Mixed upland hardwoods,33,7.33902982957481,0.0,0.0,0.0,33
TM36964_Suwannee_O4,36964,289516229489998,Suwannee,Corporate/Other Private,4,520,Mixed upland hardwoods,221,49.14926037381918,0.0,0.0,0.0,61
TM36964_Suwannee_O7,36964,289516229489998,Suwannee,State,7,520,Mixed upland hardwoods,2,0.4447896866408976,0.0,0.0,0.0,61
TM36964_Suwannee_O8,36964,289516229489998,Suwannee,Local,8,520,Mixed upland hardwoods,8,1.7791587465635903,0.0,0.0,0.0,61
TM36964_Union_O4,36964,289516229489998,Union,Corporate/Other Private,4,520,Mixed upland hardwoods,14,3.113527806486283,0.0,0.0,0.0,61
TM36964_Columbia_O4,36964,289516229489998,Columbia,Corporate/Other Private,4,520,Mixed upland hardwoods,229,50.92841912038277,0.0,0.0,0.0,61
TM67541_Suwannee_O7,67541,718604892290487,Suwannee,State,7,141,Longleaf pine,28,6.227055612972566,0.0,0.0,0.0,72
TM67541_Union_O8,67541,718604892290487,Union,Local,8,141,Longleaf pine,13,2.891132963165834,0.0,0.0,0.0,72
TM13183_Columbia_O3,13183,43266266020004,Columbia,Family Forest,3,609,Baldcypress / pondcypress,4,0.8895793732817951,0.0,0.0,0.0,73
TM13183_Columbia_O4,13183,43266266020004,Columbia,Corporate/Other Private,4,609,Baldcypress / pondcypress,347,77.17101063219573,0.0,0.0,0.0,73
TM13183_Columbia_O8,13183,43266266020004,Columbia,Local,8,609,Baldcypress / pondcypress,23,5.115081396370322,0.0,0.0,0.0,73
TM13183_Hamilton_O3,13183,43266266020004,Hamilton,Family Forest,3,609,Baldcypress / pondcypress,2,0.4447896866408976,0.0,0.0,0.0,73
TM13183_Hamilton_O4,13183,43266266020004,Hamilton,Corporate/Other Private,4,609,Baldcypress / pondcypress,68,15.122849345790517,0.0,0.0,0.0,73
TM13185_Hamilton_O4,13185,43266302020004,Hamilton,Corporate/Other Private,4,407,Slash pine / hardwood,2,0.4447896866408976,0.0,0.0,0.0,48
TM13186_Hamilton_O3,13186,43266306020004,Hamilton,Family Forest,3,142,Slash pine,48,10.674952479381542,0.0,0.0,0.0,49
TM13186_Hamilton_O4,13186,43266306020004,Hamilton,Corporate/Other Private,4,142,Slash pine,12,2.6687381198453854,0.0,0.0,0.0,49
TM13255_Columbia_O8,13255,43393151010478,Columbia,Local,8,520,Mixed upland hardwoods,1,0.2223948433204488,0.0,0.0,0.0,74
TM13255_Hamilton_O3,13255,43393151010478,Hamilton,Family Forest,3,520,Mixed upland hardwoods,54,12.009321539304235,0.0,0.0,0.0,74
TM13255_Hamilton_O4,13255,43393151010478,Hamilton,Corporate/Other Private,4,520,Mixed upland hardwoods,10,2.223948433204488,0.0,0.0,0.0,74
TM67541_Hamilton_O8,67541,718604892290487,Hamilton,Local,8,141,Longleaf pine,65,14.455664815829172,0.0,0.0,0.0,72
TM67537_Columbia_O6,67537,718604880290487,Columbia,Federal,6,166,Pond pine,11,2.446343276524937,0.0,0.0,0.0,12
TM67537_Columbia_O7,67537,718604880290487,Columbia,State,7,166,Pond pine,2,0.4447896866408976,0.0,0.0,0.0,12
TM67537_Hamilton_O3,67537,718604880290487,Hamilton,Family Forest,3,166,Pond pine,98,21.794694645403982,0.0,0.0,0.0,12
TM67537_Hamilton_O4,67537,718604880290487,Hamilton,Corporate/Other Private,4,166,Pond pine,79,17.569192622315455,0.0,0.0,0.0,12
TM67537_Suwannee_O3,67537,718604880290487,Suwannee,Family Forest,3,166,Pond pine,1250,277.993554150561,0.0,0.0,0.0,12
TM67537_Suwannee_O4,67537,718604880290487,Suwannee,Corporate/Other Private,4,166,Pond pine,178,39.586282111039885,0.0,0.0,0.0,12
TM67537_Suwannee_O7,67537,718604880290487,Suwannee,State,7,166,Pond pine,10,2.223948433204488,0.0,0.0,0.0,12
TM67538_Baker_O8,67538,718604885290487,Baker,Local,8,142,Slash pine,9,2.001553589884039,0.0,0.0,0.0,35
TM67536_Union_O8,67536,718604879290487,Union,Local,8,608,Sweetbay / swamp tupelo / red maple,6,1.3343690599226927,0.0,0.0,0.0,51
TM67537_Baker_O3,67537,718604880290487,Baker,Family Forest,3,166,Pond pine,32,7.116634986254361,0.0,0.0,0.0,12
TM67537_Baker_O8,67537,718604880290487,Baker,Local,8,166,Pond pine,48,10.674952479381542,0.0,0.0,0.0,12
TM67541_Columbia_O7,67541,718604892290487,Columbia,State,7,141,Longleaf pine,128,28.466539945017445,0.0,0.0,0.0,72
TM67541_Hamilton_O6,67541,718604892290487,Hamilton,Federal,6,141,Longleaf pine,31,6.894240142933913,0.0,0.0,0.0,72
TM13255_Hamilton_O8,13255,43393151010478,Hamilton,Local,8,520,Mixed upland hardwoods,2,0.4447896866408976,0.0,0.0,0.0,74
TM36942_Union_O4,36942,289515970489998,Union,Corporate/Other Private,4,602,Sweetgum / Nuttall oak / willow oak,3,0.6671845299613464,0.0,0.0,0.0,84
TM36942_Union_O7,36942,289515970489998,Union,State,7,602,Sweetgum / Nuttall oak / willow oak,6,1.3343690599226927,0.0,0.0,0.0,84
TM36943_Union_O3,36943,289515972489998,Union,Family Forest,3,142,Slash pine,31,6.894240142933913,0.0,0.0,0.0,23
TM36958_Baker_O3,36958,289516188489998,Baker,Family Forest,3,608,Sweetbay / swamp tupelo / red maple,80,17.791587465635903,0.0,0.0,0.0,77
TM36963_Baker_O3,36963,289516224489998,Baker,Family Forest,3,142,Slash pine,305,67.83042721273688,0.0,0.0,0.0,24
TM36963_Baker_O4,36963,289516224489998,Baker,Corporate/Other Private,4,142,Slash pine,102,22.684274018685777,0.0,0.0,0.0,24
TM36963_Baker_O7,36963,289516224489998,Baker,State,7,142,Slash pine,1,0.2223948433204488,0.0,0.0,0.0,24
TM36963_Baker_O8,36963,289516224489998,Baker,Local,8,142,Slash pine,5,1.111974216602244,0.0,0.0,0.0,24
TM36963_Columbia_O3,36963,289516224489998,Columbia,Family Forest,3,142,Slash pine,327,72.72311376578675,0.0,0.0,0.0,24
TM36963_Columbia_O4,36963,289516224489998,Columbia,Corporate/Other Private,4,142,Slash pine,163,36.25035946123315,0.0,0.0,0.0,24
TM36963_Columbia_O8,36963,289516224489998,Columbia,Local,8,142,Slash pine,6,1.3343690599226927,0.0,0.0,0.0,24
TM36963_Hamilton_O3,36963,289516224489998,Hamilton,Family Forest,3,142,Slash pine,4,0.8895793732817951,0.0,0.0,0.0,24
TM36964_Columbia_O7,36964,289516229489998,Columbia,State,7,520,Mixed upland hardwoods,3,0.6671845299613464,0.0,0.0,0.0,61
TM36965_Union_O8,36965,289516230489998,Union,Local,8,520,Mixed upland hardwoods,6,1.3343690599226927,0.0,0.0,0.0,33
TM36966_Columbia_O4,36966,289516233489998,Columbia,Corporate/Other Private,4,142,Slash pine,1156,257.0884388784388,0.0,0.0,0.0,14
TM36966_Columbia_O6,36966,289516233489998,Columbia,Federal,6,142,Slash pine,8,1.7791587465635903,0.0,0.0,0.0,14
TM36966_Columbia_O7,36966,289516233489998,Columbia,State,7,142,Slash pine,195,43.366994447487514,0.0,0.0,0.0,14
TM36966_Columbia_O8,36966,289516233489998,Columbia,Local,8,142,Slash pine,277,61.603371599764316,0.0,0.0,0.0,14
TM36966_Suwannee_O3,36966,289516233489998,Suwannee,Family Forest,3,142,Slash pine,533,118.5364514897992,0.0,0.0,0.0,14
TM36965_Hamilton_O7,36965,289516230489998,Hamilton,State,7,520,Mixed upland hardwoods,58,12.89890091258603,0.0,0.0,0.0,33
TM36965_Hamilton_O8,36965,289516230489998,Hamilton,Local,8,520,Mixed upland hardwoods,10,2.223948433204488,0.0,0.0,0.0,33
TM36965_Suwannee_O6,36965,289516230489998,Suwannee,Federal,6,520,Mixed upland hardwoods,11,2.446343276524937,0.0,0.0,0.0,33
TM36965_Suwannee_O7,36965,289516230489998,Suwannee,State,7,520,Mixed upland hardwoods,5,1.111974216602244,0.0,0.0,0.0,33
TM36965_Suwannee_O8,36965,289516230489998,Suwannee,Local,8,520,Mixed upland hardwoods,121,26.909776041774304,0.0,0.0,0.0,33
TM36972_Union_O3,36972,289516362489998,Union,Family Forest,3,142,Slash pine,2,0.4447896866408976,0.0,0.0,0.0,60
TM36975_Union_O3,36975,289516378489998,Union,Family Forest,3,514,Southern scrub oak,1,0.2223948433204488,0.0,0.0,0.0,12
TM36962_Suwannee_O6,36962,289516223489998,Suwannee,Federal,6,520,Mixed upland hardwoods,25,5.5598710830112195,0.0,0.0,0.0,72
TM36964_Hamilton_O6,36964,289516229489998,Hamilton,Federal,6,520,Mixed upland hardwoods,1,0.2223948433204488,0.0,0.0,0.0,61
TM36964_Hamilton_O7,36964,289516229489998,Hamilton,State,7,520,Mixed upland hardwoods,3,0.6671845299613464,0.0,0.0,0.0,61
TM36964_Hamilton_O8,36964,289516229489998,Hamilton,Local,8,520,Mixed upland hardwoods,3,0.6671845299613464,0.0,0.0,0.0,61
TM36963_Suwannee_O4,36963,289516224489998,Suwannee,Corporate/Other Private,4,142,Slash pine,31,6.894240142933913,0.0,0.0,0.0,24
TM36963_Union_O3,36963,289516224489998,Union,Family Forest,3,142,Slash pine,96,21.349904958763084,0.0,0.0,0.0,24
TM36963_Union_O4,36963,289516224489998,Union,Corporate/Other Private,4,142,Slash pine,5,1.111974216602244,0.0,0.0,0.0,24
TM36963_Union_O7,36963,289516224489998,Union,State,7,142,Slash pine,4,0.8895793732817951,0.0,0.0,0.0,24
TM36964_Baker_O3,36964,289516229489998,Baker,Family Forest,3,520,Mixed upland hardwoods,3,0.6671845299613464,0.0,0.0,0.0,61
TM36964_Baker_O4,36964,289516229489998,Baker,Corporate/Other Private,4,520,Mixed upland hardwoods,3,0.6671845299613464,0.0,0.0,0.0,61
TM36968_Baker_O3,36968,289516340489998,Baker,Family Forest,3,142,Slash pine,193,42.92220476084662,0.0,0.0,0.0,73
TM36968_Baker_O4,36968,289516340489998,Baker,Corporate/Other Private,4,142,Slash pine,14,3.113527806486283,0.0,0.0,0.0,73
TM36968_Baker_O6,36968,289516340489998,Baker,Federal,6,142,Slash pine,190,42.25502023088527,0.0,0.0,0.0,73
TM36968_Baker_O8,36968,289516340489998,Baker,Local,8,142,Slash pine,1,0.2223948433204488,0.0,0.0,0.0,73
TM36942_Suwannee_O3,36942,289515970489998,Suwannee,Family Forest,3,602,Sweetgum / Nuttall oak / willow oak,12,2.6687381198453854,0.0,0.0,0.0,84
TM36968_Columbia_O8,36968,289516340489998,Columbia,Local,8,142,Slash pine,152,33.80401618470822,0.0,0.0,0.0,73
TM36968_Hamilton_O3,36968,289516340489998,Hamilton,Family Forest,3,142,Slash pine,1,0.2223948433204488,0.0,0.0,0.0,73
TM36966_Suwannee_O4,36966,289516233489998,Suwannee,Corporate/Other Private,4,142,Slash pine,287,63.8273200329688,0.0,0.0,0.0,14
TM36966_Union_O4,36966,289516233489998,Union,Corporate/Other Private,4,142,Slash pine,15,3.335922649806732,0.0,0.0,0.0,14
TM36966_Union_O8,36966,289516233489998,Union,Local,8,142,Slash pine,3,0.6671845299613464,0.0,0.0,0.0,14
TM36967_Columbia_O4,36967,289516234489998,Columbia,Corporate/Other Private,4,142,Slash pine,2,0.4447896866408976,0.0,0.0,0.0,37
TM36967_Columbia_O6,36967,289516234489998,Columbia,Federal,6,142,Slash pine,11,2.446343276524937,0.0,0.0,0.0,37
TM36967_Suwannee_O3,36967,289516234489998,Suwannee,Family Forest,3,142,Slash pine,2,0.4447896866408976,0.0,0.0,0.0,37
TM36958_Baker_O6,36958,289516188489998,Baker,Federal,6,608,Sweetbay / swamp tupelo / red maple,4,0.8895793732817951,0.0,0.0,0.0,77
TM36958_Columbia_O3,36958,289516188489998,Columbia,Family Forest,3,608,Sweetbay / swamp tupelo / red maple,37,8.228609202856605,0.0,0.0,0.0,77
TM36958_Suwannee_O3,36958,289516188489998,Suwannee,Family Forest,3,608,Sweetbay / swamp tupelo / red maple,16,3.5583174931271806,0.0,0.0,0.0,77
TM36942_Columbia_O3,36942,289515970489998,Columbia,Family Forest,3,602,Sweetgum / Nuttall oak / willow oak,25,5.5598710830112195,0.0,0.0,0.0,84
TM36942_Columbia_O7,36942,289515970489998,Columbia,State,7,602,Sweetgum / Nuttall oak / willow oak,4,0.8895793732817951,0.0,0.0,0.0,84
TM36968_Columbia_O4,36968,289516340489998,Columbia,Corporate/Other Private,4,142,Slash pine,23,5.115081396370322,0.0,0.0,0.0,73
TM43192_Columbia_O4,43192,374861495489998,Columbia,Corporate/Other Private,4,608,Sweetbay / swamp tupelo / red maple,14,3.113527806486283,0.0,0.0,0.0,55
TM43192_Hamilton_O3,43192,374861495489998,Hamilton,Family Forest,3,608,Sweetbay / swamp tupelo / red maple,71,15.790033875751863,0.0,0.0,0.0,55
TM43192_Suwannee_O3,43192,374861495489998,Suwannee,Family Forest,3,608,Sweetbay / swamp tupelo / red maple,2,0.4447896866408976,0.0,0.0,0.0,55
TM43192_Suwannee_O4,43192,374861495489998,Suwannee,Corporate/Other Private,4,608,Sweetbay / swamp tupelo / red maple,17,3.780712336447629,0.0,0.0,0.0,55
TM36911_Hamilton_O7,36911,289515792489998,Hamilton,State,7,514,Southern scrub oak,10,2.223948433204488,0.0,0.0,0.0,50
TM36911_Suwannee_O3,36911,289515792489998,Suwannee,Family Forest,3,514,Southern scrub oak,1,0.2223948433204488,0.0,0.0,0.0,50
TM36911_Suwannee_O4,36911,289515792489998,Suwannee,Corporate/Other Private,4,514,Southern scrub oak,2,0.4447896866408976,0.0,0.0,0.0,50
TM36911_Union_O3,36911,289515792489998,Union,Family Forest,3,514,Southern scrub oak,96,21.349904958763084,0.0,0.0,0.0,50
TM36912_Baker_O4,36912,289515793489998,Baker,Corporate/Other Private,4,403,Longleaf pine / oak,92,20.46032558548129,0.0,0.0,0.0,36
TM36912_Columbia_O3,36912,289515793489998,Columbia,Family Forest,3,403,Longleaf pine / oak,5,1.111974216602244,0.0,0.0,0.0,36
TM36908_Suwannee_O8,36908,289515776489998,Suwannee,Local,8,514,Southern scrub oak,2,0.4447896866408976,0.0,0.0,0.0,52
TM36908_Union_O3,36908,289515776489998,Union,Family Forest,3,514,Southern scrub oak,2,0.4447896866408976,0.0,0.0,0.0,52
TM43076_Columbia_O3,43076,374860995489998,Columbia,Family Forest,3,983,Palms,1,0.2223948433204488,0.0,0.0,0.0,41
TM36911_Columbia_O4,36911,289515792489998,Columbia,Corporate/Other Private,4,514,Southern scrub oak,2,0.4447896866408976,0.0,0.0,0.0,50
TM36911_Hamilton_O3,36911,289515792489998,Hamilton,Family Forest,3,514,Southern scrub oak,1,0.2223948433204488,0.0,0.0,0.0,50
TM36932_Hamilton_O3,36932,289515944489998,Hamilton,Family Forest,3,407,Slash pine / hardwood,2,0.4447896866408976,0.0,0.0,0.0,67
TM36932_Hamilton_O4,36932,289515944489998,Hamilton,Corporate/Other Private,4,407,Slash pine / hardwood,2,0.4447896866408976,0.0,0.0,0.0,67
TM36932_Hamilton_O7,36932,289515944489998,Hamilton,State,7,407,Slash pine / hardwood,1,0.2223948433204488,0.0,0.0,0.0,67
TM36929_Columbia_O7,36929,289515934489998,Columbia,State,7,520,Mixed upland hardwoods,1,0.2223948433204488,0.0,0.0,0.0,14
TM36929_Columbia_O8,36929,289515934489998,Columbia,Local,8,520,Mixed upland hardwoods,4,0.8895793732817951,0.0,0.0,0.0,14
TM36929_Union_O3,36929,289515934489998,Union,Family Forest,3,520,Mixed upland hardwoods,20,4.447896866408976,0.0,0.0,0.0,14
TM36932_Baker_O6,36932,289515944489998,Baker,Federal,6,407,Slash pine / hardwood,15,3.335922649806732,0.0,0.0,0.0,67
TM36932_Baker_O7,36932,289515944489998,Baker,State,7,407,Slash pine / hardwood,9,2.001553589884039,0.0,0.0,0.0,67
TM43192_Union_O3,43192,374861495489998,Union,Family Forest,3,608,Sweetbay / swamp tupelo / red maple,8,1.7791587465635903,0.0,0.0,0.0,55
TM43188_Hamilton_O8,43188,374861464489998,Hamilton,Local,8,142,Slash pine,1,0.2223948433204488,0.0,0.0,0.0,32
TM43188_Suwannee_O3,43188,374861464489998,Suwannee,Family Forest,3,142,Slash pine,575,127.87703490925806,0.0,0.0,0.0,32
TM36911_Baker_O6,36911,289515792489998,Baker,Federal,6,514,Southern scrub oak,6,1.3343690599226927,0.0,0.0,0.0,50
TM43162_Baker_O8,43162,374861341489998,Baker,Local,8,407,Slash pine / hardwood,1,0.2223948433204488,0.0,0.0,0.0,43
TM43162_Columbia_O3,43162,374861341489998,Columbia,Family Forest,3,407,Slash pine / hardwood,9,2.001553589884039,0.0,0.0,0.0,43
TM43187_Columbia_O8,43187,374861459489998,Columbia,Local,8,406,Loblolly pine / hardwood,5,1.111974216602244,0.0,0.0,0.0,63
TM43187_Hamilton_O8,43187,374861459489998,Hamilton,Local,8,406,Loblolly pine / hardwood,28,6.227055612972566,0.0,0.0,0.0,63
TM43187_Suwannee_O3,43187,374861459489998,Suwannee,Family Forest,3,406,Loblolly pine / hardwood,263,58.489843793278034,0.0,0.0,0.0,63
TM43187_Suwannee_O4,43187,374861459489998,Suwannee,Corporate/Other Private,4,406,Loblolly pine / hardwood,32,7.116634986254361,0.0,0.0,0.0,63
TM43181_Columbia_O7,43181,374861410489998,Columbia,State,7,608,Sweetbay / swamp tupelo / red maple,172,38.25191305111719,0.0,0.0,0.0,70
TM43181_Columbia_O8,43181,374861410489998,Columbia,Local,8,608,Sweetbay / swamp tupelo / red maple,428,95.18499294115207,0.0,0.0,0.0,70
TM43181_Hamilton_O4,43181,374861410489998,Hamilton,Corporate/Other Private,4,608,Sweetbay / swamp tupelo / red maple,2,0.4447896866408976,0.0,0.0,0.0,70
TM43181_Union_O3,43181,374861410489998,Union,Family Forest,3,608,Sweetbay / swamp tupelo / red maple,31,6.894240142933913,0.0,0.0,0.0,70
TM43187_Columbia_O3,43187,374861459489998,Columbia,Family Forest,3,406,Loblolly pine / hardwood,13,2.891132963165834,0.0,0.0,0.0,63
TM43187_Columbia_O4,43187,374861459489998,Columbia,Corporate/Other Private,4,406,Loblolly pine / hardwood,11,2.446343276524937,0.0,0.0,0.0,63
TM43192_Baker_O3,43192,374861495489998,Baker,Family Forest,3,608,Sweetbay / swamp tupelo / red maple,4,0.8895793732817951,0.0,0.0,0.0,55
TM43175_Hamilton_O7,43175,374861391489998,Hamilton,State,7,142,Slash pine,2,0.4447896866408976,0.0,0.0,0.0,84
TM43175_Union_O3,43175,374861391489998,Union,Family Forest,3,142,Slash pine,27,6.0046607696521175,0.0,0.0,0.0,84
TM43177_Baker_O4,43177,374861395489998,Baker,Corporate/Other Private,4,608,Sweetbay / swamp tupelo / red maple,21,4.670291709729424,0.0,0.0,0.0,23
TM43181_Columbia_O3,43181,374861410489998,Columbia,Family Forest,3,608,Sweetbay / swamp tupelo / red maple,5,1.111974216602244,0.0,0.0,0.0,70
TM43181_Columbia_O4,43181,374861410489998,Columbia,Corporate/Other Private,4,608,Sweetbay / swamp tupelo / red maple,157,34.91599040131046,0.0,0.0,0.0,70
TM43175_Baker_O6,43175,374861391489998,Baker,Federal,6,142,Slash pine,40,8.895793732817951,0.0,0.0,0.0,84
TM43175_Columbia_O3,43175,374861391489998,Columbia,Family Forest,3,142,Slash pine,1,0.2223948433204488,0.0,0.0,0.0,84
TM43175_Columbia_O4,43175,374861391489998,Columbia,Corporate/Other Private,4,142,Slash pine,3,0.6671845299613464,0.0,0.0,0.0,84
TM43175_Columbia_O8,43175,374861391489998,Columbia,Local,8,142,Slash pine,42,9.340583419458849,0.0,0.0,0.0,84
TM43175_Hamilton_O4,43175,374861391489998,Hamilton,Corporate/Other Private,4,142,Slash pine,13,2.891132963165834,0.0,0.0,0.0,84
TM43193_Baker_O8,43193,374861498489998,Baker,Local,8,608,Sweetbay / swamp tupelo / red maple,81,18.01398230895635,0.0,0.0,0.0,43
TM43193_Columbia_O8,43193,374861498489998,Columbia,Local,8,608,Sweetbay / swamp tupelo / red maple,20,4.447896866408976,0.0,0.0,0.0,43
TM43193_Hamilton_O3,43193,374861498489998,Hamilton,Family Forest,3,608,Sweetbay / swamp tupelo / red maple,66,14.67805965914962,0.0,0.0,0.0,43
TM43187_Columbia_O6,43187,374861459489998,Columbia,Federal,6,406,Loblolly pine / hardwood,3,0.6671845299613464,0.0,0.0,0.0,63
TM43193_Suwannee_O8,43193,374861498489998,Suwannee,Local,8,608,Sweetbay / swamp tupelo / red maple,8,1.7791587465635903,0.0,0.0,0.0,43
TM43193_Union_O4,43193,374861498489998,Union,Corporate/Other Private,4,608,Sweetbay / swamp tupelo / red maple,1,0.2223948433204488,0.0,0.0,0.0,43
TM43194_Columbia_O3,43194,374861500489998,Columbia,Family Forest,3,520,Mixed upland hardwoods,1,0.2223948433204488,0.0,0.0,0.0,20
TM43194_Hamilton_O4,43194,374861500489998,Hamilton,Corporate/Other Private,4,520,Mixed upland hardwoods,1,0.2223948433204488,0.0,0.0,0.0,20
TM43194_Suwannee_O3,43194,374861500489998,Suwannee,Family Forest,3,520,Mixed upland hardwoods,5,1.111974216602244,0.0,0.0,0.0,20
TM43205_Columbia_O4,43205,374861537489998,Columbia,Corporate/Other Private,4,142,Slash pine,10,2.223948433204488,0.0,0.0,0.0,23
TM43205_Columbia_O7,43205,374861537489998,Columbia,State,7,142,Slash pine,1,0.2223948433204488,0.0,0.0,0.0,23
TM43205_Hamilton_O4,43205,374861537489998,Hamilton,Corporate/Other Private,4,142,Slash pine,2,0.4447896866408976,0.0,0.0,0.0,23
TM43205_Suwannee_O3,43205,374861537489998,Suwannee,Family Forest,3,142,Slash pine,975,216.83497223743757,0.0,0.0,0.0,23
TM43205_Suwannee_O4,43205,374861537489998,Suwannee,Corporate/Other Private,4,142,Slash pine,168,37.362333677835394,0.0,0.0,0.0,23
TM43205_Suwannee_O7,43205,374861537489998,Suwannee,State,7,142,Slash pine,150,33.359226498067315,0.0,0.0,0.0,23
TM43206_Baker_O3,43206,374861540489998,Baker,Family Forest,3,164,Sand pine,20,4.447896866408976,0.0,0.0,0.0,18
TM43191_Hamilton_O3,43191,374861493489998,Hamilton,Family Forest,3,608,Sweetbay / swamp tupelo / red maple,72,16.01242871907231,0.0,0.0,0.0,39
TM43204_Columbia_O8,43204,374861532489998,Columbia,Local,8,142,Slash pine,53,11.786926695983786,0.0,0.0,0.0,18
TM43204_Hamilton_O3,43204,374861532489998,Hamilton,Family Forest,3,142,Slash pine,27,6.0046607696521175,0.0,0.0,0.0,18
TM43204_Hamilton_O4,43204,374861532489998,Hamilton,Corporate/Other Private,4,142,Slash pine,7,1.5567639032431415,0.0,0.0,0.0,18
TM43204_Suwannee_O7,43204,374861532489998,Suwannee,State,7,142,Slash pine,4,0.8895793732817951,0.0,0.0,0.0,18
TM43204_Suwannee_O8,43204,374861532489998,Suwannee,Local,8,142,Slash pine,11,2.446343276524937,0.0,0.0,0.0,18
TM36908_Baker_O4,36908,289515776489998,Baker,Corporate/Other Private,4,514,Southern scrub oak,4,0.8895793732817951,0.0,0.0,0.0,52
TM36905_Hamilton_O3,36905,289515771489998,Hamilton,Family Forest,3,514,Southern scrub oak,1,0.2223948433204488,0.0,0.0,0.0,42
TM36905_Hamilton_O4,36905,289515771489998,Hamilton,Corporate/Other Private,4,514,Southern scrub oak,11,2.446343276524937,0.0,0.0,0.0,42
TM36905_Suwannee_O3,36905,289515771489998,Suwannee,Family Forest,3,514,Southern scrub oak,22,4.892686553049874,0.0,0.0,0.0,42
TM36905_Suwannee_O4,36905,289515771489998,Suwannee,Corporate/Other Private,4,514,Southern scrub oak,10,2.223948433204488,0.0,0.0,0.0,42
TM36905_Union_O7,36905,289515771489998,Union,State,7,514,Southern scrub oak,2,0.4447896866408976,0.0,0.0,0.0,42
TM36905_Union_O8,36905,289515771489998,Union,Local,8,514,Southern scrub oak,5,1.111974216602244,0.0,0.0,0.0,42
TM36905_Baker_O3,36905,289515771489998,Baker,Family Forest,3,514,Southern scrub oak,89,19.793141055519943,0.0,0.0,0.0,42
TM43206_Baker_O4,43206,374861540489998,Baker,Corporate/Other Private,4,164,Sand pine,10,2.223948433204488,0.0,0.0,0.0,18
TM43191_Hamilton_O4,43191,374861493489998,Hamilton,Corporate/Other Private,4,608,Sweetbay / swamp tupelo / red maple,10,2.223948433204488,0.0,0.0,0.0,39
TM43191_Hamilton_O8,43191,374861493489998,Hamilton,Local,8,608,Sweetbay / swamp tupelo / red maple,2,0.4447896866408976,0.0,0.0,0.0,39
TM43191_Suwannee_O3,43191,374861493489998,Suwannee,Family Forest,3,608,Sweetbay / swamp tupelo / red maple,2,0.4447896866408976,0.0,0.0,0.0,39
TM43191_Suwannee_O4,43191,374861493489998,Suwannee,Corporate/Other Private,4,608,Sweetbay / swamp tupelo / red maple,2,0.4447896866408976,0.0,0.0,0.0,39
TM43188_Columbia_O6,43188,374861464489998,Columbia,Federal,6,142,Slash pine,3,0.6671845299613464,0.0,0.0,0.0,32
TM43188_Columbia_O7,43188,374861464489998,Columbia,State,7,142,Slash pine,4,0.8895793732817951,0.0,0.0,0.0,32
TM43188_Hamilton_O3,43188,374861464489998,Hamilton,Family Forest,3,142,Slash pine,872,193.92830337543134,0.0,0.0,0.0,32
TM43188_Hamilton_O4,43188,374861464489998,Hamilton,Corporate/Other Private,4,142,Slash pine,139,30.91288322154238,0.0,0.0,0.0,32
TM43188_Hamilton_O6,43188,374861464489998,Hamilton,Federal,6,142,Slash pine,3,0.6671845299613464,0.0,0.0,0.0,32
TM43200_Columbia_O3,43200,374861516489998,Columbia,Family Forest,3,406,Loblolly pine / hardwood,3,0.6671845299613464,0.0,0.0,0.0,96
TM43200_Columbia_O4,43200,374861516489998,Columbia,Corporate/Other Private,4,406,Loblolly pine / hardwood,13,2.891132963165834,0.0,0.0,0.0,96
TM43200_Hamilton_O3,43200,374861516489998,Hamilton,Family Forest,3,406,Loblolly pine / hardwood,1,0.2223948433204488,0.0,0.0,0.0,96
TM43196_Suwannee_O4,43196,374861503489998,Suwannee,Corporate/Other Private,4,520,Mixed upland hardwoods,4,0.8895793732817951,0.0,0.0,0.0,45
TM43200_Union_O3,43200,374861516489998,Union,Family Forest,3,406,Loblolly pine / hardwood,146,32.469647124785524,0.0,0.0,0.0,96
TM43201_Baker_O4,43201,374861518489998,Baker,Corporate/Other Private,4,609,Baldcypress / pondcypress,54,12.009321539304235,0.0,0.0,0.0,64
TM43197_Columbia_O3,43197,374861504489998,Columbia,Family Forest,3,142,Slash pine,7,1.5567639032431415,0.0,0.0,0.0,18
TM43197_Suwannee_O3,43197,374861504489998,Suwannee,Family Forest,3,142,Slash pine,1207,268.4305758877817,0.0,0.0,0.0,18
TM43197_Suwannee_O4,43197,374861504489998,Suwannee,Corporate/Other Private,4,142,Slash pine,274,60.93618706980297,0.0,0.0,0.0,18
TM43197_Suwannee_O7,43197,374861504489998,Suwannee,State,7,142,Slash pine,42,9.340583419458849,0.0,0.0,0.0,18
TM43200_Baker_O6,43200,374861516489998,Baker,Federal,6,406,Loblolly pine / hardwood,461,102.52402277072689,0.0,0.0,0.0,96
TM43194_Suwannee_O4,43194,374861500489998,Suwannee,Corporate/Other Private,4,520,Mixed upland hardwoods,2,0.4447896866408976,0.0,0.0,0.0,20
TM43194_Union_O3,43194,374861500489998,Union,Family Forest,3,520,Mixed upland hardwoods,1,0.2223948433204488,0.0,0.0,0.0,20
TM43196_Columbia_O4,43196,374861503489998,Columbia,Corporate/Other Private,4,520,Mixed upland hardwoods,105,23.351458548647123,0.0,0.0,0.0,45
TM43196_Columbia_O7,43196,374861503489998,Columbia,State,7,520,Mixed upland hardwoods,3,0.6671845299613464,0.0,0.0,0.0,45
TM43196_Columbia_O8,43196,374861503489998,Columbia,Local,8,520,Mixed upland hardwoods,3,0.6671845299613464,0.0,0.0,0.0,45
TM43196_Suwannee_O3,43196,374861503489998,Suwannee,Family Forest,3,520,Mixed upland hardwoods,31,6.894240142933913,0.0,0.0,0.0,45
TM43200_Suwannee_O4,43200,374861516489998,Suwannee,Corporate/Other Private,4,406,Loblolly pine / hardwood,7,1.5567639032431415,0.0,0.0,0.0,96
TM36933_Baker_O8,36933,289515945489998,Baker,Local,8,609,Baldcypress / pondcypress,16,3.5583174931271806,0.0,0.0,0.0,71
TM36939_Hamilton_O4,36939,289515962489998,Hamilton,Corporate/Other Private,4,142,Slash pine,94,20.905115272122185,0.0,0.0,0.0,55
TM36939_Suwannee_O3,36939,289515962489998,Suwannee,Family Forest,3,142,Slash pine,2,0.4447896866408976,0.0,0.0,0.0,55
TM36938_Union_O8,36938,289515961489998,Union,Local,8,608,Sweetbay / swamp tupelo / red maple,1,0.2223948433204488,0.0,0.0,0.0,35
TM36939_Baker_O7,36939,289515962489998,Baker,State,7,142,Slash pine,59,13.121295755906479,0.0,0.0,0.0,55
TM43092_Hamilton_O4,43092,374861039489998,Hamilton,Corporate/Other Private,4,406,Loblolly pine / hardwood,1,0.2223948433204488,0.0,0.0,0.0,92
TM43101_Hamilton_O4,43101,374861074489998,Hamilton,Corporate/Other Private,4,141,Longleaf pine,6,1.3343690599226927,0.0,0.0,0.0,15
TM43111_Baker_O3,43111,374861121489998,Baker,Family Forest,3,142,Slash pine,352,78.28298484879798,0.0,0.0,0.0,51
TM43111_Columbia_O4,43111,374861121489998,Columbia,Corporate/Other Private,4,142,Slash pine,27,6.0046607696521175,0.0,0.0,0.0,51
TM43117_Baker_O3,43117,374861136489998,Baker,Family Forest,3,520,Mixed upland hardwoods,1,0.2223948433204488,0.0,0.0,0.0,58
TM43117_Columbia_O6,43117,374861136489998,Columbia,Federal,6,520,Mixed upland hardwoods,3,0.6671845299613464,0.0,0.0,0.0,58
TM43117_Hamilton_O3,43117,374861136489998,Hamilton,Family Forest,3,520,Mixed upland hardwoods,1,0.2223948433204488,0.0,0.0,0.0,58
TM43162_Baker_O7,43162,374861341489998,Baker,State,7,407,Slash pine / hardwood,1,0.2223948433204488,0.0,0.0,0.0,43
TM43086_Union_O7,43086,374861013489998,Union,State,7,407,Slash pine / hardwood,1,0.2223948433204488,0.0,0.0,0.0,81
TM43086_Union_O8,43086,374861013489998,Union,Local,8,407,Slash pine / hardwood,1,0.2223948433204488,0.0,0.0,0.0,81
TM43090_Baker_O3,43090,374861032489998,Baker,Family Forest,3,407,Slash pine / hardwood,2,0.4447896866408976,0.0,0.0,0.0,7
TM43090_Columbia_O6,43090,374861032489998,Columbia,Federal,6,407,Slash pine / hardwood,1,0.2223948433204488,0.0,0.0,0.0,7
TM43090_Union_O3,43090,374861032489998,Union,Family Forest,3,407,Slash pine / hardwood,12,2.6687381198453854,0.0,0.0,0.0,7
TM43158_Hamilton_O3,43158,374861333489998,Hamilton,Family Forest,3,609,Baldcypress / pondcypress,2,0.4447896866408976,0.0,0.0,0.0,63
TM43158_Hamilton_O4,43158,374861333489998,Hamilton,Corporate/Other Private,4,609,Baldcypress / pondcypress,1,0.2223948433204488,0.0,0.0,0.0,63
TM43159_Baker_O3,43159,374861334489998,Baker,Family Forest,3,141,Longleaf pine,11,2.446343276524937,0.0,0.0,0.0,35
TM43159_Baker_O4,43159,374861334489998,Baker,Corporate/Other Private,4,141,Longleaf pine,1,0.2223948433204488,0.0,0.0,0.0,35
TM43159_Baker_O6,43159,374861334489998,Baker,Federal,6,141,Longleaf pine,8,1.7791587465635903,0.0,0.0,0.0,35
TM43159_Columbia_O3,43159,374861334489998,Columbia,Family Forest,3,141,Longleaf pine,2,0.4447896866408976,0.0,0.0,0.0,35
TM43159_Columbia_O4,43159,374861334489998,Columbia,Corporate/Other Private,4,141,Longleaf pine,1,0.2223948433204488,0.0,0.0,0.0,35
TM43159_Columbia_O6,43159,374861334489998,Columbia,Federal,6,141,Longleaf pine,75,16.679613249033657,0.0,0.0,0.0,35
TM43086_Union_O4,43086,374861013489998,Union,Corporate/Other Private,4,407,Slash pine / hardwood,1,0.2223948433204488,0.0,0.0,0.0,81
TM43076_Columbia_O4,43076,374860995489998,Columbia,Corporate/Other Private,4,983,Palms,21,4.670291709729424,0.0,0.0,0.0,41
TM43076_Columbia_O6,43076,374860995489998,Columbia,Federal,6,983,Palms,397,88.29075279821816,0.0,0.0,0.0,41
TM43068_Columbia_O4,43068,374860961489998,Columbia,Corporate/Other Private,4,514,Southern scrub oak,15,3.335922649806732,0.0,0.0,0.0,15
TM43068_Columbia_O6,43068,374860961489998,Columbia,Federal,6,514,Southern scrub oak,2,0.4447896866408976,0.0,0.0,0.0,15
TM43068_Columbia_O8,43068,374860961489998,Columbia,Local,8,514,Southern scrub oak,12,2.6687381198453854,0.0,0.0,0.0,15
TM43068_Hamilton_O3,43068,374860961489998,Hamilton,Family Forest,3,514,Southern scrub oak,12,2.6687381198453854,0.0,0.0,0.0,15
TM43068_Hamilton_O4,43068,374860961489998,Hamilton,Corporate/Other Private,4,514,Southern scrub oak,29,6.449450456293015,0.0,0.0,0.0,15
TM43068_Hamilton_O7,43068,374860961489998,Hamilton,State,7,514,Southern scrub oak,1,0.2223948433204488,0.0,0.0,0.0,15
TM43068_Suwannee_O3,43068,374860961489998,Suwannee,Family Forest,3,514,Southern scrub oak,45,10.007767949420195,0.0,0.0,0.0,15
TM43068_Suwannee_O4,43068,374860961489998,Suwannee,Corporate/Other Private,4,514,Southern scrub oak,9,2.001553589884039,0.0,0.0,0.0,15
TM43151_Baker_O7,43151,374861300489998,Baker,State,7,161,Loblolly pine,21,4.670291709729424,0.0,0.0,0.0,19
TM43151_Columbia_O7,43151,374861300489998,Columbia,State,7,161,Loblolly pine,14,3.113527806486283,0.0,0.0,0.0,19
TM36933_Baker_O4,36933,289515945489998,Baker,Corporate/Other Private,4,609,Baldcypress / pondcypress,39,8.673398889497502,0.0,0.0,0.0,71
TM43150_Columbia_O3,43150,374861298489998,Columbia,Family Forest,3,141,Longleaf pine,3,0.6671845299613464,0.0,0.0,0.0,81
TM43150_Columbia_O6,43150,374861298489998,Columbia,Federal,6,141,Longleaf pine,15,3.335922649806732,0.0,0.0,0.0,81
TM43150_Hamilton_O4,43150,374861298489998,Hamilton,Corporate/Other Private,4,141,Longleaf pine,2,0.4447896866408976,0.0,0.0,0.0,81
TM43150_Hamilton_O7,43150,374861298489998,Hamilton,State,7,141,Longleaf pine,1,0.2223948433204488,0.0,0.0,0.0,81
TM36933_Columbia_O3,36933,289515945489998,Columbia,Family Forest,3,609,Baldcypress / pondcypress,1,0.2223948433204488,0.0,0.0,0.0,71
TM36933_Columbia_O4,36933,289515945489998,Columbia,Corporate/Other Private,4,609,Baldcypress / pondcypress,3,0.6671845299613464,0.0,0.0,0.0,71
TM36933_Columbia_O6,36933,289515945489998,Columbia,Federal,6,609,Baldcypress / pondcypress,13,2.891132963165834,0.0,0.0,0.0,71
TM36933_Columbia_O8,36933,289515945489998,Columbia,Local,8,609,Baldcypress / pondcypress,5,1.111974216602244,0.0,0.0,0.0,71
TM36934_Baker_O6,36934,289515946489998,Baker,Federal,6,608,Sweetbay / swamp tupelo / red maple,6,1.3343690599226927,0.0,0.0,0.0,36
TM36932_Suwannee_O4,36932,289515944489998,Suwannee,Corporate/Other Private,4,407,Slash pine / hardwood,23,5.115081396370322,0.0,0.0,0.0,67
TM36932_Suwannee_O7,36932,289515944489998,Suwannee,State,7,407,Slash pine / hardwood,13,2.891132963165834,0.0,0.0,0.0,67
TM36932_Union_O7,36932,289515944489998,Union,State,7,407,Slash pine / hardwood,157,34.91599040131046,0.0,0.0,0.0,67
TM36933_Baker_O3,36933,289515945489998,Baker,Family Forest,3,609,Baldcypress / pondcypress,18,4.003107179768078,0.0,0.0,0.0,71
TM43138_Union_O4,43138,374861259489998,Union,Corporate/Other Private,4,409,Other pine / hardwood,2,0.4447896866408976,0.0,0.0,0.0,41
TM36929_Baker_O4,36929,289515934489998,Baker,Corporate/Other Private,4,520,Mixed upland hardwoods,2,0.4447896866408976,0.0,0.0,0.0,14
TM36929_Columbia_O4,36929,289515934489998,Columbia,Corporate/Other Private,4,520,Mixed upland hardwoods,56,12.454111225945132,0.0,0.0,0.0,14
TM36928_Baker_O8,36928,289515933489998,Baker,Local,8,503,White oak / red oak / hickory,5,1.111974216602244,0.0,0.0,0.0,108
TM36928_Columbia_O3,36928,289515933489998,Columbia,Family Forest,3,503,White oak / red oak / hickory,89,19.793141055519943,0.0,0.0,0.0,108
TM36928_Columbia_O4,36928,289515933489998,Columbia,Corporate/Other Private,4,503,White oak / red oak / hickory,26,5.782265926331668,0.0,0.0,0.0,108
TM36928_Columbia_O8,36928,289515933489998,Columbia,Local,8,503,White oak / red oak / hickory,2,0.4447896866408976,0.0,0.0,0.0,108
TM36928_Suwannee_O3,36928,289515933489998,Suwannee,Family Forest,3,503,White oak / red oak / hickory,2,0.4447896866408976,0.0,0.0,0.0,108
TM36928_Suwannee_O4,36928,289515933489998,Suwannee,Corporate/Other Private,4,503,White oak / red oak / hickory,2,0.4447896866408976,0.0,0.0,0.0,108
TM36934_Suwannee_O4,36934,289515946489998,Suwannee,Corporate/Other Private,4,608,Sweetbay / swamp tupelo / red maple,50,11.119742166022439,0.0,0.0,0.0,36
TM36935_Baker_O4,36935,289515947489998,Baker,Corporate/Other Private,4,142,Slash pine,1030,229.06668862006225,0.0,0.0,0.0,22
TM36935_Baker_O7,36935,289515947489998,Baker,State,7,142,Slash pine,53,11.786926695983786,0.0,0.0,0.0,22
TM36935_Baker_O8,36935,289515947489998,Baker,Local,8,142,Slash pine,2,0.4447896866408976,0.0,0.0,0.0,22
TM43156_Baker_O3,43156,374861328489998,Baker,Family Forest,3,161,Loblolly pine,1,0.2223948433204488,0.0,0.0,0.0,14
TM36934_Columbia_O7,36934,289515946489998,Columbia,State,7,608,Sweetbay / swamp tupelo / red maple,9,2.001553589884039,0.0,0.0,0.0,36
TM43162_Columbia_O4,43162,374861341489998,Columbia,Corporate/Other Private,4,407,Slash pine / hardwood,54,12.009321539304235,0.0,0.0,0.0,43
TM43162_Columbia_O7,43162,374861341489998,Columbia,State,7,407,Slash pine / hardwood,1,0.2223948433204488,0.0,0.0,0.0,43
TM43162_Columbia_O8,43162,374861341489998,Columbia,Local,8,407,Slash pine / hardwood,28,6.227055612972566,0.0,0.0,0.0,43
TM43162_Union_O3,43162,374861341489998,Union,Family Forest,3,407,Slash pine / hardwood,47,10.452557636061092,0.0,0.0,0.0,43
TM43163_Baker_O3,43163,374861344489998,Baker,Family Forest,3,403,Longleaf pine / oak,26,5.782265926331668,0.0,0.0,0.0,79
TM43163_Baker_O4,43163,374861344489998,Baker,Corporate/Other Private,4,403,Longleaf pine / oak,43,9.562978262779298,0.0,0.0,0.0,79
TM43163_Baker_O8,43163,374861344489998,Baker,Local,8,403,Longleaf pine / oak,1,0.2223948433204488,0.0,0.0,0.0,79
TM43159_Columbia_O8,43159,374861334489998,Columbia,Local,8,141,Longleaf pine,2,0.4447896866408976,0.0,0.0,0.0,35
TM43159_Hamilton_O4,43159,374861334489998,Hamilton,Corporate/Other Private,4,141,Longleaf pine,2,0.4447896866408976,0.0,0.0,0.0,35
TM43160_Baker_O4,43160,374861337489998,Baker,Corporate/Other Private,4,142,Slash pine,233,51.81799849366457,0.0,0.0,0.0,12
TM43162_Baker_O3,43162,374861341489998,Baker,Family Forest,3,407,Slash pine / hardwood,81,18.01398230895635,0.0,0.0,0.0,43
TM43162_Baker_O4,43162,374861341489998,Baker,Corporate/Other Private,4,407,Slash pine / hardwood,48,10.674952479381542,0.0,0.0,0.0,43
TM36934_Baker_O8,36934,289515946489998,Baker,Local,8,608,Sweetbay / swamp tupelo / red maple,7,1.5567639032431415,0.0,0.0,0.0,36
TM43156_Baker_O4,43156,374861328489998,Baker,Corporate/Other Private,4,161,Loblolly pine,2,0.4447896866408976,0.0,0.0,0.0,14
TM43157_Baker_O3,43157,374861329489998,Baker,Family Forest,3,161,Loblolly pine,125,27.799355415056098,0.0,0.0,0.0,38
TM43157_Baker_O8,43157,374861329489998,Baker,Local,8,161,Loblolly pine,295,65.6064787795324,0.0,0.0,0.0,38
TM43158_Baker_O4,43158,374861333489998,Baker,Corporate/Other Private,4,609,Baldcypress / pondcypress,4,0.8895793732817951,0.0,0.0,0.0,63
TM43158_Baker_O8,43158,374861333489998,Baker,Local,8,609,Baldcypress / pondcypress,2,0.4447896866408976,0.0,0.0,0.0,63
TM43152_Baker_O7,43152,374861302489998,Baker,State,7,520,Mixed upland hardwoods,2,0.4447896866408976,0.0,0.0,0.0,39
TM43152_Columbia_O3,43152,374861302489998,Columbia,Family Forest,3,520,Mixed upland hardwoods,166,36.9175439911945,0.0,0.0,0.0,39
TM43152_Columbia_O4,43152,374861302489998,Columbia,Corporate/Other Private,4,520,Mixed upland hardwoods,5,1.111974216602244,0.0,0.0,0.0,39
TM43152_Columbia_O7,43152,374861302489998,Columbia,State,7,520,Mixed upland hardwoods,1,0.2223948433204488,0.0,0.0,0.0,39
TM43151_Suwannee_O7,43151,374861300489998,Suwannee,State,7,161,Loblolly pine,4,0.8895793732817951,0.0,0.0,0.0,19
TM43151_Suwannee_O8,43151,374861300489998,Suwannee,Local,8,161,Loblolly pine,1,0.2223948433204488,0.0,0.0,0.0,19
TM43151_Union_O7,43151,374861300489998,Union,State,7,161,Loblolly pine,293,65.16168909289149,0.0,0.0,0.0,19
TM43151_Union_O8,43151,374861300489998,Union,Local,8,161,Loblolly pine,10,2.223948433204488,0.0,0.0,0.0,19
TM36929_Baker_O3,36929,289515934489998,Baker,Family Forest,3,520,Mixed upland hardwoods,249,55.376315986791745,0.0,0.0,0.0,14
TM43167_Columbia_O4,43167,374861365489998,Columbia,Corporate/Other Private,4,514,Southern scrub oak,98,21.794694645403982,0.0,0.0,0.0,98
TM43167_Columbia_O7,43167,374861365489998,Columbia,State,7,514,Southern scrub oak,1,0.2223948433204488,0.0,0.0,0.0,98
TM43167_Suwannee_O3,43167,374861365489998,Suwannee,Family Forest,3,514,Southern scrub oak,21,4.670291709729424,0.0,0.0,0.0,98
TM43167_Suwannee_O4,43167,374861365489998,Suwannee,Corporate/Other Private,4,514,Southern scrub oak,4,0.8895793732817951,0.0,0.0,0.0,98
TM43167_Union_O3,43167,374861365489998,Union,Family Forest,3,514,Southern scrub oak,50,11.119742166022439,0.0,0.0,0.0,98
TM43167_Union_O8,43167,374861365489998,Union,Local,8,514,Southern scrub oak,1,0.2223948433204488,0.0,0.0,0.0,98
TM43163_Columbia_O4,43163,374861344489998,Columbia,Corporate/Other Private,4,403,Longleaf pine / oak,11,2.446343276524937,0.0,0.0,0.0,79
TM43163_Columbia_O7,43163,374861344489998,Columbia,State,7,403,Longleaf pine / oak,7,1.5567639032431415,0.0,0.0,0.0,79
TM43163_Columbia_O8,43163,374861344489998,Columbia,Local,8,403,Longleaf pine / oak,2,0.4447896866408976,0.0,0.0,0.0,79
TM43163_Union_O7,43163,374861344489998,Union,State,7,403,Longleaf pine / oak,67,14.900454502470069,0.0,0.0,0.0,79
TM36928_Union_O3,36928,289515933489998,Union,Family Forest,3,503,White oak / red oak / hickory,17,3.780712336447629,0.0,0.0,0.0,108
TM36928_Union_O4,36928,289515933489998,Union,Corporate/Other Private,4,503,White oak / red oak / hickory,7,1.5567639032431415,0.0,0.0,0.0,108
TM36928_Union_O8,36928,289515933489998,Union,Local,8,503,White oak / red oak / hickory,4,0.8895793732817951,0.0,0.0,0.0,108
TM43167_Columbia_O3,43167,374861365489998,Columbia,Family Forest,3,514,Southern scrub oak,59,13.121295755906479,0.0,0.0,0.0,98
TM34614_Suwannee_O3,34614,258739114010854,Suwannee,Family Forest,3,520,Mixed upland hardwoods,2,0.4447896866408976,0.0,0.0,0.0,20
TM35017_Baker_O3,35017,259079310010854,Baker,Family Forest,3,517,Elm / ash / black locust,24,5.337476239690771,0.0,0.0,0.0,54
TM35017_Baker_O4,35017,259079310010854,Baker,Corporate/Other Private,4,517,Elm / ash / black locust,6,1.3343690599226927,0.0,0.0,0.0,54
TM35215_Baker_O3,35215,259082814010854,Baker,Family Forest,3,609,Baldcypress / pondcypress,2,0.4447896866408976,0.0,0.0,0.0,120
TM35215_Baker_O4,35215,259082814010854,Baker,Corporate/Other Private,4,609,Baldcypress / pondcypress,16,3.5583174931271806,0.0,0.0,0.0,120
TM35215_Columbia_O3,35215,259082814010854,Columbia,Family Forest,3,609,Baldcypress / pondcypress,1,0.2223948433204488,0.0,0.0,0.0,120
TM35373_Suwannee_O3,35373,259178232010854,Suwannee,Family Forest,3,142,Slash pine,12,2.6687381198453854,0.0,0.0,0.0,48
TM35374_Hamilton_O3,35374,259178252010854,Hamilton,Family Forest,3,608,Sweetbay / swamp tupelo / red maple,116,25.79780182517206,0.0,0.0,0.0,117
TM35374_Hamilton_O4,35374,259178252010854,Hamilton,Corporate/Other Private,4,608,Sweetbay / swamp tupelo / red maple,32,7.116634986254361,0.0,0.0,0.0,117
TM35375_Columbia_O4,35375,259178255010854,Columbia,Corporate/Other Private,4,142,Slash pine,195,43.366994447487514,0.0,0.0,0.0,36
TM35375_Columbia_O7,35375,259178255010854,Columbia,State,7,142,Slash pine,2,0.4447896866408976,0.0,0.0,0.0,36
TM35375_Columbia_O8,35375,259178255010854,Columbia,Local,8,142,Slash pine,132,29.35611931829924,0.0,0.0,0.0,36
TM36820_Columbia_O8,36820,289515326489998,Columbia,Local,8,141,Longleaf pine,16,3.5583174931271806,0.0,0.0,0.0,82
TM35368_Baker_O4,35368,259178110010854,Baker,Corporate/Other Private,4,514,Southern scrub oak,2,0.4447896866408976,0.0,0.0,0.0,36
TM35373_Baker_O3,35373,259178232010854,Baker,Family Forest,3,142,Slash pine,10,2.223948433204488,0.0,0.0,0.0,48
TM35373_Baker_O4,35373,259178232010854,Baker,Corporate/Other Private,4,142,Slash pine,2,0.4447896866408976,0.0,0.0,0.0,48
TM35373_Baker_O7,35373,259178232010854,Baker,State,7,142,Slash pine,1,0.2223948433204488,0.0,0.0,0.0,48
TM35373_Columbia_O4,35373,259178232010854,Columbia,Corporate/Other Private,4,142,Slash pine,8,1.7791587465635903,0.0,0.0,0.0,48
TM50051_Columbia_O6,50051,451136472489998,Columbia,Federal,6,142,Slash pine,54,12.009321539304235,0.0,0.0,0.0,26
TM49948_Hamilton_O7,49948,451136155489998,Hamilton,State,7,520,Mixed upland hardwoods,1,0.2223948433204488,0.0,0.0,0.0,56
TM49948_Hamilton_O8,49948,451136155489998,Hamilton,Local,8,520,Mixed upland hardwoods,4,0.8895793732817951,0.0,0.0,0.0,56
TM49955_Baker_O3,49955,451136176489998,Baker,Family Forest,3,142,Slash pine,30,6.671845299613464,0.0,0.0,0.0,24
TM49955_Baker_O6,49955,451136176489998,Baker,Federal,6,142,Slash pine,7,1.5567639032431415,0.0,0.0,0.0,24
TM49955_Columbia_O6,49955,451136176489998,Columbia,Federal,6,142,Slash pine,14,3.113527806486283,0.0,0.0,0.0,24
TM49990_Hamilton_O3,49990,451136281489998,Hamilton,Family Forest,3,142,Slash pine,9,2.001553589884039,0.0,0.0,0.0,20
TM49990_Hamilton_O4,49990,451136281489998,Hamilton,Corporate/Other Private,4,142,Slash pine,2,0.4447896866408976,0.0,0.0,0.0,20
TM35368_Baker_O3,35368,259178110010854,Baker,Family Forest,3,514,Southern scrub oak,7,1.5567639032431415,0.0,0.0,0.0,36
TM48673_Columbia_O4,48673,448941002489998,Columbia,Corporate/Other Private,4,407,Slash pine / hardwood,19,4.225502023088527,0.0,0.0,0.0,42
TM48673_Hamilton_O3,48673,448941002489998,Hamilton,Family Forest,3,407,Slash pine / hardwood,120,26.687381198453856,0.0,0.0,0.0,42
TM48673_Suwannee_O3,48673,448941002489998,Suwannee,Family Forest,3,407,Slash pine / hardwood,7,1.5567639032431415,0.0,0.0,0.0,42
TM48673_Suwannee_O4,48673,448941002489998,Suwannee,Corporate/Other Private,4,407,Slash pine / hardwood,43,9.562978262779298,0.0,0.0,0.0,42
TM48672_Hamilton_O4,48672,448941001489998,Hamilton,Corporate/Other Private,4,142,Slash pine,363,80.72932812532291,0.0,0.0,0.0,32
TM48672_Hamilton_O7,48672,448941001489998,Hamilton,State,7,142,Slash pine,65,14.455664815829172,0.0,0.0,0.0,32
TM48672_Baker_O7,48672,448941001489998,Baker,State,7,142,Slash pine,1,0.2223948433204488,0.0,0.0,0.0,32
TM48672_Baker_O8,48672,448941001489998,Baker,Local,8,142,Slash pine,117,26.02019666849251,0.0,0.0,0.0,32
TM48672_Columbia_O6,48672,448941001489998,Columbia,Federal,6,142,Slash pine,15,3.335922649806732,0.0,0.0,0.0,32
TM50051_Columbia_O8,50051,451136472489998,Columbia,Local,8,142,Slash pine,145,32.24725228146507,0.0,0.0,0.0,26
TM50051_Hamilton_O3,50051,451136472489998,Hamilton,Family Forest,3,142,Slash pine,12,2.6687381198453854,0.0,0.0,0.0,26
TM50051_Hamilton_O4,50051,451136472489998,Hamilton,Corporate/Other Private,4,142,Slash pine,101,22.46187917536533,0.0,0.0,0.0,26
TM34614_Hamilton_O4,34614,258739114010854,Hamilton,Corporate/Other Private,4,520,Mixed upland hardwoods,1,0.2223948433204488,0.0,0.0,0.0,20
TM50088_Hamilton_O3,50088,451136579489998,Hamilton,Family Forest,3,608,Sweetbay / swamp tupelo / red maple,3,0.6671845299613464,0.0,0.0,0.0,31
TM50089_Baker_O4,50089,451136581489998,Baker,Corporate/Other Private,4,608,Sweetbay / swamp tupelo / red maple,1,0.2223948433204488,0.0,0.0,0.0,12
TM50089_Columbia_O3,50089,451136581489998,Columbia,Family Forest,3,608,Sweetbay / swamp tupelo / red maple,5,1.111974216602244,0.0,0.0,0.0,12
TM50089_Columbia_O4,50089,451136581489998,Columbia,Corporate/Other Private,4,608,Sweetbay / swamp tupelo / red maple,7,1.5567639032431415,0.0,0.0,0.0,12
TM50018_Hamilton_O3,50018,451136380489998,Hamilton,Family Forest,3,602,Sweetgum / Nuttall oak / willow oak,25,5.5598710830112195,0.0,0.0,0.0,47
TM50018_Hamilton_O4,50018,451136380489998,Hamilton,Corporate/Other Private,4,602,Sweetgum / Nuttall oak / willow oak,5,1.111974216602244,0.0,0.0,0.0,47
TM50051_Baker_O3,50051,451136472489998,Baker,Family Forest,3,142,Slash pine,918,204.158466168172,0.0,0.0,0.0,26
TM50051_Baker_O4,50051,451136472489998,Baker,Corporate/Other Private,4,142,Slash pine,125,27.799355415056098,0.0,0.0,0.0,26
TM50051_Baker_O6,50051,451136472489998,Baker,Federal,6,142,Slash pine,20,4.447896866408976,0.0,0.0,0.0,26
TM50051_Columbia_O3,50051,451136472489998,Columbia,Family Forest,3,142,Slash pine,8,1.7791587465635903,0.0,0.0,0.0,26
TM50051_Columbia_O4,50051,451136472489998,Columbia,Corporate/Other Private,4,142,Slash pine,154,34.24880587134911,0.0,0.0,0.0,26
TM35215_Hamilton_O4,35215,259082814010854,Hamilton,Corporate/Other Private,4,609,Baldcypress / pondcypress,6,1.3343690599226927,0.0,0.0,0.0,120
TM35215_Suwannee_O3,35215,259082814010854,Suwannee,Family Forest,3,609,Baldcypress / pondcypress,1,0.2223948433204488,0.0,0.0,0.0,120
TM50051_Suwannee_O3,50051,451136472489998,Suwannee,Family Forest,3,142,Slash pine,55,12.231716382624683,0.0,0.0,0.0,26
TM50154_Hamilton_O4,50154,451136790489998,Hamilton,Corporate/Other Private,4,608,Sweetbay / swamp tupelo / red maple,808,179.69503340292263,0.0,0.0,0.0,50
TM50155_Columbia_O4,50155,451136792489998,Columbia,Corporate/Other Private,4,406,Loblolly pine / hardwood,136,30.245698691581033,0.0,0.0,0.0,96
TM50155_Columbia_O6,50155,451136792489998,Columbia,Federal,6,406,Loblolly pine / hardwood,99,22.01708948872443,0.0,0.0,0.0,96
TM50147_Columbia_O6,50147,451136773489998,Columbia,Federal,6,608,Sweetbay / swamp tupelo / red maple,8247,1834.0902728637411,0.0,0.0,0.0,68
TM50147_Columbia_O7,50147,451136773489998,Columbia,State,7,608,Sweetbay / swamp tupelo / red maple,4,0.8895793732817951,0.0,0.0,0.0,68
TM50147_Hamilton_O7,50147,451136773489998,Hamilton,State,7,608,Sweetbay / swamp tupelo / red maple,4,0.8895793732817951,0.0,0.0,0.0,68
TM50147_Hamilton_O8,50147,451136773489998,Hamilton,Local,8,608,Sweetbay / swamp tupelo / red maple,16,3.5583174931271806,0.0,0.0,0.0,68
TM33353_Union_O4,33353,249673771010854,Union,Corporate/Other Private,4,520,Mixed upland hardwoods,22,4.892686553049874,0.0,0.0,0.0,34
TM33350_Baker_O6,33350,249673681010854,Baker,Federal,6,142,Slash pine,1,0.2223948433204488,0.0,0.0,0.0,38
TM33350_Columbia_O6,33350,249673681010854,Columbia,Federal,6,142,Slash pine,51,11.342137009342888,0.0,0.0,0.0,38
TM33350_Columbia_O8,33350,249673681010854,Columbia,Local,8,142,Slash pine,1,0.2223948433204488,0.0,0.0,0.0,38
TM33350_Hamilton_O3,33350,249673681010854,Hamilton,Family Forest,3,142,Slash pine,48,10.674952479381542,0.0,0.0,0.0,38
TM49990_Suwannee_O4,49990,451136281489998,Suwannee,Corporate/Other Private,4,142,Slash pine,1,0.2223948433204488,0.0,0.0,0.0,20
TM33350_Hamilton_O7,33350,249673681010854,Hamilton,State,7,142,Slash pine,1,0.2223948433204488,0.0,0.0,0.0,38
TM33350_Suwannee_O3,33350,249673681010854,Suwannee,Family Forest,3,142,Slash pine,7,1.5567639032431415,0.0,0.0,0.0,38
TM33353_Columbia_O3,33353,249673771010854,Columbia,Family Forest,3,520,Mixed upland hardwoods,222,49.37165521713963,0.0,0.0,0.0,34
TM33349_Columbia_O4,33349,249673679010854,Columbia,Corporate/Other Private,4,142,Slash pine,1,0.2223948433204488,0.0,0.0,0.0,33
TM33349_Columbia_O6,33349,249673679010854,Columbia,Federal,6,142,Slash pine,36,8.006214359536155,0.0,0.0,0.0,33
TM33349_Hamilton_O3,33349,249673679010854,Hamilton,Family Forest,3,142,Slash pine,465,103.41360214400869,0.0,0.0,0.0,33
TM33349_Hamilton_O4,33349,249673679010854,Hamilton,Corporate/Other Private,4,142,Slash pine,20,4.447896866408976,0.0,0.0,0.0,33
TM33349_Hamilton_O7,33349,249673679010854,Hamilton,State,7,142,Slash pine,2,0.4447896866408976,0.0,0.0,0.0,33
TM33349_Suwannee_O3,33349,249673679010854,Suwannee,Family Forest,3,142,Slash pine,3,0.6671845299613464,0.0,0.0,0.0,33
TM33350_Baker_O3,33350,249673681010854,Baker,Family Forest,3,142,Slash pine,60,13.343690599226928,0.0,0.0,0.0,38
TM33350_Baker_O4,33350,249673681010854,Baker,Corporate/Other Private,4,142,Slash pine,1,0.2223948433204488,0.0,0.0,0.0,38
TM35220_Suwannee_O6,35220,259083023010854,Suwannee,Federal,6,407,Slash pine / hardwood,2,0.4447896866408976,0.0,0.0,0.0,30
TM35220_Suwannee_O7,35220,259083023010854,Suwannee,State,7,407,Slash pine / hardwood,4,0.8895793732817951,0.0,0.0,0.0,30
TM33350_Hamilton_O4,33350,249673681010854,Hamilton,Corporate/Other Private,4,142,Slash pine,17,3.780712336447629,0.0,0.0,0.0,38
TM48676_Hamilton_O3,48676,448941011489998,Hamilton,Family Forest,3,141,Longleaf pine,29,6.449450456293015,0.0,0.0,0.0,38
TM48676_Union_O3,48676,448941011489998,Union,Family Forest,3,141,Longleaf pine,16,3.5583174931271806,0.0,0.0,0.0,38
TM48677_Suwannee_O4,48677,448941017489998,Suwannee,Corporate/Other Private,4,142,Slash pine,1,0.2223948433204488,0.0,0.0,0.0,81
TM48680_Union_O3,48680,448941022489998,Union,Family Forest,3,409,Other pine / hardwood,2,0.4447896866408976,0.0,0.0,0.0,42
TM48684_Baker_O4,48684,448941029489998,Baker,Corporate/Other Private,4,407,Slash pine / hardwood,1,0.2223948433204488,0.0,0.0,0.0,52
TM50107_Columbia_O4,50107,451136641489998,Columbia,Corporate/Other Private,4,608,Sweetbay / swamp tupelo / red maple,7,1.5567639032431415,0.0,0.0,0.0,20
TM50107_Columbia_O6,50107,451136641489998,Columbia,Federal,6,608,Sweetbay / swamp tupelo / red maple,2,0.4447896866408976,0.0,0.0,0.0,20
TM50107_Columbia_O8,50107,451136641489998,Columbia,Local,8,608,Sweetbay / swamp tupelo / red maple,1,0.2223948433204488,0.0,0.0,0.0,20
TM50107_Hamilton_O4,50107,451136641489998,Hamilton,Corporate/Other Private,4,608,Sweetbay / swamp tupelo / red maple,46,10.230162792740645,0.0,0.0,0.0,20
TM50107_Suwannee_O4,50107,451136641489998,Suwannee,Corporate/Other Private,4,608,Sweetbay / swamp tupelo / red maple,2,0.4447896866408976,0.0,0.0,0.0,20
TM50107_Union_O3,50107,451136641489998,Union,Family Forest,3,608,Sweetbay / swamp tupelo / red maple,13,2.891132963165834,0.0,0.0,0.0,20
TM50100_Baker_O4,50100,451136596489998,Baker,Corporate/Other Private,4,406,Loblolly pine / hardwood,31,6.894240142933913,0.0,0.0,0.0,58
TM50089_Suwannee_O4,50089,451136581489998,Suwannee,Corporate/Other Private,4,608,Sweetbay / swamp tupelo / red maple,1,0.2223948433204488,0.0,0.0,0.0,12
TM50101_Baker_O3,50101,451136597489998,Baker,Family Forest,3,142,Slash pine,1,0.2223948433204488,0.0,0.0,0.0,3
TM50101_Baker_O4,50101,451136597489998,Baker,Corporate/Other Private,4,142,Slash pine,14,3.113527806486283,0.0,0.0,0.0,3
TM50107_Baker_O3,50107,451136641489998,Baker,Family Forest,3,608,Sweetbay / swamp tupelo / red maple,8,1.7791587465635903,0.0,0.0,0.0,20
TM50107_Baker_O4,50107,451136641489998,Baker,Corporate/Other Private,4,608,Sweetbay / swamp tupelo / red maple,7,1.5567639032431415,0.0,0.0,0.0,20
TM50107_Baker_O8,50107,451136641489998,Baker,Local,8,608,Sweetbay / swamp tupelo / red maple,1,0.2223948433204488,0.0,0.0,0.0,20
TM50107_Columbia_O3,50107,451136641489998,Columbia,Family Forest,3,608,Sweetbay / swamp tupelo / red maple,18,4.003107179768078,0.0,0.0,0.0,20
TM50098_Suwannee_O3,50098,451136592489998,Suwannee,Family Forest,3,602,Sweetgum / Nuttall oak / willow oak,1,0.2223948433204488,0.0,0.0,0.0,26
TM50100_Baker_O3,50100,451136596489998,Baker,Family Forest,3,406,Loblolly pine / hardwood,2,0.4447896866408976,0.0,0.0,0.0,58
TM50089_Columbia_O6,50089,451136581489998,Columbia,Federal,6,608,Sweetbay / swamp tupelo / red maple,1,0.2223948433204488,0.0,0.0,0.0,12
TM50089_Columbia_O8,50089,451136581489998,Columbia,Local,8,608,Sweetbay / swamp tupelo / red maple,2,0.4447896866408976,0.0,0.0,0.0,12
TM50089_Hamilton_O3,50089,451136581489998,Hamilton,Family Forest,3,608,Sweetbay / swamp tupelo / red maple,12,2.6687381198453854,0.0,0.0,0.0,12
TM50089_Hamilton_O4,50089,451136581489998,Hamilton,Corporate/Other Private,4,608,Sweetbay / swamp tupelo / red maple,7,1.5567639032431415,0.0,0.0,0.0,12
TM50089_Suwannee_O3,50089,451136581489998,Suwannee,Family Forest,3,608,Sweetbay / swamp tupelo / red maple,2,0.4447896866408976,0.0,0.0,0.0,12
TM50100_Baker_O8,50100,451136596489998,Baker,Local,8,406,Loblolly pine / hardwood,2,0.4447896866408976,0.0,0.0,0.0,58
TM35376_Suwannee_O3,35376,259178283010854,Suwannee,Family Forest,3,602,Sweetgum / Nuttall oak / willow oak,2,0.4447896866408976,0.0,0.0,0.0,60
TM35380_Columbia_O4,35380,259178369010854,Columbia,Corporate/Other Private,4,142,Slash pine,3,0.6671845299613464,0.0,0.0,0.0,27
TM35381_Baker_O3,35381,259178373010854,Baker,Family Forest,3,142,Slash pine,43,9.562978262779298,0.0,0.0,0.0,59
TM35381_Baker_O6,35381,259178373010854,Baker,Federal,6,142,Slash pine,4,0.8895793732817951,0.0,0.0,0.0,59
TM35381_Columbia_O4,35381,259178373010854,Columbia,Corporate/Other Private,4,142,Slash pine,10,2.223948433204488,0.0,0.0,0.0,59
TM35381_Columbia_O6,35381,259178373010854,Columbia,Federal,6,142,Slash pine,40,8.895793732817951,0.0,0.0,0.0,59
TM35381_Hamilton_O3,35381,259178373010854,Hamilton,Family Forest,3,142,Slash pine,2,0.4447896866408976,0.0,0.0,0.0,59
TM35381_Hamilton_O4,35381,259178373010854,Hamilton,Corporate/Other Private,4,142,Slash pine,4,0.8895793732817951,0.0,0.0,0.0,59
TM35382_Columbia_O3,35382,259178386010854,Columbia,Family Forest,3,142,Slash pine,238,52.92997271026681,0.0,0.0,0.0,38
TM35379_Hamilton_O4,35379,259178358010854,Hamilton,Corporate/Other Private,4,520,Mixed upland hardwoods,17,3.780712336447629,0.0,0.0,0.0,48
TM35379_Suwannee_O3,35379,259178358010854,Suwannee,Family Forest,3,520,Mixed upland hardwoods,867,192.8163291588291,0.0,0.0,0.0,48
TM35379_Suwannee_O4,35379,259178358010854,Suwannee,Corporate/Other Private,4,520,Mixed upland hardwoods,162,36.0279646179127,0.0,0.0,0.0,48
TM48673_Columbia_O3,48673,448941002489998,Columbia,Family Forest,3,407,Slash pine / hardwood,9,2.001553589884039,0.0,0.0,0.0,42
TM35379_Union_O8,35379,259178358010854,Union,Local,8,520,Mixed upland hardwoods,4,0.8895793732817951,0.0,0.0,0.0,48
TM48658_Union_O7,48658,448940864489998,Union,State,7,142,Slash pine,1,0.2223948433204488,0.0,0.0,0.0,28
TM48658_Columbia_O7,48658,448940864489998,Columbia,State,7,142,Slash pine,136,30.245698691581033,0.0,0.0,0.0,28
TM48658_Hamilton_O6,48658,448940864489998,Hamilton,Federal,6,142,Slash pine,69,15.345244189110966,0.0,0.0,0.0,28
TM48636_Union_O8,48636,448940596489998,Union,Local,8,608,Sweetbay / swamp tupelo / red maple,3,0.6671845299613464,0.0,0.0,0.0,78
TM48658_Baker_O6,48658,448940864489998,Baker,Federal,6,142,Slash pine,8,1.7791587465635903,0.0,0.0,0.0,28
TM48668_Columbia_O7,48668,448940993489998,Columbia,State,7,142,Slash pine,1,0.2223948433204488,0.0,0.0,0.0,37
TM48668_Columbia_O8,48668,448940993489998,Columbia,Local,8,142,Slash pine,50,11.119742166022439,0.0,0.0,0.0,37
TM48668_Hamilton_O3,48668,448940993489998,Hamilton,Family Forest,3,142,Slash pine,34,7.561424672895258,0.0,0.0,0.0,37
TM48668_Suwannee_O3,48668,448940993489998,Suwannee,Family Forest,3,142,Slash pine,205,45.590942880692005,0.0,0.0,0.0,37
TM48668_Suwannee_O4,48668,448940993489998,Suwannee,Corporate/Other Private,4,142,Slash pine,23,5.115081396370322,0.0,0.0,0.0,37
TM48668_Baker_O6,48668,448940993489998,Baker,Federal,6,142,Slash pine,2,0.4447896866408976,0.0,0.0,0.0,37
TM48668_Baker_O7,48668,448940993489998,Baker,State,7,142,Slash pine,4,0.8895793732817951,0.0,0.0,0.0,37
TM35379_Union_O7,35379,259178358010854,Union,State,7,520,Mixed upland hardwoods,1,0.2223948433204488,0.0,0.0,0.0,48
TM48633_Columbia_O4,48633,448940579489998,Columbia,Corporate/Other Private,4,142,Slash pine,6,1.3343690599226927,0.0,0.0,0.0,18
TM48633_Columbia_O6,48633,448940579489998,Columbia,Federal,6,142,Slash pine,969,215.50060317751488,0.0,0.0,0.0,18
TM48633_Columbia_O8,48633,448940579489998,Columbia,Local,8,142,Slash pine,5,1.111974216602244,0.0,0.0,0.0,18
TM48634_Baker_O4,48634,448940584489998,Baker,Corporate/Other Private,4,142,Slash pine,506,112.53179072014709,0.0,0.0,0.0,40
TM48634_Columbia_O3,48634,448940584489998,Columbia,Family Forest,3,142,Slash pine,213,47.37010162725559,0.0,0.0,0.0,40
TM48632_Hamilton_O7,48632,448940577489998,Hamilton,State,7,142,Slash pine,17,3.780712336447629,0.0,0.0,0.0,25
TM48632_Suwannee_O3,48632,448940577489998,Suwannee,Family Forest,3,142,Slash pine,8,1.7791587465635903,0.0,0.0,0.0,25
TM48633_Baker_O4,48633,448940579489998,Baker,Corporate/Other Private,4,142,Slash pine,6,1.3343690599226927,0.0,0.0,0.0,18
TM48658_Union_O8,48658,448940864489998,Union,Local,8,142,Slash pine,4,0.8895793732817951,0.0,0.0,0.0,28
TM48660_Baker_O3,48660,448940876489998,Baker,Family Forest,3,999,Nonstocked,28,6.227055612972566,0.0,0.0,0.0,0
TM48660_Baker_O8,48660,448940876489998,Baker,Local,8,999,Nonstocked,2,0.4447896866408976,0.0,0.0,0.0,0
TM48660_Columbia_O3,48660,448940876489998,Columbia,Family Forest,3,999,Nonstocked,1,0.2223948433204488,0.0,0.0,0.0,0
TM35376_Hamilton_O3,35376,259178283010854,Hamilton,Family Forest,3,602,Sweetgum / Nuttall oak / willow oak,1,0.2223948433204488,0.0,0.0,0.0,60
TM48660_Suwannee_O4,48660,448940876489998,Suwannee,Corporate/Other Private,4,999,Nonstocked,20,4.447896866408976,0.0,0.0,0.0,0
TM48660_Union_O3,48660,448940876489998,Union,Family Forest,3,999,Nonstocked,41,9.118188576138401,0.0,0.0,0.0,0
TM48658_Suwannee_O6,48658,448940864489998,Suwannee,Federal,6,142,Slash pine,72,16.01242871907231,0.0,0.0,0.0,28
TM48658_Suwannee_O7,48658,448940864489998,Suwannee,State,7,142,Slash pine,42,9.340583419458849,0.0,0.0,0.0,28
TM48658_Suwannee_O8,48658,448940864489998,Suwannee,Local,8,142,Slash pine,158,35.13838524463091,0.0,0.0,0.0,28
TM35378_Baker_O8,35378,259178355010854,Baker,Local,8,520,Mixed upland hardwoods,18,4.003107179768078,0.0,0.0,0.0,28
TM35377_Baker_O7,35377,259178350010854,Baker,State,7,602,Sweetgum / Nuttall oak / willow oak,4,0.8895793732817951,0.0,0.0,0.0,13
TM35377_Baker_O8,35377,259178350010854,Baker,Local,8,602,Sweetgum / Nuttall oak / willow oak,2,0.4447896866408976,0.0,0.0,0.0,13
TM35377_Columbia_O8,35377,259178350010854,Columbia,Local,8,602,Sweetgum / Nuttall oak / willow oak,4,0.8895793732817951,0.0,0.0,0.0,13
TM35377_Hamilton_O4,35377,259178350010854,Hamilton,Corporate/Other Private,4,602,Sweetgum / Nuttall oak / willow oak,5,1.111974216602244,0.0,0.0,0.0,13
TM35377_Hamilton_O7,35377,259178350010854,Hamilton,State,7,602,Sweetgum / Nuttall oak / willow oak,12,2.6687381198453854,0.0,0.0,0.0,13
TM35375_Suwannee_O4,35375,259178255010854,Suwannee,Corporate/Other Private,4,142,Slash pine,2863,636.7164364264448,0.0,0.0,0.0,36
TM35375_Suwannee_O6,35375,259178255010854,Suwannee,Federal,6,142,Slash pine,2,0.4447896866408976,0.0,0.0,0.0,36
TM48660_Suwannee_O3,48660,448940876489998,Suwannee,Family Forest,3,999,Nonstocked,3,0.6671845299613464,0.0,0.0,0.0,0
TM35225_Suwannee_O4,35225,259083269010854,Suwannee,Corporate/Other Private,4,520,Mixed upland hardwoods,41,9.118188576138401,0.0,0.0,0.0,20
TM35225_Suwannee_O8,35225,259083269010854,Suwannee,Local,8,520,Mixed upland hardwoods,1,0.2223948433204488,0.0,0.0,0.0,20
TM35225_Union_O3,35225,259083269010854,Union,Family Forest,3,520,Mixed upland hardwoods,25,5.5598710830112195,0.0,0.0,0.0,20
TM35224_Hamilton_O3,35224,259083192010854,Hamilton,Family Forest,3,142,Slash pine,401,89.18033217149997,0.0,0.0,0.0,21
TM35224_Hamilton_O4,35224,259083192010854,Hamilton,Corporate/Other Private,4,142,Slash pine,92,20.46032558548129,0.0,0.0,0.0,21
TM35224_Suwannee_O3,35224,259083192010854,Suwannee,Family Forest,3,142,Slash pine,99,22.01708948872443,0.0,0.0,0.0,21
TM35224_Suwannee_O4,35224,259083192010854,Suwannee,Corporate/Other Private,4,142,Slash pine,189,42.03262538756482,0.0,0.0,0.0,21
TM35225_Baker_O3,35225,259083269010854,Baker,Family Forest,3,520,Mixed upland hardwoods,5,1.111974216602244,0.0,0.0,0.0,20
TM35225_Columbia_O3,35225,259083269010854,Columbia,Family Forest,3,520,Mixed upland hardwoods,106,23.57385339196757,0.0,0.0,0.0,20
TM35225_Columbia_O4,35225,259083269010854,Columbia,Corporate/Other Private,4,520,Mixed upland hardwoods,57,12.676506069265582,0.0,0.0,0.0,20
TM35225_Columbia_O8,35225,259083269010854,Columbia,Local,8,520,Mixed upland hardwoods,14,3.113527806486283,0.0,0.0,0.0,20
TM35378_Hamilton_O7,35378,259178355010854,Hamilton,State,7,520,Mixed upland hardwoods,33,7.33902982957481,0.0,0.0,0.0,28
TM48668_Baker_O8,48668,448940993489998,Baker,Local,8,142,Slash pine,81,18.01398230895635,0.0,0.0,0.0,37
TM35377_Union_O7,35377,259178350010854,Union,State,7,602,Sweetgum / Nuttall oak / willow oak,51,11.342137009342888,0.0,0.0,0.0,13
TM35378_Baker_O7,35378,259178355010854,Baker,State,7,520,Mixed upland hardwoods,2,0.4447896866408976,0.0,0.0,0.0,28
TM48670_Columbia_O4,48670,448940999489998,Columbia,Corporate/Other Private,4,608,Sweetbay / swamp tupelo / red maple,98,21.794694645403982,0.0,0.0,0.0,69
TM48670_Columbia_O6,48670,448940999489998,Columbia,Federal,6,608,Sweetbay / swamp tupelo / red maple,270,60.04660769652117,0.0,0.0,0.0,69
TM48670_Columbia_O8,48670,448940999489998,Columbia,Local,8,608,Sweetbay / swamp tupelo / red maple,95,21.127510115442636,0.0,0.0,0.0,69
TM48670_Suwannee_O3,48670,448940999489998,Suwannee,Family Forest,3,608,Sweetbay / swamp tupelo / red maple,1,0.2223948433204488,0.0,0.0,0.0,69
TM48670_Suwannee_O4,48670,448940999489998,Suwannee,Corporate/Other Private,4,608,Sweetbay / swamp tupelo / red maple,2,0.4447896866408976,0.0,0.0,0.0,69
TM48670_Baker_O6,48670,448940999489998,Baker,Federal,6,608,Sweetbay / swamp tupelo / red maple,62,13.788480285867825,0.0,0.0,0.0,69
TM48676_Baker_O7,48676,448941011489998,Baker,State,7,141,Longleaf pine,2,0.4447896866408976,0.0,0.0,0.0,38
TM48676_Columbia_O3,48676,448941011489998,Columbia,Family Forest,3,141,Longleaf pine,47,10.452557636061092,0.0,0.0,0.0,38
TM48676_Columbia_O7,48676,448941011489998,Columbia,State,7,141,Longleaf pine,9,2.001553589884039,0.0,0.0,0.0,38
TM48672_Union_O7,48672,448941001489998,Union,State,7,142,Slash pine,432,96.07457231443388,0.0,0.0,0.0,32
TM48673_Baker_O4,48673,448941002489998,Baker,Corporate/Other Private,4,407,Slash pine / hardwood,3,0.6671845299613464,0.0,0.0,0.0,42
TM35377_Suwannee_O3,35377,259178350010854,Suwannee,Family Forest,3,602,Sweetgum / Nuttall oak / willow oak,15,3.335922649806732,0.0,0.0,0.0,13
TM48668_Columbia_O3,48668,448940993489998,Columbia,Family Forest,3,142,Slash pine,335,74.50227251235034,0.0,0.0,0.0,37
TM48668_Columbia_O6,48668,448940993489998,Columbia,Federal,6,142,Slash pine,34,7.561424672895258,0.0,0.0,0.0,37
TM48661_Hamilton_O3,48661,448940879489998,Hamilton,Family Forest,3,609,Baldcypress / pondcypress,36,8.006214359536155,0.0,0.0,0.0,29
TM48661_Hamilton_O4,48661,448940879489998,Hamilton,Corporate/Other Private,4,609,Baldcypress / pondcypress,35,7.783819516215708,0.0,0.0,0.0,29
TM48661_Suwannee_O3,48661,448940879489998,Suwannee,Family Forest,3,609,Baldcypress / pondcypress,3,0.6671845299613464,0.0,0.0,0.0,29
TM48661_Suwannee_O4,48661,448940879489998,Suwannee,Corporate/Other Private,4,609,Baldcypress / pondcypress,1,0.2223948433204488,0.0,0.0,0.0,29
TM48661_Union_O4,48661,448940879489998,Union,Corporate/Other Private,4,609,Baldcypress / pondcypress,1,0.2223948433204488,0.0,0.0,0.0,29
TM48666_Baker_O4,48666,448940990489998,Baker,Corporate/Other Private,4,609,Baldcypress / pondcypress,1,0.2223948433204488,0.0,0.0,0.0,70
TM48666_Suwannee_O3,48666,448940990489998,Suwannee,Family Forest,3,609,Baldcypress / pondcypress,1,0.2223948433204488,0.0,0.0,0.0,70
TM48660_Union_O4,48660,448940876489998,Union,Corporate/Other Private,4,999,Nonstocked,2,0.4447896866408976,0.0,0.0,0.0,0
TM48661_Baker_O3,48661,448940879489998,Baker,Family Forest,3,609,Baldcypress / pondcypress,12,2.6687381198453854,0.0,0.0,0.0,29
TM48661_Baker_O4,48661,448940879489998,Baker,Corporate/Other Private,4,609,Baldcypress / pondcypress,80,17.791587465635903,0.0,0.0,0.0,29
TM48661_Baker_O8,48661,448940879489998,Baker,Local,8,609,Baldcypress / pondcypress,1,0.2223948433204488,0.0,0.0,0.0,29
TM35225_Hamilton_O8,35225,259083269010854,Hamilton,Local,8,520,Mixed upland hardwoods,1,0.2223948433204488,0.0,0.0,0.0,20
TM48661_Columbia_O4,48661,448940879489998,Columbia,Corporate/Other Private,4,609,Baldcypress / pondcypress,8,1.7791587465635903,0.0,0.0,0.0,29
TM48661_Columbia_O7,48661,448940879489998,Columbia,State,7,609,Baldcypress / pondcypress,1,0.2223948433204488,0.0,0.0,0.0,29
TM48661_Columbia_O8,48661,448940879489998,Columbia,Local,8,609,Baldcypress / pondcypress,10,2.223948433204488,0.0,0.0,0.0,29
TM48671_Hamilton_O4,48671,448941000489998,Hamilton,Corporate/Other Private,4,407,Slash pine / hardwood,321,71.38874470586406,0.0,0.0,0.0,52
TM48671_Hamilton_O7,48671,448941000489998,Hamilton,State,7,407,Slash pine / hardwood,4,0.8895793732817951,0.0,0.0,0.0,52
TM48671_Suwannee_O7,48671,448941000489998,Suwannee,State,7,407,Slash pine / hardwood,1,0.2223948433204488,0.0,0.0,0.0,52
TM48671_Suwannee_O8,48671,448941000489998,Suwannee,Local,8,407,Slash pine / hardwood,2,0.4447896866408976,0.0,0.0,0.0,52
TM48671_Union_O4,48671,448941000489998,Union,Corporate/Other Private,4,407,Slash pine / hardwood,3,0.6671845299613464,0.0,0.0,0.0,52
TM48671_Baker_O4,48671,448941000489998,Baker,Corporate/Other Private,4,407,Slash pine / hardwood,51,11.342137009342888,0.0,0.0,0.0,52
TM48671_Baker_O8,48671,448941000489998,Baker,Local,8,407,Slash pine / hardwood,1,0.2223948433204488,0.0,0.0,0.0,52
TM35373_Columbia_O8,35373,259178232010854,Columbia,Local,8,142,Slash pine,2,0.4447896866408976,0.0,0.0,0.0,48
TM35225_Hamilton_O4,35225,259083269010854,Hamilton,Corporate/Other Private,4,520,Mixed upland hardwoods,29,6.449450456293015,0.0,0.0,0.0,20
TM35225_Hamilton_O7,35225,259083269010854,Hamilton,State,7,520,Mixed upland hardwoods,2,0.4447896866408976,0.0,0.0,0.0,20
TM48661_Columbia_O3,48661,448940879489998,Columbia,Family Forest,3,609,Baldcypress / pondcypress,35,7.783819516215708,0.0,0.0,0.0,29
TM50967_Columbia_O4,50967,451408239489998,Columbia,Corporate/Other Private,4,406,Loblolly pine / hardwood,1,0.2223948433204488,0.0,0.0,0.0,34
TM50967_Columbia_O8,50967,451408239489998,Columbia,Local,8,406,Loblolly pine / hardwood,4,0.8895793732817951,0.0,0.0,0.0,34
TM50967_Suwannee_O3,50967,451408239489998,Suwannee,Family Forest,3,406,Loblolly pine / hardwood,1,0.2223948433204488,0.0,0.0,0.0,34
TM51531_Baker_O3,51531,461362822489998,Baker,Family Forest,3,161,Loblolly pine,4,0.8895793732817951,0.0,0.0,0.0,36
TM50915_Hamilton_O3,50915,451408039489998,Hamilton,Family Forest,3,520,Mixed upland hardwoods,1,0.2223948433204488,0.0,0.0,0.0,17
TM50925_Baker_O3,50925,451408064489998,Baker,Family Forest,3,520,Mixed upland hardwoods,1,0.2223948433204488,0.0,0.0,0.0,22
TM50925_Columbia_O3,50925,451408064489998,Columbia,Family Forest,3,520,Mixed upland hardwoods,2,0.4447896866408976,0.0,0.0,0.0,22
TM50925_Hamilton_O3,50925,451408064489998,Hamilton,Family Forest,3,520,Mixed upland hardwoods,1,0.2223948433204488,0.0,0.0,0.0,22
TM50925_Suwannee_O3,50925,451408064489998,Suwannee,Family Forest,3,520,Mixed upland hardwoods,3,0.6671845299613464,0.0,0.0,0.0,22
TM50925_Suwannee_O4,50925,451408064489998,Suwannee,Corporate/Other Private,4,520,Mixed upland hardwoods,1,0.2223948433204488,0.0,0.0,0.0,22
TM50925_Union_O3,50925,451408064489998,Union,Family Forest,3,520,Mixed upland hardwoods,4,0.8895793732817951,0.0,0.0,0.0,22
TM50212_Hamilton_O4,50212,451136999489998,Hamilton,Corporate/Other Private,4,141,Longleaf pine,595,132.32493177566704,0.0,0.0,0.0,121
TM35220_Union_O4,35220,259083023010854,Union,Corporate/Other Private,4,407,Slash pine / hardwood,37,8.228609202856605,0.0,0.0,0.0,30
TM50212_Hamilton_O8,50212,451136999489998,Hamilton,Local,8,141,Longleaf pine,77,17.124402935674556,0.0,0.0,0.0,121
TM50212_Suwannee_O3,50212,451136999489998,Suwannee,Family Forest,3,141,Longleaf pine,13,2.891132963165834,0.0,0.0,0.0,121
TM50213_Baker_O3,50213,451137000489998,Baker,Family Forest,3,142,Slash pine,3,0.6671845299613464,0.0,0.0,0.0,25
TM50770_Columbia_O3,50770,451407447489998,Columbia,Family Forest,3,706,Sugarberry / hackberry / elm / green ash,1,0.2223948433204488,0.0,0.0,0.0,61
TM50770_Hamilton_O4,50770,451407447489998,Hamilton,Corporate/Other Private,4,706,Sugarberry / hackberry / elm / green ash,1,0.2223948433204488,0.0,0.0,0.0,61
TM50852_Hamilton_O3,50852,451407785489998,Hamilton,Family Forest,3,406,Loblolly pine / hardwood,1,0.2223948433204488,0.0,0.0,0.0,36
TM55429_Hamilton_O6,55429,495147823126144,Hamilton,Federal,6,142,Slash pine,28,6.227055612972566,0.0,0.0,0.0,36
TM55429_Hamilton_O8,55429,495147823126144,Hamilton,Local,8,142,Slash pine,48,10.674952479381542,0.0,0.0,0.0,36
TM55429_Suwannee_O6,55429,495147823126144,Suwannee,Federal,6,142,Slash pine,52,11.564531852663336,0.0,0.0,0.0,36
TM55429_Suwannee_O8,55429,495147823126144,Suwannee,Local,8,142,Slash pine,6,1.3343690599226927,0.0,0.0,0.0,36
TM53774_Union_O7,53774,484311003489998,Union,State,7,995,Other exotic hardwoods,1,0.2223948433204488,0.0,0.0,0.0,30
TM55429_Baker_O3,55429,495147823126144,Baker,Family Forest,3,142,Slash pine,8,1.7791587465635903,0.0,0.0,0.0,36
TM55429_Baker_O4,55429,495147823126144,Baker,Corporate/Other Private,4,142,Slash pine,8,1.7791587465635903,0.0,0.0,0.0,36
TM50212_Hamilton_O7,50212,451136999489998,Hamilton,State,7,141,Longleaf pine,1,0.2223948433204488,0.0,0.0,0.0,121
TM50210_Hamilton_O3,50210,451136996489998,Hamilton,Family Forest,3,161,Loblolly pine,40,8.895793732817951,0.0,0.0,0.0,21
TM50211_Hamilton_O3,50211,451136998489998,Hamilton,Family Forest,3,511,Yellow-poplar,2,0.4447896866408976,0.0,0.0,0.0,25
TM50211_Hamilton_O4,50211,451136998489998,Hamilton,Corporate/Other Private,4,511,Yellow-poplar,1,0.2223948433204488,0.0,0.0,0.0,25
TM50207_Columbia_O4,50207,451136981489998,Columbia,Corporate/Other Private,4,608,Sweetbay / swamp tupelo / red maple,78,17.346797778995004,0.0,0.0,0.0,44
TM50207_Columbia_O7,50207,451136981489998,Columbia,State,7,608,Sweetbay / swamp tupelo / red maple,15,3.335922649806732,0.0,0.0,0.0,44
TM50207_Columbia_O8,50207,451136981489998,Columbia,Local,8,608,Sweetbay / swamp tupelo / red maple,335,74.50227251235034,0.0,0.0,0.0,44
TM50207_Hamilton_O4,50207,451136981489998,Hamilton,Corporate/Other Private,4,608,Sweetbay / swamp tupelo / red maple,23,5.115081396370322,0.0,0.0,0.0,44
TM50203_Hamilton_O8,50203,451136968489998,Hamilton,Local,8,609,Baldcypress / pondcypress,1,0.2223948433204488,0.0,0.0,0.0,95
TM50203_Suwannee_O3,50203,451136968489998,Suwannee,Family Forest,3,609,Baldcypress / pondcypress,17,3.780712336447629,0.0,0.0,0.0,95
TM50203_Suwannee_O4,50203,451136968489998,Suwannee,Corporate/Other Private,4,609,Baldcypress / pondcypress,6,1.3343690599226927,0.0,0.0,0.0,95
TM50205_Hamilton_O3,50205,451136976489998,Hamilton,Family Forest,3,142,Slash pine,54,12.009321539304235,0.0,0.0,0.0,12
TM50205_Hamilton_O4,50205,451136976489998,Hamilton,Corporate/Other Private,4,142,Slash pine,5,1.111974216602244,0.0,0.0,0.0,12
TM50967_Columbia_O3,50967,451408239489998,Columbia,Family Forest,3,406,Loblolly pine / hardwood,2,0.4447896866408976,0.0,0.0,0.0,34
TM50203_Baker_O3,50203,451136968489998,Baker,Family Forest,3,609,Baldcypress / pondcypress,4,0.8895793732817951,0.0,0.0,0.0,95
TM50203_Columbia_O3,50203,451136968489998,Columbia,Family Forest,3,609,Baldcypress / pondcypress,225,50.03883974710098,0.0,0.0,0.0,95
TM50203_Columbia_O4,50203,451136968489998,Columbia,Corporate/Other Private,4,609,Baldcypress / pondcypress,194,43.14459960416706,0.0,0.0,0.0,95
TM50203_Columbia_O6,50203,451136968489998,Columbia,Federal,6,609,Baldcypress / pondcypress,46,10.230162792740645,0.0,0.0,0.0,95
TM50203_Columbia_O8,50203,451136968489998,Columbia,Local,8,609,Baldcypress / pondcypress,19,4.225502023088527,0.0,0.0,0.0,95
TM51531_Baker_O4,51531,461362822489998,Baker,Corporate/Other Private,4,161,Loblolly pine,4,0.8895793732817951,0.0,0.0,0.0,36
TM51531_Columbia_O4,51531,461362822489998,Columbia,Corporate/Other Private,4,161,Loblolly pine,3,0.6671845299613464,0.0,0.0,0.0,36
TM51531_Hamilton_O3,51531,461362822489998,Hamilton,Family Forest,3,161,Loblolly pine,18,4.003107179768078,0.0,0.0,0.0,36
TM51531_Suwannee_O3,51531,461362822489998,Suwannee,Family Forest,3,161,Loblolly pine,3,0.6671845299613464,0.0,0.0,0.0,36
TM51531_Suwannee_O4,51531,461362822489998,Suwannee,Corporate/Other Private,4,161,Loblolly pine,1,0.2223948433204488,0.0,0.0,0.0,36
TM53236_Columbia_O4,53236,473803917489998,Columbia,Corporate/Other Private,4,517,Elm / ash / black locust,1,0.2223948433204488,0.0,0.0,0.0,65
TM50967_Baker_O4,50967,451408239489998,Baker,Corporate/Other Private,4,406,Loblolly pine / hardwood,3,0.6671845299613464,0.0,0.0,0.0,34
TM50967_Baker_O6,50967,451408239489998,Baker,Federal,6,406,Loblolly pine / hardwood,1,0.2223948433204488,0.0,0.0,0.0,34
TM50202_Union_O4,50202,451136963489998,Union,Corporate/Other Private,4,608,Sweetbay / swamp tupelo / red maple,1,0.2223948433204488,0.0,0.0,0.0,21
TM59131_Baker_O6,59131,533664258126144,Baker,Federal,6,507,Sassafras / persimmon,2,0.4447896866408976,0.0,0.0,0.0,6
TM59131_Columbia_O6,59131,533664258126144,Columbia,Federal,6,507,Sassafras / persimmon,2,0.4447896866408976,0.0,0.0,0.0,6
TM59131_Hamilton_O4,59131,533664258126144,Hamilton,Corporate/Other Private,4,507,Sassafras / persimmon,2,0.4447896866408976,0.0,0.0,0.0,6
TM59213_Baker_O4,59213,533664592126144,Baker,Corporate/Other Private,4,407,Slash pine / hardwood,91,20.237930742160838,0.0,0.0,0.0,56
TM59213_Baker_O7,59213,533664592126144,Baker,State,7,407,Slash pine / hardwood,1,0.2223948433204488,0.0,0.0,0.0,56
TM55512_Hamilton_O3,55512,495148091126144,Hamilton,Family Forest,3,141,Longleaf pine,2,0.4447896866408976,0.0,0.0,0.0,6
TM55512_Hamilton_O4,55512,495148091126144,Hamilton,Corporate/Other Private,4,141,Longleaf pine,2,0.4447896866408976,0.0,0.0,0.0,6
TM55557_Columbia_O6,55557,495148223126144,Columbia,Federal,6,406,Loblolly pine / hardwood,3,0.6671845299613464,0.0,0.0,0.0,75
TM55557_Hamilton_O3,55557,495148223126144,Hamilton,Family Forest,3,406,Loblolly pine / hardwood,1,0.2223948433204488,0.0,0.0,0.0,75
TM55615_Suwannee_O3,55615,495148390126144,Suwannee,Family Forest,3,520,Mixed upland hardwoods,3,0.6671845299613464,0.0,0.0,0.0,30
TM59125_Hamilton_O3,59125,533664232126144,Hamilton,Family Forest,3,520,Mixed upland hardwoods,1,0.2223948433204488,0.0,0.0,0.0,4
TM59125_Suwannee_O3,59125,533664232126144,Suwannee,Family Forest,3,520,Mixed upland hardwoods,1,0.2223948433204488,0.0,0.0,0.0,4
TM55429_Columbia_O6,55429,495147823126144,Columbia,Federal,6,142,Slash pine,172,38.25191305111719,0.0,0.0,0.0,36
TM55471_Columbia_O3,55471,495147975126144,Columbia,Family Forest,3,520,Mixed upland hardwoods,2,0.4447896866408976,0.0,0.0,0.0,12
TM55471_Hamilton_O3,55471,495147975126144,Hamilton,Family Forest,3,520,Mixed upland hardwoods,92,20.46032558548129,0.0,0.0,0.0,12
TM55471_Hamilton_O4,55471,495147975126144,Hamilton,Corporate/Other Private,4,520,Mixed upland hardwoods,1,0.2223948433204488,0.0,0.0,0.0,12
TM55471_Hamilton_O7,55471,495147975126144,Hamilton,State,7,520,Mixed upland hardwoods,17,3.780712336447629,0.0,0.0,0.0,12
TM55471_Suwannee_O3,55471,495147975126144,Suwannee,Family Forest,3,520,Mixed upland hardwoods,1,0.2223948433204488,0.0,0.0,0.0,12
TM55471_Suwannee_O4,55471,495147975126144,Suwannee,Corporate/Other Private,4,520,Mixed upland hardwoods,2,0.4447896866408976,0.0,0.0,0.0,12
TM55512_Baker_O4,55512,495148091126144,Baker,Corporate/Other Private,4,141,Longleaf pine,1,0.2223948433204488,0.0,0.0,0.0,6
TM55512_Columbia_O3,55512,495148091126144,Columbia,Family Forest,3,141,Longleaf pine,1,0.2223948433204488,0.0,0.0,0.0,6
TM59294_Suwannee_O7,59294,533664907126144,Suwannee,State,7,142,Slash pine,37,8.228609202856605,0.0,0.0,0.0,21
TM59294_Suwannee_O8,59294,533664907126144,Suwannee,Local,8,142,Slash pine,76,16.90200809235411,0.0,0.0,0.0,21
TM59294_Union_O3,59294,533664907126144,Union,Family Forest,3,142,Slash pine,10,2.223948433204488,0.0,0.0,0.0,21
TM59295_Columbia_O3,59295,533664908126144,Columbia,Family Forest,3,609,Baldcypress / pondcypress,80,17.791587465635903,0.0,0.0,0.0,72
TM59295_Columbia_O4,59295,533664908126144,Columbia,Corporate/Other Private,4,609,Baldcypress / pondcypress,40,8.895793732817951,0.0,0.0,0.0,72
TM59131_Baker_O3,59131,533664258126144,Baker,Family Forest,3,507,Sassafras / persimmon,1,0.2223948433204488,0.0,0.0,0.0,6
TM55429_Columbia_O8,55429,495147823126144,Columbia,Local,8,142,Slash pine,110,24.463432765249365,0.0,0.0,0.0,36
TM32408_Hamilton_O6,32408,236497707010854,Hamilton,Federal,6,608,Sweetbay / swamp tupelo / red maple,37,8.228609202856605,0.0,0.0,0.0,49
TM32408_Suwannee_O6,32408,236497707010854,Suwannee,Federal,6,608,Sweetbay / swamp tupelo / red maple,5,1.111974216602244,0.0,0.0,0.0,49
TM32408_Suwannee_O7,32408,236497707010854,Suwannee,State,7,608,Sweetbay / swamp tupelo / red maple,2,0.4447896866408976,0.0,0.0,0.0,49
TM32408_Suwannee_O8,32408,236497707010854,Suwannee,Local,8,608,Sweetbay / swamp tupelo / red maple,6,1.3343690599226927,0.0,0.0,0.0,49
TM33348_Suwannee_O4,33348,249673677010854,Suwannee,Corporate/Other Private,4,520,Mixed upland hardwoods,140,31.13527806486283,0.0,0.0,0.0,10
TM33348_Suwannee_O7,33348,249673677010854,Suwannee,State,7,520,Mixed upland hardwoods,1,0.2223948433204488,0.0,0.0,0.0,10
TM33348_Suwannee_O8,33348,249673677010854,Suwannee,Local,8,520,Mixed upland hardwoods,1,0.2223948433204488,0.0,0.0,0.0,10
TM33348_Union_O3,33348,249673677010854,Union,Family Forest,3,520,Mixed upland hardwoods,77,17.124402935674556,0.0,0.0,0.0,10
TM33348_Union_O4,33348,249673677010854,Union,Corporate/Other Private,4,520,Mixed upland hardwoods,10,2.223948433204488,0.0,0.0,0.0,10
TM33349_Baker_O3,33349,249673679010854,Baker,Family Forest,3,142,Slash pine,4,0.8895793732817951,0.0,0.0,0.0,33
TM33349_Baker_O6,33349,249673679010854,Baker,Federal,6,142,Slash pine,57,12.676506069265582,0.0,0.0,0.0,33
TM59213_Suwannee_O3,59213,533664592126144,Suwannee,Family Forest,3,407,Slash pine / hardwood,36,8.006214359536155,0.0,0.0,0.0,56
TM33348_Columbia_O7,33348,249673677010854,Columbia,State,7,520,Mixed upland hardwoods,1,0.2223948433204488,0.0,0.0,0.0,10
TM33348_Columbia_O8,33348,249673677010854,Columbia,Local,8,520,Mixed upland hardwoods,25,5.5598710830112195,0.0,0.0,0.0,10
TM33348_Hamilton_O4,33348,249673677010854,Hamilton,Corporate/Other Private,4,520,Mixed upland hardwoods,168,37.362333677835394,0.0,0.0,0.0,10
TM33348_Hamilton_O6,33348,249673677010854,Hamilton,Federal,6,520,Mixed upland hardwoods,2,0.4447896866408976,0.0,0.0,0.0,10
TM53774_Hamilton_O7,53774,484311003489998,Hamilton,State,7,995,Other exotic hardwoods,1,0.2223948433204488,0.0,0.0,0.0,30
TM53774_Hamilton_O8,53774,484311003489998,Hamilton,Local,8,995,Other exotic hardwoods,9,2.001553589884039,0.0,0.0,0.0,30
TM53774_Suwannee_O7,53774,484311003489998,Suwannee,State,7,995,Other exotic hardwoods,1,0.2223948433204488,0.0,0.0,0.0,30
TM53774_Suwannee_O8,53774,484311003489998,Suwannee,Local,8,995,Other exotic hardwoods,1,0.2223948433204488,0.0,0.0,0.0,30
TM53774_Baker_O6,53774,484311003489998,Baker,Federal,6,995,Other exotic hardwoods,4,0.8895793732817951,0.0,0.0,0.0,30
TM53774_Columbia_O4,53774,484311003489998,Columbia,Corporate/Other Private,4,995,Other exotic hardwoods,20,4.447896866408976,0.0,0.0,0.0,30
TM53774_Columbia_O6,53774,484311003489998,Columbia,Federal,6,995,Other exotic hardwoods,405,90.06991154478176,0.0,0.0,0.0,30
TM53774_Columbia_O8,53774,484311003489998,Columbia,Local,8,995,Other exotic hardwoods,26,5.782265926331668,0.0,0.0,0.0,30
TM59213_Columbia_O7,59213,533664592126144,Columbia,State,7,407,Slash pine / hardwood,10,2.223948433204488,0.0,0.0,0.0,56
TM33348_Columbia_O6,33348,249673677010854,Columbia,Federal,6,520,Mixed upland hardwoods,4,0.8895793732817951,0.0,0.0,0.0,10
TM50158_Hamilton_O4,50158,451136797489998,Hamilton,Corporate/Other Private,4,142,Slash pine,66,14.67805965914962,0.0,0.0,0.0,27
TM50160_Columbia_O3,50160,451136801489998,Columbia,Family Forest,3,142,Slash pine,718,159.67949750408224,0.0,0.0,0.0,24
TM50160_Columbia_O4,50160,451136801489998,Columbia,Corporate/Other Private,4,142,Slash pine,605,134.5488802088715,0.0,0.0,0.0,24
TM50160_Columbia_O6,50160,451136801489998,Columbia,Federal,6,142,Slash pine,177,39.363887267719434,0.0,0.0,0.0,24
TM50160_Columbia_O8,50160,451136801489998,Columbia,Local,8,142,Slash pine,24,5.337476239690771,0.0,0.0,0.0,24
TM50160_Hamilton_O6,50160,451136801489998,Hamilton,Federal,6,142,Slash pine,5,1.111974216602244,0.0,0.0,0.0,24
TM50155_Hamilton_O6,50155,451136792489998,Hamilton,Federal,6,406,Loblolly pine / hardwood,6,1.3343690599226927,0.0,0.0,0.0,96
TM50155_Hamilton_O7,50155,451136792489998,Hamilton,State,7,406,Loblolly pine / hardwood,40,8.895793732817951,0.0,0.0,0.0,96
TM50155_Suwannee_O7,50155,451136792489998,Suwannee,State,7,406,Loblolly pine / hardwood,14,3.113527806486283,0.0,0.0,0.0,96
TM50155_Suwannee_O8,50155,451136792489998,Suwannee,Local,8,406,Loblolly pine / hardwood,5,1.111974216602244,0.0,0.0,0.0,96
TM50158_Hamilton_O3,50158,451136797489998,Hamilton,Family Forest,3,142,Slash pine,2,0.4447896866408976,0.0,0.0,0.0,27
TM50183_Columbia_O4,50183,451136888489998,Columbia,Corporate/Other Private,4,608,Sweetbay / swamp tupelo / red maple,321,71.38874470586406,0.0,0.0,0.0,52
TM50207_Union_O3,50207,451136981489998,Union,Family Forest,3,608,Sweetbay / swamp tupelo / red maple,4,0.8895793732817951,0.0,0.0,0.0,44
TM50183_Columbia_O8,50183,451136888489998,Columbia,Local,8,608,Sweetbay / swamp tupelo / red maple,1423,316.46786204499864,0.0,0.0,0.0,52
TM50179_Columbia_O8,50179,451136876489998,Columbia,Local,8,608,Sweetbay / swamp tupelo / red maple,278,61.82576644308476,0.0,0.0,0.0,55
TM50179_Hamilton_O6,50179,451136876489998,Hamilton,Federal,6,608,Sweetbay / swamp tupelo / red maple,3,0.6671845299613464,0.0,0.0,0.0,55
TM50163_Suwannee_O4,50163,451136805489998,Suwannee,Corporate/Other Private,4,508,Sweetgum / yellow-poplar,86,19.125956525558596,0.0,0.0,0.0,10
TM50163_Suwannee_O8,50163,451136805489998,Suwannee,Local,8,508,Sweetgum / yellow-poplar,2,0.4447896866408976,0.0,0.0,0.0,10
TM50163_Union_O3,50163,451136805489998,Union,Family Forest,3,508,Sweetgum / yellow-poplar,6,1.3343690599226927,0.0,0.0,0.0,10
TM50179_Baker_O3,50179,451136876489998,Baker,Family Forest,3,608,Sweetbay / swamp tupelo / red maple,252,56.04350051675309,0.0,0.0,0.0,55
TM50163_Baker_O8,50163,451136805489998,Baker,Local,8,508,Sweetgum / yellow-poplar,3,0.6671845299613464,0.0,0.0,0.0,10
TM50163_Columbia_O4,50163,451136805489998,Columbia,Corporate/Other Private,4,508,Sweetgum / yellow-poplar,43,9.562978262779298,0.0,0.0,0.0,10
TM50163_Columbia_O8,50163,451136805489998,Columbia,Local,8,508,Sweetgum / yellow-poplar,22,4.892686553049874,0.0,0.0,0.0,10
TM50163_Hamilton_O7,50163,451136805489998,Hamilton,State,7,508,Sweetgum / yellow-poplar,4,0.8895793732817951,0.0,0.0,0.0,10
TM50163_Hamilton_O8,50163,451136805489998,Hamilton,Local,8,508,Sweetgum / yellow-poplar,1,0.2223948433204488,0.0,0.0,0.0,10
TM50202_Hamilton_O3,50202,451136963489998,Hamilton,Family Forest,3,608,Sweetbay / swamp tupelo / red maple,162,36.0279646179127,0.0,0.0,0.0,21
TM50183_Columbia_O7,50183,451136888489998,Columbia,State,7,608,Sweetbay / swamp tupelo / red maple,189,42.03262538756482,0.0,0.0,0.0,52
TM35220_Union_O7,35220,259083023010854,Union,State,7,407,Slash pine / hardwood,6,1.3343690599226927,0.0,0.0,0.0,30
TM35224_Columbia_O8,35224,259083192010854,Columbia,Local,8,142,Slash pine,5,1.111974216602244,0.0,0.0,0.0,21
TM50147_Suwannee_O3,50147,451136773489998,Suwannee,Family Forest,3,608,Sweetbay / swamp tupelo / red maple,69,15.345244189110966,0.0,0.0,0.0,68
TM50146_Hamilton_O6,50146,451136772489998,Hamilton,Federal,6,142,Slash pine,6,1.3343690599226927,0.0,0.0,0.0,16
TM50146_Hamilton_O7,50146,451136772489998,Hamilton,State,7,142,Slash pine,3,0.6671845299613464,0.0,0.0,0.0,16
TM50146_Hamilton_O8,50146,451136772489998,Hamilton,Local,8,142,Slash pine,30,6.671845299613464,0.0,0.0,0.0,16
TM50146_Suwannee_O4,50146,451136772489998,Suwannee,Corporate/Other Private,4,142,Slash pine,402,89.40272701482041,0.0,0.0,0.0,16
TM50146_Suwannee_O8,50146,451136772489998,Suwannee,Local,8,142,Slash pine,28,6.227055612972566,0.0,0.0,0.0,16
TM50147_Columbia_O4,50147,451136773489998,Columbia,Corporate/Other Private,4,608,Sweetbay / swamp tupelo / red maple,3458,769.0413682021119,0.0,0.0,0.0,68
TM50107_Union_O4,50107,451136641489998,Union,Corporate/Other Private,4,608,Sweetbay / swamp tupelo / red maple,6,1.3343690599226927,0.0,0.0,0.0,20
TM50107_Union_O7,50107,451136641489998,Union,State,7,608,Sweetbay / swamp tupelo / red maple,8,1.7791587465635903,0.0,0.0,0.0,20
TM50146_Columbia_O4,50146,451136772489998,Columbia,Corporate/Other Private,4,142,Slash pine,369,82.0636971852456,0.0,0.0,0.0,16
TM50161_Columbia_O8,50161,451136803489998,Columbia,Local,8,608,Sweetbay / swamp tupelo / red maple,4,0.8895793732817951,0.0,0.0,0.0,46
TM50146_Columbia_O8,50146,451136772489998,Columbia,Local,8,142,Slash pine,9,2.001553589884039,0.0,0.0,0.0,16
TM50161_Hamilton_O8,50161,451136803489998,Hamilton,Local,8,608,Sweetbay / swamp tupelo / red maple,8,1.7791587465635903,0.0,0.0,0.0,46
TM50161_Suwannee_O3,50161,451136803489998,Suwannee,Family Forest,3,608,Sweetbay / swamp tupelo / red maple,406,90.2923063881022,0.0,0.0,0.0,46
TM50161_Suwannee_O8,50161,451136803489998,Suwannee,Local,8,608,Sweetbay / swamp tupelo / red maple,10,2.223948433204488,0.0,0.0,0.0,46
TM50163_Baker_O3,50163,451136805489998,Baker,Family Forest,3,508,Sweetgum / yellow-poplar,27,6.0046607696521175,0.0,0.0,0.0,10
TM50163_Baker_O4,50163,451136805489998,Baker,Corporate/Other Private,4,508,Sweetgum / yellow-poplar,5,1.111974216602244,0.0,0.0,0.0,10
TM50160_Hamilton_O8,50160,451136801489998,Hamilton,Local,8,142,Slash pine,21,4.670291709729424,0.0,0.0,0.0,24
TM50160_Suwannee_O3,50160,451136801489998,Suwannee,Family Forest,3,142,Slash pine,126,28.021750258376546,0.0,0.0,0.0,24
TM50160_Suwannee_O4,50160,451136801489998,Suwannee,Corporate/Other Private,4,142,Slash pine,103,22.906668862006224,0.0,0.0,0.0,24
TM50160_Suwannee_O8,50160,451136801489998,Suwannee,Local,8,142,Slash pine,3,0.6671845299613464,0.0,0.0,0.0,24
TM50161_Columbia_O3,50161,451136803489998,Columbia,Family Forest,3,608,Sweetbay / swamp tupelo / red maple,37,8.228609202856605,0.0,0.0,0.0,46
TM50161_Columbia_O4,50161,451136803489998,Columbia,Corporate/Other Private,4,608,Sweetbay / swamp tupelo / red maple,50,11.119742166022439,0.0,0.0,0.0,46
TM50161_Columbia_O6,50161,451136803489998,Columbia,Federal,6,608,Sweetbay / swamp tupelo / red maple,1,0.2223948433204488,0.0,0.0,0.0,46
TM50146_Columbia_O6,50146,451136772489998,Columbia,Federal,6,142,Slash pine,342,76.05903641559348,0.0,0.0,0.0,16
TM33356_Columbia_O3,33356,249673808010854,Columbia,Family Forest,3,142,Slash pine,65,14.455664815829172,0.0,0.0,0.0,49
TM33356_Columbia_O4,33356,249673808010854,Columbia,Corporate/Other Private,4,142,Slash pine,10,2.223948433204488,0.0,0.0,0.0,49
TM33356_Union_O3,33356,249673808010854,Union,Family Forest,3,142,Slash pine,10,2.223948433204488,0.0,0.0,0.0,49
TM33362_Baker_O4,33362,249674041010854,Baker,Corporate/Other Private,4,407,Slash pine / hardwood,1,0.2223948433204488,0.0,0.0,0.0,24
TM34614_Hamilton_O3,34614,258739114010854,Hamilton,Family Forest,3,520,Mixed upland hardwoods,11,2.446343276524937,0.0,0.0,0.0,20
TM33353_Columbia_O4,33353,249673771010854,Columbia,Corporate/Other Private,4,520,Mixed upland hardwoods,16,3.5583174931271806,0.0,0.0,0.0,34
TM33353_Columbia_O7,33353,249673771010854,Columbia,State,7,520,Mixed upland hardwoods,6,1.3343690599226927,0.0,0.0,0.0,34
TM33353_Columbia_O8,33353,249673771010854,Columbia,Local,8,520,Mixed upland hardwoods,2,0.4447896866408976,0.0,0.0,0.0,34
TM33353_Suwannee_O3,33353,249673771010854,Suwannee,Family Forest,3,520,Mixed upland hardwoods,249,55.376315986791745,0.0,0.0,0.0,34
TM33353_Suwannee_O4,33353,249673771010854,Suwannee,Corporate/Other Private,4,520,Mixed upland hardwoods,22,4.892686553049874,0.0,0.0,0.0,34
TM33353_Suwannee_O8,33353,249673771010854,Suwannee,Local,8,520,Mixed upland hardwoods,2,0.4447896866408976,0.0,0.0,0.0,34
TM50202_Columbia_O8,50202,451136963489998,Columbia,Local,8,608,Sweetbay / swamp tupelo / red maple,21,4.670291709729424,0.0,0.0,0.0,21
TM50202_Hamilton_O4,50202,451136963489998,Hamilton,Corporate/Other Private,4,608,Sweetbay / swamp tupelo / red maple,151,33.581621341387766,0.0,0.0,0.0,21
TM50188_Columbia_O8,50188,451136915489998,Columbia,Local,8,520,Mixed upland hardwoods,367,81.6189074986047,0.0,0.0,0.0,26
TM50188_Hamilton_O3,50188,451136915489998,Hamilton,Family Forest,3,520,Mixed upland hardwoods,23,5.115081396370322,0.0,0.0,0.0,26
TM50188_Hamilton_O4,50188,451136915489998,Hamilton,Corporate/Other Private,4,520,Mixed upland hardwoods,29,6.449450456293015,0.0,0.0,0.0,26
TM50188_Union_O3,50188,451136915489998,Union,Family Forest,3,520,Mixed upland hardwoods,38,8.451004046177054,0.0,0.0,0.0,26
TM50191_Hamilton_O4,50191,451136925489998,Hamilton,Corporate/Other Private,4,602,Sweetgum / Nuttall oak / willow oak,7,1.5567639032431415,0.0,0.0,0.0,88
TM50183_Hamilton_O4,50183,451136888489998,Hamilton,Corporate/Other Private,4,608,Sweetbay / swamp tupelo / red maple,48,10.674952479381542,0.0,0.0,0.0,52
TM50183_Union_O3,50183,451136888489998,Union,Family Forest,3,608,Sweetbay / swamp tupelo / red maple,35,7.783819516215708,0.0,0.0,0.0,52
TM50188_Baker_O3,50188,451136915489998,Baker,Family Forest,3,520,Mixed upland hardwoods,112,24.908222451890264,0.0,0.0,0.0,26
TM50188_Baker_O4,50188,451136915489998,Baker,Corporate/Other Private,4,520,Mixed upland hardwoods,34,7.561424672895258,0.0,0.0,0.0,26
TM50188_Baker_O6,50188,451136915489998,Baker,Federal,6,520,Mixed upland hardwoods,359,79.83974875204112,0.0,0.0,0.0,26
TM50188_Columbia_O3,50188,451136915489998,Columbia,Family Forest,3,520,Mixed upland hardwoods,92,20.46032558548129,0.0,0.0,0.0,26
TM50188_Columbia_O4,50188,451136915489998,Columbia,Corporate/Other Private,4,520,Mixed upland hardwoods,208,46.258127410653344,0.0,0.0,0.0,26
TM50207_Suwannee_O3,50207,451136981489998,Suwannee,Family Forest,3,608,Sweetbay / swamp tupelo / red maple,3,0.6671845299613464,0.0,0.0,0.0,44
TM50188_Columbia_O7,50188,451136915489998,Columbia,State,7,520,Mixed upland hardwoods,8,1.7791587465635903,0.0,0.0,0.0,26
TM50202_Hamilton_O6,50202,451136963489998,Hamilton,Federal,6,608,Sweetbay / swamp tupelo / red maple,1,0.2223948433204488,0.0,0.0,0.0,21
TM50202_Hamilton_O8,50202,451136963489998,Hamilton,Local,8,608,Sweetbay / swamp tupelo / red maple,1,0.2223948433204488,0.0,0.0,0.0,21
TM50202_Suwannee_O3,50202,451136963489998,Suwannee,Family Forest,3,608,Sweetbay / swamp tupelo / red maple,33,7.33902982957481,0.0,0.0,0.0,21
TM50202_Suwannee_O7,50202,451136963489998,Suwannee,State,7,608,Sweetbay / swamp tupelo / red maple,1,0.2223948433204488,0.0,0.0,0.0,21
TM50197_Baker_O3,50197,451136946489998,Baker,Family Forest,3,142,Slash pine,112,24.908222451890264,0.0,0.0,0.0,27
TM50202_Baker_O3,50202,451136963489998,Baker,Family Forest,3,608,Sweetbay / swamp tupelo / red maple,60,13.343690599226928,0.0,0.0,0.0,21
TM50202_Baker_O4,50202,451136963489998,Baker,Corporate/Other Private,4,608,Sweetbay / swamp tupelo / red maple,238,52.92997271026681,0.0,0.0,0.0,21
TM50202_Baker_O7,50202,451136963489998,Baker,State,7,608,Sweetbay / swamp tupelo / red maple,1,0.2223948433204488,0.0,0.0,0.0,21
TM50202_Columbia_O4,50202,451136963489998,Columbia,Corporate/Other Private,4,608,Sweetbay / swamp tupelo / red maple,52,11.564531852663336,0.0,0.0,0.0,21
TM50202_Columbia_O6,50202,451136963489998,Columbia,Federal,6,608,Sweetbay / swamp tupelo / red maple,6,1.3343690599226927,0.0,0.0,0.0,21
TM33348_Hamilton_O8,33348,249673677010854,Hamilton,Local,8,520,Mixed upland hardwoods,8,1.7791587465635903,0.0,0.0,0.0,10
TM33347_Suwannee_O4,33347,249673656010854,Suwannee,Corporate/Other Private,4,520,Mixed upland hardwoods,4,0.8895793732817951,0.0,0.0,0.0,35
TM33347_Union_O3,33347,249673656010854,Union,Family Forest,3,520,Mixed upland hardwoods,2,0.4447896866408976,0.0,0.0,0.0,35
TM33356_Baker_O4,33356,249673808010854,Baker,Corporate/Other Private,4,142,Slash pine,3,0.6671845299613464,0.0,0.0,0.0,49
TM33348_Baker_O4,33348,249673677010854,Baker,Corporate/Other Private,4,520,Mixed upland hardwoods,9,2.001553589884039,0.0,0.0,0.0,10
TM33348_Baker_O8,33348,249673677010854,Baker,Local,8,520,Mixed upland hardwoods,5,1.111974216602244,0.0,0.0,0.0,10
TM33348_Columbia_O4,33348,249673677010854,Columbia,Corporate/Other Private,4,520,Mixed upland hardwoods,178,39.586282111039885,0.0,0.0,0.0,10
TM33347_Baker_O8,33347,249673656010854,Baker,Local,8,520,Mixed upland hardwoods,1,0.2223948433204488,0.0,0.0,0.0,35
TM33347_Columbia_O3,33347,249673656010854,Columbia,Family Forest,3,520,Mixed upland hardwoods,9,2.001553589884039,0.0,0.0,0.0,35
TM33347_Columbia_O4,33347,249673656010854,Columbia,Corporate/Other Private,4,520,Mixed upland hardwoods,3,0.6671845299613464,0.0,0.0,0.0,35
TM33347_Columbia_O8,33347,249673656010854,Columbia,Local,8,520,Mixed upland hardwoods,1,0.2223948433204488,0.0,0.0,0.0,35
TM33347_Hamilton_O3,33347,249673656010854,Hamilton,Family Forest,3,520,Mixed upland hardwoods,90,20.01553589884039,0.0,0.0,0.0,35
TM33347_Hamilton_O4,33347,249673656010854,Hamilton,Corporate/Other Private,4,520,Mixed upland hardwoods,55,12.231716382624683,0.0,0.0,0.0,35
TM33347_Hamilton_O7,33347,249673656010854,Hamilton,State,7,520,Mixed upland hardwoods,1,0.2223948433204488,0.0,0.0,0.0,35
TM33347_Suwannee_O3,33347,249673656010854,Suwannee,Family Forest,3,520,Mixed upland hardwoods,22,4.892686553049874,0.0,0.0,0.0,35
TM33353_Union_O7,33353,249673771010854,Union,State,7,520,Mixed upland hardwoods,1,0.2223948433204488,0.0,0.0,0.0,34
TM33353_Union_O8,33353,249673771010854,Union,Local,8,520,Mixed upland hardwoods,5,1.111974216602244,0.0,0.0,0.0,34
TM33347_Union_O4,33347,249673656010854,Union,Corporate/Other Private,4,520,Mixed upland hardwoods,1,0.2223948433204488,0.0,0.0,0.0,35
TM48566_Suwannee_O4,48566,448940190489998,Suwannee,Corporate/Other Private,4,609,Baldcypress / pondcypress,1,0.2223948433204488,0.0,0.0,0.0,150
TM48566_Union_O7,48566,448940190489998,Union,State,7,609,Baldcypress / pondcypress,1,0.2223948433204488,0.0,0.0,0.0,150
TM48569_Baker_O3,48569,448940202489998,Baker,Family Forest,3,142,Slash pine,52,11.564531852663336,0.0,0.0,0.0,12
TM48569_Baker_O4,48569,448940202489998,Baker,Corporate/Other Private,4,142,Slash pine,400,88.95793732817951,0.0,0.0,0.0,12
TM48569_Baker_O8,48569,448940202489998,Baker,Local,8,142,Slash pine,2,0.4447896866408976,0.0,0.0,0.0,12
TM36805_Columbia_O4,36805,289515192489998,Columbia,Corporate/Other Private,4,161,Loblolly pine,1,0.2223948433204488,0.0,0.0,0.0,54
TM36794_Columbia_O8,36794,289515149489998,Columbia,Local,8,142,Slash pine,335,74.50227251235034,0.0,0.0,0.0,41
TM36794_Hamilton_O4,36794,289515149489998,Hamilton,Corporate/Other Private,4,142,Slash pine,26,5.782265926331668,0.0,0.0,0.0,41
TM36794_Union_O3,36794,289515149489998,Union,Family Forest,3,142,Slash pine,81,18.01398230895635,0.0,0.0,0.0,41
TM36797_Baker_O3,36797,289515157489998,Baker,Family Forest,3,403,Longleaf pine / oak,11,2.446343276524937,0.0,0.0,0.0,85
TM36797_Columbia_O6,36797,289515157489998,Columbia,Federal,6,403,Longleaf pine / oak,8,1.7791587465635903,0.0,0.0,0.0,85
TM36797_Hamilton_O3,36797,289515157489998,Hamilton,Family Forest,3,403,Longleaf pine / oak,27,6.0046607696521175,0.0,0.0,0.0,85
TM48633_Columbia_O3,48633,448940579489998,Columbia,Family Forest,3,142,Slash pine,6,1.3343690599226927,0.0,0.0,0.0,18
TM36797_Hamilton_O7,36797,289515157489998,Hamilton,State,7,403,Longleaf pine / oak,7,1.5567639032431415,0.0,0.0,0.0,85
TM36792_Suwannee_O7,36792,289515140489998,Suwannee,State,7,161,Loblolly pine,2,0.4447896866408976,0.0,0.0,0.0,27
TM36792_Suwannee_O8,36792,289515140489998,Suwannee,Local,8,161,Loblolly pine,6,1.3343690599226927,0.0,0.0,0.0,27
TM36794_Baker_O4,36794,289515149489998,Baker,Corporate/Other Private,4,142,Slash pine,16,3.5583174931271806,0.0,0.0,0.0,41
TM36794_Columbia_O3,36794,289515149489998,Columbia,Family Forest,3,142,Slash pine,2,0.4447896866408976,0.0,0.0,0.0,41
TM36794_Columbia_O4,36794,289515149489998,Columbia,Corporate/Other Private,4,142,Slash pine,14,3.113527806486283,0.0,0.0,0.0,41
TM36819_Hamilton_O4,36819,289515325489998,Hamilton,Corporate/Other Private,4,142,Slash pine,104,23.129063705326672,0.0,0.0,0.0,14
TM36819_Hamilton_O7,36819,289515325489998,Hamilton,State,7,142,Slash pine,3,0.6671845299613464,0.0,0.0,0.0,14
TM36819_Suwannee_O4,36819,289515325489998,Suwannee,Corporate/Other Private,4,142,Slash pine,198,44.03417897744886,0.0,0.0,0.0,14
TM36819_Union_O4,36819,289515325489998,Union,Corporate/Other Private,4,142,Slash pine,17,3.780712336447629,0.0,0.0,0.0,14
TM36819_Union_O8,36819,289515325489998,Union,Local,8,142,Slash pine,5,1.111974216602244,0.0,0.0,0.0,14
TM36820_Baker_O3,36820,289515326489998,Baker,Family Forest,3,141,Longleaf pine,7,1.5567639032431415,0.0,0.0,0.0,82
TM36818_Union_O3,36818,289515324489998,Union,Family Forest,3,608,Sweetbay / swamp tupelo / red maple,1,0.2223948433204488,0.0,0.0,0.0,37
TM36797_Hamilton_O4,36797,289515157489998,Hamilton,Corporate/Other Private,4,403,Longleaf pine / oak,1,0.2223948433204488,0.0,0.0,0.0,85
TM48559_Union_O3,48559,448940174489998,Union,Family Forest,3,406,Loblolly pine / hardwood,27,6.0046607696521175,0.0,0.0,0.0,36
TM48559_Union_O4,48559,448940174489998,Union,Corporate/Other Private,4,406,Loblolly pine / hardwood,16,3.5583174931271806,0.0,0.0,0.0,36
TM48559_Union_O7,48559,448940174489998,Union,State,7,406,Loblolly pine / hardwood,15,3.335922649806732,0.0,0.0,0.0,36
TM48560_Columbia_O4,48560,448940175489998,Columbia,Corporate/Other Private,4,602,Sweetgum / Nuttall oak / willow oak,27,6.0046607696521175,0.0,0.0,0.0,41
TM48560_Columbia_O7,48560,448940175489998,Columbia,State,7,602,Sweetgum / Nuttall oak / willow oak,21,4.670291709729424,0.0,0.0,0.0,41
TM48560_Columbia_O8,48560,448940175489998,Columbia,Local,8,602,Sweetgum / Nuttall oak / willow oak,2,0.4447896866408976,0.0,0.0,0.0,41
TM48559_Columbia_O3,48559,448940174489998,Columbia,Family Forest,3,406,Loblolly pine / hardwood,1479,328.92197327094374,0.0,0.0,0.0,36
TM48559_Columbia_O4,48559,448940174489998,Columbia,Corporate/Other Private,4,406,Loblolly pine / hardwood,106,23.57385339196757,0.0,0.0,0.0,36
TM48559_Columbia_O7,48559,448940174489998,Columbia,State,7,406,Loblolly pine / hardwood,26,5.782265926331668,0.0,0.0,0.0,36
TM48559_Columbia_O8,48559,448940174489998,Columbia,Local,8,406,Loblolly pine / hardwood,9,2.001553589884039,0.0,0.0,0.0,36
TM48559_Hamilton_O3,48559,448940174489998,Hamilton,Family Forest,3,406,Loblolly pine / hardwood,2,0.4447896866408976,0.0,0.0,0.0,36
TM48559_Suwannee_O3,48559,448940174489998,Suwannee,Family Forest,3,406,Loblolly pine / hardwood,1287,286.2221633534176,0.0,0.0,0.0,36
TM48570_Suwannee_O4,48570,448940205489998,Suwannee,Corporate/Other Private,4,142,Slash pine,2,0.4447896866408976,0.0,0.0,0.0,5
TM48559_Suwannee_O7,48559,448940174489998,Suwannee,State,7,406,Loblolly pine / hardwood,1,0.2223948433204488,0.0,0.0,0.0,36
TM48558_Columbia_O3,48558,448940172489998,Columbia,Family Forest,3,142,Slash pine,404,89.84751670146132,0.0,0.0,0.0,10
TM48558_Columbia_O4,48558,448940172489998,Columbia,Corporate/Other Private,4,142,Slash pine,164,36.472754304553604,0.0,0.0,0.0,10
TM48558_Columbia_O8,48558,448940172489998,Columbia,Local,8,142,Slash pine,1,0.2223948433204488,0.0,0.0,0.0,10
TM48558_Suwannee_O3,48558,448940172489998,Suwannee,Family Forest,3,142,Slash pine,249,55.376315986791745,0.0,0.0,0.0,10
TM48558_Suwannee_O4,48558,448940172489998,Suwannee,Corporate/Other Private,4,142,Slash pine,189,42.03262538756482,0.0,0.0,0.0,10
TM48559_Baker_O3,48559,448940174489998,Baker,Family Forest,3,406,Loblolly pine / hardwood,20,4.447896866408976,0.0,0.0,0.0,36
TM48570_Baker_O4,48570,448940205489998,Baker,Corporate/Other Private,4,142,Slash pine,11,2.446343276524937,0.0,0.0,0.0,5
TM48570_Columbia_O3,48570,448940205489998,Columbia,Family Forest,3,142,Slash pine,114,25.353012138531163,0.0,0.0,0.0,5
TM48570_Columbia_O4,48570,448940205489998,Columbia,Corporate/Other Private,4,142,Slash pine,8,1.7791587465635903,0.0,0.0,0.0,5
TM48570_Columbia_O8,48570,448940205489998,Columbia,Local,8,142,Slash pine,3,0.6671845299613464,0.0,0.0,0.0,5
TM48570_Hamilton_O3,48570,448940205489998,Hamilton,Family Forest,3,142,Slash pine,6,1.3343690599226927,0.0,0.0,0.0,5
TM48570_Suwannee_O3,48570,448940205489998,Suwannee,Family Forest,3,142,Slash pine,111,24.685827608569817,0.0,0.0,0.0,5
TM48559_Suwannee_O4,48559,448940174489998,Suwannee,Corporate/Other Private,4,406,Loblolly pine / hardwood,179,39.80867695436033,0.0,0.0,0.0,36
TM48571_Columbia_O7,48571,448940206489998,Columbia,State,7,142,Slash pine,3,0.6671845299613464,0.0,0.0,0.0,28
TM48571_Hamilton_O6,48571,448940206489998,Hamilton,Federal,6,142,Slash pine,216,48.03728615721694,0.0,0.0,0.0,28
TM48570_Suwannee_O8,48570,448940205489998,Suwannee,Local,8,142,Slash pine,3,0.6671845299613464,0.0,0.0,0.0,5
TM48570_Union_O3,48570,448940205489998,Union,Family Forest,3,142,Slash pine,3,0.6671845299613464,0.0,0.0,0.0,5
TM48571_Baker_O6,48571,448940206489998,Baker,Federal,6,142,Slash pine,7,1.5567639032431415,0.0,0.0,0.0,28
TM48571_Baker_O8,48571,448940206489998,Baker,Local,8,142,Slash pine,94,20.905115272122185,0.0,0.0,0.0,28
TM48588_Suwannee_O6,48588,448940337489998,Suwannee,Federal,6,520,Mixed upland hardwoods,1,0.2223948433204488,0.0,0.0,0.0,20
TM48588_Suwannee_O8,48588,448940337489998,Suwannee,Local,8,520,Mixed upland hardwoods,7,1.5567639032431415,0.0,0.0,0.0,20
TM48588_Union_O4,48588,448940337489998,Union,Corporate/Other Private,4,520,Mixed upland hardwoods,6,1.3343690599226927,0.0,0.0,0.0,20
TM48588_Union_O7,48588,448940337489998,Union,State,7,520,Mixed upland hardwoods,1,0.2223948433204488,0.0,0.0,0.0,20
TM48588_Columbia_O6,48588,448940337489998,Columbia,Federal,6,520,Mixed upland hardwoods,5,1.111974216602244,0.0,0.0,0.0,20
TM48588_Columbia_O7,48588,448940337489998,Columbia,State,7,520,Mixed upland hardwoods,1,0.2223948433204488,0.0,0.0,0.0,20
TM36819_Baker_O3,36819,289515325489998,Baker,Family Forest,3,142,Slash pine,31,6.894240142933913,0.0,0.0,0.0,14
TM48588_Hamilton_O7,48588,448940337489998,Hamilton,State,7,520,Mixed upland hardwoods,3,0.6671845299613464,0.0,0.0,0.0,20
TM48588_Hamilton_O8,48588,448940337489998,Hamilton,Local,8,520,Mixed upland hardwoods,32,7.116634986254361,0.0,0.0,0.0,20
TM48574_Suwannee_O3,48574,448940210489998,Suwannee,Family Forest,3,520,Mixed upland hardwoods,128,28.466539945017445,0.0,0.0,0.0,78
TM48574_Suwannee_O4,48574,448940210489998,Suwannee,Corporate/Other Private,4,520,Mixed upland hardwoods,27,6.0046607696521175,0.0,0.0,0.0,78
TM48574_Suwannee_O8,48574,448940210489998,Suwannee,Local,8,520,Mixed upland hardwoods,2,0.4447896866408976,0.0,0.0,0.0,78
TM48588_Baker_O8,48588,448940337489998,Baker,Local,8,520,Mixed upland hardwoods,10,2.223948433204488,0.0,0.0,0.0,20
TM48573_Suwannee_O3,48573,448940209489998,Suwannee,Family Forest,3,142,Slash pine,1166,259.3123873116433,0.0,0.0,0.0,17
TM48573_Suwannee_O4,48573,448940209489998,Suwannee,Corporate/Other Private,4,142,Slash pine,56,12.454111225945132,0.0,0.0,0.0,17
TM48573_Suwannee_O7,48573,448940209489998,Suwannee,State,7,142,Slash pine,9,2.001553589884039,0.0,0.0,0.0,17
TM48573_Suwannee_O8,48573,448940209489998,Suwannee,Local,8,142,Slash pine,32,7.116634986254361,0.0,0.0,0.0,17
TM48574_Columbia_O3,48574,448940210489998,Columbia,Family Forest,3,520,Mixed upland hardwoods,2,0.4447896866408976,0.0,0.0,0.0,78
TM48574_Columbia_O4,48574,448940210489998,Columbia,Corporate/Other Private,4,520,Mixed upland hardwoods,1,0.2223948433204488,0.0,0.0,0.0,78
TM48574_Columbia_O8,48574,448940210489998,Columbia,Local,8,520,Mixed upland hardwoods,1,0.2223948433204488,0.0,0.0,0.0,78
TM48588_Hamilton_O6,48588,448940337489998,Hamilton,Federal,6,520,Mixed upland hardwoods,1,0.2223948433204488,0.0,0.0,0.0,20
TM36819_Baker_O4,36819,289515325489998,Baker,Corporate/Other Private,4,142,Slash pine,19,4.225502023088527,0.0,0.0,0.0,14
TM36819_Columbia_O3,36819,289515325489998,Columbia,Family Forest,3,142,Slash pine,295,65.6064787795324,0.0,0.0,0.0,14
TM36819_Columbia_O4,36819,289515325489998,Columbia,Corporate/Other Private,4,142,Slash pine,155,34.471200714669564,0.0,0.0,0.0,14
TM36819_Columbia_O6,36819,289515325489998,Columbia,Federal,6,142,Slash pine,3,0.6671845299613464,0.0,0.0,0.0,14
TM36819_Columbia_O8,36819,289515325489998,Columbia,Local,8,142,Slash pine,46,10.230162792740645,0.0,0.0,0.0,14
TM48570_Baker_O3,48570,448940205489998,Baker,Family Forest,3,142,Slash pine,8,1.7791587465635903,0.0,0.0,0.0,5
TM48562_Hamilton_O3,48562,448940184489998,Hamilton,Family Forest,3,608,Sweetbay / swamp tupelo / red maple,1,0.2223948433204488,0.0,0.0,0.0,50
TM48562_Hamilton_O4,48562,448940184489998,Hamilton,Corporate/Other Private,4,608,Sweetbay / swamp tupelo / red maple,2,0.4447896866408976,0.0,0.0,0.0,50
TM48562_Union_O3,48562,448940184489998,Union,Family Forest,3,608,Sweetbay / swamp tupelo / red maple,1,0.2223948433204488,0.0,0.0,0.0,50
TM48566_Baker_O3,48566,448940190489998,Baker,Family Forest,3,609,Baldcypress / pondcypress,1,0.2223948433204488,0.0,0.0,0.0,150
TM48566_Columbia_O4,48566,448940190489998,Columbia,Corporate/Other Private,4,609,Baldcypress / pondcypress,36,8.006214359536155,0.0,0.0,0.0,150
TM48566_Columbia_O8,48566,448940190489998,Columbia,Local,8,609,Baldcypress / pondcypress,3,0.6671845299613464,0.0,0.0,0.0,150
TM48572_Columbia_O3,48572,448940207489998,Columbia,Family Forest,3,608,Sweetbay / swamp tupelo / red maple,102,22.684274018685777,0.0,0.0,0.0,102
TM48561_Suwannee_O4,48561,448940178489998,Suwannee,Corporate/Other Private,4,501,Post oak / blackjack oak,7,1.5567639032431415,0.0,0.0,0.0,87
TM48562_Baker_O6,48562,448940184489998,Baker,Federal,6,608,Sweetbay / swamp tupelo / red maple,68,15.122849345790517,0.0,0.0,0.0,50
TM48562_Columbia_O4,48562,448940184489998,Columbia,Corporate/Other Private,4,608,Sweetbay / swamp tupelo / red maple,3,0.6671845299613464,0.0,0.0,0.0,50
TM48562_Columbia_O8,48562,448940184489998,Columbia,Local,8,608,Sweetbay / swamp tupelo / red maple,22,4.892686553049874,0.0,0.0,0.0,50
TM48572_Columbia_O6,48572,448940207489998,Columbia,Federal,6,608,Sweetbay / swamp tupelo / red maple,4,0.8895793732817951,0.0,0.0,0.0,102
TM48572_Suwannee_O4,48572,448940207489998,Suwannee,Corporate/Other Private,4,608,Sweetbay / swamp tupelo / red maple,68,15.122849345790517,0.0,0.0,0.0,102
TM48572_Union_O4,48572,448940207489998,Union,Corporate/Other Private,4,608,Sweetbay / swamp tupelo / red maple,71,15.790033875751863,0.0,0.0,0.0,102
TM48572_Union_O8,48572,448940207489998,Union,Local,8,608,Sweetbay / swamp tupelo / red maple,1,0.2223948433204488,0.0,0.0,0.0,102
TM48571_Suwannee_O6,48571,448940206489998,Suwannee,Federal,6,142,Slash pine,64,14.233269972508722,0.0,0.0,0.0,28
TM48571_Suwannee_O7,48571,448940206489998,Suwannee,State,7,142,Slash pine,11,2.446343276524937,0.0,0.0,0.0,28
TM48571_Suwannee_O8,48571,448940206489998,Suwannee,Local,8,142,Slash pine,134,29.800909004940138,0.0,0.0,0.0,28
TM48572_Baker_O3,48572,448940207489998,Baker,Family Forest,3,608,Sweetbay / swamp tupelo / red maple,36,8.006214359536155,0.0,0.0,0.0,102
TM48572_Baker_O4,48572,448940207489998,Baker,Corporate/Other Private,4,608,Sweetbay / swamp tupelo / red maple,78,17.346797778995004,0.0,0.0,0.0,102
TM48566_Suwannee_O3,48566,448940190489998,Suwannee,Family Forest,3,609,Baldcypress / pondcypress,25,5.5598710830112195,0.0,0.0,0.0,150
TM48530_Baker_O7,48530,448940015489998,Baker,State,7,520,Mixed upland hardwoods,5,1.111974216602244,0.0,0.0,0.0,33
TM48530_Baker_O8,48530,448940015489998,Baker,Local,8,520,Mixed upland hardwoods,3,0.6671845299613464,0.0,0.0,0.0,33
TM48531_Baker_O3,48531,448940016489998,Baker,Family Forest,3,141,Longleaf pine,107,23.79624823528802,0.0,0.0,0.0,27
TM48525_Union_O8,48525,448939977489998,Union,Local,8,608,Sweetbay / swamp tupelo / red maple,2,0.4447896866408976,0.0,0.0,0.0,100
TM48523_Baker_O3,48523,448939974489998,Baker,Family Forest,3,161,Loblolly pine,1122,249.52701420554354,0.0,0.0,0.0,8
TM48523_Baker_O6,48523,448939974489998,Baker,Federal,6,161,Loblolly pine,822,182.8085612094089,0.0,0.0,0.0,8
TM48523_Columbia_O3,48523,448939974489998,Columbia,Family Forest,3,161,Loblolly pine,3,0.6671845299613464,0.0,0.0,0.0,8
TM48523_Columbia_O6,48523,448939974489998,Columbia,Federal,6,161,Loblolly pine,128,28.466539945017445,0.0,0.0,0.0,8
TM48525_Baker_O7,48525,448939977489998,Baker,State,7,608,Sweetbay / swamp tupelo / red maple,1,0.2223948433204488,0.0,0.0,0.0,100
TM48525_Baker_O8,48525,448939977489998,Baker,Local,8,608,Sweetbay / swamp tupelo / red maple,6,1.3343690599226927,0.0,0.0,0.0,100
TM48503_Baker_O3,48503,448939827489998,Baker,Family Forest,3,609,Baldcypress / pondcypress,23,5.115081396370322,0.0,0.0,0.0,100
TM48503_Baker_O4,48503,448939827489998,Baker,Corporate/Other Private,4,609,Baldcypress / pondcypress,254,56.488290203393994,0.0,0.0,0.0,100
TM48559_Suwannee_O8,48559,448940174489998,Suwannee,Local,8,406,Loblolly pine / hardwood,18,4.003107179768078,0.0,0.0,0.0,36
TM48510_Columbia_O4,48510,448939911489998,Columbia,Corporate/Other Private,4,142,Slash pine,1,0.2223948433204488,0.0,0.0,0.0,14
TM48510_Union_O3,48510,448939911489998,Union,Family Forest,3,142,Slash pine,1,0.2223948433204488,0.0,0.0,0.0,14
TM48550_Hamilton_O3,48550,448940136489998,Hamilton,Family Forest,3,608,Sweetbay / swamp tupelo / red maple,25,5.5598710830112195,0.0,0.0,0.0,55
TM48550_Hamilton_O7,48550,448940136489998,Hamilton,State,7,608,Sweetbay / swamp tupelo / red maple,3,0.6671845299613464,0.0,0.0,0.0,55
TM48550_Suwannee_O4,48550,448940136489998,Suwannee,Corporate/Other Private,4,608,Sweetbay / swamp tupelo / red maple,6,1.3343690599226927,0.0,0.0,0.0,55
TM48550_Suwannee_O8,48550,448940136489998,Suwannee,Local,8,608,Sweetbay / swamp tupelo / red maple,1,0.2223948433204488,0.0,0.0,0.0,55
TM48550_Union_O3,48550,448940136489998,Union,Family Forest,3,608,Sweetbay / swamp tupelo / red maple,23,5.115081396370322,0.0,0.0,0.0,55
TM48549_Suwannee_O3,48549,448940134489998,Suwannee,Family Forest,3,142,Slash pine,24,5.337476239690771,0.0,0.0,0.0,13
TM48549_Suwannee_O4,48549,448940134489998,Suwannee,Corporate/Other Private,4,142,Slash pine,3,0.6671845299613464,0.0,0.0,0.0,13
TM48549_Suwannee_O7,48549,448940134489998,Suwannee,State,7,142,Slash pine,50,11.119742166022439,0.0,0.0,0.0,13
TM48550_Columbia_O3,48550,448940136489998,Columbia,Family Forest,3,608,Sweetbay / swamp tupelo / red maple,133,29.57851416161969,0.0,0.0,0.0,55
TM36818_Columbia_O6,36818,289515324489998,Columbia,Federal,6,608,Sweetbay / swamp tupelo / red maple,83,18.45877199559725,0.0,0.0,0.0,37
TM36818_Columbia_O8,36818,289515324489998,Columbia,Local,8,608,Sweetbay / swamp tupelo / red maple,55,12.231716382624683,0.0,0.0,0.0,37
TM48503_Union_O7,48503,448939827489998,Union,State,7,609,Baldcypress / pondcypress,8,1.7791587465635903,0.0,0.0,0.0,100
TM36820_Hamilton_O3,36820,289515326489998,Hamilton,Family Forest,3,141,Longleaf pine,18,4.003107179768078,0.0,0.0,0.0,82
TM36820_Hamilton_O7,36820,289515326489998,Hamilton,State,7,141,Longleaf pine,3,0.6671845299613464,0.0,0.0,0.0,82
TM36830_Baker_O7,36830,289515366489998,Baker,State,7,520,Mixed upland hardwoods,3,0.6671845299613464,0.0,0.0,0.0,69
TM36830_Baker_O8,36830,289515366489998,Baker,Local,8,520,Mixed upland hardwoods,30,6.671845299613464,0.0,0.0,0.0,69
TM36830_Columbia_O4,36830,289515366489998,Columbia,Corporate/Other Private,4,520,Mixed upland hardwoods,101,22.46187917536533,0.0,0.0,0.0,69
TM36830_Columbia_O7,36830,289515366489998,Columbia,State,7,520,Mixed upland hardwoods,12,2.6687381198453854,0.0,0.0,0.0,69
TM36830_Union_O7,36830,289515366489998,Union,State,7,520,Mixed upland hardwoods,4,0.8895793732817951,0.0,0.0,0.0,69
TM36828_Union_O8,36828,289515362489998,Union,Local,8,403,Longleaf pine / oak,1,0.2223948433204488,0.0,0.0,0.0,56
TM36829_Baker_O3,36829,289515364489998,Baker,Family Forest,3,142,Slash pine,2,0.4447896866408976,0.0,0.0,0.0,43
TM48480_Baker_O8,48480,448939748489998,Baker,Local,8,514,Southern scrub oak,2,0.4447896866408976,0.0,0.0,0.0,32
TM48480_Columbia_O3,48480,448939748489998,Columbia,Family Forest,3,514,Southern scrub oak,11,2.446343276524937,0.0,0.0,0.0,32
TM48480_Columbia_O4,48480,448939748489998,Columbia,Corporate/Other Private,4,514,Southern scrub oak,11,2.446343276524937,0.0,0.0,0.0,32
TM48530_Baker_O4,48530,448940015489998,Baker,Corporate/Other Private,4,520,Mixed upland hardwoods,19,4.225502023088527,0.0,0.0,0.0,33
TM48480_Hamilton_O3,48480,448939748489998,Hamilton,Family Forest,3,514,Southern scrub oak,9,2.001553589884039,0.0,0.0,0.0,32
TM48480_Hamilton_O4,48480,448939748489998,Hamilton,Corporate/Other Private,4,514,Southern scrub oak,7,1.5567639032431415,0.0,0.0,0.0,32
TM48480_Suwannee_O3,48480,448939748489998,Suwannee,Family Forest,3,514,Southern scrub oak,29,6.449450456293015,0.0,0.0,0.0,32
TM48480_Suwannee_O4,48480,448939748489998,Suwannee,Corporate/Other Private,4,514,Southern scrub oak,6,1.3343690599226927,0.0,0.0,0.0,32
TM48479_Columbia_O8,48479,448939747489998,Columbia,Local,8,520,Mixed upland hardwoods,1,0.2223948433204488,0.0,0.0,0.0,20
TM48479_Hamilton_O3,48479,448939747489998,Hamilton,Family Forest,3,520,Mixed upland hardwoods,33,7.33902982957481,0.0,0.0,0.0,20
TM48479_Hamilton_O4,48479,448939747489998,Hamilton,Corporate/Other Private,4,520,Mixed upland hardwoods,32,7.116634986254361,0.0,0.0,0.0,20
TM48479_Suwannee_O3,48479,448939747489998,Suwannee,Family Forest,3,520,Mixed upland hardwoods,126,28.021750258376546,0.0,0.0,0.0,20
TM48479_Suwannee_O4,48479,448939747489998,Suwannee,Corporate/Other Private,4,520,Mixed upland hardwoods,44,9.785373106099748,0.0,0.0,0.0,20
TM48479_Suwannee_O7,48479,448939747489998,Suwannee,State,7,520,Mixed upland hardwoods,1,0.2223948433204488,0.0,0.0,0.0,20
TM48480_Baker_O3,48480,448939748489998,Baker,Family Forest,3,514,Southern scrub oak,3,0.6671845299613464,0.0,0.0,0.0,32
TM48480_Baker_O4,48480,448939748489998,Baker,Corporate/Other Private,4,514,Southern scrub oak,1,0.2223948433204488,0.0,0.0,0.0,32
TM48529_Baker_O4,48529,448940009489998,Baker,Corporate/Other Private,4,142,Slash pine,117,26.02019666849251,0.0,0.0,0.0,27
TM48480_Columbia_O8,48480,448939748489998,Columbia,Local,8,514,Southern scrub oak,1,0.2223948433204488,0.0,0.0,0.0,32
TM48531_Suwannee_O4,48531,448940016489998,Suwannee,Corporate/Other Private,4,141,Longleaf pine,3,0.6671845299613464,0.0,0.0,0.0,27
TM48531_Union_O3,48531,448940016489998,Union,Family Forest,3,141,Longleaf pine,17,3.780712336447629,0.0,0.0,0.0,27
TM48557_Hamilton_O4,48557,448940171489998,Hamilton,Corporate/Other Private,4,142,Slash pine,49,10.897347322701991,0.0,0.0,0.0,24
TM48557_Hamilton_O6,48557,448940171489998,Hamilton,Federal,6,142,Slash pine,1,0.2223948433204488,0.0,0.0,0.0,24
TM48557_Hamilton_O8,48557,448940171489998,Hamilton,Local,8,142,Slash pine,14,3.113527806486283,0.0,0.0,0.0,24
TM48557_Suwannee_O7,48557,448940171489998,Suwannee,State,7,142,Slash pine,8,1.7791587465635903,0.0,0.0,0.0,24
TM48557_Suwannee_O8,48557,448940171489998,Suwannee,Local,8,142,Slash pine,71,15.790033875751863,0.0,0.0,0.0,24
TM48557_Columbia_O7,48557,448940171489998,Columbia,State,7,142,Slash pine,120,26.687381198453856,0.0,0.0,0.0,24
TM48556_Columbia_O3,48556,448940165489998,Columbia,Family Forest,3,608,Sweetbay / swamp tupelo / red maple,55,12.231716382624683,0.0,0.0,0.0,20
TM48556_Columbia_O4,48556,448940165489998,Columbia,Corporate/Other Private,4,608,Sweetbay / swamp tupelo / red maple,151,33.581621341387766,0.0,0.0,0.0,20
TM48556_Columbia_O6,48556,448940165489998,Columbia,Federal,6,608,Sweetbay / swamp tupelo / red maple,12,2.6687381198453854,0.0,0.0,0.0,20
TM48556_Columbia_O8,48556,448940165489998,Columbia,Local,8,608,Sweetbay / swamp tupelo / red maple,14,3.113527806486283,0.0,0.0,0.0,20
TM36818_Hamilton_O7,36818,289515324489998,Hamilton,State,7,608,Sweetbay / swamp tupelo / red maple,47,10.452557636061092,0.0,0.0,0.0,37
TM48556_Hamilton_O4,48556,448940165489998,Hamilton,Corporate/Other Private,4,608,Sweetbay / swamp tupelo / red maple,180,40.03107179768078,0.0,0.0,0.0,20
TM48552_Columbia_O7,48552,448940142489998,Columbia,State,7,161,Loblolly pine,7,1.5567639032431415,0.0,0.0,0.0,24
TM48552_Columbia_O8,48552,448940142489998,Columbia,Local,8,161,Loblolly pine,7,1.5567639032431415,0.0,0.0,0.0,24
TM48552_Suwannee_O3,48552,448940142489998,Suwannee,Family Forest,3,161,Loblolly pine,359,79.83974875204112,0.0,0.0,0.0,24
TM48552_Suwannee_O4,48552,448940142489998,Suwannee,Corporate/Other Private,4,161,Loblolly pine,99,22.01708948872443,0.0,0.0,0.0,24
TM48552_Suwannee_O7,48552,448940142489998,Suwannee,State,7,161,Loblolly pine,3,0.6671845299613464,0.0,0.0,0.0,24
TM48552_Suwannee_O8,48552,448940142489998,Suwannee,Local,8,161,Loblolly pine,2,0.4447896866408976,0.0,0.0,0.0,24
TM48560_Suwannee_O4,48560,448940175489998,Suwannee,Corporate/Other Private,4,602,Sweetgum / Nuttall oak / willow oak,203,45.1461531940511,0.0,0.0,0.0,41
TM48560_Suwannee_O7,48560,448940175489998,Suwannee,State,7,602,Sweetgum / Nuttall oak / willow oak,4,0.8895793732817951,0.0,0.0,0.0,41
TM48560_Suwannee_O8,48560,448940175489998,Suwannee,Local,8,602,Sweetgum / Nuttall oak / willow oak,52,11.564531852663336,0.0,0.0,0.0,41
TM48561_Columbia_O3,48561,448940178489998,Columbia,Family Forest,3,501,Post oak / blackjack oak,9,2.001553589884039,0.0,0.0,0.0,87
TM48561_Columbia_O4,48561,448940178489998,Columbia,Corporate/Other Private,4,501,Post oak / blackjack oak,3,0.6671845299613464,0.0,0.0,0.0,87
TM48561_Suwannee_O3,48561,448940178489998,Suwannee,Family Forest,3,501,Post oak / blackjack oak,110,24.463432765249365,0.0,0.0,0.0,87
TM48556_Hamilton_O3,48556,448940165489998,Hamilton,Family Forest,3,608,Sweetbay / swamp tupelo / red maple,640,142.33269972508722,0.0,0.0,0.0,20
TM36818_Hamilton_O8,36818,289515324489998,Hamilton,Local,8,608,Sweetbay / swamp tupelo / red maple,6,1.3343690599226927,0.0,0.0,0.0,37
TM36817_Baker_O6,36817,289515321489998,Baker,Federal,6,983,Palms,141,31.35767290818328,0.0,0.0,0.0,19
TM36817_Columbia_O4,36817,289515321489998,Columbia,Corporate/Other Private,4,983,Palms,8,1.7791587465635903,0.0,0.0,0.0,19
TM36817_Columbia_O6,36817,289515321489998,Columbia,Federal,6,983,Palms,51,11.342137009342888,0.0,0.0,0.0,19
TM36817_Columbia_O7,36817,289515321489998,Columbia,State,7,983,Palms,1,0.2223948433204488,0.0,0.0,0.0,19
TM36817_Columbia_O8,36817,289515321489998,Columbia,Local,8,983,Palms,6,1.3343690599226927,0.0,0.0,0.0,19
TM36817_Union_O3,36817,289515321489998,Union,Family Forest,3,983,Palms,5,1.111974216602244,0.0,0.0,0.0,19
TM36818_Columbia_O3,36818,289515324489998,Columbia,Family Forest,3,608,Sweetbay / swamp tupelo / red maple,326,72.5007189224663,0.0,0.0,0.0,37
TM36818_Columbia_O4,36818,289515324489998,Columbia,Corporate/Other Private,4,608,Sweetbay / swamp tupelo / red maple,221,49.14926037381918,0.0,0.0,0.0,37
TM36821_Hamilton_O7,36821,289515327489998,Hamilton,State,7,609,Baldcypress / pondcypress,8,1.7791587465635903,0.0,0.0,0.0,37
TM36821_Union_O4,36821,289515327489998,Union,Corporate/Other Private,4,609,Baldcypress / pondcypress,7,1.5567639032431415,0.0,0.0,0.0,37
TM36823_Baker_O8,36823,289515330489998,Baker,Local,8,142,Slash pine,91,20.237930742160838,0.0,0.0,0.0,87
TM36821_Baker_O8,36821,289515327489998,Baker,Local,8,609,Baldcypress / pondcypress,2,0.4447896866408976,0.0,0.0,0.0,37
TM48531_Suwannee_O3,48531,448940016489998,Suwannee,Family Forest,3,141,Longleaf pine,8,1.7791587465635903,0.0,0.0,0.0,27
TM36821_Columbia_O8,36821,289515327489998,Columbia,Local,8,609,Baldcypress / pondcypress,19,4.225502023088527,0.0,0.0,0.0,37
TM48550_Columbia_O8,48550,448940136489998,Columbia,Local,8,608,Sweetbay / swamp tupelo / red maple,6,1.3343690599226927,0.0,0.0,0.0,55
TM48531_Union_O4,48531,448940016489998,Union,Corporate/Other Private,4,141,Longleaf pine,6,1.3343690599226927,0.0,0.0,0.0,27
TM48531_Union_O7,48531,448940016489998,Union,State,7,141,Longleaf pine,1,0.2223948433204488,0.0,0.0,0.0,27
TM48539_Columbia_O7,48539,448940076489998,Columbia,State,7,520,Mixed upland hardwoods,3,0.6671845299613464,0.0,0.0,0.0,63
TM48539_Columbia_O8,48539,448940076489998,Columbia,Local,8,520,Mixed upland hardwoods,164,36.472754304553604,0.0,0.0,0.0,63
TM48543_Hamilton_O3,48543,448940102489998,Hamilton,Family Forest,3,142,Slash pine,39,8.673398889497502,0.0,0.0,0.0,19
TM48543_Hamilton_O4,48543,448940102489998,Hamilton,Corporate/Other Private,4,142,Slash pine,32,7.116634986254361,0.0,0.0,0.0,19
TM48531_Baker_O4,48531,448940016489998,Baker,Corporate/Other Private,4,141,Longleaf pine,26,5.782265926331668,0.0,0.0,0.0,27
TM48531_Baker_O8,48531,448940016489998,Baker,Local,8,141,Longleaf pine,3,0.6671845299613464,0.0,0.0,0.0,27
TM48531_Columbia_O3,48531,448940016489998,Columbia,Family Forest,3,141,Longleaf pine,60,13.343690599226928,0.0,0.0,0.0,27
TM48531_Columbia_O4,48531,448940016489998,Columbia,Corporate/Other Private,4,141,Longleaf pine,5,1.111974216602244,0.0,0.0,0.0,27
TM48531_Columbia_O8,48531,448940016489998,Columbia,Local,8,141,Longleaf pine,1,0.2223948433204488,0.0,0.0,0.0,27
TM36821_Columbia_O3,36821,289515327489998,Columbia,Family Forest,3,609,Baldcypress / pondcypress,97,21.57229980208353,0.0,0.0,0.0,37
TM48596_Union_O8,48596,448940355489998,Union,Local,8,602,Sweetgum / Nuttall oak / willow oak,3,0.6671845299613464,0.0,0.0,0.0,101
TM48597_Baker_O3,48597,448940360489998,Baker,Family Forest,3,520,Mixed upland hardwoods,65,14.455664815829172,0.0,0.0,0.0,40
TM48597_Baker_O6,48597,448940360489998,Baker,Federal,6,520,Mixed upland hardwoods,25,5.5598710830112195,0.0,0.0,0.0,40
TM48597_Columbia_O4,48597,448940360489998,Columbia,Corporate/Other Private,4,520,Mixed upland hardwoods,7,1.5567639032431415,0.0,0.0,0.0,40
TM48608_Columbia_O8,48608,448940387489998,Columbia,Local,8,602,Sweetgum / Nuttall oak / willow oak,20,4.447896866408976,0.0,0.0,0.0,107
TM48608_Suwannee_O4,48608,448940387489998,Suwannee,Corporate/Other Private,4,602,Sweetgum / Nuttall oak / willow oak,679,151.00609861458472,0.0,0.0,0.0,107
TM48608_Suwannee_O7,48608,448940387489998,Suwannee,State,7,602,Sweetgum / Nuttall oak / willow oak,353,78.50537969211842,0.0,0.0,0.0,107
TM48608_Suwannee_O8,48608,448940387489998,Suwannee,Local,8,602,Sweetgum / Nuttall oak / willow oak,82,18.236377152276802,0.0,0.0,0.0,107
TM48607_Union_O7,48607,448940384489998,Union,State,7,602,Sweetgum / Nuttall oak / willow oak,14,3.113527806486283,0.0,0.0,0.0,46
TM48608_Baker_O3,48608,448940387489998,Baker,Family Forest,3,602,Sweetgum / Nuttall oak / willow oak,4,0.8895793732817951,0.0,0.0,0.0,107
TM48608_Baker_O4,48608,448940387489998,Baker,Corporate/Other Private,4,602,Sweetgum / Nuttall oak / willow oak,6,1.3343690599226927,0.0,0.0,0.0,107
TM48608_Baker_O8,48608,448940387489998,Baker,Local,8,602,Sweetgum / Nuttall oak / willow oak,8,1.7791587465635903,0.0,0.0,0.0,107
TM48574_Hamilton_O3,48574,448940210489998,Hamilton,Family Forest,3,520,Mixed upland hardwoods,1,0.2223948433204488,0.0,0.0,0.0,78
TM35383_Columbia_O8,35383,259178425010854,Columbia,Local,8,514,Southern scrub oak,3,0.6671845299613464,0.0,0.0,0.0,30
TM35383_Suwannee_O3,35383,259178425010854,Suwannee,Family Forest,3,514,Southern scrub oak,5,1.111974216602244,0.0,0.0,0.0,30
TM35383_Suwannee_O4,35383,259178425010854,Suwannee,Corporate/Other Private,4,514,Southern scrub oak,2,0.4447896866408976,0.0,0.0,0.0,30
TM35383_Union_O4,35383,259178425010854,Union,Corporate/Other Private,4,514,Southern scrub oak,24,5.337476239690771,0.0,0.0,0.0,30
TM35382_Columbia_O4,35382,259178386010854,Columbia,Corporate/Other Private,4,142,Slash pine,2,0.4447896866408976,0.0,0.0,0.0,38
TM35382_Columbia_O7,35382,259178386010854,Columbia,State,7,142,Slash pine,49,10.897347322701991,0.0,0.0,0.0,38
TM35383_Columbia_O4,35383,259178425010854,Columbia,Corporate/Other Private,4,514,Southern scrub oak,54,12.009321539304235,0.0,0.0,0.0,30
TM36738_Columbia_O3,36738,289514941489998,Columbia,Family Forest,3,142,Slash pine,17,3.780712336447629,0.0,0.0,0.0,31
TM36738_Columbia_O4,36738,289514941489998,Columbia,Corporate/Other Private,4,142,Slash pine,11,2.446343276524937,0.0,0.0,0.0,31
TM36738_Hamilton_O3,36738,289514941489998,Hamilton,Family Forest,3,142,Slash pine,123,27.3545657284152,0.0,0.0,0.0,31
TM36738_Suwannee_O3,36738,289514941489998,Suwannee,Family Forest,3,142,Slash pine,111,24.685827608569817,0.0,0.0,0.0,31
TM36738_Suwannee_O4,36738,289514941489998,Suwannee,Corporate/Other Private,4,142,Slash pine,46,10.230162792740645,0.0,0.0,0.0,31
TM36738_Suwannee_O6,36738,289514941489998,Suwannee,Federal,6,142,Slash pine,1,0.2223948433204488,0.0,0.0,0.0,31
TM35383_Columbia_O7,35383,259178425010854,Columbia,State,7,514,Southern scrub oak,7,1.5567639032431415,0.0,0.0,0.0,30
TM35400_Union_O3,35400,259179414010854,Union,Family Forest,3,142,Slash pine,33,7.33902982957481,0.0,0.0,0.0,40
TM35400_Union_O4,35400,259179414010854,Union,Corporate/Other Private,4,142,Slash pine,6,1.3343690599226927,0.0,0.0,0.0,40
TM35521_Hamilton_O4,35521,264159751489998,Hamilton,Corporate/Other Private,4,520,Mixed upland hardwoods,18,4.003107179768078,0.0,0.0,0.0,17
TM36596_Hamilton_O3,36596,286951472489998,Hamilton,Family Forest,3,520,Mixed upland hardwoods,1,0.2223948433204488,0.0,0.0,0.0,20
TM36731_Hamilton_O3,36731,289514928489998,Hamilton,Family Forest,3,161,Loblolly pine,233,51.81799849366457,0.0,0.0,0.0,40
TM36731_Hamilton_O4,36731,289514928489998,Hamilton,Corporate/Other Private,4,161,Loblolly pine,17,3.780712336447629,0.0,0.0,0.0,40
TM36763_Suwannee_O3,36763,289515036489998,Suwannee,Family Forest,3,514,Southern scrub oak,3,0.6671845299613464,0.0,0.0,0.0,13
TM36763_Suwannee_O4,36763,289515036489998,Suwannee,Corporate/Other Private,4,514,Southern scrub oak,3,0.6671845299613464,0.0,0.0,0.0,13
TM36770_Hamilton_O3,36770,289515060489998,Hamilton,Family Forest,3,161,Loblolly pine,4,0.8895793732817951,0.0,0.0,0.0,47
TM36771_Columbia_O3,36771,289515061489998,Columbia,Family Forest,3,514,Southern scrub oak,48,10.674952479381542,0.0,0.0,0.0,87
TM36771_Columbia_O4,36771,289515061489998,Columbia,Corporate/Other Private,4,514,Southern scrub oak,2,0.4447896866408976,0.0,0.0,0.0,87
TM36771_Columbia_O7,36771,289515061489998,Columbia,State,7,514,Southern scrub oak,1,0.2223948433204488,0.0,0.0,0.0,87
TM48598_Baker_O4,48598,448940363489998,Baker,Corporate/Other Private,4,602,Sweetgum / Nuttall oak / willow oak,5,1.111974216602244,0.0,0.0,0.0,91
TM36761_Hamilton_O4,36761,289515011489998,Hamilton,Corporate/Other Private,4,520,Mixed upland hardwoods,1,0.2223948433204488,0.0,0.0,0.0,20
TM36761_Suwannee_O3,36761,289515011489998,Suwannee,Family Forest,3,520,Mixed upland hardwoods,168,37.362333677835394,0.0,0.0,0.0,20
TM36761_Suwannee_O4,36761,289515011489998,Suwannee,Corporate/Other Private,4,520,Mixed upland hardwoods,9,2.001553589884039,0.0,0.0,0.0,20
TM36761_Suwannee_O8,36761,289515011489998,Suwannee,Local,8,520,Mixed upland hardwoods,1,0.2223948433204488,0.0,0.0,0.0,20
TM36761_Union_O3,36761,289515011489998,Union,Family Forest,3,520,Mixed upland hardwoods,11,2.446343276524937,0.0,0.0,0.0,20
TM36761_Union_O4,36761,289515011489998,Union,Corporate/Other Private,4,520,Mixed upland hardwoods,7,1.5567639032431415,0.0,0.0,0.0,20
TM36763_Columbia_O3,36763,289515036489998,Columbia,Family Forest,3,514,Southern scrub oak,3,0.6671845299613464,0.0,0.0,0.0,13
TM48598_Suwannee_O4,48598,448940363489998,Suwannee,Corporate/Other Private,4,602,Sweetgum / Nuttall oak / willow oak,415,92.29385997798624,0.0,0.0,0.0,91
TM48597_Hamilton_O3,48597,448940360489998,Hamilton,Family Forest,3,520,Mixed upland hardwoods,25,5.5598710830112195,0.0,0.0,0.0,40
TM48597_Hamilton_O7,48597,448940360489998,Hamilton,State,7,520,Mixed upland hardwoods,1,0.2223948433204488,0.0,0.0,0.0,40
TM48597_Suwannee_O3,48597,448940360489998,Suwannee,Family Forest,3,520,Mixed upland hardwoods,1,0.2223948433204488,0.0,0.0,0.0,40
TM48597_Suwannee_O4,48597,448940360489998,Suwannee,Corporate/Other Private,4,520,Mixed upland hardwoods,1,0.2223948433204488,0.0,0.0,0.0,40
TM48598_Baker_O3,48598,448940363489998,Baker,Family Forest,3,602,Sweetgum / Nuttall oak / willow oak,3,0.6671845299613464,0.0,0.0,0.0,91
TM36771_Columbia_O8,36771,289515061489998,Columbia,Local,8,514,Southern scrub oak,12,2.6687381198453854,0.0,0.0,0.0,87
TM35400_Suwannee_O3,35400,259179414010854,Suwannee,Family Forest,3,142,Slash pine,115,25.57540698185161,0.0,0.0,0.0,40
TM35400_Suwannee_O4,35400,259179414010854,Suwannee,Corporate/Other Private,4,142,Slash pine,37,8.228609202856605,0.0,0.0,0.0,40
TM35385_Baker_O8,35385,259178448010854,Baker,Local,8,407,Slash pine / hardwood,5,1.111974216602244,0.0,0.0,0.0,48
TM35385_Union_O3,35385,259178448010854,Union,Family Forest,3,407,Slash pine / hardwood,608,135.21606473883287,0.0,0.0,0.0,48
TM35385_Union_O8,35385,259178448010854,Union,Local,8,407,Slash pine / hardwood,2,0.4447896866408976,0.0,0.0,0.0,48
TM35386_Columbia_O3,35386,259178502010854,Columbia,Family Forest,3,520,Mixed upland hardwoods,4,0.8895793732817951,0.0,0.0,0.0,45
TM48615_Suwannee_O3,48615,448940428489998,Suwannee,Family Forest,3,983,Palms,1,0.2223948433204488,0.0,0.0,0.0,102
TM48621_Columbia_O3,48621,448940541489998,Columbia,Family Forest,3,409,Other pine / hardwood,8,1.7791587465635903,0.0,0.0,0.0,5
TM48621_Columbia_O8,48621,448940541489998,Columbia,Local,8,409,Other pine / hardwood,3,0.6671845299613464,0.0,0.0,0.0,5
TM48621_Hamilton_O3,48621,448940541489998,Hamilton,Family Forest,3,409,Other pine / hardwood,13,2.891132963165834,0.0,0.0,0.0,5
TM48621_Hamilton_O4,48621,448940541489998,Hamilton,Corporate/Other Private,4,409,Other pine / hardwood,2,0.4447896866408976,0.0,0.0,0.0,5
TM48621_Suwannee_O3,48621,448940541489998,Suwannee,Family Forest,3,409,Other pine / hardwood,25,5.5598710830112195,0.0,0.0,0.0,5
TM36738_Suwannee_O8,36738,289514941489998,Suwannee,Local,8,142,Slash pine,3,0.6671845299613464,0.0,0.0,0.0,31
TM48621_Union_O3,48621,448940541489998,Union,Family Forest,3,409,Other pine / hardwood,3,0.6671845299613464,0.0,0.0,0.0,5
TM48609_Union_O7,48609,448940391489998,Union,State,7,407,Slash pine / hardwood,2,0.4447896866408976,0.0,0.0,0.0,19
TM48610_Columbia_O3,48610,448940396489998,Columbia,Family Forest,3,609,Baldcypress / pondcypress,1,0.2223948433204488,0.0,0.0,0.0,128
TM48610_Union_O3,48610,448940396489998,Union,Family Forest,3,609,Baldcypress / pondcypress,2,0.4447896866408976,0.0,0.0,0.0,128
TM48615_Columbia_O3,48615,448940428489998,Columbia,Family Forest,3,983,Palms,1,0.2223948433204488,0.0,0.0,0.0,102
TM48636_Baker_O8,48636,448940596489998,Baker,Local,8,608,Sweetbay / swamp tupelo / red maple,6,1.3343690599226927,0.0,0.0,0.0,78
TM48636_Columbia_O3,48636,448940596489998,Columbia,Family Forest,3,608,Sweetbay / swamp tupelo / red maple,143,31.802462594824178,0.0,0.0,0.0,78
TM48636_Columbia_O8,48636,448940596489998,Columbia,Local,8,608,Sweetbay / swamp tupelo / red maple,149,33.13683165474687,0.0,0.0,0.0,78
TM48636_Union_O7,48636,448940596489998,Union,State,7,608,Sweetbay / swamp tupelo / red maple,46,10.230162792740645,0.0,0.0,0.0,78
TM48634_Columbia_O4,48634,448940584489998,Columbia,Corporate/Other Private,4,142,Slash pine,26,5.782265926331668,0.0,0.0,0.0,40
TM48634_Columbia_O8,48634,448940584489998,Columbia,Local,8,142,Slash pine,3,0.6671845299613464,0.0,0.0,0.0,40
TM48634_Hamilton_O4,48634,448940584489998,Hamilton,Corporate/Other Private,4,142,Slash pine,6,1.3343690599226927,0.0,0.0,0.0,40
TM48634_Union_O3,48634,448940584489998,Union,Family Forest,3,142,Slash pine,20,4.447896866408976,0.0,0.0,0.0,40
TM48621_Suwannee_O4,48621,448940541489998,Suwannee,Corporate/Other Private,4,409,Other pine / hardwood,9,2.001553589884039,0.0,0.0,0.0,5
TM36736_Suwannee_O6,36736,289514938489998,Suwannee,Federal,6,607,Baldcypress / water tupelo,3,0.6671845299613464,0.0,0.0,0.0,141
TM36736_Suwannee_O8,36736,289514938489998,Suwannee,Local,8,607,Baldcypress / water tupelo,30,6.671845299613464,0.0,0.0,0.0,141
TM36736_Union_O7,36736,289514938489998,Union,State,7,607,Baldcypress / water tupelo,4,0.8895793732817951,0.0,0.0,0.0,141
TM48607_Hamilton_O3,48607,448940384489998,Hamilton,Family Forest,3,602,Sweetgum / Nuttall oak / willow oak,85,18.90356168223815,0.0,0.0,0.0,46
TM48607_Hamilton_O7,48607,448940384489998,Hamilton,State,7,602,Sweetgum / Nuttall oak / willow oak,16,3.5583174931271806,0.0,0.0,0.0,46
TM48607_Suwannee_O8,48607,448940384489998,Suwannee,Local,8,602,Sweetgum / Nuttall oak / willow oak,1,0.2223948433204488,0.0,0.0,0.0,46
TM48607_Baker_O7,48607,448940384489998,Baker,State,7,602,Sweetgum / Nuttall oak / willow oak,2,0.4447896866408976,0.0,0.0,0.0,46
TM48607_Baker_O8,48607,448940384489998,Baker,Local,8,602,Sweetgum / Nuttall oak / willow oak,2,0.4447896866408976,0.0,0.0,0.0,46
TM48607_Columbia_O6,48607,448940384489998,Columbia,Federal,6,602,Sweetgum / Nuttall oak / willow oak,17,3.780712336447629,0.0,0.0,0.0,46
TM48607_Columbia_O7,48607,448940384489998,Columbia,State,7,602,Sweetgum / Nuttall oak / willow oak,1,0.2223948433204488,0.0,0.0,0.0,46
TM48632_Baker_O8,48632,448940577489998,Baker,Local,8,142,Slash pine,1,0.2223948433204488,0.0,0.0,0.0,25
TM48632_Columbia_O4,48632,448940577489998,Columbia,Corporate/Other Private,4,142,Slash pine,1330,295.7851416161969,0.0,0.0,0.0,25
TM48632_Columbia_O7,48632,448940577489998,Columbia,State,7,142,Slash pine,61,13.566085442547376,0.0,0.0,0.0,25
TM35400_Columbia_O6,35400,259179414010854,Columbia,Federal,6,142,Slash pine,1,0.2223948433204488,0.0,0.0,0.0,40
TM48627_Columbia_O4,48627,448940560489998,Columbia,Corporate/Other Private,4,142,Slash pine,477,106.08234026385408,0.0,0.0,0.0,24
TM48627_Columbia_O7,48627,448940560489998,Columbia,State,7,142,Slash pine,118,26.242591511812957,0.0,0.0,0.0,24
TM48627_Columbia_O8,48627,448940560489998,Columbia,Local,8,142,Slash pine,1,0.2223948433204488,0.0,0.0,0.0,24
TM48627_Union_O4,48627,448940560489998,Union,Corporate/Other Private,4,142,Slash pine,4,0.8895793732817951,0.0,0.0,0.0,24
TM35380_Columbia_O3,35380,259178369010854,Columbia,Family Forest,3,142,Slash pine,27,6.0046607696521175,0.0,0.0,0.0,27
TM35379_Baker_O3,35379,259178358010854,Baker,Family Forest,3,520,Mixed upland hardwoods,12,2.6687381198453854,0.0,0.0,0.0,48
TM35379_Baker_O8,35379,259178358010854,Baker,Local,8,520,Mixed upland hardwoods,1,0.2223948433204488,0.0,0.0,0.0,48
TM35378_Suwannee_O4,35378,259178355010854,Suwannee,Corporate/Other Private,4,520,Mixed upland hardwoods,827,183.92053542601116,0.0,0.0,0.0,28
TM35378_Suwannee_O7,35378,259178355010854,Suwannee,State,7,520,Mixed upland hardwoods,7,1.5567639032431415,0.0,0.0,0.0,28
TM35378_Suwannee_O8,35378,259178355010854,Suwannee,Local,8,520,Mixed upland hardwoods,142,31.580067751503726,0.0,0.0,0.0,28
TM35399_Suwannee_O4,35399,259179394010854,Suwannee,Corporate/Other Private,4,142,Slash pine,1,0.2223948433204488,0.0,0.0,0.0,75
TM35400_Columbia_O3,35400,259179414010854,Columbia,Family Forest,3,142,Slash pine,38,8.451004046177054,0.0,0.0,0.0,40
TM35400_Columbia_O4,35400,259179414010854,Columbia,Corporate/Other Private,4,142,Slash pine,7,1.5567639032431415,0.0,0.0,0.0,40
TM48621_Union_O4,48621,448940541489998,Union,Corporate/Other Private,4,409,Other pine / hardwood,2,0.4447896866408976,0.0,0.0,0.0,5
TM36805_Suwannee_O4,36805,289515192489998,Suwannee,Corporate/Other Private,4,161,Loblolly pine,2,0.4447896866408976,0.0,0.0,0.0,54
TM36805_Union_O3,36805,289515192489998,Union,Family Forest,3,161,Loblolly pine,3,0.6671845299613464,0.0,0.0,0.0,54
TM36817_Baker_O3,36817,289515321489998,Baker,Family Forest,3,983,Palms,49,10.897347322701991,0.0,0.0,0.0,19
TM36817_Baker_O4,36817,289515321489998,Baker,Corporate/Other Private,4,983,Palms,2,0.4447896866408976,0.0,0.0,0.0,19
TM36797_Suwannee_O3,36797,289515157489998,Suwannee,Family Forest,3,403,Longleaf pine / oak,4,0.8895793732817951,0.0,0.0,0.0,85
TM36797_Union_O3,36797,289515157489998,Union,Family Forest,3,403,Longleaf pine / oak,1,0.2223948433204488,0.0,0.0,0.0,85
TM36803_Baker_O4,36803,289515176489998,Baker,Corporate/Other Private,4,602,Sweetgum / Nuttall oak / willow oak,1,0.2223948433204488,0.0,0.0,0.0,54
TM36804_Hamilton_O3,36804,289515179489998,Hamilton,Family Forest,3,520,Mixed upland hardwoods,1,0.2223948433204488,0.0,0.0,0.0,9
TM36805_Baker_O3,36805,289515192489998,Baker,Family Forest,3,161,Loblolly pine,46,10.230162792740645,0.0,0.0,0.0,54
TM36805_Baker_O6,36805,289515192489998,Baker,Federal,6,161,Loblolly pine,23,5.115081396370322,0.0,0.0,0.0,54
TM36805_Columbia_O3,36805,289515192489998,Columbia,Family Forest,3,161,Loblolly pine,7,1.5567639032431415,0.0,0.0,0.0,54
TM48591_Union_O3,48591,448940346489998,Union,Family Forest,3,142,Slash pine,1,0.2223948433204488,0.0,0.0,0.0,4
TM35400_Suwannee_O7,35400,259179414010854,Suwannee,State,7,142,Slash pine,7,1.5567639032431415,0.0,0.0,0.0,40
TM48589_Suwannee_O6,48589,448940340489998,Suwannee,Federal,6,142,Slash pine,137,30.468093534901485,0.0,0.0,0.0,22
TM48589_Suwannee_O7,48589,448940340489998,Suwannee,State,7,142,Slash pine,10,2.223948433204488,0.0,0.0,0.0,22
TM48590_Columbia_O3,48590,448940341489998,Columbia,Family Forest,3,520,Mixed upland hardwoods,17,3.780712336447629,0.0,0.0,0.0,92
TM48588_Union_O8,48588,448940337489998,Union,Local,8,520,Mixed upland hardwoods,1,0.2223948433204488,0.0,0.0,0.0,20
TM48589_Hamilton_O6,48589,448940340489998,Hamilton,Federal,6,142,Slash pine,121,26.909776041774304,0.0,0.0,0.0,22
TM48595_Baker_O6,48595,448940352489998,Baker,Federal,6,608,Sweetbay / swamp tupelo / red maple,4,0.8895793732817951,0.0,0.0,0.0,60
TM48595_Baker_O7,48595,448940352489998,Baker,State,7,608,Sweetbay / swamp tupelo / red maple,24,5.337476239690771,0.0,0.0,0.0,60
TM48594_Hamilton_O6,48594,448940350489998,Hamilton,Federal,6,520,Mixed upland hardwoods,57,12.676506069265582,0.0,0.0,0.0,41
TM48594_Hamilton_O7,48594,448940350489998,Hamilton,State,7,520,Mixed upland hardwoods,26,5.782265926331668,0.0,0.0,0.0,41
TM48594_Suwannee_O6,48594,448940350489998,Suwannee,Federal,6,520,Mixed upland hardwoods,5,1.111974216602244,0.0,0.0,0.0,41
TM48594_Suwannee_O7,48594,448940350489998,Suwannee,State,7,520,Mixed upland hardwoods,80,17.791587465635903,0.0,0.0,0.0,41
TM36763_Columbia_O4,36763,289515036489998,Columbia,Corporate/Other Private,4,514,Southern scrub oak,1,0.2223948433204488,0.0,0.0,0.0,13
TM36741_Columbia_O3,36741,289514953489998,Columbia,Family Forest,3,142,Slash pine,3,0.6671845299613464,0.0,0.0,0.0,35
TM48589_Hamilton_O7,48589,448940340489998,Hamilton,State,7,142,Slash pine,16,3.5583174931271806,0.0,0.0,0.0,22
TM48592_Baker_O3,48592,448940348489998,Baker,Family Forest,3,520,Mixed upland hardwoods,145,32.24725228146507,0.0,0.0,0.0,75
TM48592_Baker_O4,48592,448940348489998,Baker,Corporate/Other Private,4,520,Mixed upland hardwoods,82,18.236377152276802,0.0,0.0,0.0,75
TM48592_Baker_O8,48592,448940348489998,Baker,Local,8,520,Mixed upland hardwoods,2,0.4447896866408976,0.0,0.0,0.0,75
TM48592_Columbia_O6,48592,448940348489998,Columbia,Federal,6,520,Mixed upland hardwoods,50,11.119742166022439,0.0,0.0,0.0,75
TM48592_Columbia_O7,48592,448940348489998,Columbia,State,7,520,Mixed upland hardwoods,27,6.0046607696521175,0.0,0.0,0.0,75
TM48590_Hamilton_O4,48590,448940341489998,Hamilton,Corporate/Other Private,4,520,Mixed upland hardwoods,2,0.4447896866408976,0.0,0.0,0.0,92
TM48590_Suwannee_O3,48590,448940341489998,Suwannee,Family Forest,3,520,Mixed upland hardwoods,48,10.674952479381542,0.0,0.0,0.0,92
TM48590_Suwannee_O4,48590,448940341489998,Suwannee,Corporate/Other Private,4,520,Mixed upland hardwoods,8,1.7791587465635903,0.0,0.0,0.0,92
TM48591_Baker_O3,48591,448940346489998,Baker,Family Forest,3,142,Slash pine,1,0.2223948433204488,0.0,0.0,0.0,4
TM48591_Columbia_O4,48591,448940346489998,Columbia,Corporate/Other Private,4,142,Slash pine,4,0.8895793732817951,0.0,0.0,0.0,4
TM48591_Columbia_O6,48591,448940346489998,Columbia,Federal,6,142,Slash pine,4,0.8895793732817951,0.0,0.0,0.0,4
TM36789_Columbia_O8,36789,289515123489998,Columbia,Local,8,514,Southern scrub oak,28,6.227055612972566,0.0,0.0,0.0,31
TM36805_Hamilton_O4,36805,289515192489998,Hamilton,Corporate/Other Private,4,161,Loblolly pine,4,0.8895793732817951,0.0,0.0,0.0,54
TM36788_Baker_O4,36788,289515121489998,Baker,Corporate/Other Private,4,164,Sand pine,38,8.451004046177054,0.0,0.0,0.0,15
TM36788_Columbia_O3,36788,289515121489998,Columbia,Family Forest,3,164,Sand pine,1222,271.7664985375884,0.0,0.0,0.0,15
TM36788_Columbia_O4,36788,289515121489998,Columbia,Corporate/Other Private,4,164,Sand pine,343,76.28143125891394,0.0,0.0,0.0,15
TM36788_Columbia_O6,36788,289515121489998,Columbia,Federal,6,164,Sand pine,1,0.2223948433204488,0.0,0.0,0.0,15
TM36788_Columbia_O8,36788,289515121489998,Columbia,Local,8,164,Sand pine,4,0.8895793732817951,0.0,0.0,0.0,15
TM36771_Hamilton_O6,36771,289515061489998,Hamilton,Federal,6,514,Southern scrub oak,43,9.562978262779298,0.0,0.0,0.0,87
TM36771_Hamilton_O8,36771,289515061489998,Hamilton,Local,8,514,Southern scrub oak,51,11.342137009342888,0.0,0.0,0.0,87
TM36771_Suwannee_O6,36771,289515061489998,Suwannee,Federal,6,514,Southern scrub oak,4,0.8895793732817951,0.0,0.0,0.0,87
TM36771_Suwannee_O7,36771,289515061489998,Suwannee,State,7,514,Southern scrub oak,43,9.562978262779298,0.0,0.0,0.0,87
TM36771_Suwannee_O8,36771,289515061489998,Suwannee,Local,8,514,Southern scrub oak,44,9.785373106099748,0.0,0.0,0.0,87
TM36805_Columbia_O6,36805,289515192489998,Columbia,Federal,6,161,Loblolly pine,69,15.345244189110966,0.0,0.0,0.0,54
TM36805_Columbia_O8,36805,289515192489998,Columbia,Local,8,161,Loblolly pine,2,0.4447896866408976,0.0,0.0,0.0,54
TM36805_Hamilton_O3,36805,289515192489998,Hamilton,Family Forest,3,161,Loblolly pine,8,1.7791587465635903,0.0,0.0,0.0,54
TM36786_Hamilton_O3,36786,289515115489998,Hamilton,Family Forest,3,161,Loblolly pine,5,1.111974216602244,0.0,0.0,0.0,37
TM48596_Hamilton_O8,48596,448940355489998,Hamilton,Local,8,602,Sweetgum / Nuttall oak / willow oak,3,0.6671845299613464,0.0,0.0,0.0,101
TM48596_Suwannee_O6,48596,448940355489998,Suwannee,Federal,6,602,Sweetgum / Nuttall oak / willow oak,12,2.6687381198453854,0.0,0.0,0.0,101
TM48596_Columbia_O7,48596,448940355489998,Columbia,State,7,602,Sweetgum / Nuttall oak / willow oak,28,6.227055612972566,0.0,0.0,0.0,101
TM48595_Suwannee_O7,48595,448940352489998,Suwannee,State,7,608,Sweetbay / swamp tupelo / red maple,1,0.2223948433204488,0.0,0.0,0.0,60
TM48595_Suwannee_O8,48595,448940352489998,Suwannee,Local,8,608,Sweetbay / swamp tupelo / red maple,5,1.111974216602244,0.0,0.0,0.0,60
TM48595_Union_O4,48595,448940352489998,Union,Corporate/Other Private,4,608,Sweetbay / swamp tupelo / red maple,63,14.010875129188273,0.0,0.0,0.0,60
TM48595_Union_O8,48595,448940352489998,Union,Local,8,608,Sweetbay / swamp tupelo / red maple,1,0.2223948433204488,0.0,0.0,0.0,60
TM48595_Hamilton_O6,48595,448940352489998,Hamilton,Federal,6,608,Sweetbay / swamp tupelo / red maple,61,13.566085442547376,0.0,0.0,0.0,60
TM48595_Hamilton_O8,48595,448940352489998,Hamilton,Local,8,608,Sweetbay / swamp tupelo / red maple,1,0.2223948433204488,0.0,0.0,0.0,60
TM48595_Suwannee_O6,48595,448940352489998,Suwannee,Federal,6,608,Sweetbay / swamp tupelo / red maple,116,25.79780182517206,0.0,0.0,0.0,60
TM48598_Suwannee_O6,48598,448940363489998,Suwannee,Federal,6,602,Sweetgum / Nuttall oak / willow oak,2,0.4447896866408976,0.0,0.0,0.0,91
TM48598_Suwannee_O7,48598,448940363489998,Suwannee,State,7,602,Sweetgum / Nuttall oak / willow oak,4,0.8895793732817951,0.0,0.0,0.0,91
TM36741_Union_O3,36741,289514953489998,Union,Family Forest,3,142,Slash pine,1,0.2223948433204488,0.0,0.0,0.0,35
TM48598_Union_O3,48598,448940363489998,Union,Family Forest,3,602,Sweetgum / Nuttall oak / willow oak,50,11.119742166022439,0.0,0.0,0.0,91
TM48598_Union_O4,48598,448940363489998,Union,Corporate/Other Private,4,602,Sweetgum / Nuttall oak / willow oak,2,0.4447896866408976,0.0,0.0,0.0,91
TM48600_Columbia_O6,48600,448940366489998,Columbia,Federal,6,406,Loblolly pine / hardwood,17,3.780712336447629,0.0,0.0,0.0,34
TM48603_Baker_O3,48603,448940372489998,Baker,Family Forest,3,514,Southern scrub oak,1,0.2223948433204488,0.0,0.0,0.0,18
TM48603_Columbia_O6,48603,448940372489998,Columbia,Federal,6,514,Southern scrub oak,4,0.8895793732817951,0.0,0.0,0.0,18
TM48598_Columbia_O7,48598,448940363489998,Columbia,State,7,602,Sweetgum / Nuttall oak / willow oak,12,2.6687381198453854,0.0,0.0,0.0,91
TM48598_Columbia_O8,48598,448940363489998,Columbia,Local,8,602,Sweetgum / Nuttall oak / willow oak,4,0.8895793732817951,0.0,0.0,0.0,91
TM48598_Hamilton_O4,48598,448940363489998,Hamilton,Corporate/Other Private,4,602,Sweetgum / Nuttall oak / willow oak,13,2.891132963165834,0.0,0.0,0.0,91
TM48598_Hamilton_O6,48598,448940363489998,Hamilton,Federal,6,602,Sweetgum / Nuttall oak / willow oak,5,1.111974216602244,0.0,0.0,0.0,91
TM36736_Union_O8,36736,289514938489998,Union,Local,8,607,Baldcypress / water tupelo,1,0.2223948433204488,0.0,0.0,0.0,141
TM36736_Columbia_O6,36736,289514938489998,Columbia,Federal,6,607,Baldcypress / water tupelo,33,7.33902982957481,0.0,0.0,0.0,141
TM36736_Columbia_O7,36736,289514938489998,Columbia,State,7,607,Baldcypress / water tupelo,3,0.6671845299613464,0.0,0.0,0.0,141
TM36736_Hamilton_O3,36736,289514938489998,Hamilton,Family Forest,3,607,Baldcypress / water tupelo,5,1.111974216602244,0.0,0.0,0.0,141
TM48598_Suwannee_O8,48598,448940363489998,Suwannee,Local,8,602,Sweetgum / Nuttall oak / willow oak,4,0.8895793732817951,0.0,0.0,0.0,91
TM36761_Baker_O3,36761,289515011489998,Baker,Family Forest,3,520,Mixed upland hardwoods,2,0.4447896866408976,0.0,0.0,0.0,20
TM36761_Columbia_O3,36761,289515011489998,Columbia,Family Forest,3,520,Mixed upland hardwoods,21,4.670291709729424,0.0,0.0,0.0,20
TM36761_Columbia_O4,36761,289515011489998,Columbia,Corporate/Other Private,4,520,Mixed upland hardwoods,7,1.5567639032431415,0.0,0.0,0.0,20
TM36761_Columbia_O6,36761,289515011489998,Columbia,Federal,6,520,Mixed upland hardwoods,1,0.2223948433204488,0.0,0.0,0.0,20
TM36761_Columbia_O8,36761,289515011489998,Columbia,Local,8,520,Mixed upland hardwoods,2,0.4447896866408976,0.0,0.0,0.0,20
TM36761_Hamilton_O3,36761,289515011489998,Hamilton,Family Forest,3,520,Mixed upland hardwoods,3,0.6671845299613464,0.0,0.0,0.0,20
TM36739_Hamilton_O3,36739,289514947489998,Hamilton,Family Forest,3,141,Longleaf pine,5,1.111974216602244,0.0,0.0,0.0,30
TM36740_Columbia_O4,36740,289514950489998,Columbia,Corporate/Other Private,4,142,Slash pine,21,4.670291709729424,0.0,0.0,0.0,67
TM36740_Hamilton_O3,36740,289514950489998,Hamilton,Family Forest,3,142,Slash pine,1,0.2223948433204488,0.0,0.0,0.0,67
TM36740_Suwannee_O3,36740,289514950489998,Suwannee,Family Forest,3,142,Slash pine,390,86.73398889497503,0.0,0.0,0.0,67
TM36740_Suwannee_O4,36740,289514950489998,Suwannee,Corporate/Other Private,4,142,Slash pine,60,13.343690599226928,0.0,0.0,0.0,67
TM36741_Baker_O3,36741,289514953489998,Baker,Family Forest,3,142,Slash pine,1,0.2223948433204488,0.0,0.0,0.0,35
TM36741_Baker_O4,36741,289514953489998,Baker,Corporate/Other Private,4,142,Slash pine,8,1.7791587465635903,0.0,0.0,0.0,35
TM48592_Suwannee_O6,48592,448940348489998,Suwannee,Federal,6,520,Mixed upland hardwoods,25,5.5598710830112195,0.0,0.0,0.0,75
TM36792_Columbia_O3,36792,289515140489998,Columbia,Family Forest,3,161,Loblolly pine,30,6.671845299613464,0.0,0.0,0.0,27
TM36792_Columbia_O4,36792,289515140489998,Columbia,Corporate/Other Private,4,161,Loblolly pine,11,2.446343276524937,0.0,0.0,0.0,27
TM36792_Hamilton_O4,36792,289515140489998,Hamilton,Corporate/Other Private,4,161,Loblolly pine,38,8.451004046177054,0.0,0.0,0.0,27
TM36792_Suwannee_O3,36792,289515140489998,Suwannee,Family Forest,3,161,Loblolly pine,309,68.72000658601867,0.0,0.0,0.0,27
TM36792_Suwannee_O4,36792,289515140489998,Suwannee,Corporate/Other Private,4,161,Loblolly pine,73,16.234823562392762,0.0,0.0,0.0,27
TM36792_Suwannee_O6,36792,289515140489998,Suwannee,Federal,6,161,Loblolly pine,1,0.2223948433204488,0.0,0.0,0.0,27
TM36788_Union_O4,36788,289515121489998,Union,Corporate/Other Private,4,164,Sand pine,231,51.37320880702367,0.0,0.0,0.0,15
TM36789_Baker_O3,36789,289515123489998,Baker,Family Forest,3,514,Southern scrub oak,1,0.2223948433204488,0.0,0.0,0.0,31
TM36789_Columbia_O3,36789,289515123489998,Columbia,Family Forest,3,514,Southern scrub oak,4,0.8895793732817951,0.0,0.0,0.0,31
TM36789_Columbia_O4,36789,289515123489998,Columbia,Corporate/Other Private,4,514,Southern scrub oak,6,1.3343690599226927,0.0,0.0,0.0,31
TM48594_Suwannee_O8,48594,448940350489998,Suwannee,Local,8,520,Mixed upland hardwoods,115,25.57540698185161,0.0,0.0,0.0,41
TM48594_Columbia_O6,48594,448940350489998,Columbia,Federal,6,520,Mixed upland hardwoods,1,0.2223948433204488,0.0,0.0,0.0,41
TM48594_Columbia_O7,48594,448940350489998,Columbia,State,7,520,Mixed upland hardwoods,6,1.3343690599226927,0.0,0.0,0.0,41
TM36789_Union_O3,36789,289515123489998,Union,Family Forest,3,514,Southern scrub oak,4,0.8895793732817951,0.0,0.0,0.0,31
