PLT_CN,prescription,template,entry_years,n_entries,cuts,regen_slot,stand_age,units,acres,owner_classes,counties,si_expanded_runs,keyfile_sha256_16
134677819010854,family_light_thin,thin_from_below,2032,1,True,,15.0,2,130.54577302910343,private_family,Columbia;Union,3,bc8feac4163d68a7
134677819010854,family_uneven_aged_selection,selection_harvest,2037;2052;2067,3,True,,15.0,2,130.54577302910343,private_family,Columbia;Union,3,d3be79d26dba0be9
134677819010854,no_management,no_management,,0,False,,15.0,6,186.14448385921565,local;private_family;private_industrial,Baker;Columbia;Union,3,84f6c944677a72ff
134677819010854,pine_plantation_long_rotation,plantation_rotation,2027;2042,2,True,planted_pine_regen,15.0,5,182.14137667944757,private_family;private_industrial,Baker;Columbia;Union,3,84a364a1a701556e
134677819010854,pine_plantation_short_rotation,plantation_rotation,2027;2032,2,True,planted_pine_regen,15.0,3,51.59560365034412,private_industrial,Baker;Columbia;Union,3,2b2c5c8a57762a16
134677819010854,public_selection_light,selection_harvest,2032;2042;2052;2062,4,True,,15.0,1,4.003107179768078,local,Union,3,0326d4c185495889
134677819010854,public_thin_restore,thin_from_below_repeated,2027;2042;2057,3,True,,15.0,1,4.003107179768078,local,Union,3,5073dd93d32ddd18
134677831010854,family_light_thin,thin_from_below,2032,1,True,,22.0,3,1.5567639032431415,private_family,Baker;Columbia;Suwannee,3,12a50a2d3e660e36
134677831010854,family_uneven_aged_selection,selection_harvest,2037;2052;2067,3,True,,22.0,3,1.5567639032431415,private_family,Baker;Columbia;Suwannee,3,875c3f870f8ce3b2
134677831010854,no_management,no_management,,0,False,,22.0,4,1.7791587465635903,private_family;private_industrial,Baker;Columbia;Suwannee,3,103f6237c1b00401
134677831010854,pine_plantation_long_rotation,plantation_rotation,2027;2037,2,True,planted_pine_regen,22.0,4,1.7791587465635903,private_family;private_industrial,Baker;Columbia;Suwannee,3,1ea16e1c869904ec
134677831010854,pine_plantation_short_rotation,clearcut,2027,1,True,planted_pine_regen,22.0,1,0.2223948433204488,private_industrial,Suwannee,3,f8656310da535bbd
134678539010854,family_light_thin,thin_from_below,2032,1,True,,25.0,2,15.790033875751863,private_family,Columbia;Suwannee,3,a0e0cd0a89259d6e
134678539010854,family_uneven_aged_selection,selection_harvest,2037;2052;2067,3,True,,25.0,2,15.790033875751863,private_family,Columbia;Suwannee,3,9a7c8c8328283481
134678539010854,no_management,no_management,,0,False,,25.0,5,18.01398230895635,local;private_family;private_industrial,Columbia;Suwannee,3,0ea8da270aea03d7
134678539010854,pine_plantation_long_rotation,plantation_rotation,2027;2032,2,True,planted_pine_regen,25.0,4,17.791587465635903,private_family;private_industrial,Columbia;Suwannee,3,cee56633db489bd9
134678539010854,pine_plantation_short_rotation,clearcut,2027,1,True,planted_pine_regen,25.0,2,2.001553589884039,private_industrial,Columbia;Suwannee,3,948e53a38d891c71
134678539010854,public_selection_light,selection_harvest,2032;2042;2052;2062,4,True,,25.0,1,0.2223948433204488,local,Columbia,3,11c8209ddf40928b
134678539010854,public_thin_restore,thin_from_below_repeated,2027;2042;2057,3,True,,25.0,1,0.2223948433204488,local,Columbia,3,fb6439c43ea9eacf
140561558010478,no_management,no_management,,0,False,,33.0,1,1.5567639032431415,private_industrial,Baker,3,9c13ff822de010c1
140561558010478,pine_plantation_long_rotation,clearcut,2027,1,True,planted_pine_regen,33.0,1,1.5567639032431415,private_industrial,Baker,3,ec07d01a44dad3af
140561558010478,pine_plantation_short_rotation,clearcut,2027,1,True,planted_pine_regen,33.0,1,1.5567639032431415,private_industrial,Baker,3,ec07d01a44dad3af
140564077010478,family_light_thin,thin_from_below,2032,1,True,,55.0,5,5949.506848508646,private_family,Baker;Columbia;Hamilton;Suwannee;Union,3,7a243db16f35701a
140564077010478,family_uneven_aged_selection,selection_harvest,2037;2052;2067,3,True,,55.0,5,5949.506848508646,private_family,Baker;Columbia;Hamilton;Suwannee;Union,3,490622128a1452ca
140564077010478,hardwood_clearcut_regen,clearcut,2027,1,True,hardwood_regen,55.0,4,3162.8994617034227,private_industrial,Baker;Columbia;Hamilton;Suwannee,3,37062f4a407fa34e
140564077010478,no_management,no_management,,0,False,,55.0,17,10234.388294763732,federal;local;private_family;private_industrial;state,Baker;Columbia;Hamilton;Suwannee;Union,3,7f5479b38c853d65
140564077010478,public_selection_light,selection_harvest,2032;2042;2052;2062,4,True,,55.0,8,1121.981984551664,federal;local;state,Baker;Columbia;Hamilton;Suwannee,3,b92e27b9f58a7cb0
140564077010478,public_thin_restore,thin_from_below_repeated,2027;2042;2057,3,True,,55.0,8,1121.981984551664,federal;local;state,Baker;Columbia;Hamilton;Suwannee,3,ee1574b32534f0ea
140566167010478,family_light_thin,thin_from_below,2032,1,True,,84.0,4,190.36998588230415,private_family,Baker;Columbia;Suwannee;Union,3,e1758f7ddb795376
140566167010478,family_uneven_aged_selection,selection_harvest,2037;2052;2067,3,True,,84.0,4,190.36998588230415,private_family,Baker;Columbia;Suwannee;Union,3,476a22e6dd826756
140566167010478,no_management,no_management,,0,False,,84.0,15,283.77582007689267,federal;local;private_family;private_industrial;state,Baker;Columbia;Suwannee;Union,3,0c41b8ad0788efe5
140566167010478,pine_plantation_long_rotation,clearcut,2027,1,True,planted_pine_regen,84.0,10,228.17710924678045,private_family;private_industrial;state,Baker;Columbia;Suwannee;Union,3,dfedb4cbb9acad10
140566167010478,pine_plantation_short_rotation,clearcut,2027,1,True,planted_pine_regen,84.0,4,37.362333677835394,private_industrial,Baker;Columbia;Suwannee;Union,3,dfedb4cbb9acad10
140566167010478,public_selection_light,selection_harvest,2032;2042;2052;2062,4,True,,84.0,7,56.0435005167531,federal;local;state,Baker;Columbia;Suwannee;Union,3,2b39eae40d5bc03e
140566167010478,public_thin_restore,thin_from_below_repeated,2027;2042;2057,3,True,,84.0,7,56.0435005167531,federal;local;state,Baker;Columbia;Suwannee;Union,3,f0937bcb0ed88912
140568302010478,family_light_thin,thin_from_below,2032,1,True,,28.0,5,1828.53040178073,private_family,Baker;Columbia;Hamilton;Suwannee;Union,3,5d26043d8ac1f982
140568302010478,family_uneven_aged_selection,selection_harvest,2037;2052;2067,3,True,,28.0,5,1828.53040178073,private_family,Baker;Columbia;Hamilton;Suwannee;Union,3,db7bbe8d11dca709
140568302010478,hardwood_clearcut_regen,clearcut,2047,1,True,hardwood_regen,28.0,5,588.0119657392665,private_industrial,Baker;Columbia;Hamilton;Suwannee;Union,3,86eb03e855333116
140568302010478,no_management,no_management,,0,False,,28.0,22,2550.201668355586,federal;local;private_family;private_industrial;state,Baker;Columbia;Hamilton;Suwannee;Union,3,980dbc41d5049f36
140568302010478,public_selection_light,selection_harvest,2032;2042;2052;2062,4,True,,28.0,12,133.65930083558973,federal;local;state,Baker;Columbia;Hamilton;Suwannee,3,37845c02d8d596f3
140568302010478,public_thin_restore,thin_from_below_repeated,2027;2042;2057,3,True,,28.0,12,133.65930083558973,federal;local;state,Baker;Columbia;Hamilton;Suwannee,3,b62c899f24289116
140582800010478,family_light_thin,thin_from_below,2032,1,True,,24.0,4,279.10552836716323,private_family,Baker;Columbia;Suwannee;Union,3,c9de3a5014c87c1c
140582800010478,family_uneven_aged_selection,selection_harvest,2037;2052;2067,3,True,,24.0,4,279.10552836716323,private_family,Baker;Columbia;Suwannee;Union,3,a412db970bcb6a70
140582800010478,no_management,no_management,,0,False,,24.0,10,335.3714237272368,local;private_family;private_industrial;state,Baker;Columbia;Suwannee;Union,3,ef7d21fa4b45b94d
140582800010478,pine_plantation_long_rotation,plantation_rotation,2027;2037,2,True,planted_pine_regen,24.0,9,327.5876042110211,private_family;private_industrial;state,Baker;Columbia;Suwannee;Union,3,30a992681da07d69
140582800010478,pine_plantation_short_rotation,clearcut,2027,1,True,planted_pine_regen,24.0,4,47.14770678393514,private_industrial,Baker;Columbia;Suwannee;Union,3,8267ec2438c3e374
140582800010478,public_selection_light,selection_harvest,2032;2042;2052;2062,4,True,,24.0,2,9.118188576138401,local;state,Columbia,3,97a1f54c46e53a08
140582800010478,public_thin_restore,thin_from_below_repeated,2027;2042;2057,3,True,,24.0,2,9.118188576138401,local;state,Columbia,3,1a37783dbeecd933
140593174010478,family_light_thin,thin_from_below,2032,1,True,,115.0,5,2.6687381198453854,private_family,Baker;Columbia;Hamilton;Suwannee;Union,3,832e3a65030d9f21
140593174010478,family_uneven_aged_selection,selection_harvest,2037;2052;2067,3,True,,115.0,5,2.6687381198453854,private_family,Baker;Columbia;Hamilton;Suwannee;Union,3,b3567777cac51909
140593174010478,hardwood_clearcut_regen,clearcut,2027,1,True,hardwood_regen,115.0,1,0.2223948433204488,private_industrial,Baker,3,5df77050fc50c731
140593174010478,no_management,no_management,,0,False,,115.0,7,3.113527806486283,local;private_family;private_industrial,Baker;Columbia;Hamilton;Suwannee;Union,3,d8bd59cf10d6ce28
140593174010478,public_selection_light,selection_harvest,2032;2042;2052;2062,4,True,,115.0,1,0.2223948433204488,local,Columbia,3,d5d5b88403377061
140593174010478,public_thin_restore,thin_from_below_repeated,2027;2042;2057,3,True,,115.0,1,0.2223948433204488,local,Columbia,3,797325a7b7970b2e
140599486010478,family_light_thin,thin_from_below,2032,1,True,,61.0,1,12.676506069265582,private_family,Baker,3,f113e61115f3d496
140599486010478,family_uneven_aged_selection,selection_harvest,2037;2052;2067,3,True,,61.0,1,12.676506069265582,private_family,Baker,3,79ae90ff58e0c567
140599486010478,hardwood_clearcut_regen,clearcut,2027,1,True,hardwood_regen,61.0,1,12.231716382624683,private_industrial,Baker,3,bf292b7515bccde3
140599486010478,no_management,no_management,,0,False,,61.0,2,24.908222451890264,private_family;private_industrial,Baker,3,53e92d75d8a98851
153666119010854,family_light_thin,thin_from_below,2032,1,True,,14.0,5,41.14304601428302,private_family,Baker;Columbia;Hamilton;Suwannee;Union,3,85c707bc4ebfcba0
153666119010854,family_uneven_aged_selection,selection_harvest,2037;2052;2067,3,True,,14.0,5,41.14304601428302,private_family,Baker;Columbia;Hamilton;Suwannee;Union,3,96efac9da9dd4a0a
153666119010854,hardwood_clearcut_regen,clearcut,2062,1,True,hardwood_regen,14.0,5,23.79624823528802,private_industrial,Baker;Columbia;Hamilton;Suwannee;Union,3,e4c22a50bcc3d1f4
153666119010854,no_management,no_management,,0,False,,14.0,14,71.83353439250496,federal;local;private_family;private_industrial;state,Baker;Columbia;Hamilton;Suwannee;Union,3,35741333e3f5d467
153666119010854,public_selection_light,selection_harvest,2032;2042;2052;2062,4,True,,14.0,4,6.894240142933913,federal;local;state,Columbia;Union,3,ac7898468d2102ed
153666119010854,public_thin_restore,thin_from_below_repeated,2027;2042;2057,3,True,,14.0,4,6.894240142933913,federal;local;state,Columbia;Union,3,98a67991f8a6f1d3
153846474010854,family_light_thin,thin_from_below,2032,1,True,,35.0,1,0.2223948433204488,private_family,Suwannee,3,4f846a7cd18cb9ae
153846474010854,family_uneven_aged_selection,selection_harvest,2037;2052;2067,3,True,,35.0,1,0.2223948433204488,private_family,Suwannee,3,552c41c4657df09a
153846474010854,no_management,no_management,,0,False,,35.0,1,0.2223948433204488,private_family,Suwannee,3,61f542c1a4470b04
173002836010854,family_light_thin,thin_from_below,2032,1,True,,41.0,4,17238.936279984588,private_family,Baker;Columbia;Hamilton;Union,3,c444a0ec56a8f770
173002836010854,family_uneven_aged_selection,selection_harvest,2037;2052;2067,3,True,,41.0,4,17238.936279984588,private_family,Baker;Columbia;Hamilton;Union,3,a2bcf61fa81ae44b
173002836010854,no_management,no_management,,0,False,,41.0,13,27487.55784472083,federal;local;private_family;private_industrial;state,Baker;Columbia;Hamilton;Union,3,62fab8339d3e9d7f
173002836010854,pine_plantation_long_rotation,clearcut,2027,1,True,planted_pine_regen,41.0,9,18185.89352284306,private_family;private_industrial;state,Baker;Columbia;Hamilton;Union,3,07746108488e1a25
173002836010854,pine_plantation_short_rotation,clearcut,2027,1,True,planted_pine_regen,41.0,3,918.2683080701331,private_industrial,Baker;Columbia;Hamilton,3,07746108488e1a25
173002836010854,public_selection_light,selection_harvest,2032;2042;2052;2062,4,True,,41.0,6,9330.353256666109,federal;local;state,Baker;Columbia,3,00305ee777195eef
173002836010854,public_thin_restore,thin_from_below_repeated,2027;2042;2057,3,True,,41.0,6,9330.353256666109,federal;local;state,Baker;Columbia,3,c528cc85dab2889c
173002842010854,family_light_thin,thin_from_below,2032,1,True,,45.0,4,13616.569071981117,private_family,Baker;Columbia;Suwannee;Union,3,2ea794034c9c627d
173002842010854,family_uneven_aged_selection,selection_harvest,2037;2052;2067,3,True,,45.0,4,13616.569071981117,private_family,Baker;Columbia;Suwannee;Union,3,c91748c7221bba11
173002842010854,no_management,no_management,,0,False,,45.0,18,18340.01314926413,federal;local;private_family;private_industrial;state,Baker;Columbia;Suwannee;Union,3,401244c5eb531034
173002842010854,pine_plantation_long_rotation,clearcut,2027,1,True,planted_pine_regen,45.0,12,17076.810439203982,private_family;private_industrial;state,Baker;Columbia;Suwannee;Union,3,f3f9fcf7957f37b2
173002842010854,pine_plantation_short_rotation,clearcut,2027,1,True,planted_pine_regen,45.0,4,3425.5477716648725,private_industrial,Baker;Columbia;Suwannee;Union,3,f3f9fcf7957f37b2
173002842010854,public_selection_light,selection_harvest,2032;2042;2052;2062,4,True,,45.0,10,1297.8963056181392,federal;local;state,Baker;Columbia;Suwannee;Union,3,42bfb2967d8eb32a
173002842010854,public_thin_restore,thin_from_below_repeated,2027;2042;2057,3,True,,45.0,10,1297.8963056181392,federal;local;state,Baker;Columbia;Suwannee;Union,3,9fdbfe6eb78a40f2
173002845010854,family_light_thin,thin_from_below,2032,1,True,,114.0,5,1748.2458633420479,private_family,Baker;Columbia;Hamilton;Suwannee;Union,3,b407fc009d17f655
173002845010854,family_uneven_aged_selection,selection_harvest,2037;2052;2067,3,True,,114.0,5,1748.2458633420479,private_family,Baker;Columbia;Hamilton;Suwannee;Union,3,19e8e7e27db67a8f
173002845010854,no_management,no_management,,0,False,,114.0,15,14196.352428517528,federal;local;private_family;private_industrial;state,Baker;Columbia;Hamilton;Suwannee;Union,3,3906952564647723
173002845010854,pine_plantation_long_rotation,clearcut,2027,1,True,planted_pine_regen,114.0,12,2165.903379097851,private_family;private_industrial;state,Baker;Columbia;Hamilton;Suwannee;Union,3,1848045bbeebf56f
173002845010854,pine_plantation_short_rotation,clearcut,2027,1,True,planted_pine_regen,114.0,4,399.421138603526,private_industrial,Baker;Columbia;Hamilton;Suwannee,3,1848045bbeebf56f
173002845010854,public_selection_light,selection_harvest,2032;2042;2052;2062,4,True,,114.0,6,12048.685426571954,federal;local;state,Baker;Columbia;Hamilton,3,cd3b780c80c7e6bf
173002845010854,public_thin_restore,thin_from_below_repeated,2027;2042;2057,3,True,,114.0,6,12048.685426571954,federal;local;state,Baker;Columbia;Hamilton,3,047bbcefb319b6c7
173002897010854,family_light_thin,thin_from_below,2032,1,True,,93.0,2,12.231716382624684,private_family,Baker;Union,3,898e8d3de317db32
173002897010854,family_uneven_aged_selection,selection_harvest,2037;2052;2067,3,True,,93.0,2,12.231716382624684,private_family,Baker;Union,3,3a4c0a581f5e9697
173002897010854,no_management,no_management,,0,False,,93.0,3,14.678059659149621,private_family;private_industrial,Baker;Union,3,be4945b2df0cbb83
173002897010854,pine_plantation_long_rotation,clearcut,2027,1,True,planted_pine_regen,93.0,3,14.678059659149621,private_family;private_industrial,Baker;Union,3,01812561d3334704
173002897010854,pine_plantation_short_rotation,clearcut,2027,1,True,planted_pine_regen,93.0,1,2.446343276524937,private_industrial,Baker,3,01812561d3334704
174758382020004,family_light_thin,thin_from_below,2032,1,True,,12.0,1,0.2223948433204488,private_family,Suwannee,3,57b5efbbd2c3dcec
174758382020004,family_uneven_aged_selection,selection_harvest,2037;2052;2067,3,True,,12.0,1,0.2223948433204488,private_family,Suwannee,3,1fcf7d0a87bce121
174758382020004,no_management,no_management,,0,False,,12.0,1,0.2223948433204488,private_family,Suwannee,3,7965585a944bcb91
17498047010478,family_light_thin,thin_from_below,2032,1,True,,47.0,4,179.69503340292263,private_family,Baker;Columbia;Suwannee;Union,3,541248aabe91a187
17498047010478,family_uneven_aged_selection,selection_harvest,2037;2052;2067,3,True,,47.0,4,179.69503340292263,private_family,Baker;Columbia;Suwannee;Union,3,70bb81920f421de1
17498047010478,no_management,no_management,,0,False,,47.0,13,250.6389884221458,local;private_family;private_industrial;state,Baker;Columbia;Suwannee;Union,3,6b5d143e753aca61
17498047010478,pine_plantation_long_rotation,clearcut,2027,1,True,planted_pine_regen,47.0,10,249.08222451890265,private_family;private_industrial;state,Baker;Columbia;Suwannee;Union,3,eaa77261f02a91b1
17498047010478,pine_plantation_short_rotation,clearcut,2027,1,True,planted_pine_regen,47.0,4,68.72000658601867,private_industrial,Baker;Columbia;Suwannee;Union,3,eaa77261f02a91b1
17498047010478,public_selection_light,selection_harvest,2032;2042;2052;2062,4,True,,47.0,5,2.223948433204488,local;state,Columbia;Suwannee;Union,3,99da7b7ed2f668ef
17498047010478,public_thin_restore,thin_from_below_repeated,2027;2042;2057,3,True,,47.0,5,2.223948433204488,local;state,Columbia;Suwannee;Union,3,800ece42ca42725e
176548620010854,family_light_thin,thin_from_below,2032,1,True,,41.0,1,293.7835880263128,private_family,Hamilton,3,f35fc8570c922be8
176548620010854,family_uneven_aged_selection,selection_harvest,2037;2052;2067,3,True,,41.0,1,293.7835880263128,private_family,Hamilton,3,67e3b8f272a5d71e
176548620010854,no_management,no_management,,0,False,,41.0,4,351.1614576029886,local;private_family;private_industrial;state,Hamilton,3,4754abac05c002c0
176548620010854,pine_plantation_long_rotation,clearcut,2027,1,True,planted_pine_regen,41.0,3,347.8255349531819,private_family;private_industrial;state,Hamilton,3,ed1c525b8fdf2acd
176548620010854,pine_plantation_short_rotation,clearcut,2027,1,True,planted_pine_regen,41.0,1,53.37476239690771,private_industrial,Hamilton,3,ed1c525b8fdf2acd
176548620010854,public_selection_light,selection_harvest,2032;2042;2052;2062,4,True,,41.0,2,4.003107179768079,local;state,Hamilton,3,c6ec00926eb2f197
176548620010854,public_thin_restore,thin_from_below_repeated,2027;2042;2057,3,True,,41.0,2,4.003107179768079,local;state,Hamilton,3,ae170e6c94df5d49
176548654010854,family_light_thin,thin_from_below,2032,1,True,,24.0,1,134.77127505219195,private_family,Hamilton,3,c9c18b262166a4dd
176548654010854,family_uneven_aged_selection,selection_harvest,2037;2052;2067,3,True,,24.0,1,134.77127505219195,private_family,Hamilton,3,f055be38a02521a8
176548654010854,no_management,no_management,,0,False,,24.0,3,194.81788274871312,local;private_family;private_industrial,Hamilton,3,01dc24657fe7f2cd
176548654010854,pine_plantation_long_rotation,plantation_rotation,2027;2037,2,True,planted_pine_regen,24.0,2,194.59548790539267,private_family;private_industrial,Hamilton,3,bed29e306119d066
176548654010854,pine_plantation_short_rotation,clearcut,2027,1,True,planted_pine_regen,24.0,1,59.82421285320073,private_industrial,Hamilton,3,c3f46535e256b0e0
176548654010854,public_selection_light,selection_harvest,2032;2042;2052;2062,4,True,,24.0,1,0.2223948433204488,local,Hamilton,3,0b79207e99397fc5
176548654010854,public_thin_restore,thin_from_below_repeated,2027;2042;2057,3,True,,24.0,1,0.2223948433204488,local,Hamilton,3,8c036260dbf441eb
176548896010854,family_light_thin,thin_from_below,2032,1,True,,135.0,5,2999.661646706213,private_family,Baker;Columbia;Hamilton;Suwannee;Union,3,e2234cdbe7688beb
176548896010854,family_uneven_aged_selection,selection_harvest,2037;2052;2067,3,True,,135.0,5,2999.661646706213,private_family,Baker;Columbia;Hamilton;Suwannee;Union,3,d94508f531373241
176548896010854,hardwood_clearcut_regen,clearcut,2027,1,True,hardwood_regen,135.0,5,2469.6947350735836,private_industrial,Baker;Columbia;Hamilton;Suwannee;Union,3,1251f73683e0ad3b
176548896010854,no_management,no_management,,0,False,,135.0,21,6047.138184726323,federal;local;private_family;private_industrial;state,Baker;Columbia;Hamilton;Suwannee;Union,3,f6700861eb04a5b3
176548896010854,public_selection_light,selection_harvest,2032;2042;2052;2062,4,True,,135.0,11,577.781802946526,federal;local;state,Baker;Columbia;Hamilton;Suwannee;Union,3,216417c511e12c6c
176548896010854,public_thin_restore,thin_from_below_repeated,2027;2042;2057,3,True,,135.0,11,577.781802946526,federal;local;state,Baker;Columbia;Hamilton;Suwannee;Union,3,488b5fd2015f3630
176549308010854,family_light_thin,thin_from_below,2032,1,True,,95.0,1,0.2223948433204488,private_family,Hamilton,3,05e685e894887e61
176549308010854,family_uneven_aged_selection,selection_harvest,2037;2052;2067,3,True,,95.0,1,0.2223948433204488,private_family,Hamilton,3,0a24f310f2784549
176549308010854,hardwood_clearcut_regen,clearcut,2027,1,True,hardwood_regen,95.0,1,1.7791587465635903,private_industrial,Hamilton,3,c94441db1756a58c
176549308010854,no_management,no_management,,0,False,,95.0,2,2.001553589884039,private_family;private_industrial,Hamilton,3,1c9853ddf8dbb3dc
176859634010854,family_light_thin,thin_from_below,2032,1,True,,68.0,2,1.5567639032431415,private_family,Baker;Union,3,920e593c1c111b67
176859634010854,family_uneven_aged_selection,selection_harvest,2037;2052;2067,3,True,,68.0,2,1.5567639032431415,private_family,Baker;Union,3,a8503edb0d01d269
176859634010854,hardwood_clearcut_regen,clearcut,2027,1,True,hardwood_regen,68.0,2,8.895793732817951,private_industrial,Baker;Union,3,f1a9eec75edd87dc
176859634010854,no_management,no_management,,0,False,,68.0,5,11.119742166022439,local;private_family;private_industrial,Baker;Union,3,e40ab173b8dd8ba7
176859634010854,public_selection_light,selection_harvest,2032;2042;2052;2062,4,True,,68.0,1,0.6671845299613464,local,Baker,3,e02f16d78b7649f3
176859634010854,public_thin_restore,thin_from_below_repeated,2027;2042;2057,3,True,,68.0,1,0.6671845299613464,local,Baker,3,d0f594971ec6b55d
176859705010854,family_light_thin,thin_from_below,2032,1,True,,34.0,4,2086.730814875771,private_family,Baker;Columbia;Suwannee;Union,3,c690fd9f981d2fd4
176859705010854,family_uneven_aged_selection,selection_harvest,2037;2052;2067,3,True,,34.0,4,2086.730814875771,private_family,Baker;Columbia;Suwannee;Union,3,0d49bb8a2de32628
176859705010854,no_management,no_management,,0,False,,34.0,13,3293.2228398892057,federal;local;private_family;private_industrial;state,Baker;Columbia;Suwannee;Union,3,098a8e15d79d94b4
176859705010854,pine_plantation_long_rotation,clearcut,2027,1,True,planted_pine_regen,34.0,10,2759.2528210768082,private_family;private_industrial;state,Baker;Columbia;Suwannee;Union,3,d44c395c92ce6cf0
176859705010854,pine_plantation_short_rotation,clearcut,2027,1,True,planted_pine_regen,34.0,4,657.8439465418875,private_industrial,Baker;Columbia;Suwannee;Union,3,d44c395c92ce6cf0
176859705010854,public_selection_light,selection_harvest,2032;2042;2052;2062,4,True,,34.0,5,548.6480784715471,federal;local;state,Columbia;Suwannee;Union,3,0a196e362c204fa0
176859705010854,public_thin_restore,thin_from_below_repeated,2027;2042;2057,3,True,,34.0,5,548.6480784715471,federal;local;state,Columbia;Suwannee;Union,3,5d9d3d271d1935c3
176859781010854,family_light_thin,thin_from_below,2032,1,True,,25.0,3,888.022609378552,private_family,Columbia;Suwannee;Union,3,4bf6883d7b758728
176859781010854,family_uneven_aged_selection,selection_harvest,2037;2052;2067,3,True,,25.0,3,888.022609378552,private_family,Columbia;Suwannee;Union,3,437e6f1bf8b6acda
176859781010854,no_management,no_management,,0,False,,25.0,11,1179.5822489716604,federal;local;private_family;private_industrial;state,Columbia;Suwannee;Union,3,8c4247a1b2eb3600
176859781010854,pine_plantation_long_rotation,plantation_rotation,2027;2032,2,True,planted_pine_regen,25.0,8,1150.0037348100407,private_family;private_industrial;state,Columbia;Suwannee;Union,3,520174124a25f405
176859781010854,pine_plantation_short_rotation,clearcut,2027,1,True,planted_pine_regen,25.0,3,198.3762002418403,private_industrial,Columbia;Suwannee;Union,3,e2652cf4beff37eb
176859781010854,public_selection_light,selection_harvest,2032;2042;2052;2062,4,True,,25.0,5,93.18343935126804,federal;local;state,Columbia;Suwannee,3,c3f32be1dbee1e23
176859781010854,public_thin_restore,thin_from_below_repeated,2027;2042;2057,3,True,,25.0,5,93.18343935126804,federal;local;state,Columbia;Suwannee,3,494368879643c310
176859785010854,family_light_thin,thin_from_below,2032,1,True,,86.0,2,1.5567639032431415,private_family,Columbia;Suwannee,3,862d9da7492db367
176859785010854,family_uneven_aged_selection,selection_harvest,2037;2052;2067,3,True,,86.0,2,1.5567639032431415,private_family,Columbia;Suwannee,3,9cb9933e1016f1d1
176859785010854,no_management,no_management,,0,False,,86.0,2,1.5567639032431415,private_family,Columbia;Suwannee,3,de2d0080da97fce6
176859834010854,hardwood_clearcut_regen,clearcut,2027,1,True,hardwood_regen,107.0,1,0.6671845299613464,private_industrial,Baker,3,c2c89bc3ddc3b63a
176859834010854,no_management,no_management,,0,False,,107.0,1,0.6671845299613464,private_industrial,Baker,3,d6f56a21a33aa311
176860041010854,family_light_thin,thin_from_below,2032,1,True,,15.0,1,0.8895793732817951,private_family,Baker,3,aef2ee184720503b
176860041010854,family_uneven_aged_selection,selection_harvest,2037;2052;2067,3,True,,15.0,1,0.8895793732817951,private_family,Baker,3,39d2d07aaf95a55e
176860041010854,hardwood_clearcut_regen,clearcut,2057,1,True,hardwood_regen,15.0,1,0.6671845299613464,private_industrial,Baker,3,7fb9f1a18d9151cc
176860041010854,no_management,no_management,,0,False,,15.0,2,1.5567639032431415,private_family;private_industrial,Baker,3,d63985fb99f63f39
176860080010854,family_light_thin,thin_from_below,2032,1,True,,41.0,3,41.587835700923925,private_family,Columbia;Hamilton;Suwannee,3,56b1134709b11e4c
176860080010854,family_uneven_aged_selection,selection_harvest,2037;2052;2067,3,True,,41.0,3,41.587835700923925,private_family,Columbia;Hamilton;Suwannee,3,55781879b1b8aed6
176860080010854,hardwood_clearcut_regen,clearcut,2032,1,True,hardwood_regen,41.0,2,12.009321539304235,private_industrial,Hamilton;Suwannee,3,cc06bae00b7cbc2e
176860080010854,no_management,no_management,,0,False,,41.0,7,54.2643417701895,local;private_family;private_industrial;state,Columbia;Hamilton;Suwannee,3,92199e292cb171eb
176860080010854,public_selection_light,selection_harvest,2032;2042;2052;2062,4,True,,41.0,2,0.6671845299613464,local;state,Hamilton;Suwannee,3,76fbcd99c2711771
176860080010854,public_thin_restore,thin_from_below_repeated,2027;2042;2057,3,True,,41.0,2,0.6671845299613464,local;state,Hamilton;Suwannee,3,c2ff940a8336b749
176860101010854,family_light_thin,thin_from_below,2032,1,True,,29.0,2,219.94850004392384,private_family,Columbia;Suwannee,3,1a32a7227f5b4954
176860101010854,family_uneven_aged_selection,selection_harvest,2037;2052;2067,3,True,,29.0,2,219.94850004392384,private_family,Columbia;Suwannee,3,9aeb1970bba4e59e
176860101010854,no_management,no_management,,0,False,,29.0,6,264.6498635513341,local;private_family;private_industrial,Columbia;Suwannee,3,cf7b79a2be92fb06
176860101010854,pine_plantation_long_rotation,plantation_rotation,2027;2032,2,True,planted_pine_regen,29.0,4,263.0930996480909,private_family;private_industrial,Columbia;Suwannee,3,d4d2292bd08d5ad5
176860101010854,pine_plantation_short_rotation,clearcut,2027,1,True,planted_pine_regen,29.0,2,43.14459960416707,private_industrial,Columbia;Suwannee,3,6a08efa2fb15c03c
176860101010854,public_selection_light,selection_harvest,2032;2042;2052;2062,4,True,,29.0,2,1.5567639032431415,local,Columbia;Suwannee,3,e8f9e05e8886be4b
176860101010854,public_thin_restore,thin_from_below_repeated,2027;2042;2057,3,True,,29.0,2,1.5567639032431415,local,Columbia;Suwannee,3,a6be528d191c4ac8
176860109010854,family_light_thin,thin_from_below,2032,1,True,,79.0,2,2.001553589884039,private_family,Columbia;Suwannee,3,004997d84f50c40c
176860109010854,family_uneven_aged_selection,selection_harvest,2037;2052;2067,3,True,,79.0,2,2.001553589884039,private_family,Columbia;Suwannee,3,370affecb52ce32e
176860109010854,no_management,no_management,,0,False,,79.0,2,2.001553589884039,private_family,Columbia;Suwannee,3,0ed5b489548284dc
176860221010854,family_light_thin,thin_from_below,2032,1,True,,26.0,5,15.790033875751863,private_family,Baker;Columbia;Hamilton;Suwannee;Union,3,c12470f3f0af7388
176860221010854,family_uneven_aged_selection,selection_harvest,2037;2052;2067,3,True,,26.0,5,15.790033875751863,private_family,Baker;Columbia;Hamilton;Suwannee;Union,3,ac5379b76a951e66
176860221010854,hardwood_clearcut_regen,clearcut,2047,1,True,hardwood_regen,26.0,4,26.687381198453856,private_industrial,Baker;Columbia;Hamilton;Union,3,24cb90e5ae149e44
176860221010854,no_management,no_management,,0,False,,26.0,12,43.589389290807965,federal;local;private_family;private_industrial,Baker;Columbia;Hamilton;Suwannee;Union,3,db21c711ee329c0a
176860221010854,public_selection_light,selection_harvest,2032;2042;2052;2062,4,True,,26.0,3,1.111974216602244,federal;local,Baker;Columbia,3,91cc673825a8ba63
176860221010854,public_thin_restore,thin_from_below_repeated,2027;2042;2057,3,True,,26.0,3,1.111974216602244,federal;local,Baker;Columbia,3,0698bee8c54af24d
176860271010854,family_light_thin,thin_from_below,2032,1,True,,90.0,2,36.69514914787405,private_family,Columbia;Union,3,8c9d80e30a0345ae
176860271010854,family_uneven_aged_selection,selection_harvest,2037;2052;2067,3,True,,90.0,2,36.69514914787405,private_family,Columbia;Union,3,8b859fc841a0962b
176860271010854,hardwood_clearcut_regen,clearcut,2027,1,True,hardwood_regen,90.0,2,7.561424672895258,private_industrial,Columbia;Union,3,a183d6ed143cb622
176860271010854,no_management,no_management,,0,False,,90.0,6,49.81644490378053,local;private_family;private_industrial;state,Columbia;Union,3,565052017584534d
176860271010854,public_selection_light,selection_harvest,2032;2042;2052;2062,4,True,,90.0,2,5.5598710830112195,local;state,Union,3,20056b4bbf480ed0
176860271010854,public_thin_restore,thin_from_below_repeated,2027;2042;2057,3,True,,90.0,2,5.5598710830112195,local;state,Union,3,354b6594d7b48e50
176860391010854,family_light_thin,thin_from_below,2032,1,True,,20.0,1,6.449450456293015,private_family,Baker,3,f3f513be6092b139
176860391010854,family_uneven_aged_selection,selection_harvest,2037;2052;2067,3,True,,20.0,1,6.449450456293015,private_family,Baker,3,b7f66ae350238ccf
176860391010854,hardwood_clearcut_regen,clearcut,2052,1,True,hardwood_regen,20.0,1,7.783819516215708,private_industrial,Baker,3,73e6bea6dea889e6
176860391010854,no_management,no_management,,0,False,,20.0,3,15.567639032431416,local;private_family;private_industrial,Baker,3,5c74961cd2ade0d5
176860391010854,public_selection_light,selection_harvest,2032;2042;2052;2062,4,True,,20.0,1,1.3343690599226927,local,Baker,3,099cf4b4f3f2c31b
176860391010854,public_thin_restore,thin_from_below_repeated,2027;2042;2057,3,True,,20.0,1,1.3343690599226927,local,Baker,3,1621033a937b3b63
176860474010854,family_light_thin,thin_from_below,2032,1,True,,25.0,5,38.02951820779674,private_family,Baker;Columbia;Hamilton;Suwannee;Union,3,d3d10b3b750b341d
176860474010854,family_uneven_aged_selection,selection_harvest,2037;2052;2067,3,True,,25.0,5,38.02951820779674,private_family,Baker;Columbia;Hamilton;Suwannee;Union,3,ec359f0da9a8bb80
176860474010854,hardwood_clearcut_regen,clearcut,2047,1,True,hardwood_regen,25.0,5,14.233269972508722,private_industrial,Baker;Columbia;Hamilton;Suwannee;Union,3,117d3e9041702efc
176860474010854,no_management,no_management,,0,False,,25.0,16,61.82576644308476,federal;local;private_family;private_industrial;state,Baker;Columbia;Hamilton;Suwannee;Union,3,affdf69eac013009
176860474010854,public_selection_light,selection_harvest,2032;2042;2052;2062,4,True,,25.0,6,9.562978262779298,federal;local;state,Baker;Columbia;Union,3,57f4b28e463b26c7
176860474010854,public_thin_restore,thin_from_below_repeated,2027;2042;2057,3,True,,25.0,6,9.562978262779298,federal;local;state,Baker;Columbia;Union,3,af249682e3ef03a9
176860601010854,family_light_thin,thin_from_below,2032,1,True,,30.0,5,72.27832407914586,private_family,Baker;Columbia;Hamilton;Suwannee;Union,3,de8830882403c859
176860601010854,family_uneven_aged_selection,selection_harvest,2037;2052;2067,3,True,,30.0,5,72.27832407914586,private_family,Baker;Columbia;Hamilton;Suwannee;Union,3,b5d977681ff60488
176860601010854,hardwood_clearcut_regen,clearcut,2042,1,True,hardwood_regen,30.0,5,14.010875129188275,private_industrial,Baker;Columbia;Hamilton;Suwannee;Union,3,51ebfabf651e1488
176860601010854,no_management,no_management,,0,False,,30.0,14,93.62822903790894,local;private_family;private_industrial;state,Baker;Columbia;Hamilton;Suwannee;Union,3,34ac92ea050f1001
176860601010854,public_selection_light,selection_harvest,2032;2042;2052;2062,4,True,,30.0,4,7.33902982957481,local;state,Baker;Columbia;Suwannee,3,e1fa04958b608493
176860601010854,public_thin_restore,thin_from_below_repeated,2027;2042;2057,3,True,,30.0,4,7.33902982957481,local;state,Baker;Columbia;Suwannee,3,8b7fd28337b77a10
176860754010854,family_light_thin,thin_from_below,2032,1,True,,26.0,5,5821.407418756067,private_family,Baker;Columbia;Hamilton;Suwannee;Union,3,7dffb7a3ab300eac
176860754010854,family_uneven_aged_selection,selection_harvest,2037;2052;2067,3,True,,26.0,5,5821.407418756067,private_family,Baker;Columbia;Hamilton;Suwannee;Union,3,805a2ca10260a975
176860754010854,hardwood_clearcut_regen,clearcut,2047,1,True,hardwood_regen,26.0,5,1415.7655725779769,private_industrial,Baker;Columbia;Hamilton;Suwannee;Union,3,5b625c75b4cf0ae3
176860754010854,no_management,no_management,,0,False,,26.0,22,7584.776131443906,federal;local;private_family;private_industrial;state,Baker;Columbia;Hamilton;Suwannee;Union,3,d19014fa6bcc536a
176860754010854,public_selection_light,selection_harvest,2032;2042;2052;2062,4,True,,26.0,12,347.60314010986144,federal;local;state,Baker;Columbia;Hamilton;Suwannee;Union,3,ed2e77b324e555a4
176860754010854,public_thin_restore,thin_from_below_repeated,2027;2042;2057,3,True,,26.0,12,347.60314010986144,federal;local;state,Baker;Columbia;Hamilton;Suwannee;Union,3,29b0884982573695
20220154010478,family_light_thin,thin_from_below,2032,1,True,,24.0,3,0.6671845299613464,private_family,Columbia;Suwannee;Union,3,41e9a9deed9ffd2a
20220154010478,family_uneven_aged_selection,selection_harvest,2037;2052;2067,3,True,,24.0,3,0.6671845299613464,private_family,Columbia;Suwannee;Union,3,a34534c3ea837731
20220154010478,hardwood_clearcut_regen,clearcut,2052,1,True,hardwood_regen,24.0,2,0.4447896866408976,private_industrial,Baker;Union,3,aa877ee4db6cb6d4
20220154010478,no_management,no_management,,0,False,,24.0,5,1.111974216602244,private_family;private_industrial,Baker;Columbia;Suwannee;Union,3,648a8f1cf43f0532
20233712010478,family_light_thin,thin_from_below,2032,1,True,,58.0,1,1.3343690599226927,private_family,Suwannee,3,84ad08cd5db38b88
20233712010478,family_uneven_aged_selection,selection_harvest,2037;2052;2067,3,True,,58.0,1,1.3343690599226927,private_family,Suwannee,3,82c4f987ce9b7598
20233712010478,hardwood_clearcut_regen,clearcut,2027,1,True,hardwood_regen,58.0,1,0.2223948433204488,private_industrial,Columbia,3,a57c3653ff2a7267
20233712010478,no_management,no_management,,0,False,,58.0,3,1.7791587465635903,local;private_family;private_industrial,Columbia;Suwannee,3,34d952459f8c3ca6
20233712010478,public_selection_light,selection_harvest,2032;2042;2052;2062,4,True,,58.0,1,0.2223948433204488,local,Suwannee,3,f8b38ab5dfed293c
20233712010478,public_thin_restore,thin_from_below_repeated,2027;2042;2057,3,True,,58.0,1,0.2223948433204488,local,Suwannee,3,c43dbe59f2e639b0
20250670010478,family_light_thin,thin_from_below,2032,1,True,,40.0,1,64.49450456293015,private_family,Suwannee,3,3eaaa15fe9b1b71d
20250670010478,family_uneven_aged_selection,selection_harvest,2037;2052;2067,3,True,,40.0,1,64.49450456293015,private_family,Suwannee,3,b17af9e644c8f3d5
20250670010478,hardwood_clearcut_regen,clearcut,2032,1,True,hardwood_regen,40.0,1,29.13372447497879,private_industrial,Suwannee,3,9dc95bb2a4b9a608
20250670010478,no_management,no_management,,0,False,,40.0,3,93.85062388122938,private_family;private_industrial;state,Suwannee,3,679f5a27f80da84f
20250670010478,public_selection_light,selection_harvest,2032;2042;2052;2062,4,True,,40.0,1,0.2223948433204488,state,Suwannee,3,7defd77273f6d062
20250670010478,public_thin_restore,thin_from_below_repeated,2027;2042;2057,3,True,,40.0,1,0.2223948433204488,state,Suwannee,3,39eb3ccab8bb50f3
20266263010478,family_light_thin,thin_from_below,2032,1,True,,19.0,4,6.227055612972566,private_family,Baker;Columbia;Hamilton;Suwannee,3,db7faf6c1ed0a04e
20266263010478,family_uneven_aged_selection,selection_harvest,2037;2052;2067,3,True,,19.0,4,6.227055612972566,private_family,Baker;Columbia;Hamilton;Suwannee,3,e40c0589a3fe8d5f
20266263010478,no_management,no_management,,0,False,,19.0,5,6.671845299613463,private_family;private_industrial,Baker;Columbia;Hamilton;Suwannee,3,e7881b07ce86c3d6
20266263010478,pine_plantation_long_rotation,plantation_rotation,2027;2042,2,True,planted_pine_regen,19.0,5,6.671845299613463,private_family;private_industrial,Baker;Columbia;Hamilton;Suwannee,3,b701a60b798234f5
20266263010478,pine_plantation_short_rotation,plantation_rotation,2027;2032,2,True,planted_pine_regen,19.0,1,0.4447896866408976,private_industrial,Hamilton,3,59a28a9db0efe925
20266493010478,family_light_thin,thin_from_below,2032,1,True,,75.0,4,860.4456488068164,private_family,Baker;Columbia;Hamilton;Suwannee,3,71a30b808594a427
20266493010478,family_uneven_aged_selection,selection_harvest,2037;2052;2067,3,True,,75.0,4,860.4456488068164,private_family,Baker;Columbia;Hamilton;Suwannee,3,e3a01c183c4ad9d0
20266493010478,hardwood_clearcut_regen,clearcut,2027,1,True,hardwood_regen,75.0,4,640.7195436062129,private_industrial,Baker;Columbia;Hamilton;Suwannee,3,5d569b9e3223eacc
20266493010478,no_management,no_management,,0,False,,75.0,15,1572.5539371188934,federal;local;private_family;private_industrial;state,Baker;Columbia;Hamilton;Suwannee,3,6320ea0968a8fa38
20266493010478,public_selection_light,selection_harvest,2032;2042;2052;2062,4,True,,75.0,7,71.38874470586406,federal;local;state,Columbia;Hamilton;Suwannee,3,b3b7225d787de435
20266493010478,public_thin_restore,thin_from_below_repeated,2027;2042;2057,3,True,,75.0,7,71.38874470586406,federal;local;state,Columbia;Hamilton;Suwannee,3,0b019ceef5538622
20267385010478,family_light_thin,thin_from_below,2032,1,True,,50.0,4,3298.5603161288964,private_family,Baker;Columbia;Suwannee;Union,3,db859b0921c5e74c
20267385010478,family_uneven_aged_selection,selection_harvest,2037;2052;2067,3,True,,50.0,4,3298.5603161288964,private_family,Baker;Columbia;Suwannee;Union,3,a769ac0398522064
20267385010478,hardwood_clearcut_regen,clearcut,2027,1,True,hardwood_regen,50.0,4,626.9310633203452,private_industrial,Baker;Columbia;Suwannee;Union,3,b98c254a4899e807
20267385010478,no_management,no_management,,0,False,,50.0,14,4188.362084254012,federal;local;private_family;private_industrial;state,Baker;Columbia;Suwannee;Union,3,3f780915842032bc
20267385010478,public_selection_light,selection_harvest,2032;2042;2052;2062,4,True,,50.0,6,262.87070480477047,federal;local;state,Baker;Columbia;Union,3,fa7385a2e0ac06a9
20267385010478,public_thin_restore,thin_from_below_repeated,2027;2042;2057,3,True,,50.0,6,262.87070480477047,federal;local;state,Baker;Columbia;Union,3,6f03dae4f9daf9e2
20272447010478,family_light_thin,thin_from_below,2032,1,True,,20.0,4,26.242591511812957,private_family,Baker;Columbia;Suwannee;Union,3,5320ca22a6b7027f
20272447010478,family_uneven_aged_selection,selection_harvest,2037;2052;2067,3,True,,20.0,4,26.242591511812957,private_family,Baker;Columbia;Suwannee;Union,3,7ccbc923910cb5a4
20272447010478,hardwood_clearcut_regen,clearcut,2052,1,True,hardwood_regen,20.0,3,21.349904958763084,private_industrial,Columbia;Suwannee;Union,3,0c4c7577a177accc
20272447010478,no_management,no_management,,0,False,,20.0,8,47.81489131389649,local;private_family;private_industrial,Baker;Columbia;Suwannee;Union,3,7358975718ff669d
20272447010478,public_selection_light,selection_harvest,2032;2042;2052;2062,4,True,,20.0,1,0.2223948433204488,local,Suwannee,3,509ff85076db0e91
20272447010478,public_thin_restore,thin_from_below_repeated,2027;2042;2057,3,True,,20.0,1,0.2223948433204488,local,Suwannee,3,5f32c9623ea6a1d0
20282429010478,family_light_thin,thin_from_below,2032,1,True,,19.0,5,233.06979579983033,private_family,Baker;Columbia;Hamilton;Suwannee;Union,3,f5909e391cb62972
20282429010478,family_uneven_aged_selection,selection_harvest,2037;2052;2067,3,True,,19.0,5,233.06979579983033,private_family,Baker;Columbia;Hamilton;Suwannee;Union,3,c11ca6743a899799
20282429010478,no_management,no_management,,0,False,,19.0,17,315.5782826717168,federal;local;private_family;private_industrial;state,Baker;Columbia;Hamilton;Suwannee;Union,3,51b174602fdabffe
20282429010478,pine_plantation_long_rotation,plantation_rotation,2027;2042,2,True,planted_pine_regen,19.0,13,304.6809353490148,private_family;private_industrial;state,Baker;Columbia;Hamilton;Suwannee;Union,3,0d69f3ddbc9f73e5
20282429010478,pine_plantation_short_rotation,plantation_rotation,2027;2032,2,True,planted_pine_regen,19.0,5,66.49605815281419,private_industrial,Baker;Columbia;Hamilton;Suwannee;Union,3,b097235b79e99ce1
20282429010478,public_selection_light,selection_harvest,2032;2042;2052;2062,4,True,,19.0,7,16.012428719072314,federal;local;state,Columbia;Hamilton;Suwannee;Union,3,9b2deeecaa408adc
20282429010478,public_thin_restore,thin_from_below_repeated,2027;2042;2057,3,True,,19.0,7,16.012428719072314,federal;local;state,Columbia;Hamilton;Suwannee;Union,3,49abd7afb5345f33
20303487010478,family_light_thin,thin_from_below,2032,1,True,,38.0,3,3372.173009267965,private_family,Columbia;Suwannee;Union,3,9ef661606b859efa
20303487010478,family_uneven_aged_selection,selection_harvest,2037;2052;2067,3,True,,38.0,3,3372.173009267965,private_family,Columbia;Suwannee;Union,3,6e9516d9d2bcfea5
20303487010478,no_management,no_management,,0,False,,38.0,9,4265.310700042887,local;private_family;private_industrial;state,Columbia;Suwannee;Union,3,104957e5c9fcfbf3
20303487010478,pine_plantation_long_rotation,clearcut,2027,1,True,planted_pine_regen,38.0,7,4216.161439669068,private_family;private_industrial;state,Columbia;Suwannee;Union,3,3be3261f8dacec91
20303487010478,pine_plantation_short_rotation,clearcut,2027,1,True,planted_pine_regen,38.0,2,748.803437459951,private_industrial,Columbia;Suwannee,3,3be3261f8dacec91
20303487010478,public_selection_light,selection_harvest,2032;2042;2052;2062,4,True,,38.0,4,144.33425331497125,local;state,Columbia;Suwannee,3,5d0a5406bf2323f8
20303487010478,public_thin_restore,thin_from_below_repeated,2027;2042;2057,3,True,,38.0,4,144.33425331497125,local;state,Columbia;Suwannee,3,4482715091d16b41
20304632010478,family_light_thin,thin_from_below,2032,1,True,,53.0,2,1.7791587465635903,private_family,Baker;Union,3,fa815bac296377ba
20304632010478,family_uneven_aged_selection,selection_harvest,2037;2052;2067,3,True,,53.0,2,1.7791587465635903,private_family,Baker;Union,3,3924b0959edb56b9
20304632010478,hardwood_clearcut_regen,clearcut,2027,1,True,hardwood_regen,53.0,2,0.4447896866408976,private_industrial,Baker;Hamilton,3,1bacf1d66383b32d
20304632010478,no_management,no_management,,0,False,,53.0,7,11.564531852663338,federal;local;private_family;private_industrial,Baker;Columbia;Hamilton;Union,3,e0571f6e58b59236
20304632010478,public_selection_light,selection_harvest,2032;2042;2052;2062,4,True,,53.0,3,9.340583419458849,federal;local,Baker;Columbia,3,9361dd8902996d7b
20304632010478,public_thin_restore,thin_from_below_repeated,2027;2042;2057,3,True,,53.0,3,9.340583419458849,federal;local,Baker;Columbia,3,154335f0120efcc2
20305440010478,family_light_thin,thin_from_below,2032,1,True,,39.0,1,0.2223948433204488,private_family,Hamilton,3,82abd116a2a0f8de
20305440010478,family_uneven_aged_selection,selection_harvest,2037;2052;2067,3,True,,39.0,1,0.2223948433204488,private_family,Hamilton,3,68b2b084b69fb30c
20305440010478,no_management,no_management,,0,False,,39.0,1,0.2223948433204488,private_family,Hamilton,3,2a33d5664de3b6f9
20306534010478,family_light_thin,thin_from_below,2032,1,True,,61.0,1,26.02019666849251,private_family,Suwannee,3,495462de1a267bee
20306534010478,family_uneven_aged_selection,selection_harvest,2037;2052;2067,3,True,,61.0,1,26.02019666849251,private_family,Suwannee,3,2a1887d652c1f75d
20306534010478,no_management,no_management,,0,False,,61.0,3,30.02330384826059,local;private_family;private_industrial,Suwannee,3,658559dce629fef1
20306534010478,pine_plantation_long_rotation,clearcut,2027,1,True,planted_pine_regen,61.0,2,29.57851416161969,private_family;private_industrial,Suwannee,3,8f55b6e2a39a7024
20306534010478,pine_plantation_short_rotation,clearcut,2027,1,True,planted_pine_regen,61.0,1,3.5583174931271806,private_industrial,Suwannee,3,8f55b6e2a39a7024
20306534010478,public_selection_light,selection_harvest,2032;2042;2052;2062,4,True,,61.0,1,0.4447896866408976,local,Suwannee,3,0570390ab10c322b
20306534010478,public_thin_restore,thin_from_below_repeated,2027;2042;2057,3,True,,61.0,1,0.4447896866408976,local,Suwannee,3,39da89e6e6f5c6ba
20322920010478,family_light_thin,thin_from_below,2032,1,True,,22.0,3,731.4566396809561,private_family,Columbia;Hamilton;Suwannee,3,5e89f1dc588429d3
20322920010478,family_uneven_aged_selection,selection_harvest,2037;2052;2067,3,True,,22.0,3,731.4566396809561,private_family,Columbia;Hamilton;Suwannee,3,5a1499483f4e8e9e
20322920010478,no_management,no_management,,0,False,,22.0,11,1133.5465164043273,federal;local;private_family;private_industrial,Columbia;Hamilton;Suwannee,3,cde2562259d5f810
20322920010478,pine_plantation_long_rotation,plantation_rotation,2027;2037,2,True,planted_pine_regen,22.0,6,1115.5325340953711,private_family;private_industrial,Columbia;Hamilton;Suwannee,3,7b417a2a58338074
20322920010478,pine_plantation_short_rotation,clearcut,2027,1,True,planted_pine_regen,22.0,3,384.0758944144151,private_industrial,Columbia;Hamilton;Suwannee,3,4eb1a4dacaac4de4
20322920010478,public_selection_light,selection_harvest,2032;2042;2052;2062,4,True,,22.0,5,18.01398230895635,federal;local,Columbia;Hamilton;Suwannee,3,2ee8f8625ef828c9
20322920010478,public_thin_restore,thin_from_below_repeated,2027;2042;2057,3,True,,22.0,5,18.01398230895635,federal;local,Columbia;Hamilton;Suwannee,3,aa398c57f8b69622
20329200010478,family_light_thin,thin_from_below,2032,1,True,,69.0,2,2.6687381198453854,private_family,Columbia;Suwannee,3,9ec7ce9d6d9d4b6d
20329200010478,family_uneven_aged_selection,selection_harvest,2037;2052;2067,3,True,,69.0,2,2.6687381198453854,private_family,Columbia;Suwannee,3,c3767a2fc58597cf
20329200010478,hardwood_clearcut_regen,clearcut,2027,1,True,hardwood_regen,69.0,2,6.449450456293015,private_industrial,Columbia;Suwannee,3,954d2f61568340e2
20329200010478,no_management,no_management,,0,False,,69.0,4,9.118188576138401,private_family;private_industrial,Columbia;Suwannee,3,1e31875c70649b48
20331288010478,family_light_thin,thin_from_below,2032,1,True,,36.0,4,250.6389884221458,private_family,Columbia;Hamilton;Suwannee;Union,3,7b9ddd4ff1ffb517
20331288010478,family_uneven_aged_selection,selection_harvest,2037;2052;2067,3,True,,36.0,4,250.6389884221458,private_family,Columbia;Hamilton;Suwannee;Union,3,54cf502ed732ea38
20331288010478,no_management,no_management,,0,False,,36.0,9,285.3325839801358,federal;local;private_family;private_industrial,Columbia;Hamilton;Suwannee;Union,3,969e274736b8d45d
20331288010478,pine_plantation_long_rotation,clearcut,2027,1,True,planted_pine_regen,36.0,7,278.8831335238428,private_family;private_industrial,Columbia;Hamilton;Suwannee;Union,3,ba020df0802af742
20331288010478,pine_plantation_short_rotation,clearcut,2027,1,True,planted_pine_regen,36.0,3,28.244145101696994,private_industrial,Columbia;Suwannee;Union,3,ba020df0802af742
20331288010478,public_selection_light,selection_harvest,2032;2042;2052;2062,4,True,,36.0,2,6.449450456293015,federal;local,Columbia,3,b29e25c1db28616e
20331288010478,public_thin_restore,thin_from_below_repeated,2027;2042;2057,3,True,,36.0,2,6.449450456293015,federal;local,Columbia,3,24f54961e0ea26f1
20333235010478,family_light_thin,thin_from_below,2032,1,True,,41.0,2,6.449450456293015,private_family,Columbia;Hamilton,3,2e4fc821b85f1510
20333235010478,family_uneven_aged_selection,selection_harvest,2037;2052;2067,3,True,,41.0,2,6.449450456293015,private_family,Columbia;Hamilton,3,62cdd20e40d77944
20333235010478,no_management,no_management,,0,False,,41.0,5,21.349904958763084,federal;local;private_family;private_industrial,Columbia;Hamilton,3,374fa369f254f9c3
20333235010478,pine_plantation_long_rotation,clearcut,2027,1,True,planted_pine_regen,41.0,3,15.790033875751863,private_family;private_industrial,Columbia;Hamilton,3,72da4aa98eb09d29
20333235010478,pine_plantation_short_rotation,clearcut,2027,1,True,planted_pine_regen,41.0,1,9.340583419458849,private_industrial,Columbia,3,72da4aa98eb09d29
20333235010478,public_selection_light,selection_harvest,2032;2042;2052;2062,4,True,,41.0,2,5.55987108301122,federal;local,Columbia,3,314cf680a6e2c9d6
20333235010478,public_thin_restore,thin_from_below_repeated,2027;2042;2057,3,True,,41.0,2,5.55987108301122,federal;local,Columbia,3,c7ff1fb00bde2757
20336120010478,family_light_thin,thin_from_below,2032,1,True,,75.0,5,2074.9438881797873,private_family,Baker;Columbia;Hamilton;Suwannee;Union,3,2565b00e53fd8d31
20336120010478,family_uneven_aged_selection,selection_harvest,2037;2052;2067,3,True,,75.0,5,2074.9438881797873,private_family,Baker;Columbia;Hamilton;Suwannee;Union,3,cf29c8e0d127d2dc
20336120010478,hardwood_clearcut_regen,clearcut,2027,1,True,hardwood_regen,75.0,5,654.9528135787217,private_industrial,Baker;Columbia;Hamilton;Suwannee;Union,3,e9a44153dc63c5d5
20336120010478,no_management,no_management,,0,False,,75.0,19,2851.769075898115,federal;local;private_family;private_industrial;state,Baker;Columbia;Hamilton;Suwannee;Union,3,7214f74c70956953
20336120010478,public_selection_light,selection_harvest,2032;2042;2052;2062,4,True,,75.0,9,121.87237413960594,federal;local;state,Baker;Columbia;Hamilton;Suwannee;Union,3,ac485e7365ead2c6
20336120010478,public_thin_restore,thin_from_below_repeated,2027;2042;2057,3,True,,75.0,9,121.87237413960594,federal;local;state,Baker;Columbia;Hamilton;Suwannee;Union,3,42f91eeffc9ab948
20342943010478,family_light_thin,thin_from_below,2032,1,True,,86.0,3,8.895793732817951,private_family,Baker;Columbia;Hamilton,3,acc2069e30e1de28
20342943010478,family_uneven_aged_selection,selection_harvest,2037;2052;2067,3,True,,86.0,3,8.895793732817951,private_family,Baker;Columbia;Hamilton,3,ee2e87b0db3428bb
20342943010478,no_management,no_management,,0,False,,86.0,9,43.58938929080796,federal;local;private_family;private_industrial,Baker;Columbia;Hamilton,3,43482304ab449fb6
20342943010478,pine_plantation_long_rotation,clearcut,2027,1,True,planted_pine_regen,86.0,6,30.690488378221932,private_family;private_industrial,Baker;Columbia;Hamilton,3,2ccd351cb7eaa5d2
20342943010478,pine_plantation_short_rotation,clearcut,2027,1,True,planted_pine_regen,86.0,3,21.79469464540398,private_industrial,Baker;Columbia;Hamilton,3,2ccd351cb7eaa5d2
20342943010478,public_selection_light,selection_harvest,2032;2042;2052;2062,4,True,,86.0,3,12.89890091258603,federal;local,Baker;Columbia,3,c21d38aceec6be31
20342943010478,public_thin_restore,thin_from_below_repeated,2027;2042;2057,3,True,,86.0,3,12.89890091258603,federal;local,Baker;Columbia,3,b1403654da5f39ba
20342987010478,family_light_thin,thin_from_below,2032,1,True,,96.0,4,9123.52605237809,private_family,Baker;Columbia;Hamilton;Union,3,df9d484a965ff8c9
20342987010478,family_uneven_aged_selection,selection_harvest,2037;2052;2067,3,True,,96.0,4,9123.52605237809,private_family,Baker;Columbia;Hamilton;Union,3,91c4f1401eaf0418
20342987010478,no_management,no_management,,0,False,,96.0,13,29906.76895036067,federal;local;private_family;private_industrial;state,Baker;Columbia;Hamilton;Union,3,d3b1dff4aaffbca4
20342987010478,pine_plantation_long_rotation,clearcut,2027,1,True,planted_pine_regen,96.0,10,9814.729225418045,private_family;private_industrial;state,Baker;Columbia;Hamilton;Union,3,887b6ea42ef1bf34
20342987010478,pine_plantation_short_rotation,clearcut,2027,1,True,planted_pine_regen,96.0,3,684.9761174269822,private_industrial,Baker;Columbia;Hamilton,3,887b6ea42ef1bf34
20342987010478,public_selection_light,selection_harvest,2032;2042;2052;2062,4,True,,96.0,6,20098.266780555598,federal;local;state,Baker;Columbia;Hamilton,3,18ba19d7d2386833
20342987010478,public_thin_restore,thin_from_below_repeated,2027;2042;2057,3,True,,96.0,6,20098.266780555598,federal;local;state,Baker;Columbia;Hamilton,3,e5033c59e96c3106
20345516010478,family_light_thin,thin_from_below,2032,1,True,,40.0,1,0.6671845299613464,private_family,Baker,3,0e83a78d29f598e6
20345516010478,family_uneven_aged_selection,selection_harvest,2037;2052;2067,3,True,,40.0,1,0.6671845299613464,private_family,Baker,3,8bed1493e9ee3e24
20345516010478,hardwood_clearcut_regen,clearcut,2032,1,True,hardwood_regen,40.0,1,0.2223948433204488,private_industrial,Columbia,3,ba0c55f2036573de
20345516010478,no_management,no_management,,0,False,,40.0,3,1.3343690599226927,local;private_family;private_industrial,Baker;Columbia,3,c1e8d5cc34ed6d35
20345516010478,public_selection_light,selection_harvest,2032;2042;2052;2062,4,True,,40.0,1,0.4447896866408976,local,Baker,3,30736679ac765a4b
20345516010478,public_thin_restore,thin_from_below_repeated,2027;2042;2057,3,True,,40.0,1,0.4447896866408976,local,Baker,3,ecb1add9d70c815e
216102308010854,family_light_thin,thin_from_below,2032,1,True,,79.0,1,32.24725228146507,private_family,Hamilton,3,19690e79ef64972c
216102308010854,family_uneven_aged_selection,selection_harvest,2037;2052;2067,3,True,,79.0,1,32.24725228146507,private_family,Hamilton,3,aca91a1bdb50c7f8
216102308010854,no_management,no_management,,0,False,,79.0,2,33.80401618470822,private_family;private_industrial,Hamilton,3,a6a981c34a712d96
216102308010854,pine_plantation_long_rotation,clearcut,2027,1,True,planted_pine_regen,79.0,2,33.80401618470822,private_family;private_industrial,Hamilton,3,edf5d8bb5f9dcb91
216102308010854,pine_plantation_short_rotation,clearcut,2027,1,True,planted_pine_regen,79.0,1,1.5567639032431415,private_industrial,Hamilton,3,edf5d8bb5f9dcb91
217594399020004,family_light_thin,thin_from_below,2032,1,True,,10.0,1,0.2223948433204488,private_family,Hamilton,3,8338339e2c1577c1
217594399020004,family_uneven_aged_selection,selection_harvest,2037;2052;2067,3,True,,10.0,1,0.2223948433204488,private_family,Hamilton,3,6dadba69ab727749
217594399020004,hardwood_clearcut_regen,clearcut,2062,1,True,hardwood_regen,10.0,1,0.2223948433204488,private_industrial,Columbia,3,9fb6c6814a1eb720
217594399020004,no_management,no_management,,0,False,,10.0,2,0.4447896866408976,private_family;private_industrial,Columbia;Hamilton,3,ff2144e479baa75f
218218104020004,family_light_thin,thin_from_below,2032,1,True,,25.0,2,4.892686553049874,private_family,Hamilton;Suwannee,3,a8492738d6197dd0
218218104020004,family_uneven_aged_selection,selection_harvest,2037;2052;2067,3,True,,25.0,2,4.892686553049874,private_family,Hamilton;Suwannee,3,ec95a47e41da7f5c
218218104020004,no_management,no_management,,0,False,,25.0,4,6.894240142933913,local;private_family;private_industrial,Hamilton;Suwannee,3,a06f4306d0de2c30
218218104020004,pine_plantation_long_rotation,plantation_rotation,2027;2032,2,True,planted_pine_regen,25.0,3,6.449450456293015,private_family;private_industrial,Hamilton;Suwannee,3,daaa0c4a25ad1048
218218104020004,pine_plantation_short_rotation,clearcut,2027,1,True,planted_pine_regen,25.0,1,1.5567639032431415,private_industrial,Suwannee,3,612a70442604ebac
218218104020004,public_selection_light,selection_harvest,2032;2042;2052;2062,4,True,,25.0,1,0.4447896866408976,local,Suwannee,3,2d5d57c169856e60
218218104020004,public_thin_restore,thin_from_below_repeated,2027;2042;2057,3,True,,25.0,1,0.4447896866408976,local,Suwannee,3,2e7e28fc6874ecc4
218218121020004,family_light_thin,thin_from_below,2032,1,True,,47.0,1,0.2223948433204488,private_family,Hamilton,3,65fe5b295cff6e78
218218121020004,family_uneven_aged_selection,selection_harvest,2037;2052;2067,3,True,,47.0,1,0.2223948433204488,private_family,Hamilton,3,eb4cb69c23f933a3
218218121020004,no_management,no_management,,0,False,,47.0,1,0.2223948433204488,private_family,Hamilton,3,c546473512cb10a6
218218211020004,family_light_thin,thin_from_below,2032,1,True,,75.0,2,64.27210971960969,private_family,Baker;Union,3,ea0a22a12fc18503
218218211020004,family_uneven_aged_selection,selection_harvest,2037;2052;2067,3,True,,75.0,2,64.27210971960969,private_family,Baker;Union,3,b7a0bcd1dbee2c1c
218218211020004,hardwood_clearcut_regen,clearcut,2027,1,True,hardwood_regen,75.0,2,10.007767949420195,private_industrial,Baker;Union,3,cf70b2b54ad82481
218218211020004,no_management,no_management,,0,False,,75.0,5,80.284538438682,local;private_family;private_industrial,Baker;Union,3,dc1fe4198c768285
218218211020004,public_selection_light,selection_harvest,2032;2042;2052;2062,4,True,,75.0,1,6.0046607696521175,local,Baker,3,8caac0580c8f63de
218218211020004,public_thin_restore,thin_from_below_repeated,2027;2042;2057,3,True,,75.0,1,6.0046607696521175,local,Baker,3,f5c6d950631d92da
218218383020004,hardwood_clearcut_regen,clearcut,2027,1,True,hardwood_regen,60.0,1,1.111974216602244,private_industrial,Baker,3,4fece9d64afb1429
218218383020004,no_management,no_management,,0,False,,60.0,1,1.111974216602244,private_industrial,Baker,3,5a10a6a05e43211f
218218426020004,family_light_thin,thin_from_below,2032,1,True,,75.0,5,2690.310419647469,private_family,Baker;Columbia;Hamilton;Suwannee;Union,3,09dd1be256c9eb0b
218218426020004,family_uneven_aged_selection,selection_harvest,2037;2052;2067,3,True,,75.0,5,2690.310419647469,private_family,Baker;Columbia;Hamilton;Suwannee;Union,3,fe65e763d8a69048
218218426020004,hardwood_clearcut_regen,clearcut,2027,1,True,hardwood_regen,75.0,5,826.4192377787876,private_industrial,Baker;Columbia;Hamilton;Suwannee;Union,3,10a520dbe49a6bcf
218218426020004,no_management,no_management,,0,False,,75.0,20,3690.642424902848,federal;local;private_family;private_industrial;state,Baker;Columbia;Hamilton;Suwannee;Union,3,5741f579db178e75
218218426020004,public_selection_light,selection_harvest,2032;2042;2052;2062,4,True,,75.0,10,173.91276747659094,federal;local;state,Baker;Columbia;Hamilton;Suwannee,3,13b2c2002947a6c7
218218426020004,public_thin_restore,thin_from_below_repeated,2027;2042;2057,3,True,,75.0,10,173.91276747659094,federal;local;state,Baker;Columbia;Hamilton;Suwannee,3,1ac69b8910cfbbf7
218218532020004,family_light_thin,thin_from_below,2032,1,True,,23.0,1,142.99988425504856,private_family,Union,3,44f6373d51ea4090
218218532020004,family_uneven_aged_selection,selection_harvest,2037;2052;2067,3,True,,23.0,1,142.99988425504856,private_family,Union,3,794bfff838a4f8b5
218218532020004,no_management,no_management,,0,False,,23.0,4,157.67794391419818,local;private_family;private_industrial;state,Union,3,93ed8cd728b8beed
218218532020004,pine_plantation_long_rotation,plantation_rotation,2027;2037,2,True,planted_pine_regen,23.0,3,156.56596969759593,private_family;private_industrial;state,Union,3,b7f5f86180ffdaba
218218532020004,pine_plantation_short_rotation,clearcut,2027,1,True,planted_pine_regen,23.0,1,13.343690599226928,private_industrial,Union,3,d7b89cc4493177a6
218218532020004,public_selection_light,selection_harvest,2032;2042;2052;2062,4,True,,23.0,2,1.3343690599226927,local;state,Union,3,da5a51774db213ac
218218532020004,public_thin_restore,thin_from_below_repeated,2027;2042;2057,3,True,,23.0,2,1.3343690599226927,local;state,Union,3,1b2e5f73f547e816
218218630020004,family_light_thin,thin_from_below,2032,1,True,,11.0,2,108.528683540379,private_family,Columbia;Hamilton,3,56ec50a6e4c1dc0d
218218630020004,family_uneven_aged_selection,selection_harvest,2037;2052;2067,3,True,,11.0,2,108.528683540379,private_family,Columbia;Hamilton,3,cb147eb50b5c79b5
218218630020004,hardwood_clearcut_regen,clearcut,2062,1,True,hardwood_regen,11.0,2,50.261234590421424,private_industrial,Columbia;Hamilton,3,9789809341d17ee9
218218630020004,no_management,no_management,,0,False,,11.0,5,159.23470781744135,local;private_family;private_industrial,Columbia;Hamilton,3,114cde530fb2c117
218218630020004,public_selection_light,selection_harvest,2032;2042;2052;2062,4,True,,11.0,1,0.4447896866408976,local,Columbia,3,05eae13dc2115490
218218630020004,public_thin_restore,thin_from_below_repeated,2027;2042;2057,3,True,,11.0,1,0.4447896866408976,local,Columbia,3,72df9e075ca3dd55
218218672020004,family_light_thin,thin_from_below,2032,1,True,,42.0,4,3155.560431873848,private_family,Baker;Columbia;Suwannee;Union,3,063015ad34f415c0
218218672020004,family_uneven_aged_selection,selection_harvest,2037;2052;2067,3,True,,42.0,4,3155.560431873848,private_family,Baker;Columbia;Suwannee;Union,3,087419e58a2e0507
218218672020004,no_management,no_management,,0,False,,42.0,16,4672.070868475988,federal;local;private_family;private_industrial;state,Baker;Columbia;Suwannee;Union,3,8f6fd765159cf4f1
218218672020004,pine_plantation_long_rotation,clearcut,2027,1,True,planted_pine_regen,42.0,11,4201.928169696559,private_family;private_industrial;state,Baker;Columbia;Suwannee;Union,3,5a26dce83278f3b2
218218672020004,pine_plantation_short_rotation,clearcut,2027,1,True,planted_pine_regen,42.0,4,1030.8000987902801,private_industrial,Baker;Columbia;Suwannee;Union,3,5a26dce83278f3b2
218218672020004,public_selection_light,selection_harvest,2032;2042;2052;2062,4,True,,42.0,8,485.71033781186014,federal;local;state,Baker;Columbia;Suwannee,3,c5304c53125a1f69
218218672020004,public_thin_restore,thin_from_below_repeated,2027;2042;2057,3,True,,42.0,8,485.71033781186014,federal;local;state,Baker;Columbia;Suwannee,3,38dd1fc44685206f
218218851020004,family_light_thin,thin_from_below,2032,1,True,,17.0,5,21.57229980208353,private_family,Baker;Columbia;Hamilton;Suwannee;Union,3,35069bc2eb005846
218218851020004,family_uneven_aged_selection,selection_harvest,2037;2052;2067,3,True,,17.0,5,21.57229980208353,private_family,Baker;Columbia;Hamilton;Suwannee;Union,3,7f8c209be8f418b2
218218851020004,hardwood_clearcut_regen,clearcut,2057,1,True,hardwood_regen,17.0,4,17.791587465635903,private_industrial,Columbia;Hamilton;Suwannee;Union,3,cb2ca05a5c191f87
218218851020004,no_management,no_management,,0,False,,17.0,12,40.92065117096258,federal;local;private_family;private_industrial;state,Baker;Columbia;Hamilton;Suwannee;Union,3,71635abc719e915d
218218851020004,public_selection_light,selection_harvest,2032;2042;2052;2062,4,True,,17.0,3,1.5567639032431415,federal;local;state,Columbia,3,512f35227ae01551
218218851020004,public_thin_restore,thin_from_below_repeated,2027;2042;2057,3,True,,17.0,3,1.5567639032431415,federal;local;state,Columbia,3,55255e921fae42d8
218219125020004,family_light_thin,thin_from_below,2032,1,True,,32.0,4,1091.7362858600832,private_family,Baker;Columbia;Hamilton;Suwannee,3,531a117eaad96e6a
218219125020004,family_uneven_aged_selection,selection_harvest,2037;2052;2067,3,True,,32.0,4,1091.7362858600832,private_family,Baker;Columbia;Hamilton;Suwannee,3,1d2734bac8ca6915
218219125020004,no_management,no_management,,0,False,,32.0,12,2163.012246134685,federal;local;private_family;private_industrial;state,Baker;Columbia;Hamilton;Suwannee,3,89e03b56bdd4d865
218219125020004,pine_plantation_long_rotation,clearcut,2027,1,True,planted_pine_regen,32.0,9,1268.7625811431603,private_family;private_industrial;state,Baker;Columbia;Hamilton;Suwannee,3,47326d3591a1f457
218219125020004,pine_plantation_short_rotation,clearcut,2027,1,True,planted_pine_regen,32.0,3,122.98434835620819,private_industrial,Baker;Columbia;Hamilton,3,47326d3591a1f457
218219125020004,public_selection_light,selection_harvest,2032;2042;2052;2062,4,True,,32.0,5,948.2916119183936,federal;local;state,Baker;Columbia;Hamilton,3,95679202a004d5ff
218219125020004,public_thin_restore,thin_from_below_repeated,2027;2042;2057,3,True,,32.0,5,948.2916119183936,federal;local;state,Baker;Columbia;Hamilton,3,4eddaccc558bc6c8
218219353020004,family_light_thin,thin_from_below,2032,1,True,,55.0,3,8.451004046177054,private_family,Baker;Columbia;Union,3,9d825fbfd337ecf7
218219353020004,family_uneven_aged_selection,selection_harvest,2037;2052;2067,3,True,,55.0,3,8.451004046177054,private_family,Baker;Columbia;Union,3,b0cdbe92768dd436
218219353020004,no_management,no_management,,0,False,,55.0,5,10.230162792740645,local;private_family;private_industrial,Baker;Columbia;Union,3,140571fae3245ba5
218219353020004,pine_plantation_long_rotation,clearcut,2027,1,True,planted_pine_regen,55.0,4,10.007767949420195,private_family;private_industrial,Baker;Columbia;Union,3,9c84ffa27eb2e314
218219353020004,pine_plantation_short_rotation,clearcut,2027,1,True,planted_pine_regen,55.0,1,1.5567639032431415,private_industrial,Union,3,9c84ffa27eb2e314
218219353020004,public_selection_light,selection_harvest,2032;2042;2052;2062,4,True,,55.0,1,0.2223948433204488,local,Baker,3,8b8ab535b5e54ab9
218219353020004,public_thin_restore,thin_from_below_repeated,2027;2042;2057,3,True,,55.0,1,0.2223948433204488,local,Baker,3,afce73b16ea4a93c
218219354020004,family_light_thin,thin_from_below,2032,1,True,,60.0,3,148.33736049473933,private_family,Baker;Columbia;Union,3,7f84b9838840c0df
218219354020004,family_uneven_aged_selection,selection_harvest,2037;2052;2067,3,True,,60.0,3,148.33736049473933,private_family,Baker;Columbia;Union,3,ce4afc5ac61dda4c
218219354020004,no_management,no_management,,0,False,,60.0,9,217.94694645403982,local;private_family;private_industrial;state,Baker;Columbia;Union,3,a83cd8721ddb9252
218219354020004,pine_plantation_long_rotation,clearcut,2027,1,True,planted_pine_regen,60.0,8,214.83341864755354,private_family;private_industrial;state,Baker;Columbia;Union,3,4eee4e0d65ef2b0f
218219354020004,pine_plantation_short_rotation,clearcut,2027,1,True,planted_pine_regen,60.0,3,55.598710830112196,private_industrial,Baker;Columbia;Union,3,4eee4e0d65ef2b0f
218219354020004,public_selection_light,selection_harvest,2032;2042;2052;2062,4,True,,60.0,3,14.010875129188273,local;state,Baker;Union,3,8fb10726ba314547
218219354020004,public_thin_restore,thin_from_below_repeated,2027;2042;2057,3,True,,60.0,3,14.010875129188273,local;state,Baker;Union,3,b4e118ef294768db
218219380020004,hardwood_clearcut_regen,clearcut,2027,1,True,hardwood_regen,55.0,1,0.2223948433204488,private_industrial,Columbia,3,132ae1b1a093e625
218219380020004,no_management,no_management,,0,False,,55.0,2,0.4447896866408976,local;private_industrial,Columbia,3,6f40585b6407c654
218219380020004,public_selection_light,selection_harvest,2032;2042;2052;2062,4,True,,55.0,1,0.2223948433204488,local,Columbia,3,b7f81ba83c0921c5
218219380020004,public_thin_restore,thin_from_below_repeated,2027;2042;2057,3,True,,55.0,1,0.2223948433204488,local,Columbia,3,ebec2ed22962d9f1
218219393020004,no_management,no_management,,0,False,,60.0,3,29.578514161619687,federal;private_industrial,Baker;Columbia;Hamilton,3,336b0e43be579542
218219393020004,pine_plantation_long_rotation,clearcut,2027,1,True,planted_pine_regen,60.0,1,3.5583174931271806,private_industrial,Hamilton,3,b3f56a1d505a347e
218219393020004,pine_plantation_short_rotation,clearcut,2027,1,True,planted_pine_regen,60.0,1,3.5583174931271806,private_industrial,Hamilton,3,b3f56a1d505a347e
218219393020004,public_selection_light,selection_harvest,2032;2042;2052;2062,4,True,,60.0,2,26.020196668492506,federal,Baker;Columbia,3,7a70a3169e24413f
218219393020004,public_thin_restore,thin_from_below_repeated,2027;2042;2057,3,True,,60.0,2,26.020196668492506,federal,Baker;Columbia,3,6997a55a34d56990
236497029010854,family_light_thin,thin_from_below,2032,1,True,,29.0,1,76.50382610223438,private_family,Hamilton,3,e0a5b0fbe6c6c934
236497029010854,family_uneven_aged_selection,selection_harvest,2037;2052;2067,3,True,,29.0,1,76.50382610223438,private_family,Hamilton,3,9b3058a0c14e428c
236497029010854,no_management,no_management,,0,False,,29.0,2,94.74020325451119,private_family;private_industrial,Hamilton,3,71ad6088bb76b82a
236497029010854,pine_plantation_long_rotation,plantation_rotation,2027;2032,2,True,planted_pine_regen,29.0,2,94.74020325451119,private_family;private_industrial,Hamilton,3,9289a1beebefe1aa
236497029010854,pine_plantation_short_rotation,clearcut,2027,1,True,planted_pine_regen,29.0,1,18.236377152276802,private_industrial,Hamilton,3,b737613ff7e8f26e
236497171010854,family_light_thin,thin_from_below,2032,1,True,,59.0,1,91.40428060470445,private_family,Hamilton,3,458f4223f45896c3
236497171010854,family_uneven_aged_selection,selection_harvest,2037;2052;2067,3,True,,59.0,1,91.40428060470445,private_family,Hamilton,3,2aacc3a35e330455
236497171010854,no_management,no_management,,0,False,,59.0,2,144.55664815829172,private_family;private_industrial,Hamilton,3,01d69694147fd019
236497171010854,pine_plantation_long_rotation,clearcut,2027,1,True,planted_pine_regen,59.0,2,144.55664815829172,private_family;private_industrial,Hamilton,3,07ab984c2133ec44
236497171010854,pine_plantation_short_rotation,clearcut,2027,1,True,planted_pine_regen,59.0,1,53.15236755358726,private_industrial,Hamilton,3,07ab984c2133ec44
236497417010854,family_light_thin,thin_from_below,2032,1,True,,34.0,1,0.2223948433204488,private_family,Hamilton,3,ea369d88145f5fac
236497417010854,family_uneven_aged_selection,selection_harvest,2037;2052;2067,3,True,,34.0,1,0.2223948433204488,private_family,Hamilton,3,77845b294d7c821c
236497417010854,no_management,no_management,,0,False,,34.0,1,0.2223948433204488,private_family,Hamilton,3,681758ba87d216be
236497515010854,family_light_thin,thin_from_below,2032,1,True,,14.0,4,49.81644490378053,private_family,Baker;Hamilton;Suwannee;Union,3,acdc404785f58aea
236497515010854,family_uneven_aged_selection,selection_harvest,2037;2052;2067,3,True,,14.0,4,49.81644490378053,private_family,Baker;Hamilton;Suwannee;Union,3,8b2f9b3c1af39e3b
236497515010854,hardwood_clearcut_regen,clearcut,2062,1,True,hardwood_regen,14.0,5,12.454111225945132,private_industrial,Baker;Columbia;Hamilton;Suwannee;Union,3,7643c3fe07e44b54
236497515010854,no_management,no_management,,0,False,,14.0,12,64.2721097196097,local;private_family;private_industrial;state,Baker;Columbia;Hamilton;Suwannee;Union,3,dea6f049d3f77b14
236497515010854,public_selection_light,selection_harvest,2032;2042;2052;2062,4,True,,14.0,3,2.001553589884039,local;state,Baker;Hamilton,3,56fa7d255802c64f
236497515010854,public_thin_restore,thin_from_below_repeated,2027;2042;2057,3,True,,14.0,3,2.001553589884039,local;state,Baker;Hamilton,3,a0fd557deea02699
236497707010854,family_light_thin,thin_from_below,2032,1,True,,49.0,4,2977.644557217489,private_family,Baker;Columbia;Hamilton;Suwannee,3,8d9a205f4251a442
236497707010854,family_uneven_aged_selection,selection_harvest,2037;2052;2067,3,True,,49.0,4,2977.644557217489,private_family,Baker;Columbia;Hamilton;Suwannee,3,a4ba98013bd8b314
236497707010854,hardwood_clearcut_regen,clearcut,2027,1,True,hardwood_regen,49.0,4,1150.670919340002,private_industrial,Baker;Columbia;Hamilton;Suwannee,3,019788499af3e5a8
236497707010854,no_management,no_management,,0,False,,49.0,18,4657.170413973518,federal;local;private_family;private_industrial;state,Baker;Columbia;Hamilton;Suwannee,3,4ec43a39102d1e49
236497707010854,public_selection_light,selection_harvest,2032;2042;2052;2062,4,True,,49.0,10,528.8549374160273,federal;local;state,Baker;Columbia;Hamilton;Suwannee,3,8aa58f4011f34ca3
236497707010854,public_thin_restore,thin_from_below_repeated,2027;2042;2057,3,True,,49.0,10,528.8549374160273,federal;local;state,Baker;Columbia;Hamilton;Suwannee,3,ab8758ca468646d2
249673568010854,family_light_thin,thin_from_below,2032,1,True,,38.0,1,43.366994447487514,private_family,Baker,3,7726b6cf51ce2958
249673568010854,family_uneven_aged_selection,selection_harvest,2037;2052;2067,3,True,,38.0,1,43.366994447487514,private_family,Baker,3,fe4b395d49c7bf51
249673568010854,no_management,no_management,,0,False,,38.0,3,105.41515573389273,local;private_family;private_industrial,Baker,3,7fe14dcc7635bb40
249673568010854,pine_plantation_long_rotation,clearcut,2027,1,True,planted_pine_regen,38.0,2,67.83042721273688,private_family;private_industrial,Baker,3,0c877039eb84121a
249673568010854,pine_plantation_short_rotation,clearcut,2027,1,True,planted_pine_regen,38.0,1,24.463432765249365,private_industrial,Baker,3,0c877039eb84121a
249673568010854,public_selection_light,selection_harvest,2032;2042;2052;2062,4,True,,38.0,1,37.584728521155846,local,Baker,3,6d6b519829b31666
249673568010854,public_thin_restore,thin_from_below_repeated,2027;2042;2057,3,True,,38.0,1,37.584728521155846,local,Baker,3,51144048257957ba
249673610010854,family_light_thin,thin_from_below,2032,1,True,,26.0,4,195.26267243535403,private_family,Columbia;Hamilton;Suwannee;Union,3,f67335572d3224c5
249673610010854,family_uneven_aged_selection,selection_harvest,2037;2052;2067,3,True,,26.0,4,195.26267243535403,private_family,Columbia;Hamilton;Suwannee;Union,3,57ee3e49991aa276
249673610010854,no_management,no_management,,0,False,,26.0,11,306.237699252258,local;private_family;private_industrial;state,Baker;Columbia;Hamilton;Suwannee;Union,3,5f3cd3f2e8fbc4c0
249673610010854,pine_plantation_long_rotation,plantation_rotation,2027;2032,2,True,planted_pine_regen,26.0,10,296.6747209894787,private_family;private_industrial;state,Baker;Columbia;Hamilton;Suwannee;Union,3,8d6efebaa6a9d5df
249673610010854,pine_plantation_short_rotation,clearcut,2027,1,True,planted_pine_regen,26.0,4,100.52246918084285,private_industrial,Baker;Columbia;Hamilton;Suwannee,3,a878459f3c395955
249673610010854,public_selection_light,selection_harvest,2032;2042;2052;2062,4,True,,26.0,3,10.452557636061094,local;state,Columbia;Hamilton;Suwannee,3,6f398803e13aaf61
249673610010854,public_thin_restore,thin_from_below_repeated,2027;2042;2057,3,True,,26.0,3,10.452557636061094,local;state,Columbia;Hamilton;Suwannee,3,344f6bab8430e587
249673656010854,family_light_thin,thin_from_below,2032,1,True,,35.0,5,27.57696057173565,private_family,Baker;Columbia;Hamilton;Suwannee;Union,3,dcc797f386a33702
249673656010854,family_uneven_aged_selection,selection_harvest,2037;2052;2067,3,True,,35.0,5,27.57696057173565,private_family,Baker;Columbia;Hamilton;Suwannee;Union,3,c78b3166799e705e
249673656010854,hardwood_clearcut_regen,clearcut,2037,1,True,hardwood_regen,35.0,5,14.45566481582917,private_industrial,Baker;Columbia;Hamilton;Suwannee;Union,3,9d8e5160bac2303b
249673656010854,no_management,no_management,,0,False,,35.0,13,42.69980991752617,local;private_family;private_industrial;state,Baker;Columbia;Hamilton;Suwannee;Union,3,90c768661e0b061e
249673656010854,public_selection_light,selection_harvest,2032;2042;2052;2062,4,True,,35.0,3,0.6671845299613464,local;state,Baker;Columbia;Hamilton,3,fc677b102f887431
249673656010854,public_thin_restore,thin_from_below_repeated,2027;2042;2057,3,True,,35.0,3,0.6671845299613464,local;state,Baker;Columbia;Hamilton,3,e63803cfae2857c3
249673677010854,family_light_thin,thin_from_below,2032,1,True,,10.0,5,337.81776700376173,private_family,Baker;Columbia;Hamilton;Suwannee;Union,3,ce7f2e3418a30b90
249673677010854,family_uneven_aged_selection,selection_harvest,2037;2052;2067,3,True,,10.0,5,337.81776700376173,private_family,Baker;Columbia;Hamilton;Suwannee;Union,3,fa8ad96df79c202d
249673677010854,hardwood_clearcut_regen,clearcut,2062,1,True,hardwood_regen,10.0,5,112.30939587682664,private_industrial,Baker;Columbia;Hamilton;Suwannee;Union,3,4f6cdbf610487e8d
249673677010854,no_management,no_management,,0,False,,10.0,19,465.2500122263789,federal;local;private_family;private_industrial;state,Baker;Columbia;Hamilton;Suwannee;Union,3,4a22f673890fc978
249673677010854,public_selection_light,selection_harvest,2032;2042;2052;2062,4,True,,10.0,9,15.122849345790517,federal;local;state,Baker;Columbia;Hamilton;Suwannee,3,f0547e6e67f9e2e8
249673677010854,public_thin_restore,thin_from_below_repeated,2027;2042;2057,3,True,,10.0,9,15.122849345790517,federal;local;state,Baker;Columbia;Hamilton;Suwannee,3,c6c2de0d2d61eba9
249673679010854,family_light_thin,thin_from_below,2032,1,True,,33.0,3,104.97036604725183,private_family,Baker;Hamilton;Suwannee,3,180bfea7b4bbdb4f
249673679010854,family_uneven_aged_selection,selection_harvest,2037;2052;2067,3,True,,33.0,3,104.97036604725183,private_family,Baker;Hamilton;Suwannee,3,76aa585fa858fe99
249673679010854,no_management,no_management,,0,False,,33.0,8,130.7681678724239,federal;private_family;private_industrial;state,Baker;Columbia;Hamilton;Suwannee,3,aeaad178e185d147
249673679010854,pine_plantation_long_rotation,clearcut,2027,1,True,planted_pine_regen,33.0,6,110.08544744362216,private_family;private_industrial;state,Baker;Columbia;Hamilton;Suwannee,3,892b92eb5bb68830
249673679010854,pine_plantation_short_rotation,clearcut,2027,1,True,planted_pine_regen,33.0,2,4.670291709729424,private_industrial,Columbia;Hamilton,3,892b92eb5bb68830
249673679010854,public_selection_light,selection_harvest,2032;2042;2052;2062,4,True,,33.0,3,21.127510115442636,federal;state,Baker;Columbia;Hamilton,3,2fd27e18102d95f9
249673679010854,public_thin_restore,thin_from_below_repeated,2027;2042;2057,3,True,,33.0,3,21.127510115442636,federal;state,Baker;Columbia;Hamilton,3,1e5532147c087d88
249673681010854,family_light_thin,thin_from_below,2032,1,True,,38.0,3,25.57540698185161,private_family,Baker;Hamilton;Suwannee,3,f699ca86bb617446
249673681010854,family_uneven_aged_selection,selection_harvest,2037;2052;2067,3,True,,38.0,3,25.57540698185161,private_family,Baker;Hamilton;Suwannee,3,7a3b616a04398a50
249673681010854,no_management,no_management,,0,False,,38.0,9,41.587835700923925,federal;local;private_family;private_industrial;state,Baker;Columbia;Hamilton;Suwannee,3,73743712ebf06e04
249673681010854,pine_plantation_long_rotation,clearcut,2027,1,True,planted_pine_regen,38.0,6,29.800909004940138,private_family;private_industrial;state,Baker;Hamilton;Suwannee,3,6f02fef8e2522474
249673681010854,pine_plantation_short_rotation,clearcut,2027,1,True,planted_pine_regen,38.0,2,4.003107179768078,private_industrial,Baker;Hamilton,3,6f02fef8e2522474
249673681010854,public_selection_light,selection_harvest,2032;2042;2052;2062,4,True,,38.0,4,12.009321539304235,federal;local;state,Baker;Columbia;Hamilton,3,45adad65a332b3c7
249673681010854,public_thin_restore,thin_from_below_repeated,2027;2042;2057,3,True,,38.0,4,12.009321539304235,federal;local;state,Baker;Columbia;Hamilton,3,7b0ab75b6702e90e
249673771010854,family_light_thin,thin_from_below,2032,1,True,,34.0,3,122.98434835620819,private_family,Columbia;Suwannee;Union,3,2459f1f853b4881e
249673771010854,family_uneven_aged_selection,selection_harvest,2037;2052;2067,3,True,,34.0,3,122.98434835620819,private_family,Columbia;Suwannee;Union,3,6f3f98aa49853b11
249673771010854,hardwood_clearcut_regen,clearcut,2042,1,True,hardwood_regen,34.0,3,13.343690599226928,private_industrial,Columbia;Suwannee;Union,3,310ea08476685a1b
249673771010854,no_management,no_management,,0,False,,34.0,11,139.88635644856228,local;private_family;private_industrial;state,Columbia;Suwannee;Union,3,5ad39258196df3d4
249673771010854,public_selection_light,selection_harvest,2032;2042;2052;2062,4,True,,34.0,5,3.5583174931271806,local;state,Columbia;Suwannee;Union,3,4cd0093d1f00752f
249673771010854,public_thin_restore,thin_from_below_repeated,2027;2042;2057,3,True,,34.0,5,3.5583174931271806,local;state,Columbia;Suwannee;Union,3,d34f19f4cd65c220
249673808010854,family_light_thin,thin_from_below,2032,1,True,,49.0,2,16.67961324903366,private_family,Columbia;Union,3,99e250ab8abe434c
249673808010854,family_uneven_aged_selection,selection_harvest,2037;2052;2067,3,True,,49.0,2,16.67961324903366,private_family,Columbia;Union,3,c9198a99deebf066
249673808010854,no_management,no_management,,0,False,,49.0,4,19.570746212199495,private_family;private_industrial,Baker;Columbia;Union,3,e66b78823990ccb3
249673808010854,pine_plantation_long_rotation,clearcut,2027,1,True,planted_pine_regen,49.0,4,19.570746212199495,private_family;private_industrial,Baker;Columbia;Union,3,a36433f7db6d6d45
249673808010854,pine_plantation_short_rotation,clearcut,2027,1,True,planted_pine_regen,49.0,2,2.891132963165834,private_industrial,Baker;Columbia,3,a36433f7db6d6d45
249674041010854,hardwood_clearcut_regen,clearcut,2052,1,True,hardwood_regen,24.0,1,0.2223948433204488,private_industrial,Baker,3,c9eb5bf56813b1a3
249674041010854,no_management,no_management,,0,False,,24.0,1,0.2223948433204488,private_industrial,Baker,3,eff23bfc5e782d90
258739114010854,family_light_thin,thin_from_below,2032,1,True,,20.0,2,2.8911329631658345,private_family,Hamilton;Suwannee,3,2cf11a0ce85b1cc5
258739114010854,family_uneven_aged_selection,selection_harvest,2037;2052;2067,3,True,,20.0,2,2.8911329631658345,private_family,Hamilton;Suwannee,3,740766cbfb09bd7f
258739114010854,hardwood_clearcut_regen,clearcut,2052,1,True,hardwood_regen,20.0,1,0.2223948433204488,private_industrial,Hamilton,3,db0906b5d44cf809
258739114010854,no_management,no_management,,0,False,,20.0,3,3.1135278064862835,private_family;private_industrial,Hamilton;Suwannee,3,480b3f2611946a53
259079310010854,family_light_thin,thin_from_below,2032,1,True,,54.0,2,21.79469464540398,private_family,Baker;Union,3,66de6d149d64d410
259079310010854,family_uneven_aged_selection,selection_harvest,2037;2052;2067,3,True,,54.0,2,21.79469464540398,private_family,Baker;Union,3,bdaad90266d533f9
259079310010854,hardwood_clearcut_regen,clearcut,2027,1,True,hardwood_regen,54.0,1,1.3343690599226927,private_industrial,Baker,3,f219cfa5d7dece1b
259079310010854,no_management,no_management,,0,False,,54.0,3,23.129063705326672,private_family;private_industrial,Baker;Union,3,17de6c69f43c5cf5
259082814010854,family_light_thin,thin_from_below,2032,1,True,,120.0,4,6.449450456293015,private_family,Baker;Columbia;Hamilton;Suwannee,3,1a63bda679e622ad
259082814010854,family_uneven_aged_selection,selection_harvest,2037;2052;2067,3,True,,120.0,4,6.449450456293015,private_family,Baker;Columbia;Hamilton;Suwannee,3,e692bdb39d2fd7f2
259082814010854,hardwood_clearcut_regen,clearcut,2027,1,True,hardwood_regen,120.0,2,4.892686553049874,private_industrial,Baker;Hamilton,3,8a32ebf635203cfd
259082814010854,no_management,no_management,,0,False,,120.0,6,11.342137009342888,private_family;private_industrial,Baker;Columbia;Hamilton;Suwannee,3,9c4bb77c3eeb7b27
259083023010854,family_light_thin,thin_from_below,2032,1,True,,30.0,5,7989.979535973764,private_family,Baker;Columbia;Hamilton;Suwannee;Union,3,02f394922e9910bb
259083023010854,family_uneven_aged_selection,selection_harvest,2037;2052;2067,3,True,,30.0,5,7989.979535973764,private_family,Baker;Columbia;Hamilton;Suwannee;Union,3,29ac7b3d0d19d369
259083023010854,hardwood_clearcut_regen,clearcut,2042,1,True,hardwood_regen,30.0,5,2913.1500526545587,private_industrial,Baker;Columbia;Hamilton;Suwannee;Union,3,92e49066ac2cf282
259083023010854,no_management,no_management,,0,False,,30.0,20,12075.817597457048,federal;local;private_family;private_industrial;state,Baker;Columbia;Hamilton;Suwannee;Union,3,150bbd41a5b4300a
259083023010854,public_selection_light,selection_harvest,2032;2042;2052;2062,4,True,,30.0,10,1172.6880088287264,federal;local;state,Baker;Columbia;Hamilton;Suwannee;Union,3,f4eb2c3a19cc80aa
259083023010854,public_thin_restore,thin_from_below_repeated,2027;2042;2057,3,True,,30.0,10,1172.6880088287264,federal;local;state,Baker;Columbia;Hamilton;Suwannee;Union,3,ac73a543bfa66814
259083192010854,family_light_thin,thin_from_below,2032,1,True,,21.0,2,111.19742166022439,private_family,Hamilton;Suwannee,3,7a53e2367b5a79fb
259083192010854,family_uneven_aged_selection,selection_harvest,2037;2052;2067,3,True,,21.0,2,111.19742166022439,private_family,Hamilton;Suwannee,3,30e6b2111a35e1f7
259083192010854,no_management,no_management,,0,False,,21.0,5,174.80234684987275,local;private_family;private_industrial,Columbia;Hamilton;Suwannee,3,ba2fa8e3d468a973
259083192010854,pine_plantation_long_rotation,plantation_rotation,2027;2037,2,True,planted_pine_regen,21.0,4,173.6903726332705,private_family;private_industrial,Hamilton;Suwannee,3,013afaa37c136fbb
259083192010854,pine_plantation_short_rotation,clearcut,2027,1,True,planted_pine_regen,21.0,2,62.492950973046106,private_industrial,Hamilton;Suwannee,3,a8f714e74bd2d8b5
259083192010854,public_selection_light,selection_harvest,2032;2042;2052;2062,4,True,,21.0,1,1.111974216602244,local,Columbia,3,0ff62819ef8699b5
259083192010854,public_thin_restore,thin_from_below_repeated,2027;2042;2057,3,True,,21.0,1,1.111974216602244,local,Columbia,3,8a8ed86893565062
259083269010854,family_light_thin,thin_from_below,2032,1,True,,20.0,5,104.30318151729048,private_family,Baker;Columbia;Hamilton;Suwannee;Union,3,86ab8a85957110ae
259083269010854,family_uneven_aged_selection,selection_harvest,2037;2052;2067,3,True,,20.0,5,104.30318151729048,private_family,Baker;Columbia;Hamilton;Suwannee;Union,3,cbbe54eb3ad9051c
259083269010854,hardwood_clearcut_regen,clearcut,2052,1,True,hardwood_regen,20.0,3,28.244145101696997,private_industrial,Columbia;Hamilton;Suwannee,3,09a80e114875fd3a
259083269010854,no_management,no_management,,0,False,,20.0,12,136.55043379875556,local;private_family;private_industrial;state,Baker;Columbia;Hamilton;Suwannee;Union,3,0b1f755bb012ea46
259083269010854,public_selection_light,selection_harvest,2032;2042;2052;2062,4,True,,20.0,4,4.003107179768078,local;state,Columbia;Hamilton;Suwannee,3,97f8b2cda163cda3
259083269010854,public_thin_restore,thin_from_below_repeated,2027;2042;2057,3,True,,20.0,4,4.003107179768078,local;state,Columbia;Hamilton;Suwannee,3,528d18d0f6462de8
259178110010854,family_light_thin,thin_from_below,2032,1,True,,36.0,1,1.5567639032431415,private_family,Baker,3,d2d82737c9afe3c6
259178110010854,family_uneven_aged_selection,selection_harvest,2037;2052;2067,3,True,,36.0,1,1.5567639032431415,private_family,Baker,3,975b1842bb6459f0
259178110010854,hardwood_clearcut_regen,clearcut,2037,1,True,hardwood_regen,36.0,1,0.4447896866408976,private_industrial,Baker,3,8225d8e3d516b03f
259178110010854,no_management,no_management,,0,False,,36.0,2,2.001553589884039,private_family;private_industrial,Baker,3,d09bb1116a3ddbb9
259178232010854,family_light_thin,thin_from_below,2032,1,True,,48.0,3,8.895793732817951,private_family,Baker;Columbia;Suwannee,3,e57964a7d14f2fb9
259178232010854,family_uneven_aged_selection,selection_harvest,2037;2052;2067,3,True,,48.0,3,8.895793732817951,private_family,Baker;Columbia;Suwannee,3,843bdc64f7541712
259178232010854,no_management,no_management,,0,False,,48.0,7,11.786926695983786,local;private_family;private_industrial;state,Baker;Columbia;Suwannee,3,db280e93054fa5cc
259178232010854,pine_plantation_long_rotation,clearcut,2027,1,True,planted_pine_regen,48.0,6,11.342137009342888,private_family;private_industrial;state,Baker;Columbia;Suwannee,3,36f678c834f60dd0
259178232010854,pine_plantation_short_rotation,clearcut,2027,1,True,planted_pine_regen,48.0,2,2.223948433204488,private_industrial,Baker;Columbia,3,36f678c834f60dd0
259178232010854,public_selection_light,selection_harvest,2032;2042;2052;2062,4,True,,48.0,2,0.6671845299613464,local;state,Baker;Columbia,3,9023d1d48eca93d3
259178232010854,public_thin_restore,thin_from_below_repeated,2027;2042;2057,3,True,,48.0,2,0.6671845299613464,local;state,Baker;Columbia,3,ca102fee5285ffd4
259178252010854,family_light_thin,thin_from_below,2032,1,True,,117.0,1,25.79780182517206,private_family,Hamilton,3,6e0ebbf93da0ac29
259178252010854,family_uneven_aged_selection,selection_harvest,2037;2052;2067,3,True,,117.0,1,25.79780182517206,private_family,Hamilton,3,c015acf3daabf4e2
259178252010854,hardwood_clearcut_regen,clearcut,2027,1,True,hardwood_regen,117.0,1,7.116634986254361,private_industrial,Hamilton,3,a1c0e37aaee7c1a6
259178252010854,no_management,no_management,,0,False,,117.0,2,32.91443681142642,private_family;private_industrial,Hamilton,3,2b34668c6eaf7de0
259178255010854,family_light_thin,thin_from_below,2032,1,True,,36.0,3,1461.80130514531,private_family,Columbia;Suwannee;Union,3,b99057dfe94b6b2e
259178255010854,family_uneven_aged_selection,selection_harvest,2037;2052;2067,3,True,,36.0,3,1461.80130514531,private_family,Columbia;Suwannee;Union,3,96c7f6450d9015b0
259178255010854,no_management,no_management,,0,False,,36.0,9,2185.918914996691,federal;local;private_family;private_industrial;state,Columbia;Suwannee;Union,3,fd50e9a0050a30c8
259178255010854,pine_plantation_long_rotation,clearcut,2027,1,True,planted_pine_regen,36.0,6,2142.329525705883,private_family;private_industrial;state,Columbia;Suwannee;Union,3,6ea3eb946b56d828
259178255010854,pine_plantation_short_rotation,clearcut,2027,1,True,planted_pine_regen,36.0,2,680.0834308739323,private_industrial,Columbia;Suwannee,3,6ea3eb946b56d828
259178255010854,public_selection_light,selection_harvest,2032;2042;2052;2062,4,True,,36.0,4,44.03417897744886,federal;local;state,Columbia;Suwannee,3,0875ebc8435acf93
259178255010854,public_thin_restore,thin_from_below_repeated,2027;2042;2057,3,True,,36.0,4,44.03417897744886,federal;local;state,Columbia;Suwannee,3,42d6c6bce3574e72
259178283010854,family_light_thin,thin_from_below,2032,1,True,,60.0,2,0.6671845299613464,private_family,Hamilton;Suwannee,3,ea5a1303bb17d22b
259178283010854,family_uneven_aged_selection,selection_harvest,2037;2052;2067,3,True,,60.0,2,0.6671845299613464,private_family,Hamilton;Suwannee,3,8ec68a3e769cf236
259178283010854,no_management,no_management,,0,False,,60.0,2,0.6671845299613464,private_family,Hamilton;Suwannee,3,f2d903a3ebdec73c
259178350010854,family_light_thin,thin_from_below,2032,1,True,,13.0,5,179.6950334029226,private_family,Baker;Columbia;Hamilton;Suwannee;Union,3,13afa12add2facd5
259178350010854,family_uneven_aged_selection,selection_harvest,2037;2052;2067,3,True,,13.0,5,179.6950334029226,private_family,Baker;Columbia;Hamilton;Suwannee;Union,3,a5f65070b97fb740
259178350010854,hardwood_clearcut_regen,clearcut,2062,1,True,hardwood_regen,13.0,4,139.21917191860092,private_industrial,Baker;Columbia;Hamilton;Union,3,50cb7147dc9286f2
259178350010854,no_management,no_management,,0,False,,13.0,14,335.1490288839163,local;private_family;private_industrial;state,Baker;Columbia;Hamilton;Suwannee;Union,3,13512ea53284fe9d
259178350010854,public_selection_light,selection_harvest,2032;2042;2052;2062,4,True,,13.0,5,16.234823562392762,local;state,Baker;Columbia;Hamilton;Union,3,f6cd42434e031dd4
259178350010854,public_thin_restore,thin_from_below_repeated,2027;2042;2057,3,True,,13.0,5,16.234823562392762,local;state,Baker;Columbia;Hamilton;Union,3,c66cadb17c300f12
259178355010854,family_light_thin,thin_from_below,2032,1,True,,28.0,5,6281.764744429396,private_family,Baker;Columbia;Hamilton;Suwannee;Union,3,424330b1ab9052ce
259178355010854,family_uneven_aged_selection,selection_harvest,2037;2052;2067,3,True,,28.0,5,6281.764744429396,private_family,Baker;Columbia;Hamilton;Suwannee;Union,3,d0b5dfb27458bc06
259178355010854,hardwood_clearcut_regen,clearcut,2047,1,True,hardwood_regen,28.0,5,1000.99918978534,private_industrial,Baker;Columbia;Hamilton;Suwannee;Union,3,e25887e717a8c12d
259178355010854,no_management,no_management,,0,False,,28.0,20,7625.919177458189,federal;local;private_family;private_industrial;state,Baker;Columbia;Hamilton;Suwannee;Union,3,156d02132edfeeff
259178355010854,public_selection_light,selection_harvest,2032;2042;2052;2062,4,True,,28.0,10,343.1552432434525,federal;local;state,Baker;Columbia;Hamilton;Suwannee;Union,3,fb5b7c0e61df4b13
259178355010854,public_thin_restore,thin_from_below_repeated,2027;2042;2057,3,True,,28.0,10,343.1552432434525,federal;local;state,Baker;Columbia;Hamilton;Suwannee;Union,3,b87939e6504315fa
259178358010854,family_light_thin,thin_from_below,2032,1,True,,48.0,5,2577.1114443973606,private_family,Baker;Columbia;Hamilton;Suwannee;Union,3,e534b5eb00255137
259178358010854,family_uneven_aged_selection,selection_harvest,2037;2052;2067,3,True,,48.0,5,2577.1114443973606,private_family,Baker;Columbia;Hamilton;Suwannee;Union,3,26afe7c8bd970e9a
259178358010854,hardwood_clearcut_regen,clearcut,2027,1,True,hardwood_regen,48.0,5,363.8379636722542,private_industrial,Baker;Columbia;Hamilton;Suwannee;Union,3,cfa9889b4881645f
259178358010854,no_management,no_management,,0,False,,48.0,15,3031.686504144358,local;private_family;private_industrial;state,Baker;Columbia;Hamilton;Suwannee;Union,3,8c78d3a3473f73af
259178358010854,public_selection_light,selection_harvest,2032;2042;2052;2062,4,True,,48.0,5,90.7370960747431,local;state,Baker;Columbia;Union,3,366c557b9e7ce2c8
259178358010854,public_thin_restore,thin_from_below_repeated,2027;2042;2057,3,True,,48.0,5,90.7370960747431,local;state,Baker;Columbia;Union,3,302b235d84a7f9a9
259178369010854,family_light_thin,thin_from_below,2032,1,True,,27.0,1,6.0046607696521175,private_family,Columbia,3,973c25de576cfe06
259178369010854,family_uneven_aged_selection,selection_harvest,2037;2052;2067,3,True,,27.0,1,6.0046607696521175,private_family,Columbia,3,57c6659b6974f972
259178369010854,no_management,no_management,,0,False,,27.0,2,6.671845299613464,private_family;private_industrial,Columbia,3,8f3221f0a997d66d
259178369010854,pine_plantation_long_rotation,plantation_rotation,2027;2032,2,True,planted_pine_regen,27.0,2,6.671845299613464,private_family;private_industrial,Columbia,3,ba995666f994a709
259178369010854,pine_plantation_short_rotation,clearcut,2027,1,True,planted_pine_regen,27.0,1,0.6671845299613464,private_industrial,Columbia,3,ad5c17360c34c79a
259178373010854,family_light_thin,thin_from_below,2032,1,True,,59.0,2,10.007767949420195,private_family,Baker;Hamilton,3,b8f15b518af355d5
259178373010854,family_uneven_aged_selection,selection_harvest,2037;2052;2067,3,True,,59.0,2,10.007767949420195,private_family,Baker;Hamilton,3,8025c2c530afea82
259178373010854,no_management,no_management,,0,False,,59.0,6,22.906668862006224,federal;private_family;private_industrial,Baker;Columbia;Hamilton,3,8fb5eb7f918677e5
259178373010854,pine_plantation_long_rotation,clearcut,2027,1,True,planted_pine_regen,59.0,4,13.121295755906479,private_family;private_industrial,Baker;Columbia;Hamilton,3,c88117ec5f0f5393
259178373010854,pine_plantation_short_rotation,clearcut,2027,1,True,planted_pine_regen,59.0,2,3.113527806486283,private_industrial,Columbia;Hamilton,3,c88117ec5f0f5393
259178373010854,public_selection_light,selection_harvest,2032;2042;2052;2062,4,True,,59.0,2,9.785373106099748,federal,Baker;Columbia,3,9bac1e1dc0537658
259178373010854,public_thin_restore,thin_from_below_repeated,2027;2042;2057,3,True,,59.0,2,9.785373106099748,federal,Baker;Columbia,3,110f4cb9ebc3205f
259178386010854,family_light_thin,thin_from_below,2032,1,True,,38.0,2,962.0800922042615,private_family,Columbia;Union,3,fba75077254eeb47
259178386010854,family_uneven_aged_selection,selection_harvest,2037;2052;2067,3,True,,38.0,2,962.0800922042615,private_family,Columbia;Union,3,0cac1fd11d2d8f4e
259178386010854,no_management,no_management,,0,False,,38.0,7,1311.239996217366,local;private_family;private_industrial;state,Columbia;Union,3,eb8fa45d359741e1
259178386010854,pine_plantation_long_rotation,clearcut,2027,1,True,planted_pine_regen,38.0,6,1302.788992171189,private_family;private_industrial;state,Columbia;Union,3,431804568a21bee2
259178386010854,pine_plantation_short_rotation,clearcut,2027,1,True,planted_pine_regen,38.0,2,300.2330384826059,private_industrial,Columbia;Union,3,431804568a21bee2
259178386010854,public_selection_light,selection_harvest,2032;2042;2052;2062,4,True,,38.0,3,48.92686553049874,local;state,Columbia;Union,3,bd4be14fe02ee0b2
259178386010854,public_thin_restore,thin_from_below_repeated,2027;2042;2057,3,True,,38.0,3,48.92686553049874,local;state,Columbia;Union,3,6750f1f5b0b375de
259178425010854,family_light_thin,thin_from_below,2032,1,True,,30.0,3,200.82254351836525,private_family,Columbia;Suwannee;Union,3,dfe740d2b1f165b2
259178425010854,family_uneven_aged_selection,selection_harvest,2037;2052;2067,3,True,,30.0,3,200.82254351836525,private_family,Columbia;Suwannee;Union,3,85ea7536dbfd271c
259178425010854,hardwood_clearcut_regen,clearcut,2042,1,True,hardwood_regen,30.0,3,17.791587465635903,private_industrial,Columbia;Suwannee;Union,3,d34d29d769b67b8d
259178425010854,no_management,no_management,,0,False,,30.0,8,220.83807941720565,local;private_family;private_industrial;state,Columbia;Suwannee;Union,3,f92827d2b3197655
259178425010854,public_selection_light,selection_harvest,2032;2042;2052;2062,4,True,,30.0,2,2.223948433204488,local;state,Columbia,3,1bb30ea46c7a2b8e
259178425010854,public_thin_restore,thin_from_below_repeated,2027;2042;2057,3,True,,30.0,2,2.223948433204488,local;state,Columbia,3,c7c7f0e1de480758
259178448010854,family_light_thin,thin_from_below,2032,1,True,,48.0,2,785.0537969211842,private_family,Baker;Union,3,f155a232557bb791
259178448010854,family_uneven_aged_selection,selection_harvest,2037;2052;2067,3,True,,48.0,2,785.0537969211842,private_family,Baker;Union,3,dde80de4c2e623dd
259178448010854,hardwood_clearcut_regen,clearcut,2027,1,True,hardwood_regen,48.0,2,263.9826790213727,private_industrial,Baker;Union,3,1f7a3ce58115219e
259178448010854,no_management,no_management,,0,False,,48.0,8,1181.1390128749035,local;private_family;private_industrial;state,Baker;Union,3,2efafa69c737d610
259178448010854,public_selection_light,selection_harvest,2032;2042;2052;2062,4,True,,48.0,4,132.1025369323466,local;state,Baker;Union,3,fe0b928eab708261
259178448010854,public_thin_restore,thin_from_below_repeated,2027;2042;2057,3,True,,48.0,4,132.1025369323466,local;state,Baker;Union,3,7058455d8b325e10
259178502010854,family_light_thin,thin_from_below,2032,1,True,,45.0,2,24.018643078608466,private_family,Columbia;Union,3,ae9c224abb6793d6
259178502010854,family_uneven_aged_selection,selection_harvest,2037;2052;2067,3,True,,45.0,2,24.018643078608466,private_family,Columbia;Union,3,f8dd3d7e9be7ecc9
259178502010854,hardwood_clearcut_regen,clearcut,2027,1,True,hardwood_regen,45.0,1,15.122849345790517,private_industrial,Union,3,816f4f43cc038a13
259178502010854,no_management,no_management,,0,False,,45.0,4,40.475861484321676,local;private_family;private_industrial,Columbia;Union,3,c66b590141b084b0
259178502010854,public_selection_light,selection_harvest,2032;2042;2052;2062,4,True,,45.0,1,1.3343690599226927,local,Union,3,8a1a230ae095aab6
259178502010854,public_thin_restore,thin_from_below_repeated,2027;2042;2057,3,True,,45.0,1,1.3343690599226927,local,Union,3,dd03dffc2ee52701
259179394010854,no_management,no_management,,0,False,,75.0,1,0.2223948433204488,private_industrial,Suwannee,3,616152afd9eda0e8
259179394010854,pine_plantation_long_rotation,clearcut,2027,1,True,planted_pine_regen,75.0,1,0.2223948433204488,private_industrial,Suwannee,3,1c29b7b54d76f757
259179394010854,pine_plantation_short_rotation,clearcut,2027,1,True,planted_pine_regen,75.0,1,0.2223948433204488,private_industrial,Suwannee,3,1c29b7b54d76f757
259179414010854,family_light_thin,thin_from_below,2032,1,True,,40.0,3,41.365440857603474,private_family,Columbia;Suwannee;Union,3,783fecfb48c479a6
259179414010854,family_uneven_aged_selection,selection_harvest,2037;2052;2067,3,True,,40.0,3,41.365440857603474,private_family,Columbia;Suwannee;Union,3,1bb7dae08b6f3b01
259179414010854,no_management,no_management,,0,False,,40.0,8,54.2643417701895,federal;private_family;private_industrial;state,Columbia;Suwannee;Union,3,b9d0a1ee51d3c643
259179414010854,pine_plantation_long_rotation,clearcut,2027,1,True,planted_pine_regen,40.0,7,54.04194692686906,private_family;private_industrial;state,Columbia;Suwannee;Union,3,3f1433ddda8ab261
259179414010854,pine_plantation_short_rotation,clearcut,2027,1,True,planted_pine_regen,40.0,3,11.119742166022439,private_industrial,Columbia;Suwannee;Union,3,3f1433ddda8ab261
259179414010854,public_selection_light,selection_harvest,2032;2042;2052;2062,4,True,,40.0,2,1.7791587465635903,federal;state,Columbia;Suwannee,3,f71d0918e07105d0
259179414010854,public_thin_restore,thin_from_below_repeated,2027;2042;2057,3,True,,40.0,2,1.7791587465635903,federal;state,Columbia;Suwannee,3,35bb5f672822b274
264159751489998,family_light_thin,thin_from_below,2032,1,True,,17.0,1,18.45877199559725,private_family,Hamilton,3,b9a9c43d185d554b
264159751489998,family_uneven_aged_selection,selection_harvest,2037;2052;2067,3,True,,17.0,1,18.45877199559725,private_family,Hamilton,3,198a5633e50fbe9a
264159751489998,hardwood_clearcut_regen,clearcut,2057,1,True,hardwood_regen,17.0,1,4.003107179768078,private_industrial,Hamilton,3,04ec39153199aae7
264159751489998,no_management,no_management,,0,False,,17.0,2,22.461879175365326,private_family;private_industrial,Hamilton,3,4d452b37f69e7419
286951472489998,family_light_thin,thin_from_below,2032,1,True,,20.0,1,0.2223948433204488,private_family,Hamilton,3,4d059973d7c999dc
286951472489998,family_uneven_aged_selection,selection_harvest,2037;2052;2067,3,True,,20.0,1,0.2223948433204488,private_family,Hamilton,3,871b36f9517ab971
286951472489998,no_management,no_management,,0,False,,20.0,1,0.2223948433204488,private_family,Hamilton,3,72f95e6c40eabb2c
289514928489998,family_light_thin,thin_from_below,2032,1,True,,40.0,1,51.81799849366457,private_family,Hamilton,3,c771448ba740b285
289514928489998,family_uneven_aged_selection,selection_harvest,2037;2052;2067,3,True,,40.0,1,51.81799849366457,private_family,Hamilton,3,bea3844f0fccebb6
289514928489998,no_management,no_management,,0,False,,40.0,2,55.598710830112196,private_family;private_industrial,Hamilton,3,4636b66c44c4d126
289514928489998,pine_plantation_long_rotation,clearcut,2027,1,True,planted_pine_regen,40.0,2,55.598710830112196,private_family;private_industrial,Hamilton,3,616f5ebe5c043642
289514928489998,pine_plantation_short_rotation,clearcut,2027,1,True,planted_pine_regen,40.0,1,3.780712336447629,private_industrial,Hamilton,3,616f5ebe5c043642
289514938489998,family_light_thin,thin_from_below,2032,1,True,,141.0,4,2056.2627213408696,private_family,Columbia;Hamilton;Suwannee;Union,3,d30b2e41fe443490
289514938489998,family_uneven_aged_selection,selection_harvest,2037;2052;2067,3,True,,141.0,4,2056.2627213408696,private_family,Columbia;Hamilton;Suwannee;Union,3,ce09ce493ab5f821
289514938489998,hardwood_clearcut_regen,clearcut,2027,1,True,hardwood_regen,141.0,4,320.69336406808713,private_industrial,Baker;Columbia;Suwannee;Union,3,f5f9ee1c5c169228
289514938489998,no_management,no_management,,0,False,,141.0,16,2496.159721428717,federal;local;private_family;private_industrial;state,Baker;Columbia;Hamilton;Suwannee;Union,3,99ad3698a74a9dfe
289514938489998,public_selection_light,selection_harvest,2032;2042;2052;2062,4,True,,141.0,8,119.20363601976055,federal;local;state,Columbia;Suwannee;Union,3,4f1c257fa275ede6
289514938489998,public_thin_restore,thin_from_below_repeated,2027;2042;2057,3,True,,141.0,8,119.20363601976055,federal;local;state,Columbia;Suwannee;Union,3,b141fd84a3342f7b
289514941489998,family_light_thin,thin_from_below,2032,1,True,,31.0,3,55.82110567343265,private_family,Columbia;Hamilton;Suwannee,3,184343f2b97e5fe0
289514941489998,family_uneven_aged_selection,selection_harvest,2037;2052;2067,3,True,,31.0,3,55.82110567343265,private_family,Columbia;Hamilton;Suwannee,3,b338e49483f25f17
289514941489998,no_management,no_management,,0,False,,31.0,8,70.05437564594136,federal;local;private_family;private_industrial,Columbia;Hamilton;Suwannee,3,eb69722cbdc3e3f4
289514941489998,pine_plantation_long_rotation,clearcut,2027,1,True,planted_pine_regen,31.0,5,68.49761174269823,private_family;private_industrial,Columbia;Hamilton;Suwannee,3,9988eeeaf73f953a
289514941489998,pine_plantation_short_rotation,clearcut,2027,1,True,planted_pine_regen,31.0,2,12.676506069265582,private_industrial,Columbia;Suwannee,3,9988eeeaf73f953a
289514941489998,public_selection_light,selection_harvest,2032;2042;2052;2062,4,True,,31.0,3,1.5567639032431415,federal;local,Columbia;Suwannee,3,e646b786dedef36b
289514941489998,public_thin_restore,thin_from_below_repeated,2027;2042;2057,3,True,,31.0,3,1.5567639032431415,federal;local,Columbia;Suwannee,3,0b21e12e48cc2d65
289514947489998,family_light_thin,thin_from_below,2032,1,True,,30.0,1,1.111974216602244,private_family,Hamilton,3,c7c488b4ddcceec8
289514947489998,family_uneven_aged_selection,selection_harvest,2037;2052;2067,3,True,,30.0,1,1.111974216602244,private_family,Hamilton,3,72835c5f14c7fd10
289514947489998,no_management,no_management,,0,False,,30.0,1,1.111974216602244,private_family,Hamilton,3,2c9d480dd1882a4c
289514947489998,pine_plantation_long_rotation,clearcut,2027,1,True,planted_pine_regen,30.0,1,1.111974216602244,private_family,Hamilton,3,e1decc65179a6fa5
289514950489998,family_light_thin,thin_from_below,2032,1,True,,67.0,3,118.31405664647876,private_family,Columbia;Hamilton;Suwannee,3,bed55e2fa0d67e90
289514950489998,family_uneven_aged_selection,selection_harvest,2037;2052;2067,3,True,,67.0,3,118.31405664647876,private_family,Columbia;Hamilton;Suwannee,3,cfce838d5c454de7
289514950489998,no_management,no_management,,0,False,,67.0,5,136.32803895543512,private_family;private_industrial,Columbia;Hamilton;Suwannee,3,8b4d6964cb24fec1
289514950489998,pine_plantation_long_rotation,clearcut,2027,1,True,planted_pine_regen,67.0,5,136.32803895543512,private_family;private_industrial,Columbia;Hamilton;Suwannee,3,1c4f40d6000c07d2
289514950489998,pine_plantation_short_rotation,clearcut,2027,1,True,planted_pine_regen,67.0,2,18.01398230895635,private_industrial,Columbia;Suwannee,3,1c4f40d6000c07d2
289514953489998,family_light_thin,thin_from_below,2032,1,True,,35.0,3,1.111974216602244,private_family,Baker;Columbia;Union,3,cc41a5051bd77621
289514953489998,family_uneven_aged_selection,selection_harvest,2037;2052;2067,3,True,,35.0,3,1.111974216602244,private_family,Baker;Columbia;Union,3,3797674cf8374692
289514953489998,no_management,no_management,,0,False,,35.0,4,2.891132963165834,private_family;private_industrial,Baker;Columbia;Union,3,e5999a041151ff89
289514953489998,pine_plantation_long_rotation,clearcut,2027,1,True,planted_pine_regen,35.0,4,2.891132963165834,private_family;private_industrial,Baker;Columbia;Union,3,38d8a212761ef439
289514953489998,pine_plantation_short_rotation,clearcut,2027,1,True,planted_pine_regen,35.0,1,1.7791587465635903,private_industrial,Baker,3,38d8a212761ef439
289515011489998,family_light_thin,thin_from_below,2032,1,True,,20.0,5,45.590942880692,private_family,Baker;Columbia;Hamilton;Suwannee;Union,3,f9b29fa7ca131b5c
289515011489998,family_uneven_aged_selection,selection_harvest,2037;2052;2067,3,True,,20.0,5,45.590942880692,private_family,Baker;Columbia;Hamilton;Suwannee;Union,3,3e9029b5b35e1f3d
289515011489998,hardwood_clearcut_regen,clearcut,2052,1,True,hardwood_regen,20.0,4,5.337476239690771,private_industrial,Columbia;Hamilton;Suwannee;Union,3,c1f7d0fe50c80ee6
289515011489998,no_management,no_management,,0,False,,20.0,12,51.81799849366457,federal;local;private_family;private_industrial,Baker;Columbia;Hamilton;Suwannee;Union,3,4ff5484c584d9ee8
289515011489998,public_selection_light,selection_harvest,2032;2042;2052;2062,4,True,,20.0,3,0.8895793732817951,federal;local,Columbia;Suwannee,3,6c1616ec1b64d57e
289515011489998,public_thin_restore,thin_from_below_repeated,2027;2042;2057,3,True,,20.0,3,0.8895793732817951,federal;local,Columbia;Suwannee,3,9489752365a1b24a
289515036489998,family_light_thin,thin_from_below,2032,1,True,,13.0,2,1.3343690599226927,private_family,Columbia;Suwannee,3,ae5eb8778882dce8
289515036489998,family_uneven_aged_selection,selection_harvest,2037;2052;2067,3,True,,13.0,2,1.3343690599226927,private_family,Columbia;Suwannee,3,7f30ed7f87e0b5d9
289515036489998,hardwood_clearcut_regen,clearcut,2062,1,True,hardwood_regen,13.0,2,0.8895793732817951,private_industrial,Columbia;Suwannee,3,1a301ed9ab69eb81
289515036489998,no_management,no_management,,0,False,,13.0,4,2.223948433204488,private_family;private_industrial,Columbia;Suwannee,3,bcf3786cfa6dde75
289515060489998,family_light_thin,thin_from_below,2032,1,True,,47.0,1,0.8895793732817951,private_family,Hamilton,3,518767b97a8bfac7
289515060489998,family_uneven_aged_selection,selection_harvest,2037;2052;2067,3,True,,47.0,1,0.8895793732817951,private_family,Hamilton,3,3b2e7cad1e072f3f
289515060489998,no_management,no_management,,0,False,,47.0,1,0.8895793732817951,private_family,Hamilton,3,6fc9067e1676983b
289515060489998,pine_plantation_long_rotation,clearcut,2027,1,True,planted_pine_regen,47.0,1,0.8895793732817951,private_family,Hamilton,3,04fe148884bd111a
289515061489998,family_light_thin,thin_from_below,2032,1,True,,87.0,3,2098.072951885114,private_family,Columbia;Hamilton;Suwannee,3,c515ec388b3c4345
289515061489998,family_uneven_aged_selection,selection_harvest,2037;2052;2067,3,True,,87.0,3,2098.072951885114,private_family,Columbia;Hamilton;Suwannee,3,6042b453660d8cd7
289515061489998,hardwood_clearcut_regen,clearcut,2027,1,True,hardwood_regen,87.0,3,364.727543045536,private_industrial,Columbia;Hamilton;Suwannee,3,b9128e9760ef13ad
289515061489998,no_management,no_management,,0,False,,87.0,13,2506.834673908099,federal;local;private_family;private_industrial;state,Columbia;Hamilton;Suwannee,3,397cc078b4eaf473
289515061489998,public_selection_light,selection_harvest,2032;2042;2052;2062,4,True,,87.0,7,44.03417897744886,federal;local;state,Columbia;Hamilton;Suwannee,3,394acd6bd6ab4489
289515061489998,public_thin_restore,thin_from_below_repeated,2027;2042;2057,3,True,,87.0,7,44.03417897744886,federal;local;state,Columbia;Hamilton;Suwannee,3,a693711019c94aa7
289515115489998,family_light_thin,thin_from_below,2032,1,True,,37.0,2,11.342137009342888,private_family,Baker;Hamilton,3,83d3972c08da2509
289515115489998,family_uneven_aged_selection,selection_harvest,2037;2052;2067,3,True,,37.0,2,11.342137009342888,private_family,Baker;Hamilton,3,c2728ff3c2e77fe2
289515115489998,no_management,no_management,,0,False,,37.0,3,196.81943633859717,private_family;private_industrial,Baker;Hamilton,3,73782b453fddac1b
289515115489998,pine_plantation_long_rotation,clearcut,2027,1,True,planted_pine_regen,37.0,3,196.81943633859717,private_family;private_industrial,Baker;Hamilton,3,e3d0c71c12550ff6
289515115489998,pine_plantation_short_rotation,clearcut,2027,1,True,planted_pine_regen,37.0,1,185.4772993292543,private_industrial,Baker,3,e3d0c71c12550ff6
289515121489998,family_light_thin,thin_from_below,2032,1,True,,15.0,3,930.5000244527578,private_family,Columbia;Suwannee;Union,3,060c2404c370e457
289515121489998,family_uneven_aged_selection,selection_harvest,2037;2052;2067,3,True,,15.0,3,930.5000244527578,private_family,Columbia;Suwannee;Union,3,1cf66d4aff5a7c8f
289515121489998,no_management,no_management,,0,False,,15.0,9,1192.7035447275669,federal;local;private_family;private_industrial,Baker;Columbia;Suwannee;Union,3,998f34a77c99ecb9
289515121489998,pine_plantation_long_rotation,plantation_rotation,2027;2042,2,True,planted_pine_regen,15.0,7,1191.5915705109646,private_family;private_industrial,Baker;Columbia;Suwannee;Union,3,1c23e0642e103d79
289515121489998,pine_plantation_short_rotation,plantation_rotation,2027;2032,2,True,planted_pine_regen,15.0,4,261.09154605820686,private_industrial,Baker;Columbia;Suwannee;Union,3,fa57b351ce3bf0f1
289515121489998,public_selection_light,selection_harvest,2032;2042;2052;2062,4,True,,15.0,2,1.111974216602244,federal;local,Columbia,3,4bdc6ecc90f06eb6
289515121489998,public_thin_restore,thin_from_below_repeated,2027;2042;2057,3,True,,15.0,2,1.111974216602244,federal;local,Columbia,3,1929274ebada23f0
289515123489998,family_light_thin,thin_from_below,2032,1,True,,31.0,3,2.001553589884039,private_family,Baker;Columbia;Union,3,dd33919a9ee6e133
289515123489998,family_uneven_aged_selection,selection_harvest,2037;2052;2067,3,True,,31.0,3,2.001553589884039,private_family,Baker;Columbia;Union,3,bf477f3c8697caf9
289515123489998,hardwood_clearcut_regen,clearcut,2042,1,True,hardwood_regen,31.0,1,1.3343690599226927,private_industrial,Columbia,3,fa6acdb21166ee7b
289515123489998,no_management,no_management,,0,False,,31.0,5,9.562978262779298,local;private_family;private_industrial,Baker;Columbia;Union,3,9a35610fc55fc9f2
289515123489998,public_selection_light,selection_harvest,2032;2042;2052;2062,4,True,,31.0,1,6.227055612972566,local,Columbia,3,0fb1e703bd01023a
289515123489998,public_thin_restore,thin_from_below_repeated,2027;2042;2057,3,True,,31.0,1,6.227055612972566,local,Columbia,3,d6b74b11afd57989
289515140489998,family_light_thin,thin_from_below,2032,1,True,,27.0,3,102.52402277072689,private_family,Columbia;Hamilton;Suwannee,3,a1799b8a67792524
289515140489998,family_uneven_aged_selection,selection_harvest,2037;2052;2067,3,True,,27.0,3,102.52402277072689,private_family,Columbia;Hamilton;Suwannee,3,c6503d93cc9b7e26
289515140489998,no_management,no_management,,0,False,,27.0,9,131.65774724570568,federal;local;private_family;private_industrial;state,Columbia;Hamilton;Suwannee,3,1552d11b336abde7
289515140489998,pine_plantation_long_rotation,plantation_rotation,2027;2032,2,True,planted_pine_regen,27.0,7,130.10098334246254,private_family;private_industrial;state,Columbia;Hamilton;Suwannee,3,0f5fdd2ffdb6da61
289515140489998,pine_plantation_short_rotation,clearcut,2027,1,True,planted_pine_regen,27.0,3,27.13217088509475,private_industrial,Columbia;Hamilton;Suwannee,3,a90dbb2c67438ffb
289515140489998,public_selection_light,selection_harvest,2032;2042;2052;2062,4,True,,27.0,3,2.001553589884039,federal;local;state,Suwannee,3,ad975e3b389681a0
289515140489998,public_thin_restore,thin_from_below_repeated,2027;2042;2057,3,True,,27.0,3,2.001553589884039,federal;local;state,Suwannee,3,ea12b96f58c9f36f
289515149489998,family_light_thin,thin_from_below,2032,1,True,,41.0,3,96.07457231443388,private_family,Baker;Columbia;Union,3,89a4ad5a97b91e65
289515149489998,family_uneven_aged_selection,selection_harvest,2037;2052;2067,3,True,,41.0,3,96.07457231443388,private_family,Baker;Columbia;Union,3,79bfee73400e1ea2
289515149489998,no_management,no_management,,0,False,,41.0,9,381.8519459812106,federal;local;private_family;private_industrial,Baker;Columbia;Hamilton;Union,3,f62fa781630ac78b
289515149489998,pine_plantation_long_rotation,clearcut,2027,1,True,planted_pine_regen,41.0,6,108.528683540379,private_family;private_industrial,Baker;Columbia;Hamilton;Union,3,65706aa5dd4511b1
289515149489998,pine_plantation_short_rotation,clearcut,2027,1,True,planted_pine_regen,41.0,3,12.454111225945132,private_industrial,Baker;Columbia;Hamilton,3,65706aa5dd4511b1
289515149489998,public_selection_light,selection_harvest,2032;2042;2052;2062,4,True,,41.0,3,273.32326244083157,federal;local,Baker;Columbia,3,7d5b1ac3274e06c6
289515149489998,public_thin_restore,thin_from_below_repeated,2027;2042;2057,3,True,,41.0,3,273.32326244083157,federal;local,Baker;Columbia,3,a2a8e7c52d665e38
289515157489998,family_light_thin,thin_from_below,2032,1,True,,85.0,4,9.562978262779298,private_family,Baker;Hamilton;Suwannee;Union,3,64d71d102ff93393
289515157489998,family_uneven_aged_selection,selection_harvest,2037;2052;2067,3,True,,85.0,4,9.562978262779298,private_family,Baker;Hamilton;Suwannee;Union,3,099128a040cb5ccd
289515157489998,hardwood_clearcut_regen,clearcut,2027,1,True,hardwood_regen,85.0,1,0.2223948433204488,private_industrial,Hamilton,3,4ce51b5c7ba4da13
289515157489998,no_management,no_management,,0,False,,85.0,7,13.121295755906479,federal;private_family;private_industrial;state,Baker;Columbia;Hamilton;Suwannee;Union,3,bc67b4a8fa84270f
289515157489998,public_selection_light,selection_harvest,2032;2042;2052;2062,4,True,,85.0,2,3.335922649806732,federal;state,Columbia;Hamilton,3,dfecb79ce7430fdd
289515157489998,public_thin_restore,thin_from_below_repeated,2027;2042;2057,3,True,,85.0,2,3.335922649806732,federal;state,Columbia;Hamilton,3,1b27a0200e0be634
289515176489998,hardwood_clearcut_regen,clearcut,2027,1,True,hardwood_regen,54.0,1,0.2223948433204488,private_industrial,Baker,3,e21ced7a80825c15
289515176489998,no_management,no_management,,0,False,,54.0,1,0.2223948433204488,private_industrial,Baker,3,cd3f9ef1ca211f5a
289515179489998,family_light_thin,thin_from_below,2032,1,True,,9.0,1,0.2223948433204488,private_family,Hamilton,3,0cd2b3811842dff7
289515179489998,family_uneven_aged_selection,selection_harvest,2037;2052;2067,3,True,,9.0,1,0.2223948433204488,private_family,Hamilton,3,0fb77bd7c3527683
289515179489998,no_management,no_management,,0,False,,9.0,1,0.2223948433204488,private_family,Hamilton,3,e68ac27ce16c9211
289515192489998,family_light_thin,thin_from_below,2032,1,True,,54.0,4,14.233269972508722,private_family,Baker;Columbia;Hamilton;Union,3,6870139edf735386
289515192489998,family_uneven_aged_selection,selection_harvest,2037;2052;2067,3,True,,54.0,4,14.233269972508722,private_family,Baker;Columbia;Hamilton;Union,3,4f2d0287d0cf9bff
289515192489998,no_management,no_management,,0,False,,54.0,10,36.69514914787405,federal;local;private_family;private_industrial,Baker;Columbia;Hamilton;Suwannee;Union,3,927881e857c1c1e1
289515192489998,pine_plantation_long_rotation,clearcut,2027,1,True,planted_pine_regen,54.0,7,15.790033875751865,private_family;private_industrial,Baker;Columbia;Hamilton;Suwannee;Union,3,ed2b9bb2295150cd
289515192489998,pine_plantation_short_rotation,clearcut,2027,1,True,planted_pine_regen,54.0,3,1.5567639032431415,private_industrial,Columbia;Hamilton;Suwannee,3,ed2b9bb2295150cd
289515192489998,public_selection_light,selection_harvest,2032;2042;2052;2062,4,True,,54.0,3,20.905115272122185,federal;local,Baker;Columbia,3,f6996ae63c1cbd6b
289515192489998,public_thin_restore,thin_from_below_repeated,2027;2042;2057,3,True,,54.0,3,20.905115272122185,federal;local,Baker;Columbia,3,51ad4272e19e05ce
289515321489998,family_light_thin,thin_from_below,2032,1,True,,19.0,2,12.009321539304235,private_family,Baker;Union,3,9a4025f74bc80bab
289515321489998,family_uneven_aged_selection,selection_harvest,2037;2052;2067,3,True,,19.0,2,12.009321539304235,private_family,Baker;Union,3,dee10eaba706cc80
289515321489998,hardwood_clearcut_regen,clearcut,2057,1,True,hardwood_regen,19.0,2,2.223948433204488,private_industrial,Baker;Columbia,3,8929e57f09ae25df
289515321489998,no_management,no_management,,0,False,,19.0,8,58.489843793278034,federal;local;private_family;private_industrial;state,Baker;Columbia;Union,3,dc5edeb56c490a71
289515321489998,public_selection_light,selection_harvest,2032;2042;2052;2062,4,True,,19.0,4,44.25657382076931,federal;local;state,Baker;Columbia,3,5d04fdfb4f1d4dff
289515321489998,public_thin_restore,thin_from_below_repeated,2027;2042;2057,3,True,,19.0,4,44.25657382076931,federal;local;state,Baker;Columbia,3,8adb9a1f8feb1b79
289515324489998,family_light_thin,thin_from_below,2032,1,True,,37.0,4,532.6356497524748,private_family,Columbia;Hamilton;Suwannee;Union,3,fac075bc9e3bd3c3
289515324489998,family_uneven_aged_selection,selection_harvest,2037;2052;2067,3,True,,37.0,4,532.6356497524748,private_family,Columbia;Hamilton;Suwannee;Union,3,9174f7144af52a58
289515324489998,hardwood_clearcut_regen,clearcut,2037,1,True,hardwood_regen,37.0,3,508.17221698722545,private_industrial,Columbia;Hamilton;Suwannee,3,28fc0965b8f26920
289515324489998,no_management,no_management,,0,False,,37.0,11,1083.285281813906,federal;local;private_family;private_industrial;state,Columbia;Hamilton;Suwannee;Union,3,1c25febd222577db
289515324489998,public_selection_light,selection_harvest,2032;2042;2052;2062,4,True,,37.0,4,42.477415074205716,federal;local;state,Columbia;Hamilton,3,54ea7531959e875d
289515324489998,public_thin_restore,thin_from_below_repeated,2027;2042;2057,3,True,,37.0,4,42.477415074205716,federal;local;state,Columbia;Hamilton,3,48ecda117780647f
289515325489998,family_light_thin,thin_from_below,2032,1,True,,14.0,5,331.81310623410957,private_family,Baker;Columbia;Hamilton;Suwannee;Union,3,cab3f5a09a169dc5
289515325489998,family_uneven_aged_selection,selection_harvest,2037;2052;2067,3,True,,14.0,5,331.81310623410957,private_family,Baker;Columbia;Hamilton;Suwannee;Union,3,35a0ac9860c3977f
289515325489998,no_management,no_management,,0,False,,14.0,14,454.1302700603564,federal;local;private_family;private_industrial;state,Baker;Columbia;Hamilton;Suwannee;Union,3,c53802a7bed8e922
289515325489998,pine_plantation_long_rotation,plantation_rotation,2027;2047,2,True,planted_pine_regen,14.0,11,442.1209485210522,private_family;private_industrial;state,Baker;Columbia;Hamilton;Suwannee;Union,3,277fe632cf93a973
289515325489998,pine_plantation_short_rotation,plantation_rotation,2027;2037,2,True,planted_pine_regen,14.0,5,109.64065775698126,private_industrial,Baker;Columbia;Hamilton;Suwannee;Union,3,a27370905ee8d599
289515325489998,public_selection_light,selection_harvest,2032;2042;2052;2062,4,True,,14.0,4,12.676506069265582,federal;local;state,Columbia;Hamilton;Union,3,b852d02b2e97cbb4
289515325489998,public_thin_restore,thin_from_below_repeated,2027;2042;2057,3,True,,14.0,4,12.676506069265582,federal;local;state,Columbia;Hamilton;Union,3,6dad07acb00dccdd
289515326489998,family_light_thin,thin_from_below,2032,1,True,,82.0,5,20.682720428801737,private_family,Baker;Columbia;Hamilton;Suwannee;Union,3,337cd97190765158
289515326489998,family_uneven_aged_selection,selection_harvest,2037;2052;2067,3,True,,82.0,5,20.682720428801737,private_family,Baker;Columbia;Hamilton;Suwannee;Union,3,250d15409f8c185e
289515326489998,no_management,no_management,,0,False,,82.0,14,40.25346664100123,federal;local;private_family;private_industrial;state,Baker;Columbia;Hamilton;Suwannee;Union,3,75dd18f2a3dcafa3
289515326489998,pine_plantation_long_rotation,clearcut,2027,1,True,planted_pine_regen,82.0,11,35.13838524463091,private_family;private_industrial;state,Baker;Columbia;Hamilton;Suwannee;Union,3,24bd250ef020f50f
289515326489998,pine_plantation_short_rotation,clearcut,2027,1,True,planted_pine_regen,82.0,4,13.566085442547376,private_industrial,Columbia;Hamilton;Suwannee;Union,3,24bd250ef020f50f
289515326489998,public_selection_light,selection_harvest,2032;2042;2052;2062,4,True,,82.0,5,6.0046607696521175,federal;local;state,Baker;Columbia;Hamilton;Suwannee,3,63c67383c84c5e94
289515326489998,public_thin_restore,thin_from_below_repeated,2027;2042;2057,3,True,,82.0,5,6.0046607696521175,federal;local;state,Baker;Columbia;Hamilton;Suwannee,3,b48237accf56c6dc
289515327489998,family_light_thin,thin_from_below,2032,1,True,,37.0,5,95.40738778447252,private_family,Baker;Columbia;Hamilton;Suwannee;Union,3,d936077d2830d5c1
289515327489998,family_uneven_aged_selection,selection_harvest,2037;2052;2067,3,True,,37.0,5,95.40738778447252,private_family,Baker;Columbia;Hamilton;Suwannee;Union,3,4aa268eecaadd0e8
289515327489998,hardwood_clearcut_regen,clearcut,2037,1,True,hardwood_regen,37.0,5,110.3078422869426,private_industrial,Baker;Columbia;Hamilton;Suwannee;Union,3,7ad3acbcd19521e4
289515327489998,no_management,no_management,,0,False,,37.0,16,226.84274018685775,federal;local;private_family;private_industrial;state,Baker;Columbia;Hamilton;Suwannee;Union,3,cb6b997c63cc8acc
289515327489998,public_selection_light,selection_harvest,2032;2042;2052;2062,4,True,,37.0,6,21.127510115442636,federal;local;state,Baker;Columbia;Hamilton,3,11e0f87ffc8011d0
289515327489998,public_thin_restore,thin_from_below_repeated,2027;2042;2057,3,True,,37.0,6,21.127510115442636,federal;local;state,Baker;Columbia;Hamilton,3,712c6b7b6e11f853
289515330489998,family_light_thin,thin_from_below,2032,1,True,,87.0,3,1517.6224108187425,private_family,Baker;Columbia;Union,3,5b643f16a58ba49e
289515330489998,family_uneven_aged_selection,selection_harvest,2037;2052;2067,3,True,,87.0,3,1517.6224108187425,private_family,Baker;Columbia;Union,3,efba6aaffdaba57f
289515330489998,no_management,no_management,,0,False,,87.0,11,2007.3358558103707,local;private_family;private_industrial;state,Baker;Columbia;Union,3,745213afadc169bd
289515330489998,pine_plantation_long_rotation,clearcut,2027,1,True,planted_pine_regen,87.0,8,1958.6313851231926,private_family;private_industrial;state,Baker;Columbia;Union,3,0d99ecf2d472c7ed
289515330489998,pine_plantation_short_rotation,clearcut,2027,1,True,planted_pine_regen,87.0,3,279.5503180538041,private_industrial,Baker;Columbia;Union,3,0d99ecf2d472c7ed
289515330489998,public_selection_light,selection_harvest,2032;2042;2052;2062,4,True,,87.0,5,210.1631269378241,local;state,Baker;Columbia;Union,3,ac6080b701ba6701
289515330489998,public_thin_restore,thin_from_below_repeated,2027;2042;2057,3,True,,87.0,5,210.1631269378241,local;state,Baker;Columbia;Union,3,6ee0f6a4ec8680ed
289515345489998,family_light_thin,thin_from_below,2032,1,True,,150.0,2,473.4786214292355,private_family,Baker;Union,3,8074d24f090a2389
289515345489998,family_uneven_aged_selection,selection_harvest,2037;2052;2067,3,True,,150.0,2,473.4786214292355,private_family,Baker;Union,3,9724bb5ebc9dfe7a
289515345489998,hardwood_clearcut_regen,clearcut,2027,1,True,hardwood_regen,150.0,1,356.0541441560385,private_industrial,Baker,3,fcb19f9d6b3df110
289515345489998,no_management,no_management,,0,False,,150.0,6,1035.6927853433301,local;private_family;private_industrial;state,Baker;Union,3,9779c6f286a3212d
289515345489998,public_selection_light,selection_harvest,2032;2042;2052;2062,4,True,,150.0,3,206.16001975805605,local;state,Baker;Union,3,99049b8e03810e1f
289515345489998,public_thin_restore,thin_from_below_repeated,2027;2042;2057,3,True,,150.0,3,206.16001975805605,local;state,Baker;Union,3,5ad80781bdb9ac74
289515362489998,family_light_thin,thin_from_below,2032,1,True,,56.0,2,122.76195351288774,private_family,Baker;Union,3,9a4732a7fc37de97
289515362489998,family_uneven_aged_selection,selection_harvest,2037;2052;2067,3,True,,56.0,2,122.76195351288774,private_family,Baker;Union,3,2a5e06a8ef8c10fa
289515362489998,hardwood_clearcut_regen,clearcut,2027,1,True,hardwood_regen,56.0,2,73.16790345242765,private_industrial,Baker;Union,3,e2c30c0812a4f5d6
289515362489998,no_management,no_management,,0,False,,56.0,6,201.9345177349675,local;private_family;private_industrial;state,Baker;Union,3,d63191ad9c7d99d7
289515362489998,public_selection_light,selection_harvest,2032;2042;2052;2062,4,True,,56.0,2,6.004660769652117,local;state,Union,3,02239a501e5cfcff
289515362489998,public_thin_restore,thin_from_below_repeated,2027;2042;2057,3,True,,56.0,2,6.004660769652117,local;state,Union,3,02767fc30b3329d2
289515364489998,family_light_thin,thin_from_below,2032,1,True,,43.0,1,0.4447896866408976,private_family,Baker,3,8cbecc9b5dd8b9fd
289515364489998,family_uneven_aged_selection,selection_harvest,2037;2052;2067,3,True,,43.0,1,0.4447896866408976,private_family,Baker,3,d84eb6466b8ac0dd
289515364489998,no_management,no_management,,0,False,,43.0,2,179.6950334029226,private_family;private_industrial,Baker,3,73a478fee53a115e
289515364489998,pine_plantation_long_rotation,clearcut,2027,1,True,planted_pine_regen,43.0,2,179.6950334029226,private_family;private_industrial,Baker,3,e220be994e5aff71
289515364489998,pine_plantation_short_rotation,clearcut,2027,1,True,planted_pine_regen,43.0,1,179.25024371628172,private_industrial,Baker,3,e220be994e5aff71
289515366489998,family_light_thin,thin_from_below,2032,1,True,,69.0,3,1117.3116928419347,private_family,Baker;Columbia;Union,3,410003facd55235f
289515366489998,family_uneven_aged_selection,selection_harvest,2037;2052;2067,3,True,,69.0,3,1117.3116928419347,private_family,Baker;Columbia;Union,3,ff00d357338f821f
289515366489998,hardwood_clearcut_regen,clearcut,2027,1,True,hardwood_regen,69.0,3,249.52701420554354,private_industrial,Baker;Columbia;Union,3,a3ec88805c292a55
289515366489998,no_management,no_management,,0,False,,69.0,11,1379.7376079600642,local;private_family;private_industrial;state,Baker;Columbia;Union,3,a21ab976dd24910a
289515366489998,public_selection_light,selection_harvest,2032;2042;2052;2062,4,True,,69.0,5,12.89890091258603,local;state,Baker;Columbia;Union,3,0adce5e4dbcf4305
289515366489998,public_thin_restore,thin_from_below_repeated,2027;2042;2057,3,True,,69.0,5,12.89890091258603,local;state,Baker;Columbia;Union,3,2e0e8b8af1ad7425
289515419489998,family_light_thin,thin_from_below,2032,1,True,,58.0,1,5.5598710830112195,private_family,Baker,3,3794f3bc583f0971
289515419489998,family_uneven_aged_selection,selection_harvest,2037;2052;2067,3,True,,58.0,1,5.5598710830112195,private_family,Baker,3,6ac4c8c00cf11acb
289515419489998,hardwood_clearcut_regen,clearcut,2027,1,True,hardwood_regen,58.0,2,9.34058341945885,private_industrial,Baker;Union,3,4c3de438d767786f
289515419489998,no_management,no_management,,0,False,,58.0,3,14.900454502470069,private_family;private_industrial,Baker;Union,3,81f224634c42fb11
289515421489998,family_light_thin,thin_from_below,2032,1,True,,35.0,3,81.6189074986047,private_family,Baker;Columbia;Union,3,3d5dfced97358c7e
289515421489998,family_uneven_aged_selection,selection_harvest,2037;2052;2067,3,True,,35.0,3,81.6189074986047,private_family,Baker;Columbia;Union,3,b719bcc7c5bf360f
289515421489998,hardwood_clearcut_regen,clearcut,2037,1,True,hardwood_regen,35.0,3,32.24725228146507,private_industrial,Baker;Columbia;Hamilton,3,7a88c0eebe45f709
289515421489998,no_management,no_management,,0,False,,35.0,10,529.9669116326294,federal;local;private_family;private_industrial;state,Baker;Columbia;Hamilton;Union,3,e60cbbc2771e15f5
289515421489998,public_selection_light,selection_harvest,2032;2042;2052;2062,4,True,,35.0,4,416.10075185255965,federal;local;state,Baker;Columbia,3,f277bf1192bef368
289515421489998,public_thin_restore,thin_from_below_repeated,2027;2042;2057,3,True,,35.0,4,416.10075185255965,federal;local;state,Baker;Columbia,3,4551c8bb0350b02d
289515425489998,hardwood_clearcut_regen,clearcut,2027,1,True,hardwood_regen,72.0,1,1.5567639032431415,private_industrial,Baker,3,5c1312442ef4de8c
289515425489998,no_management,no_management,,0,False,,72.0,1,1.5567639032431415,private_industrial,Baker,3,73f606588437d3bd
289515430489998,family_light_thin,thin_from_below,2032,1,True,,77.0,3,78.95016937875931,private_family,Columbia;Hamilton;Suwannee,3,09e032bc59d4db47
289515430489998,family_uneven_aged_selection,selection_harvest,2037;2052;2067,3,True,,77.0,3,78.95016937875931,private_family,Columbia;Hamilton;Suwannee,3,356ea3a46c157d81
289515430489998,no_management,no_management,,0,False,,77.0,8,104.08078667397004,local;private_family;private_industrial,Columbia;Hamilton;Suwannee,3,f89d4b152c520564
289515430489998,pine_plantation_long_rotation,clearcut,2027,1,True,planted_pine_regen,77.0,6,103.41360214400869,private_family;private_industrial,Columbia;Hamilton;Suwannee,3,b51f878105ed416b
289515430489998,pine_plantation_short_rotation,clearcut,2027,1,True,planted_pine_regen,77.0,3,24.463432765249365,private_industrial,Columbia;Hamilton;Suwannee,3,b51f878105ed416b
289515430489998,public_selection_light,selection_harvest,2032;2042;2052;2062,4,True,,77.0,2,0.6671845299613464,local,Columbia;Hamilton,3,872f5811a6bd11e7
289515430489998,public_thin_restore,thin_from_below_repeated,2027;2042;2057,3,True,,77.0,2,0.6671845299613464,local,Columbia;Hamilton,3,37b7ab1bd9cb1154
289515437489998,family_light_thin,thin_from_below,2032,1,True,,35.0,2,1.3343690599226927,private_family,Columbia;Union,3,53c92de35277f0fd
289515437489998,family_uneven_aged_selection,selection_harvest,2037;2052;2067,3,True,,35.0,2,1.3343690599226927,private_family,Columbia;Union,3,b7db526f5f6a0b97
289515437489998,hardwood_clearcut_regen,clearcut,2037,1,True,hardwood_regen,35.0,1,1.111974216602244,private_industrial,Union,3,31ff74e88ddcc343
289515437489998,no_management,no_management,,0,False,,35.0,3,2.446343276524937,private_family;private_industrial,Columbia;Union,3,6bf7e4da7aabb692
289515438489998,family_light_thin,thin_from_below,2032,1,True,,18.0,3,139.4415667619214,private_family,Baker;Columbia;Union,3,63eb55b3097a5eba
289515438489998,family_uneven_aged_selection,selection_harvest,2037;2052;2067,3,True,,18.0,3,139.4415667619214,private_family,Baker;Columbia;Union,3,a6faf57b9fc08f4d
289515438489998,no_management,no_management,,0,False,,18.0,6,824.8624738755445,federal;private_family;private_industrial,Baker;Columbia;Union,3,e96870e07a0679ad
289515438489998,pine_plantation_long_rotation,plantation_rotation,2027;2042,2,True,planted_pine_regen,18.0,5,201.26733320500614,private_family;private_industrial,Baker;Columbia;Union,3,d53952a1dc7daab3
289515438489998,pine_plantation_short_rotation,plantation_rotation,2027;2032,2,True,planted_pine_regen,18.0,2,61.82576644308476,private_industrial,Baker;Columbia,3,dda675f523599589
289515438489998,public_selection_light,selection_harvest,2032;2042;2052;2062,4,True,,18.0,1,623.5951406705384,federal,Columbia,3,5ab7b93dc5ea865b
289515438489998,public_thin_restore,thin_from_below_repeated,2027;2042;2057,3,True,,18.0,1,623.5951406705384,federal,Columbia,3,4972589dd57a06ab
289515455489998,no_management,no_management,,0,False,,36.0,2,1.111974216602244,federal,Baker;Columbia,3,57e2a5a70c6ca29c
289515455489998,public_selection_light,selection_harvest,2032;2042;2052;2062,4,True,,36.0,2,1.111974216602244,federal,Baker;Columbia,3,d5044ec6bcb236c6
289515455489998,public_thin_restore,thin_from_below_repeated,2027;2042;2057,3,True,,36.0,2,1.111974216602244,federal,Baker;Columbia,3,af02b3a792c525c6
289515485489998,family_light_thin,thin_from_below,2032,1,True,,20.0,4,390.97013455734896,private_family,Baker;Columbia;Hamilton;Suwannee,3,81aad22ae2649200
289515485489998,family_uneven_aged_selection,selection_harvest,2037;2052;2067,3,True,,20.0,4,390.97013455734896,private_family,Baker;Columbia;Hamilton;Suwannee,3,69ccb154fafb08f0
289515485489998,hardwood_clearcut_regen,clearcut,2052,1,True,hardwood_regen,20.0,4,48.92686553049873,private_industrial,Baker;Columbia;Hamilton;Suwannee,3,df24ebedf8a20896
289515485489998,no_management,no_management,,0,False,,20.0,12,459.46774630004717,federal;local;private_family;private_industrial,Baker;Columbia;Hamilton;Suwannee,3,1821aaec1474602b
289515485489998,public_selection_light,selection_harvest,2032;2042;2052;2062,4,True,,20.0,4,19.570746212199495,federal;local,Columbia;Hamilton;Suwannee,3,d22005c9417e125a
289515485489998,public_thin_restore,thin_from_below_repeated,2027;2042;2057,3,True,,20.0,4,19.570746212199495,federal;local,Columbia;Hamilton;Suwannee,3,a205e57f3ef0eeaf
289515496489998,family_light_thin,thin_from_below,2032,1,True,,23.0,2,745.6899096534648,private_family,Columbia;Suwannee,3,bc10f52d27cd6075
289515496489998,family_uneven_aged_selection,selection_harvest,2037;2052;2067,3,True,,23.0,2,745.6899096534648,private_family,Columbia;Suwannee,3,556154a4d3699437
289515496489998,no_management,no_management,,0,False,,23.0,6,945.4004789552279,local;private_family;private_industrial;state,Columbia;Suwannee,3,aacc0e8d6dfbb281
289515496489998,pine_plantation_long_rotation,plantation_rotation,2027;2037,2,True,planted_pine_regen,23.0,5,944.5108995819461,private_family;private_industrial;state,Columbia;Suwannee,3,952c0a06eeb77c00
289515496489998,pine_plantation_short_rotation,clearcut,2027,1,True,planted_pine_regen,23.0,2,189.03561682238146,private_industrial,Columbia;Suwannee,3,ca14408352b1defe
289515496489998,public_selection_light,selection_harvest,2032;2042;2052;2062,4,True,,23.0,2,10.674952479381542,local;state,Suwannee,3,d780effbde6024d7
289515496489998,public_thin_restore,thin_from_below_repeated,2027;2042;2057,3,True,,23.0,2,10.674952479381542,local;state,Suwannee,3,74ce477d01c467e7
289515526489998,family_light_thin,thin_from_below,2032,1,True,,36.0,1,87.17877858161593,private_family,Hamilton,3,cb61094a2237e271
289515526489998,family_uneven_aged_selection,selection_harvest,2037;2052;2067,3,True,,36.0,1,87.17877858161593,private_family,Hamilton,3,f2d72313ae93623d
289515526489998,no_management,no_management,,0,False,,36.0,2,198.15380539851986,private_family;private_industrial,Hamilton,3,beabdf57870f4e97
289515526489998,pine_plantation_long_rotation,clearcut,2027,1,True,planted_pine_regen,36.0,2,198.15380539851986,private_family;private_industrial,Hamilton,3,b29451ea338b0685
289515526489998,pine_plantation_short_rotation,clearcut,2027,1,True,planted_pine_regen,36.0,1,110.97502681690395,private_industrial,Hamilton,3,b29451ea338b0685
289515533489998,family_light_thin,thin_from_below,2032,1,True,,17.0,3,8.006214359536155,private_family,Columbia;Suwannee;Union,3,af8e625993745d5c
289515533489998,family_uneven_aged_selection,selection_harvest,2037;2052;2067,3,True,,17.0,3,8.006214359536155,private_family,Columbia;Suwannee;Union,3,306b0ed084001dfd
289515533489998,hardwood_clearcut_regen,clearcut,2057,1,True,hardwood_regen,17.0,2,0.6671845299613464,private_industrial,Columbia;Suwannee,3,7ea9e5f49e206cc8
289515533489998,no_management,no_management,,0,False,,17.0,7,9.340583419458849,local;private_family;private_industrial,Columbia;Suwannee;Union,3,464fc9a2f478def7
289515533489998,public_selection_light,selection_harvest,2032;2042;2052;2062,4,True,,17.0,2,0.6671845299613464,local,Columbia;Suwannee,3,ad53338bb913032b
289515533489998,public_thin_restore,thin_from_below_repeated,2027;2042;2057,3,True,,17.0,2,0.6671845299613464,local,Columbia;Suwannee,3,5ba910b4ecd5ba90
289515538489998,family_light_thin,thin_from_below,2032,1,True,,53.0,1,0.2223948433204488,private_family,Suwannee,3,3144739faf948bf7
289515538489998,family_uneven_aged_selection,selection_harvest,2037;2052;2067,3,True,,53.0,1,0.2223948433204488,private_family,Suwannee,3,f4121f2d3822ce08
289515538489998,no_management,no_management,,0,False,,53.0,3,1.5567639032431415,private_family;private_industrial,Columbia;Suwannee,3,6bcc64ee26f33492
289515538489998,pine_plantation_long_rotation,clearcut,2027,1,True,planted_pine_regen,53.0,3,1.5567639032431415,private_family;private_industrial,Columbia;Suwannee,3,6425f54f0c6151b2
289515538489998,pine_plantation_short_rotation,clearcut,2027,1,True,planted_pine_regen,53.0,2,1.3343690599226927,private_industrial,Columbia;Suwannee,3,6425f54f0c6151b2
289515540489998,family_light_thin,thin_from_below,2032,1,True,,67.0,2,30.91288322154238,private_family,Baker;Columbia,3,43f0a149c807e0bd
289515540489998,family_uneven_aged_selection,selection_harvest,2037;2052;2067,3,True,,67.0,2,30.91288322154238,private_family,Baker;Columbia,3,672dce15c7d2c64a
289515540489998,hardwood_clearcut_regen,clearcut,2027,1,True,hardwood_regen,67.0,1,7.116634986254361,private_industrial,Baker,3,4162a4d3bdc6c653
289515540489998,no_management,no_management,,0,False,,67.0,4,50.706024277062326,local;private_family;private_industrial,Baker;Columbia,3,7f70945245030841
289515540489998,public_selection_light,selection_harvest,2032;2042;2052;2062,4,True,,67.0,1,12.676506069265582,local,Baker,3,43d443a5763d1f43
289515540489998,public_thin_restore,thin_from_below_repeated,2027;2042;2057,3,True,,67.0,1,12.676506069265582,local,Baker,3,d032210b641b8487
289515543489998,family_light_thin,thin_from_below,2032,1,True,,89.0,2,1.5567639032431415,private_family,Columbia;Suwannee,3,1c8d43a98babb9cd
289515543489998,family_uneven_aged_selection,selection_harvest,2037;2052;2067,3,True,,89.0,2,1.5567639032431415,private_family,Columbia;Suwannee,3,3bf4a12f97c88696
289515543489998,no_management,no_management,,0,False,,89.0,2,1.5567639032431415,private_family,Columbia;Suwannee,3,1a36b2f55e04a171
289515552489998,family_light_thin,thin_from_below,2032,1,True,,13.0,3,13.788480285867823,private_family,Baker;Hamilton;Union,3,b07d9c086e00fca4
289515552489998,family_uneven_aged_selection,selection_harvest,2037;2052;2067,3,True,,13.0,3,13.788480285867823,private_family,Baker;Hamilton;Union,3,93d224fc84156038
289515552489998,no_management,no_management,,0,False,,13.0,6,17.124402935674556,federal;private_family;private_industrial,Baker;Hamilton;Union,3,1f398810907514f2
289515552489998,pine_plantation_long_rotation,plantation_rotation,2027;2047,2,True,planted_pine_regen,13.0,5,16.90200809235411,private_family;private_industrial,Baker;Hamilton;Union,3,553fda4563a7fbce
289515552489998,pine_plantation_short_rotation,plantation_rotation,2027;2037,2,True,planted_pine_regen,13.0,2,3.113527806486283,private_industrial,Baker;Hamilton,3,f0ad1e5ef2cd1b2b
289515552489998,public_selection_light,selection_harvest,2032;2042;2052;2062,4,True,,13.0,1,0.2223948433204488,federal,Baker,3,d75134d99c0029ab
289515552489998,public_thin_restore,thin_from_below_repeated,2027;2042;2057,3,True,,13.0,1,0.2223948433204488,federal,Baker,3,974287ae8b30f5f1
289515560489998,family_light_thin,thin_from_below,2032,1,True,,103.0,1,107.63910416709722,private_family,Baker,3,4add6995d916932b
289515560489998,family_uneven_aged_selection,selection_harvest,2037;2052;2067,3,True,,103.0,1,107.63910416709722,private_family,Baker,3,6749f6a7250e01ce
289515560489998,hardwood_clearcut_regen,clearcut,2027,1,True,hardwood_regen,103.0,1,72.0559292358254,private_industrial,Baker,3,a34277a1aa62ae10
289515560489998,no_management,no_management,,0,False,,103.0,3,231.95782158322808,local;private_family;private_industrial,Baker,3,5bd78d17455406a8
289515560489998,public_selection_light,selection_harvest,2032;2042;2052;2062,4,True,,103.0,1,52.26278818030546,local,Baker,3,eb2d6a4f0db3263b
289515560489998,public_thin_restore,thin_from_below_repeated,2027;2042;2057,3,True,,103.0,1,52.26278818030546,local,Baker,3,09a7794172431689
289515563489998,family_light_thin,thin_from_below,2032,1,True,,12.0,1,394.97324173711706,private_family,Hamilton,3,9e487e008aac20ff
289515563489998,family_uneven_aged_selection,selection_harvest,2037;2052;2067,3,True,,12.0,1,394.97324173711706,private_family,Hamilton,3,c8ced8c375fb7b42
289515563489998,no_management,no_management,,0,False,,12.0,3,510.39616542042995,local;private_family;private_industrial,Hamilton,3,de46492e10c225b5
289515563489998,pine_plantation_long_rotation,plantation_rotation,2032;2047,2,True,planted_pine_regen,12.0,2,505.72587371070057,private_family;private_industrial,Hamilton,3,a7fded8ad8afc5db
289515563489998,pine_plantation_short_rotation,plantation_rotation,2027;2037,2,True,planted_pine_regen,12.0,1,110.75263197358349,private_industrial,Hamilton,3,e606805be273063d
289515563489998,public_selection_light,selection_harvest,2032;2042;2052;2062,4,True,,12.0,1,4.670291709729424,local,Hamilton,3,845256b6536035a1
289515563489998,public_thin_restore,thin_from_below_repeated,2027;2042;2057,3,True,,12.0,1,4.670291709729424,local,Hamilton,3,01a8bce93e07e648
289515568489998,family_light_thin,thin_from_below,2032,1,True,,11.0,4,19.793141055519943,private_family,Columbia;Hamilton;Suwannee;Union,3,82e3e4fffc1dcb21
289515568489998,family_uneven_aged_selection,selection_harvest,2037;2052;2067,3,True,,11.0,4,19.793141055519943,private_family,Columbia;Hamilton;Suwannee;Union,3,92d2a8f1bb3e6497
289515568489998,no_management,no_management,,0,False,,11.0,10,23.351458548647123,federal;local;private_family;private_industrial,Columbia;Hamilton;Suwannee;Union,3,632adf018c40818c
289515568489998,pine_plantation_long_rotation,plantation_rotation,2032;2047,2,True,planted_pine_regen,11.0,7,22.01708948872443,private_family;private_industrial,Columbia;Hamilton;Suwannee;Union,3,858eb90d4b73b93b
289515568489998,pine_plantation_short_rotation,plantation_rotation,2027;2037,2,True,planted_pine_regen,11.0,3,2.223948433204488,private_industrial,Columbia;Suwannee;Union,3,0b136e34dc888e07
289515568489998,public_selection_light,selection_harvest,2032;2042;2052;2062,4,True,,11.0,3,1.3343690599226927,federal;local,Columbia;Union,3,19b38618d61f96cf
289515568489998,public_thin_restore,thin_from_below_repeated,2027;2042;2057,3,True,,11.0,3,1.3343690599226927,federal;local,Columbia;Union,3,0637555ec1cc7eaf
289515570489998,family_light_thin,thin_from_below,2032,1,True,,15.0,4,253.53012138531162,private_family,Baker;Columbia;Suwannee;Union,3,5962f3672ea22c4b
289515570489998,family_uneven_aged_selection,selection_harvest,2037;2052;2067,3,True,,15.0,4,253.53012138531162,private_family,Baker;Columbia;Suwannee;Union,3,488c0f7574b92096
289515570489998,no_management,no_management,,0,False,,15.0,10,314.9110981417555,local;private_family;private_industrial;state,Baker;Columbia;Suwannee;Union,3,ed1c09de9569d27f
289515570489998,pine_plantation_long_rotation,plantation_rotation,2027;2042,2,True,planted_pine_regen,15.0,9,314.68870329843503,private_family;private_industrial;state,Baker;Columbia;Suwannee;Union,3,f300c532b4a76c81
289515570489998,pine_plantation_short_rotation,plantation_rotation,2027;2032,2,True,planted_pine_regen,15.0,4,57.600264419996236,private_industrial,Baker;Columbia;Suwannee;Union,3,a9e9b995b18ecfac
289515570489998,public_selection_light,selection_harvest,2032;2042;2052;2062,4,True,,15.0,2,3.780712336447629,local;state,Columbia;Suwannee,3,2a662f10306417c9
289515570489998,public_thin_restore,thin_from_below_repeated,2027;2042;2057,3,True,,15.0,2,3.780712336447629,local;state,Columbia;Suwannee,3,1ac6decf26cd9069
289515602489998,family_light_thin,thin_from_below,2032,1,True,,71.0,4,4.003107179768078,private_family,Baker;Columbia;Hamilton;Suwannee,3,0b1664a0d94d1894
289515602489998,family_uneven_aged_selection,selection_harvest,2037;2052;2067,3,True,,71.0,4,4.003107179768078,private_family,Baker;Columbia;Hamilton;Suwannee,3,82ea4f8131b75e00
289515602489998,no_management,no_management,,0,False,,71.0,7,9.785373106099746,private_family;private_industrial,Baker;Columbia;Hamilton;Suwannee,3,c24ffd548cef6ab7
289515602489998,pine_plantation_long_rotation,clearcut,2027,1,True,planted_pine_regen,71.0,7,9.785373106099746,private_family;private_industrial,Baker;Columbia;Hamilton;Suwannee,3,5ab3ca5f1561bef0
289515602489998,pine_plantation_short_rotation,clearcut,2027,1,True,planted_pine_regen,71.0,3,5.782265926331668,private_industrial,Baker;Columbia;Suwannee,3,5ab3ca5f1561bef0
289515625489998,family_light_thin,thin_from_below,2032,1,True,,30.0,3,4.225502023088527,private_family,Baker;Suwannee;Union,3,89d8d26c8fabebe2
289515625489998,family_uneven_aged_selection,selection_harvest,2037;2052;2067,3,True,,30.0,3,4.225502023088527,private_family,Baker;Suwannee;Union,3,f9f6a36a05db29fe
289515625489998,no_management,no_management,,0,False,,30.0,5,5.115081396370321,private_family;private_industrial,Baker;Suwannee;Union,3,ec7c333fd82a7473
289515625489998,pine_plantation_long_rotation,clearcut,2027,1,True,planted_pine_regen,30.0,5,5.115081396370321,private_family;private_industrial,Baker;Suwannee;Union,3,7c6e30d55407bf52
289515625489998,pine_plantation_short_rotation,clearcut,2027,1,True,planted_pine_regen,30.0,2,0.8895793732817951,private_industrial,Baker;Union,3,7c6e30d55407bf52
289515723489998,family_light_thin,thin_from_below,2032,1,True,,15.0,3,2194.1475241995477,private_family,Columbia;Suwannee;Union,3,1499a73a946060ed
289515723489998,family_uneven_aged_selection,selection_harvest,2037;2052;2067,3,True,,15.0,3,2194.1475241995477,private_family,Columbia;Suwannee;Union,3,3be44a05796f7dc4
289515723489998,hardwood_clearcut_regen,clearcut,2057,1,True,hardwood_regen,15.0,3,267.3186016711794,private_industrial,Columbia;Suwannee;Union,3,4ce873c4737310ed
289515723489998,no_management,no_management,,0,False,,15.0,13,2491.9342194056285,federal;local;private_family;private_industrial;state,Columbia;Suwannee;Union,3,52fe2f57b35fae35
289515723489998,public_selection_light,selection_harvest,2032;2042;2052;2062,4,True,,15.0,7,30.468093534901485,federal;local;state,Columbia;Suwannee;Union,3,21933077db8a9832
289515723489998,public_thin_restore,thin_from_below_repeated,2027;2042;2057,3,True,,15.0,7,30.468093534901485,federal;local;state,Columbia;Suwannee;Union,3,e87117abf61fbbff
289515725489998,family_light_thin,thin_from_below,2032,1,True,,37.0,4,13929.47861653299,private_family,Baker;Columbia;Hamilton;Suwannee,3,2a14f198137b3b90
289515725489998,family_uneven_aged_selection,selection_harvest,2037;2052;2067,3,True,,37.0,4,13929.47861653299,private_family,Baker;Columbia;Hamilton;Suwannee,3,bdfc1daa9466a0f2
289515725489998,hardwood_clearcut_regen,clearcut,2037,1,True,hardwood_regen,37.0,4,5101.292916084454,private_industrial,Baker;Columbia;Hamilton;Suwannee,3,5e4494d64b084eeb
289515725489998,no_management,no_management,,0,False,,37.0,20,20922.017280214543,federal;local;private_family;private_industrial;state,Baker;Columbia;Hamilton;Suwannee,3,65b4c4e0b477d2d3
289515725489998,public_selection_light,selection_harvest,2032;2042;2052;2062,4,True,,37.0,12,1891.2457475970964,federal;local;state,Baker;Columbia;Hamilton;Suwannee,3,0b662cbb833b0c08
289515725489998,public_thin_restore,thin_from_below_repeated,2027;2042;2057,3,True,,37.0,12,1891.2457475970964,federal;local;state,Baker;Columbia;Hamilton;Suwannee,3,66a3c87096ff2db6
289515730489998,family_light_thin,thin_from_below,2032,1,True,,29.0,1,0.4447896866408976,private_family,Baker,3,b3072adb8b641a15
289515730489998,family_uneven_aged_selection,selection_harvest,2037;2052;2067,3,True,,29.0,1,0.4447896866408976,private_family,Baker,3,0bca0981236a96a5
289515730489998,no_management,no_management,,0,False,,29.0,1,0.4447896866408976,private_family,Baker,3,c6bb2ac8558ead7f
289515730489998,pine_plantation_long_rotation,plantation_rotation,2027;2032,2,True,planted_pine_regen,29.0,1,0.4447896866408976,private_family,Baker,3,588280347e480217
289515746489998,family_light_thin,thin_from_below,2032,1,True,,24.0,1,1.3343690599226927,private_family,Hamilton,3,f0647e733d749326
289515746489998,family_uneven_aged_selection,selection_harvest,2037;2052;2067,3,True,,24.0,1,1.3343690599226927,private_family,Hamilton,3,343c252acb6b9131
289515746489998,no_management,no_management,,0,False,,24.0,3,2.446343276524937,private_family;private_industrial,Baker;Hamilton,3,806c3225145640ef
289515746489998,pine_plantation_long_rotation,plantation_rotation,2027;2037,2,True,planted_pine_regen,24.0,3,2.446343276524937,private_family;private_industrial,Baker;Hamilton,3,d5c453e29cccbfcc
289515746489998,pine_plantation_short_rotation,clearcut,2027,1,True,planted_pine_regen,24.0,2,1.111974216602244,private_industrial,Baker;Hamilton,3,a39381aa04fc925a
289515763489998,family_light_thin,thin_from_below,2032,1,True,,11.0,4,6.449450456293015,private_family,Columbia;Hamilton;Suwannee;Union,3,9adbc1318e4e9109
289515763489998,family_uneven_aged_selection,selection_harvest,2037;2052;2067,3,True,,11.0,4,6.449450456293015,private_family,Columbia;Hamilton;Suwannee;Union,3,86e7923a5b545592
289515763489998,no_management,no_management,,0,False,,11.0,9,9.118188576138401,private_family;private_industrial;state,Baker;Columbia;Hamilton;Suwannee;Union,3,063cb529104b9128
289515763489998,pine_plantation_long_rotation,plantation_rotation,2032;2047,2,True,planted_pine_regen,11.0,9,9.118188576138401,private_family;private_industrial;state,Baker;Columbia;Hamilton;Suwannee;Union,3,e3238ae3904545b2
289515763489998,pine_plantation_short_rotation,plantation_rotation,2027;2037,2,True,planted_pine_regen,11.0,4,2.223948433204488,private_industrial,Baker;Columbia;Suwannee;Union,3,e96c0272020f8ce6
289515763489998,public_selection_light,selection_harvest,2032;2042;2052;2062,4,True,,11.0,1,0.4447896866408976,state,Union,3,02f6eb4608973f60
289515763489998,public_thin_restore,thin_from_below_repeated,2027;2042;2057,3,True,,11.0,1,0.4447896866408976,state,Union,3,d8cfbb0932557789
289515771489998,family_light_thin,thin_from_below,2032,1,True,,42.0,5,81.84130234192516,private_family,Baker;Columbia;Hamilton;Suwannee;Union,3,c2ad25b7ce3aae12
289515771489998,family_uneven_aged_selection,selection_harvest,2037;2052;2067,3,True,,42.0,5,81.84130234192516,private_family,Baker;Columbia;Hamilton;Suwannee;Union,3,a39a6198fcf73403
289515771489998,hardwood_clearcut_regen,clearcut,2032,1,True,hardwood_regen,42.0,5,42.92220476084662,private_industrial,Baker;Columbia;Hamilton;Suwannee;Union,3,5e0a63156cd1a19a
289515771489998,no_management,no_management,,0,False,,42.0,16,127.87703490925806,federal;local;private_family;private_industrial;state,Baker;Columbia;Hamilton;Suwannee;Union,3,91eca36400af8fd5
289515771489998,public_selection_light,selection_harvest,2032;2042;2052;2062,4,True,,42.0,6,3.113527806486283,federal;local;state,Baker;Columbia;Union,3,51b9654d7fdb33db
289515771489998,public_thin_restore,thin_from_below_repeated,2027;2042;2057,3,True,,42.0,6,3.113527806486283,federal;local;state,Baker;Columbia;Union,3,89d50a985a55cbcd
289515773489998,family_light_thin,thin_from_below,2032,1,True,,21.0,2,259.08999246832286,private_family,Columbia;Union,3,9d8c7fdf38492790
289515773489998,family_uneven_aged_selection,selection_harvest,2037;2052;2067,3,True,,21.0,2,259.08999246832286,private_family,Columbia;Union,3,5e5472d03c20d7c9
289515773489998,no_management,no_management,,0,False,,21.0,6,297.1195106761196,local;private_family;private_industrial;state,Columbia;Union,3,643399ec1ebd424a
289515773489998,pine_plantation_long_rotation,plantation_rotation,2027;2037,2,True,planted_pine_regen,21.0,5,294.8955622429151,private_family;private_industrial;state,Columbia;Union,3,4ad0aa3b61d301a7
289515773489998,pine_plantation_short_rotation,clearcut,2027,1,True,planted_pine_regen,21.0,2,20.905115272122185,private_industrial,Columbia;Union,3,9b401e96e23745aa
289515773489998,public_selection_light,selection_harvest,2032;2042;2052;2062,4,True,,21.0,2,17.124402935674556,local;state,Columbia;Union,3,f4640f97f6d8485f
289515773489998,public_thin_restore,thin_from_below_repeated,2027;2042;2057,3,True,,21.0,2,17.124402935674556,local;state,Columbia;Union,3,43c62bb2b43fc903
289515776489998,family_light_thin,thin_from_below,2032,1,True,,52.0,5,22.906668862006224,private_family,Baker;Columbia;Hamilton;Suwannee;Union,3,1a8bf4bc4b65dd6a
289515776489998,family_uneven_aged_selection,selection_harvest,2037;2052;2067,3,True,,52.0,5,22.906668862006224,private_family,Baker;Columbia;Hamilton;Suwannee;Union,3,a8288df41b61ed93
289515776489998,hardwood_clearcut_regen,clearcut,2027,1,True,hardwood_regen,52.0,4,20.682720428801737,private_industrial,Baker;Columbia;Hamilton;Suwannee,3,d0cd521abfc770cc
289515776489998,no_management,no_management,,0,False,,52.0,12,46.25812741065335,local;private_family;private_industrial,Baker;Columbia;Hamilton;Suwannee;Union,3,17ca76fc90b0ea2e
289515776489998,public_selection_light,selection_harvest,2032;2042;2052;2062,4,True,,52.0,3,2.6687381198453854,local,Baker;Columbia;Suwannee,3,03891e008a1c709f
289515776489998,public_thin_restore,thin_from_below_repeated,2027;2042;2057,3,True,,52.0,3,2.6687381198453854,local,Baker;Columbia;Suwannee,3,a20ae20274e0f934
289515792489998,family_light_thin,thin_from_below,2032,1,True,,50.0,4,889.1345835951543,private_family,Baker;Hamilton;Suwannee;Union,3,2f7389e68b905405
289515792489998,family_uneven_aged_selection,selection_harvest,2037;2052;2067,3,True,,50.0,4,889.1345835951543,private_family,Baker;Hamilton;Suwannee;Union,3,3a450d725f474b5a
289515792489998,hardwood_clearcut_regen,clearcut,2027,1,True,hardwood_regen,50.0,3,4.225502023088527,private_industrial,Baker;Columbia;Suwannee,3,8db86b8e66535c51
289515792489998,no_management,no_management,,0,False,,50.0,10,992.3257908958425,federal;private_family;private_industrial;state,Baker;Columbia;Hamilton;Suwannee;Union,3,c3efe74b60575591
289515792489998,public_selection_light,selection_harvest,2032;2042;2052;2062,4,True,,50.0,3,98.96570527759971,federal;state,Baker;Columbia;Hamilton,3,2d5ef0b4c3fc98d0
289515792489998,public_thin_restore,thin_from_below_repeated,2027;2042;2057,3,True,,50.0,3,98.96570527759971,federal;state,Baker;Columbia;Hamilton,3,a71b21ac82563125
289515793489998,family_light_thin,thin_from_below,2032,1,True,,36.0,3,159.90189234740268,private_family,Baker;Columbia;Union,3,31d0880af95311a4
289515793489998,family_uneven_aged_selection,selection_harvest,2037;2052;2067,3,True,,36.0,3,159.90189234740268,private_family,Baker;Columbia;Union,3,a70a1a5e02d89f29
289515793489998,hardwood_clearcut_regen,clearcut,2037,1,True,hardwood_regen,36.0,2,116.97968758655605,private_industrial,Baker;Union,3,bcdf50d78ccdfc35
289515793489998,no_management,no_management,,0,False,,36.0,7,297.34190551944,local;private_family;private_industrial;state,Baker;Columbia;Union,3,b37e7d64c837ada7
289515793489998,public_selection_light,selection_harvest,2032;2042;2052;2062,4,True,,36.0,2,20.460325585481286,local;state,Union,3,062ca177ff590cfc
289515793489998,public_thin_restore,thin_from_below_repeated,2027;2042;2057,3,True,,36.0,2,20.460325585481286,local;state,Union,3,a21e87bb1cea24d6
289515810489998,family_light_thin,thin_from_below,2032,1,True,,55.0,1,1.7791587465635903,private_family,Baker,3,4bf341c81eda2c42
289515810489998,family_uneven_aged_selection,selection_harvest,2037;2052;2067,3,True,,55.0,1,1.7791587465635903,private_family,Baker,3,6f07d28b6f073d3e
289515810489998,hardwood_clearcut_regen,clearcut,2027,1,True,hardwood_regen,55.0,1,0.6671845299613464,private_industrial,Baker,3,ef4231aa1db53cd6
289515810489998,no_management,no_management,,0,False,,55.0,3,2.6687381198453854,local;private_family;private_industrial,Baker,3,2b4d270784cbecaf
289515810489998,public_selection_light,selection_harvest,2032;2042;2052;2062,4,True,,55.0,1,0.2223948433204488,local,Baker,3,26869d832aa9269f
289515810489998,public_thin_restore,thin_from_below_repeated,2027;2042;2057,3,True,,55.0,1,0.2223948433204488,local,Baker,3,2b598f5abd8ee763
289515849489998,family_light_thin,thin_from_below,2032,1,True,,27.0,1,0.2223948433204488,private_family,Hamilton,3,b4c97188665a1ba1
289515849489998,family_uneven_aged_selection,selection_harvest,2037;2052;2067,3,True,,27.0,1,0.2223948433204488,private_family,Hamilton,3,3f0e0d7e55b6ce6d
289515849489998,no_management,no_management,,0,False,,27.0,1,0.2223948433204488,private_family,Hamilton,3,ff3b522ad66b1bcf
289515931489998,family_light_thin,thin_from_below,2032,1,True,,51.0,3,752.1393601097578,private_family,Baker;Columbia;Union,3,4df7308bbcc9f8e5
289515931489998,family_uneven_aged_selection,selection_harvest,2037;2052;2067,3,True,,51.0,3,752.1393601097578,private_family,Baker;Columbia;Union,3,4b8b905995e02511
289515931489998,hardwood_clearcut_regen,clearcut,2027,1,True,hardwood_regen,51.0,3,116.53489789991517,private_industrial,Baker;Columbia;Union,3,027e05c5fe2b2093
289515931489998,no_management,no_management,,0,False,,51.0,9,878.6820259590932,local;private_family;private_industrial;state,Baker;Columbia;Union,3,8cfad50a930bde9d
289515931489998,public_selection_light,selection_harvest,2032;2042;2052;2062,4,True,,51.0,3,10.007767949420195,local;state,Baker;Columbia;Union,3,98fe8cbbf67d75cf
289515931489998,public_thin_restore,thin_from_below_repeated,2027;2042;2057,3,True,,51.0,3,10.007767949420195,local;state,Baker;Columbia;Union,3,37565c7dcfa90acd
289515933489998,family_light_thin,thin_from_below,2032,1,True,,108.0,4,49.59405006046008,private_family,Baker;Columbia;Suwannee;Union,3,d93307c7758ce8ad
289515933489998,family_uneven_aged_selection,selection_harvest,2037;2052;2067,3,True,,108.0,4,49.59405006046008,private_family,Baker;Columbia;Suwannee;Union,3,286dda3b006ab27e
289515933489998,hardwood_clearcut_regen,clearcut,2027,1,True,hardwood_regen,108.0,4,21.57229980208353,private_industrial,Baker;Columbia;Suwannee;Union,3,9f72a9cc3c9df176
289515933489998,no_management,no_management,,0,False,,108.0,11,73.61269313906855,local;private_family;private_industrial,Baker;Columbia;Suwannee;Union,3,2ce06b85d078e5a5
289515933489998,public_selection_light,selection_harvest,2032;2042;2052;2062,4,True,,108.0,3,2.446343276524937,local,Baker;Columbia;Union,3,ed3617d5b4f8b670
289515933489998,public_thin_restore,thin_from_below_repeated,2027;2042;2057,3,True,,108.0,3,2.446343276524937,local,Baker;Columbia;Union,3,e4d85e6f7750c027
289515934489998,family_light_thin,thin_from_below,2032,1,True,,14.0,2,59.82421285320072,private_family,Baker;Union,3,00f39eb45628bade
289515934489998,family_uneven_aged_selection,selection_harvest,2037;2052;2067,3,True,,14.0,2,59.82421285320072,private_family,Baker;Union,3,d37f4d6ae8ce4a2a
289515934489998,hardwood_clearcut_regen,clearcut,2062,1,True,hardwood_regen,14.0,2,12.89890091258603,private_industrial,Baker;Columbia,3,4b4b3bd93b95f55a
289515934489998,no_management,no_management,,0,False,,14.0,8,315.5782826717168,federal;local;private_family;private_industrial;state,Baker;Columbia;Union,3,fd169ff50d9b3200
289515934489998,public_selection_light,selection_harvest,2032;2042;2052;2062,4,True,,14.0,4,242.85516890593007,federal;local;state,Baker;Columbia,3,12a9ab15cc59f93d
289515934489998,public_thin_restore,thin_from_below_repeated,2027;2042;2057,3,True,,14.0,4,242.85516890593007,federal;local;state,Baker;Columbia,3,6e0233795c4a9500
289515944489998,family_light_thin,thin_from_below,2032,1,True,,67.0,5,1914.3748113024233,private_family,Baker;Columbia;Hamilton;Suwannee;Union,3,fc28a691bea19d00
289515944489998,family_uneven_aged_selection,selection_harvest,2037;2052;2067,3,True,,67.0,5,1914.3748113024233,private_family,Baker;Columbia;Hamilton;Suwannee;Union,3,77e77086b02c177d
289515944489998,hardwood_clearcut_regen,clearcut,2027,1,True,hardwood_regen,67.0,5,941.1749769321393,private_industrial,Baker;Columbia;Hamilton;Suwannee;Union,3,c349003e819bab5f
289515944489998,no_management,no_management,,0,False,,67.0,18,3204.0425077177056,federal;local;private_family;private_industrial;state,Baker;Columbia;Hamilton;Suwannee;Union,3,fcd31b3f08baf9aa
289515944489998,public_selection_light,selection_harvest,2032;2042;2052;2062,4,True,,67.0,8,348.4927194831432,federal;local;state,Baker;Columbia;Hamilton;Suwannee;Union,3,9ada673c09b7ff9a
289515944489998,public_thin_restore,thin_from_below_repeated,2027;2042;2057,3,True,,67.0,8,348.4927194831432,federal;local;state,Baker;Columbia;Hamilton;Suwannee;Union,3,7fc70866a6dff625
289515945489998,family_light_thin,thin_from_below,2032,1,True,,71.0,3,5.5598710830112195,private_family,Baker;Columbia;Union,3,5ff805c80eab92db
289515945489998,family_uneven_aged_selection,selection_harvest,2037;2052;2067,3,True,,71.0,3,5.5598710830112195,private_family,Baker;Columbia;Union,3,4366cb312e59fd29
289515945489998,hardwood_clearcut_regen,clearcut,2027,1,True,hardwood_regen,71.0,2,9.340583419458849,private_industrial,Baker;Columbia,3,ba24d8664d7113f8
289515945489998,no_management,no_management,,0,False,,71.0,8,22.461879175365326,federal;local;private_family;private_industrial,Baker;Columbia;Union,3,111bdb4410c12f98
289515945489998,public_selection_light,selection_harvest,2032;2042;2052;2062,4,True,,71.0,3,7.561424672895258,federal;local,Baker;Columbia,3,09be36fb2174e388
289515945489998,public_thin_restore,thin_from_below_repeated,2027;2042;2057,3,True,,71.0,3,7.561424672895258,federal;local,Baker;Columbia,3,664009f7d78e18b2
289515946489998,family_light_thin,thin_from_below,2032,1,True,,36.0,4,412.5424343594325,private_family,Baker;Columbia;Hamilton;Suwannee,3,65cd6be9c884c2fc
289515946489998,family_uneven_aged_selection,selection_harvest,2037;2052;2067,3,True,,36.0,4,412.5424343594325,private_family,Baker;Columbia;Hamilton;Suwannee,3,13374026733f8e7f
289515946489998,hardwood_clearcut_regen,clearcut,2037,1,True,hardwood_regen,36.0,4,524.1846457062978,private_industrial,Baker;Columbia;Hamilton;Suwannee,3,e5735a19c170c90b
289515946489998,no_management,no_management,,0,False,,36.0,14,1185.5869097413124,federal;local;private_family;private_industrial;state,Baker;Columbia;Hamilton;Suwannee,3,d31ce9e4af199246
289515946489998,public_selection_light,selection_harvest,2032;2042;2052;2062,4,True,,36.0,6,248.85982967558218,federal;local;state,Baker;Columbia;Hamilton,3,f5a0f42acd73a639
289515946489998,public_thin_restore,thin_from_below_repeated,2027;2042;2057,3,True,,36.0,6,248.85982967558218,federal;local;state,Baker;Columbia;Hamilton,3,49bd3ab8e9650e12
289515947489998,family_light_thin,thin_from_below,2032,1,True,,22.0,3,6821.517029168126,private_family,Baker;Columbia;Hamilton,3,85dcdb4b5c934ca8
289515947489998,family_uneven_aged_selection,selection_harvest,2037;2052;2067,3,True,,22.0,3,6821.517029168126,private_family,Baker;Columbia;Hamilton,3,1500adde64f465bc
289515947489998,no_management,no_management,,0,False,,22.0,12,10410.747405516848,federal;local;private_family;private_industrial;state,Baker;Columbia;Hamilton,3,3a1a6f282944edad
289515947489998,pine_plantation_long_rotation,plantation_rotation,2027;2037,2,True,planted_pine_regen,22.0,8,7547.41379776607,private_family;private_industrial;state,Baker;Columbia;Hamilton,3,aed56a6bb6f353da
289515947489998,pine_plantation_short_rotation,clearcut,2027,1,True,planted_pine_regen,22.0,3,713.2202625286792,private_industrial,Baker;Columbia;Hamilton,3,b5e7d0951c5a74c6
289515947489998,public_selection_light,selection_harvest,2032;2042;2052;2062,4,True,,22.0,6,2876.0101138200434,federal;local;state,Baker;Columbia,3,a178cc7b20ec98ed
289515947489998,public_thin_restore,thin_from_below_repeated,2027;2042;2057,3,True,,22.0,6,2876.0101138200434,federal;local;state,Baker;Columbia,3,0b88a3427432f1cb
289515956489998,family_light_thin,thin_from_below,2032,1,True,,15.0,1,0.4447896866408976,private_family,Baker,3,9a1d2d480643af1d
289515956489998,family_uneven_aged_selection,selection_harvest,2037;2052;2067,3,True,,15.0,1,0.4447896866408976,private_family,Baker,3,7f612f8169cfbb5e
289515956489998,no_management,no_management,,0,False,,15.0,2,1.5567639032431415,private_family;private_industrial,Baker,3,f0e387ac71dcf283
289515956489998,pine_plantation_long_rotation,plantation_rotation,2027;2042,2,True,planted_pine_regen,15.0,2,1.5567639032431415,private_family;private_industrial,Baker,3,038fe160a96bd1e7
289515956489998,pine_plantation_short_rotation,plantation_rotation,2027;2032,2,True,planted_pine_regen,15.0,1,1.111974216602244,private_industrial,Baker,3,02e92e47f35744f5
289515957489998,family_light_thin,thin_from_below,2032,1,True,,111.0,1,0.2223948433204488,private_family,Baker,3,54beb0e5e1f31fbe
289515957489998,family_uneven_aged_selection,selection_harvest,2037;2052;2067,3,True,,111.0,1,0.2223948433204488,private_family,Baker,3,d823d98d4502fd98
289515957489998,hardwood_clearcut_regen,clearcut,2027,1,True,hardwood_regen,111.0,1,112.53179072014709,private_industrial,Baker,3,8972903310b28da2
289515957489998,no_management,no_management,,0,False,,111.0,2,112.75418556346753,private_family;private_industrial,Baker,3,c90f41c9b24ddcb0
289515961489998,family_light_thin,thin_from_below,2032,1,True,,35.0,2,1256.9756544471766,private_family,Baker;Union,3,eaee2b25f76df1bb
289515961489998,family_uneven_aged_selection,selection_harvest,2037;2052;2067,3,True,,35.0,2,1256.9756544471766,private_family,Baker;Union,3,2e3b73236e20fd25
289515961489998,hardwood_clearcut_regen,clearcut,2037,1,True,hardwood_regen,35.0,2,134.77127505219195,private_industrial,Baker;Union,3,bfdd170575b34701
289515961489998,no_management,no_management,,0,False,,35.0,8,1420.6582591310269,local;private_family;private_industrial;state,Baker;Union,3,6a6592865c8dfce3
289515961489998,public_selection_light,selection_harvest,2032;2042;2052;2062,4,True,,35.0,4,28.911329631658344,local;state,Baker;Union,3,3c858ebfbcb147a6
289515961489998,public_thin_restore,thin_from_below_repeated,2027;2042;2057,3,True,,35.0,4,28.911329631658344,local;state,Baker;Union,3,e1c2f2303e525e4f
289515962489998,family_light_thin,thin_from_below,2032,1,True,,55.0,5,6174.792824792261,private_family,Baker;Columbia;Hamilton;Suwannee;Union,3,648f545dde7851f4
289515962489998,family_uneven_aged_selection,selection_harvest,2037;2052;2067,3,True,,55.0,5,6174.792824792261,private_family,Baker;Columbia;Hamilton;Suwannee;Union,3,91895923606f2703
289515962489998,no_management,no_management,,0,False,,55.0,18,9265.858752103179,federal;local;private_family;private_industrial;state,Baker;Columbia;Hamilton;Suwannee;Union,3,84e2e82ae3778ff2
289515962489998,pine_plantation_long_rotation,clearcut,2027,1,True,planted_pine_regen,55.0,13,8652.49377422538,private_family;private_industrial;state,Baker;Columbia;Hamilton;Suwannee;Union,3,6d4a8880a3eef356
289515962489998,pine_plantation_short_rotation,clearcut,2027,1,True,planted_pine_regen,55.0,5,2010.0045939302163,private_industrial,Baker;Columbia;Hamilton;Suwannee;Union,3,6d4a8880a3eef356
289515962489998,public_selection_light,selection_harvest,2032;2042;2052;2062,4,True,,55.0,8,1081.0613333807016,federal;local;state,Baker;Columbia;Hamilton;Union,3,2624f671923df3bd
289515962489998,public_thin_restore,thin_from_below_repeated,2027;2042;2057,3,True,,55.0,8,1081.0613333807016,federal;local;state,Baker;Columbia;Hamilton;Union,3,c4ca59984f3026e5
289515963489998,family_light_thin,thin_from_below,2032,1,True,,91.0,2,613.8097675644386,private_family,Baker;Union,3,89ed661a1fcf5ecf
289515963489998,family_uneven_aged_selection,selection_harvest,2037;2052;2067,3,True,,91.0,2,613.8097675644386,private_family,Baker;Union,3,fbfc5af123e4b708
289515963489998,no_management,no_management,,0,False,,91.0,6,1778.491562033629,local;private_family;private_industrial;state,Baker;Union,3,06c4856783bab89b
289515963489998,pine_plantation_long_rotation,clearcut,2027,1,True,planted_pine_regen,91.0,5,1765.3702662777225,private_family;private_industrial;state,Baker;Union,3,64914a266065e2a0
289515963489998,pine_plantation_short_rotation,clearcut,2027,1,True,planted_pine_regen,91.0,2,1150.4485244966816,private_industrial,Baker;Union,3,64914a266065e2a0
289515963489998,public_selection_light,selection_harvest,2032;2042;2052;2062,4,True,,91.0,2,14.233269972508722,local;state,Baker;Union,3,ee54e129b7f641a5
289515963489998,public_thin_restore,thin_from_below_repeated,2027;2042;2057,3,True,,91.0,2,14.233269972508722,local;state,Baker;Union,3,a1166a6c45ab1a65
289515964489998,family_light_thin,thin_from_below,2032,1,True,,58.0,5,2291.334070730584,private_family,Baker;Columbia;Hamilton;Suwannee;Union,3,30a9817a8d9bbaf1
289515964489998,family_uneven_aged_selection,selection_harvest,2037;2052;2067,3,True,,58.0,5,2291.334070730584,private_family,Baker;Columbia;Hamilton;Suwannee;Union,3,962af87dd44b8ea9
289515964489998,hardwood_clearcut_regen,clearcut,2027,1,True,hardwood_regen,58.0,5,1046.8125275093525,private_industrial,Baker;Columbia;Hamilton;Suwannee;Union,3,c45593201bc8c5b1
289515964489998,no_management,no_management,,0,False,,58.0,21,3581.446556832507,federal;local;private_family;private_industrial;state,Baker;Columbia;Hamilton;Suwannee;Union,3,9fb0f109a43aba7d
289515964489998,public_selection_light,selection_harvest,2032;2042;2052;2062,4,True,,58.0,11,243.29995859257096,federal;local;state,Baker;Columbia;Hamilton;Suwannee;Union,3,f28b8577502eaba0
289515964489998,public_thin_restore,thin_from_below_repeated,2027;2042;2057,3,True,,58.0,11,243.29995859257096,federal;local;state,Baker;Columbia;Hamilton;Suwannee;Union,3,6a21f8b50eb4e3e0
289515970489998,family_light_thin,thin_from_below,2032,1,True,,84.0,3,9.118188576138401,private_family,Columbia;Suwannee;Union,3,2bd0b3449fd34715
289515970489998,family_uneven_aged_selection,selection_harvest,2037;2052;2067,3,True,,84.0,3,9.118188576138401,private_family,Columbia;Suwannee;Union,3,414b0782c9f05c57
289515970489998,hardwood_clearcut_regen,clearcut,2027,1,True,hardwood_regen,84.0,1,0.6671845299613464,private_industrial,Union,3,1bca45da014bc4e3
289515970489998,no_management,no_management,,0,False,,84.0,6,12.009321539304235,private_family;private_industrial;state,Columbia;Suwannee;Union,3,4332a0f3ac03e2ea
289515970489998,public_selection_light,selection_harvest,2032;2042;2052;2062,4,True,,84.0,2,2.223948433204488,state,Columbia;Union,3,0bd795ba608b5752
289515970489998,public_thin_restore,thin_from_below_repeated,2027;2042;2057,3,True,,84.0,2,2.223948433204488,state,Columbia;Union,3,d2758b4b71fd6613
289515972489998,family_light_thin,thin_from_below,2032,1,True,,23.0,1,6.894240142933913,private_family,Union,3,a8ea970446fecaf9
289515972489998,family_uneven_aged_selection,selection_harvest,2037;2052;2067,3,True,,23.0,1,6.894240142933913,private_family,Union,3,fb05d229ab2a6e80
289515972489998,no_management,no_management,,0,False,,23.0,1,6.894240142933913,private_family,Union,3,163de5b92bf23344
289515972489998,pine_plantation_long_rotation,plantation_rotation,2027;2037,2,True,planted_pine_regen,23.0,1,6.894240142933913,private_family,Union,3,7e9b6d71ae46c90e
289516188489998,family_light_thin,thin_from_below,2032,1,True,,77.0,3,29.578514161619687,private_family,Baker;Columbia;Suwannee,3,a265673dc8e3a90c
289516188489998,family_uneven_aged_selection,selection_harvest,2037;2052;2067,3,True,,77.0,3,29.578514161619687,private_family,Baker;Columbia;Suwannee,3,fce9eab67bd66f64
289516188489998,hardwood_clearcut_regen,clearcut,2027,1,True,hardwood_regen,77.0,3,9.562978262779298,private_industrial,Baker;Columbia;Suwannee,3,38b0345c2b36ea57
289516188489998,no_management,no_management,,0,False,,77.0,8,73.16790345242765,federal;private_family;private_industrial,Baker;Columbia;Suwannee,3,f01427d17e303868
289516188489998,public_selection_light,selection_harvest,2032;2042;2052;2062,4,True,,77.0,2,34.02641102802867,federal,Baker;Columbia,3,b9ee7b5250263616
289516188489998,public_thin_restore,thin_from_below_repeated,2027;2042;2057,3,True,,77.0,2,34.02641102802867,federal,Baker;Columbia,3,272adb95da67684a
289516222489998,family_light_thin,thin_from_below,2032,1,True,,36.0,5,684.9761174269822,private_family,Baker;Columbia;Hamilton;Suwannee;Union,3,3a68c75422c06ed5
289516222489998,family_uneven_aged_selection,selection_harvest,2037;2052;2067,3,True,,36.0,5,684.9761174269822,private_family,Baker;Columbia;Hamilton;Suwannee;Union,3,3fa19191d0ca1417
289516222489998,no_management,no_management,,0,False,,36.0,18,983.6523920063449,federal;local;private_family;private_industrial;state,Baker;Columbia;Hamilton;Suwannee;Union,3,de3d997614276aec
289516222489998,pine_plantation_long_rotation,clearcut,2027,1,True,planted_pine_regen,36.0,13,951.6275345682003,private_family;private_industrial;state,Baker;Columbia;Hamilton;Suwannee;Union,3,faacdc348fe511c6
289516222489998,pine_plantation_short_rotation,clearcut,2027,1,True,planted_pine_regen,36.0,5,258.86759762500236,private_industrial,Baker;Columbia;Hamilton;Suwannee;Union,3,faacdc348fe511c6
289516222489998,public_selection_light,selection_harvest,2032;2042;2052;2062,4,True,,36.0,8,39.80867695436033,federal;local;state,Baker;Columbia;Hamilton;Suwannee;Union,3,e6ebc6d2ab816728
289516222489998,public_thin_restore,thin_from_below_repeated,2027;2042;2057,3,True,,36.0,8,39.80867695436033,federal;local;state,Baker;Columbia;Hamilton;Suwannee;Union,3,91a3f5ad72e6817c
289516223489998,family_light_thin,thin_from_below,2032,1,True,,72.0,5,16702.742312738985,private_family,Baker;Columbia;Hamilton;Suwannee;Union,3,810ef217d3d31757
289516223489998,family_uneven_aged_selection,selection_harvest,2037;2052;2067,3,True,,72.0,5,16702.742312738985,private_family,Baker;Columbia;Hamilton;Suwannee;Union,3,539b1e2d2f2c953a
289516223489998,hardwood_clearcut_regen,clearcut,2027,1,True,hardwood_regen,72.0,5,3268.9818019672766,private_industrial,Baker;Columbia;Hamilton;Suwannee;Union,3,a81c6e23d24481ca
289516223489998,no_management,no_management,,0,False,,72.0,23,20737.874349945207,federal;local;private_family;private_industrial;state,Baker;Columbia;Hamilton;Suwannee;Union,3,257b5489bb2c5b48
289516223489998,public_selection_light,selection_harvest,2032;2042;2052;2062,4,True,,72.0,13,766.150235238946,federal;local;state,Baker;Columbia;Hamilton;Suwannee;Union,3,50d2e1b138ca1e08
289516223489998,public_thin_restore,thin_from_below_repeated,2027;2042;2057,3,True,,72.0,13,766.150235238946,federal;local;state,Baker;Columbia;Hamilton;Suwannee;Union,3,43bfdd22fa457e79
289516224489998,family_light_thin,thin_from_below,2032,1,True,,24.0,5,205.04804554145377,private_family,Baker;Columbia;Hamilton;Suwannee;Union,3,f24bdf55503320ef
289516224489998,family_uneven_aged_selection,selection_harvest,2037;2052;2067,3,True,,24.0,5,205.04804554145377,private_family,Baker;Columbia;Hamilton;Suwannee;Union,3,47b87feb9bc3ac8f
289516224489998,no_management,no_management,,0,False,,24.0,13,275.54721087403607,local;private_family;private_industrial;state,Baker;Columbia;Hamilton;Suwannee;Union,3,37688542c212ffec
289516224489998,pine_plantation_long_rotation,plantation_rotation,2027;2037,2,True,planted_pine_regen,24.0,11,273.1008675975111,private_family;private_industrial;state,Baker;Columbia;Hamilton;Suwannee;Union,3,1175a8acf61962b5
289516224489998,pine_plantation_short_rotation,clearcut,2027,1,True,planted_pine_regen,24.0,4,66.94084783945509,private_industrial,Baker;Columbia;Suwannee;Union,3,425dce0826f550d7
289516224489998,public_selection_light,selection_harvest,2032;2042;2052;2062,4,True,,24.0,4,3.5583174931271806,local;state,Baker;Columbia;Union,3,b562f5c612da095a
289516224489998,public_thin_restore,thin_from_below_repeated,2027;2042;2057,3,True,,24.0,4,3.5583174931271806,local;state,Baker;Columbia;Union,3,f09668bd3489923f
289516229489998,family_light_thin,thin_from_below,2032,1,True,,61.0,5,832.4238985484398,private_family,Baker;Columbia;Hamilton;Suwannee;Union,3,5afe9bf1440c283f
289516229489998,family_uneven_aged_selection,selection_harvest,2037;2052;2067,3,True,,61.0,5,832.4238985484398,private_family,Baker;Columbia;Hamilton;Suwannee;Union,3,f8d55f8fd5ddac5c
289516229489998,hardwood_clearcut_regen,clearcut,2027,1,True,hardwood_regen,61.0,5,107.19431448045631,private_industrial,Baker;Columbia;Hamilton;Suwannee;Union,3,02e50072510eba1d
289516229489998,no_management,no_management,,0,False,,61.0,17,960.7457231443387,federal;local;private_family;private_industrial;state,Baker;Columbia;Hamilton;Suwannee;Union,3,f960984e00efdee4
289516229489998,public_selection_light,selection_harvest,2032;2042;2052;2062,4,True,,61.0,7,21.127510115442632,federal;local;state,Columbia;Hamilton;Suwannee,3,f65bd9e1b9fc6709
289516229489998,public_thin_restore,thin_from_below_repeated,2027;2042;2057,3,True,,61.0,7,21.127510115442632,federal;local;state,Columbia;Hamilton;Suwannee,3,f71e170d31042fc6
289516230489998,family_light_thin,thin_from_below,2032,1,True,,33.0,5,7053.9196404379945,private_family,Baker;Columbia;Hamilton;Suwannee;Union,3,b0666832005c6501
289516230489998,family_uneven_aged_selection,selection_harvest,2037;2052;2067,3,True,,33.0,5,7053.9196404379945,private_family,Baker;Columbia;Hamilton;Suwannee;Union,3,3772147192e35fb1
289516230489998,hardwood_clearcut_regen,clearcut,2042,1,True,hardwood_regen,33.0,5,1232.5122216819273,private_industrial,Baker;Columbia;Hamilton;Suwannee;Union,3,e8eecd5eaf3dd7d0
289516230489998,no_management,no_management,,0,False,,33.0,20,8684.073841976884,federal;local;private_family;private_industrial;state,Baker;Columbia;Hamilton;Suwannee;Union,3,efab84fc8cc8e2d1
289516230489998,public_selection_light,selection_harvest,2032;2042;2052;2062,4,True,,33.0,10,397.6419798569624,federal;local;state,Columbia;Hamilton;Suwannee;Union,3,2bfe77fe801db26c
289516230489998,public_thin_restore,thin_from_below_repeated,2027;2042;2057,3,True,,33.0,10,397.6419798569624,federal;local;state,Columbia;Hamilton;Suwannee;Union,3,a9b64839306446df
289516233489998,family_light_thin,thin_from_below,2032,1,True,,14.0,3,1677.524303166145,private_family,Columbia;Suwannee;Union,3,6e560d933cb757a0
289516233489998,family_uneven_aged_selection,selection_harvest,2037;2052;2067,3,True,,14.0,3,1677.524303166145,private_family,Columbia;Suwannee;Union,3,1ceeaaf4fcb00408
289516233489998,no_management,no_management,,0,False,,14.0,10,2109.192694051136,federal;local;private_family;private_industrial;state,Columbia;Suwannee;Union,3,dd432bbad9abc78a
289516233489998,pine_plantation_long_rotation,plantation_rotation,2027;2047,2,True,planted_pine_regen,14.0,7,2045.142979174847,private_family;private_industrial;state,Columbia;Suwannee;Union,3,fcac0fbaaa8eab14
289516233489998,pine_plantation_short_rotation,plantation_rotation,2027;2037,2,True,planted_pine_regen,14.0,3,324.25168156121435,private_industrial,Columbia;Suwannee;Union,3,8a573a7b1ecf144e
289516233489998,public_selection_light,selection_harvest,2032;2042;2052;2062,4,True,,14.0,4,107.41670932377677,federal;local;state,Columbia;Union,3,4f999a7d22d853a2
289516233489998,public_thin_restore,thin_from_below_repeated,2027;2042;2057,3,True,,14.0,4,107.41670932377677,federal;local;state,Columbia;Union,3,cdc76a33f234ccf2
289516234489998,family_light_thin,thin_from_below,2032,1,True,,37.0,2,17.791587465635903,private_family,Suwannee;Union,3,e84b7aafeef87c81
289516234489998,family_uneven_aged_selection,selection_harvest,2037;2052;2067,3,True,,37.0,2,17.791587465635903,private_family,Suwannee;Union,3,b34f26d32007c411
289516234489998,no_management,no_management,,0,False,,37.0,4,20.682720428801737,federal;private_family;private_industrial,Columbia;Suwannee;Union,3,a7b0415252b93bfc
289516234489998,pine_plantation_long_rotation,clearcut,2027,1,True,planted_pine_regen,37.0,3,18.2363771522768,private_family;private_industrial,Columbia;Suwannee;Union,3,14229d9db7433c7d
289516234489998,pine_plantation_short_rotation,clearcut,2027,1,True,planted_pine_regen,37.0,1,0.4447896866408976,private_industrial,Columbia,3,14229d9db7433c7d
289516234489998,public_selection_light,selection_harvest,2032;2042;2052;2062,4,True,,37.0,1,2.446343276524937,federal,Columbia,3,3a7057de3d21625f
289516234489998,public_thin_restore,thin_from_below_repeated,2027;2042;2057,3,True,,37.0,1,2.446343276524937,federal,Columbia,3,29a69e4698c65c28
289516340489998,family_light_thin,thin_from_below,2032,1,True,,73.0,3,70.27677048926182,private_family,Baker;Hamilton;Union,3,c5e571200e48dbd5
289516340489998,family_uneven_aged_selection,selection_harvest,2037;2052;2067,3,True,,73.0,3,70.27677048926182,private_family,Baker;Hamilton;Union,3,7e709a9028e5e200
289516340489998,no_management,no_management,,0,False,,73.0,10,537.7507311488451,federal;local;private_family;private_industrial,Baker;Columbia;Hamilton;Union,3,60525e3f3f936945
289516340489998,pine_plantation_long_rotation,clearcut,2027,1,True,planted_pine_regen,73.0,6,80.28453843868202,private_family;private_industrial,Baker;Columbia;Hamilton;Union,3,70c330338a2bcc7c
289516340489998,pine_plantation_short_rotation,clearcut,2027,1,True,planted_pine_regen,73.0,3,10.007767949420195,private_industrial,Baker;Columbia;Hamilton,3,70c330338a2bcc7c
289516340489998,public_selection_light,selection_harvest,2032;2042;2052;2062,4,True,,73.0,4,457.46619271016317,federal;local,Baker;Columbia,3,a4e030ad56a66fa1
289516340489998,public_thin_restore,thin_from_below_repeated,2027;2042;2057,3,True,,73.0,4,457.46619271016317,federal;local,Baker;Columbia,3,5f81dc0948dc9c1a
289516349489998,family_light_thin,thin_from_below,2032,1,True,,55.0,3,4.670291709729424,private_family,Columbia;Suwannee;Union,3,7f6fa2814d5d284b
289516349489998,family_uneven_aged_selection,selection_harvest,2037;2052;2067,3,True,,55.0,3,4.670291709729424,private_family,Columbia;Suwannee;Union,3,566cd03b6a2135eb
289516349489998,hardwood_clearcut_regen,clearcut,2027,1,True,hardwood_regen,55.0,4,1.7791587465635903,private_industrial,Baker;Columbia;Suwannee;Union,3,3379d78b36bbf855
289516349489998,no_management,no_management,,0,False,,55.0,7,6.449450456293015,private_family;private_industrial,Baker;Columbia;Suwannee;Union,3,0716442661696f50
289516357489998,family_light_thin,thin_from_below,2032,1,True,,80.0,5,569.1084040570285,private_family,Baker;Columbia;Hamilton;Suwannee;Union,3,2e0e7355467bfb1e
289516357489998,family_uneven_aged_selection,selection_harvest,2037;2052;2067,3,True,,80.0,5,569.1084040570285,private_family,Baker;Columbia;Hamilton;Suwannee;Union,3,9549fec626fc2340
289516357489998,no_management,no_management,,0,False,,80.0,17,1125.0955123581505,federal;local;private_family;private_industrial;state,Baker;Columbia;Hamilton;Suwannee;Union,3,0bdac81dd2ad5b03
289516357489998,pine_plantation_long_rotation,clearcut,2027,1,True,planted_pine_regen,80.0,13,939.1734233422552,private_family;private_industrial;state,Baker;Columbia;Hamilton;Suwannee;Union,3,4e4ea947b1f67c0d
289516357489998,pine_plantation_short_rotation,clearcut,2027,1,True,planted_pine_regen,80.0,5,364.9499378888564,private_industrial,Baker;Columbia;Hamilton;Suwannee;Union,3,4e4ea947b1f67c0d
289516357489998,public_selection_light,selection_harvest,2032;2042;2052;2062,4,True,,80.0,7,191.0371704122655,federal;local;state,Baker;Columbia;Hamilton;Suwannee,3,ebded0d0c42b16e4
289516357489998,public_thin_restore,thin_from_below_repeated,2027;2042;2057,3,True,,80.0,7,191.0371704122655,federal;local;state,Baker;Columbia;Hamilton;Suwannee,3,afba71cccf99f217
289516362489998,family_light_thin,thin_from_below,2032,1,True,,60.0,1,0.4447896866408976,private_family,Union,3,8782e8fef1e81d66
289516362489998,family_uneven_aged_selection,selection_harvest,2037;2052;2067,3,True,,60.0,1,0.4447896866408976,private_family,Union,3,a32cac16fcee0c4d
289516362489998,no_management,no_management,,0,False,,60.0,1,0.4447896866408976,private_family,Union,3,30b318bc7e9fd1b5
289516362489998,pine_plantation_long_rotation,clearcut,2027,1,True,planted_pine_regen,60.0,1,0.4447896866408976,private_family,Union,3,8b06f3044a9a54df
289516378489998,family_light_thin,thin_from_below,2032,1,True,,12.0,1,0.2223948433204488,private_family,Union,3,cbfb88f22ebae2d8
289516378489998,family_uneven_aged_selection,selection_harvest,2037;2052;2067,3,True,,12.0,1,0.2223948433204488,private_family,Union,3,90ae90b1c6bea52f
289516378489998,hardwood_clearcut_regen,clearcut,2062,1,True,hardwood_regen,12.0,1,0.2223948433204488,private_industrial,Union,3,ced54e1c1310f97d
289516378489998,no_management,no_management,,0,False,,12.0,3,0.6671845299613464,private_family;private_industrial;state,Union,3,85d1150a7cc59c3f
289516378489998,public_selection_light,selection_harvest,2032;2042;2052;2062,4,True,,12.0,1,0.2223948433204488,state,Union,3,44e73addd325101d
289516378489998,public_thin_restore,thin_from_below_repeated,2027;2042;2057,3,True,,12.0,1,0.2223948433204488,state,Union,3,4fa0ab290c86485c
347395060489998,family_light_thin,thin_from_below,2032,1,True,,73.0,1,0.8895793732817951,private_family,Baker,3,34c228dc076335a6
347395060489998,family_uneven_aged_selection,selection_harvest,2037;2052;2067,3,True,,73.0,1,0.8895793732817951,private_family,Baker,3,839e89c0d096bab3
347395060489998,no_management,no_management,,0,False,,73.0,1,0.8895793732817951,private_family,Baker,3,61525dc9a94c0e6d
351508220489998,family_light_thin,thin_from_below,2032,1,True,,46.0,3,24.018643078608466,private_family,Baker;Hamilton;Suwannee,3,1b06329bfe83c41f
351508220489998,family_uneven_aged_selection,selection_harvest,2037;2052;2067,3,True,,46.0,3,24.018643078608466,private_family,Baker;Hamilton;Suwannee,3,126d3bdfa01a3c83
351508220489998,hardwood_clearcut_regen,clearcut,2027,1,True,hardwood_regen,46.0,2,5.5598710830112195,private_industrial,Baker;Hamilton,3,15ed6383f419dad6
351508220489998,no_management,no_management,,0,False,,46.0,8,30.46809353490148,local;private_family;private_industrial;state,Baker;Hamilton;Suwannee,3,573afaef858f2b10
351508220489998,public_selection_light,selection_harvest,2032;2042;2052;2062,4,True,,46.0,3,0.8895793732817951,local;state,Baker;Hamilton,3,bc9f7ecd7cf8937c
351508220489998,public_thin_restore,thin_from_below_repeated,2027;2042;2057,3,True,,46.0,3,0.8895793732817951,local;state,Baker;Hamilton,3,7fa276b00ff0ed12
374860898489998,family_light_thin,thin_from_below,2032,1,True,,12.0,3,647.1689940625059,private_family,Columbia;Hamilton;Suwannee,3,c2d906ca5b8f0c63
374860898489998,family_uneven_aged_selection,selection_harvest,2037;2052;2067,3,True,,12.0,3,647.1689940625059,private_family,Columbia;Hamilton;Suwannee,3,2e95ad69fc3444f5
374860898489998,hardwood_clearcut_regen,clearcut,2062,1,True,hardwood_regen,12.0,3,145.22383268825305,private_industrial,Columbia;Hamilton;Suwannee,3,b6a52977da3ee1c8
374860898489998,no_management,no_management,,0,False,,12.0,12,812.8531523362403,federal;local;private_family;private_industrial;state,Columbia;Hamilton;Suwannee,3,a46f6700fa28b33b
374860898489998,public_selection_light,selection_harvest,2032;2042;2052;2062,4,True,,12.0,6,20.46032558548129,federal;local;state,Columbia;Hamilton;Suwannee,3,cefec717c3c2ec19
374860898489998,public_thin_restore,thin_from_below_repeated,2027;2042;2057,3,True,,12.0,6,20.46032558548129,federal;local;state,Columbia;Hamilton;Suwannee,3,836b5133a5778f62
374860902489998,family_light_thin,thin_from_below,2032,1,True,,16.0,3,5.55987108301122,private_family,Columbia;Hamilton;Suwannee,3,417f91f75d2031b4
374860902489998,family_uneven_aged_selection,selection_harvest,2037;2052;2067,3,True,,16.0,3,5.55987108301122,private_family,Columbia;Hamilton;Suwannee,3,33a129d92b495c62
374860902489998,hardwood_clearcut_regen,clearcut,2057,1,True,hardwood_regen,16.0,3,3.780712336447629,private_industrial,Columbia;Hamilton;Suwannee,3,9341e496db839523
374860902489998,no_management,no_management,,0,False,,16.0,8,10.007767949420195,local;private_family;private_industrial;state,Columbia;Hamilton;Suwannee,3,25fba055cf530dbf
374860902489998,public_selection_light,selection_harvest,2032;2042;2052;2062,4,True,,16.0,2,0.6671845299613464,local;state,Columbia;Hamilton,3,c4c96bc50916e722
374860902489998,public_thin_restore,thin_from_below_repeated,2027;2042;2057,3,True,,16.0,2,0.6671845299613464,local;state,Columbia;Hamilton,3,9f751d68ed3d53c3
374860909489998,no_management,no_management,,0,False,,32.0,1,7.33902982957481,federal,Columbia,3,eeaf65dd6fda511c
374860909489998,public_selection_light,selection_harvest,2032;2042;2052;2062,4,True,,32.0,1,7.33902982957481,federal,Columbia,3,1a42d5f5221e5b1f
374860909489998,public_thin_restore,thin_from_below_repeated,2027;2042;2057,3,True,,32.0,1,7.33902982957481,federal,Columbia,3,4d8e2e60943768f3
374860913489998,family_light_thin,thin_from_below,2032,1,True,,52.0,5,1704.4340792079195,private_family,Baker;Columbia;Hamilton;Suwannee;Union,3,e12deb16b13a4b1a
374860913489998,family_uneven_aged_selection,selection_harvest,2037;2052;2067,3,True,,52.0,5,1704.4340792079195,private_family,Baker;Columbia;Hamilton;Suwannee;Union,3,2876d9d48d69dc0f
374860913489998,hardwood_clearcut_regen,clearcut,2027,1,True,hardwood_regen,52.0,5,663.8486073115397,private_industrial,Baker;Columbia;Hamilton;Suwannee;Union,3,adbbe667d3ac0e22
374860913489998,no_management,no_management,,0,False,,52.0,21,2576.221865024079,federal;local;private_family;private_industrial;state,Baker;Columbia;Hamilton;Suwannee;Union,3,7b2c8e024b2531ab
374860913489998,public_selection_light,selection_harvest,2032;2042;2052;2062,4,True,,52.0,11,207.93917850461963,federal;local;state,Baker;Columbia;Hamilton;Suwannee;Union,3,6068ac696ea17d93
374860913489998,public_thin_restore,thin_from_below_repeated,2027;2042;2057,3,True,,52.0,11,207.93917850461963,federal;local;state,Baker;Columbia;Hamilton;Suwannee;Union,3,f79c51fb40f46235
374860959489998,family_light_thin,thin_from_below,2032,1,True,,61.0,5,117.86926695983786,private_family,Baker;Columbia;Hamilton;Suwannee;Union,3,61c38d5b85f934e3
374860959489998,family_uneven_aged_selection,selection_harvest,2037;2052;2067,3,True,,61.0,5,117.86926695983786,private_family,Baker;Columbia;Hamilton;Suwannee;Union,3,20b214b40f7baf98
374860959489998,hardwood_clearcut_regen,clearcut,2027,1,True,hardwood_regen,61.0,3,34.91599040131046,private_industrial,Baker;Columbia;Hamilton,3,fede714a76b10e60
374860959489998,no_management,no_management,,0,False,,61.0,12,1220.5029001426228,federal;local;private_family;private_industrial;state,Baker;Columbia;Hamilton;Suwannee;Union,3,39d2bac2efef6e58
374860959489998,public_selection_light,selection_harvest,2032;2042;2052;2062,4,True,,61.0,4,1067.7176427814745,federal;local;state,Baker;Columbia;Hamilton,3,a6c72e3f604d9e65
374860959489998,public_thin_restore,thin_from_below_repeated,2027;2042;2057,3,True,,61.0,4,1067.7176427814745,federal;local;state,Baker;Columbia;Hamilton,3,94bab1a8143109f3
374860961489998,family_light_thin,thin_from_below,2032,1,True,,15.0,5,21.794694645403982,private_family,Baker;Columbia;Hamilton;Suwannee;Union,3,d2ec0078c93abac6
374860961489998,family_uneven_aged_selection,selection_harvest,2037;2052;2067,3,True,,15.0,5,21.794694645403982,private_family,Baker;Columbia;Hamilton;Suwannee;Union,3,0b5b2a10c8bb9175
374860961489998,hardwood_clearcut_regen,clearcut,2057,1,True,hardwood_regen,15.0,4,14.45566481582917,private_industrial,Baker;Columbia;Hamilton;Suwannee,3,22d8667437381b04
374860961489998,no_management,no_management,,0,False,,15.0,12,39.586282111039885,federal;local;private_family;private_industrial;state,Baker;Columbia;Hamilton;Suwannee;Union,3,0a5ab98db12aa8d3
374860961489998,public_selection_light,selection_harvest,2032;2042;2052;2062,4,True,,15.0,3,3.335922649806732,federal;local;state,Columbia;Hamilton,3,8cad6c6dfe1f88b9
374860961489998,public_thin_restore,thin_from_below_repeated,2027;2042;2057,3,True,,15.0,3,3.335922649806732,federal;local;state,Columbia;Hamilton,3,ca4482eaa65ae938
374860976489998,family_light_thin,thin_from_below,2032,1,True,,184.0,1,0.6671845299613464,private_family,Suwannee,3,4d64b5ab72897e96
374860976489998,family_uneven_aged_selection,selection_harvest,2037;2052;2067,3,True,,184.0,1,0.6671845299613464,private_family,Suwannee,3,9d44c7169a181730
374860976489998,no_management,no_management,,0,False,,184.0,1,0.6671845299613464,private_family,Suwannee,3,094b34ccada690bc
374860995489998,family_light_thin,thin_from_below,2032,1,True,,41.0,4,86.28919920833413,private_family,Baker;Columbia;Hamilton;Union,3,a4087b2a3041fc2e
374860995489998,family_uneven_aged_selection,selection_harvest,2037;2052;2067,3,True,,41.0,4,86.28919920833413,private_family,Baker;Columbia;Hamilton;Union,3,31058994db820f23
374860995489998,hardwood_clearcut_regen,clearcut,2032,1,True,hardwood_regen,41.0,3,8.895793732817951,private_industrial,Baker;Columbia;Hamilton,3,7a46f45d2c0b21d9
374860995489998,no_management,no_management,,0,False,,41.0,10,401.6450870367305,federal;local;private_family;private_industrial,Baker;Columbia;Hamilton;Union,3,49f20ab97a8cf917
374860995489998,public_selection_light,selection_harvest,2032;2042;2052;2062,4,True,,41.0,3,306.4600940955784,federal;local,Baker;Columbia,3,3043dd77aff21628
374860995489998,public_thin_restore,thin_from_below_repeated,2027;2042;2057,3,True,,41.0,3,306.4600940955784,federal;local,Baker;Columbia,3,f9dd16398e61d180
374860996489998,family_light_thin,thin_from_below,2032,1,True,,41.0,2,12.898900912586031,private_family,Columbia;Union,3,624754b97d761141
374860996489998,family_uneven_aged_selection,selection_harvest,2037;2052;2067,3,True,,41.0,2,12.898900912586031,private_family,Columbia;Union,3,98ca8dae36ba3d64
374860996489998,no_management,no_management,,0,False,,41.0,2,12.898900912586031,private_family,Columbia;Union,3,907a40b1ce22ce7a
374860997489998,family_light_thin,thin_from_below,2032,1,True,,56.0,2,5.5598710830112195,private_family,Columbia;Union,3,d95cf4e186f6d49e
374860997489998,family_uneven_aged_selection,selection_harvest,2037;2052;2067,3,True,,56.0,2,5.5598710830112195,private_family,Columbia;Union,3,897af54581c763d9
374860997489998,hardwood_clearcut_regen,clearcut,2027,1,True,hardwood_regen,56.0,2,0.4447896866408976,private_industrial,Baker;Union,3,60a08b358b70808f
374860997489998,no_management,no_management,,0,False,,56.0,4,6.0046607696521175,private_family;private_industrial,Baker;Columbia;Union,3,d62a3fa7625b2359
374861003489998,family_light_thin,thin_from_below,2032,1,True,,90.0,2,19.570746212199495,private_family,Baker;Union,3,f2d7a3d92f6e6ceb
374861003489998,family_uneven_aged_selection,selection_harvest,2037;2052;2067,3,True,,90.0,2,19.570746212199495,private_family,Baker;Union,3,62079644e411cbfe
374861003489998,no_management,no_management,,0,False,,90.0,3,21.57229980208353,private_family;private_industrial,Baker;Union,3,b10be568f31cb3bc
374861003489998,pine_plantation_long_rotation,clearcut,2027,1,True,planted_pine_regen,90.0,3,21.57229980208353,private_family;private_industrial,Baker;Union,3,8e6984213e9de817
374861003489998,pine_plantation_short_rotation,clearcut,2027,1,True,planted_pine_regen,90.0,1,2.001553589884039,private_industrial,Baker,3,8e6984213e9de817
374861013489998,family_light_thin,thin_from_below,2032,1,True,,81.0,2,11.564531852663336,private_family,Baker;Union,3,9382a106c3a71c52
374861013489998,family_uneven_aged_selection,selection_harvest,2037;2052;2067,3,True,,81.0,2,11.564531852663336,private_family,Baker;Union,3,76ad3d8ea9397c03
374861013489998,hardwood_clearcut_regen,clearcut,2027,1,True,hardwood_regen,81.0,2,38.02951820779675,private_industrial,Baker;Union,3,8e9900ba3e41ebb8
374861013489998,no_management,no_management,,0,False,,81.0,7,59.15702832323938,local;private_family;private_industrial;state,Baker;Union,3,adf3e93c82c33a0d
374861013489998,public_selection_light,selection_harvest,2032;2042;2052;2062,4,True,,81.0,3,9.562978262779298,local;state,Baker;Union,3,0785da3b912810ed
374861013489998,public_thin_restore,thin_from_below_repeated,2027;2042;2057,3,True,,81.0,3,9.562978262779298,local;state,Baker;Union,3,b05b96badc28414e
374861032489998,family_light_thin,thin_from_below,2032,1,True,,7.0,2,3.113527806486283,private_family,Baker;Union,3,6d2bc0875a5d605e
374861032489998,family_uneven_aged_selection,selection_harvest,2037;2052;2067,3,True,,7.0,2,3.113527806486283,private_family,Baker;Union,3,2607ae049779a207
374861032489998,hardwood_clearcut_regen,clearcut,2067,1,True,hardwood_regen,7.0,1,5.337476239690771,private_industrial,Baker,3,f20c56944bbe41e7
374861032489998,no_management,no_management,,0,False,,7.0,4,8.673398889497502,federal;private_family;private_industrial,Baker;Columbia;Union,3,28a4f3a0fc1b6d11
374861032489998,public_selection_light,selection_harvest,2032;2042;2052;2062,4,True,,7.0,1,0.2223948433204488,federal,Columbia,3,1ffd1b6dd73bdf9e
374861032489998,public_thin_restore,thin_from_below_repeated,2027;2042;2057,3,True,,7.0,1,0.2223948433204488,federal,Columbia,3,e13b4e7c352aff99
374861039489998,hardwood_clearcut_regen,clearcut,2027,1,True,hardwood_regen,92.0,1,0.2223948433204488,private_industrial,Hamilton,3,9962f16a0bad19a3
374861039489998,no_management,no_management,,0,False,,92.0,1,0.2223948433204488,private_industrial,Hamilton,3,2601667a178a3cab
374861074489998,no_management,no_management,,0,False,,15.0,1,1.3343690599226927,private_industrial,Hamilton,3,62bf6a0a600bcfef
374861074489998,pine_plantation_long_rotation,plantation_rotation,2027;2042,2,True,planted_pine_regen,15.0,1,1.3343690599226927,private_industrial,Hamilton,3,01d79970977a4485
374861074489998,pine_plantation_short_rotation,plantation_rotation,2027;2032,2,True,planted_pine_regen,15.0,1,1.3343690599226927,private_industrial,Hamilton,3,8f98b9135519b0ae
374861121489998,family_light_thin,thin_from_below,2032,1,True,,51.0,1,78.28298484879798,private_family,Baker,3,ee00f9e2f5d2acb8
374861121489998,family_uneven_aged_selection,selection_harvest,2037;2052;2067,3,True,,51.0,1,78.28298484879798,private_family,Baker,3,3e188e0bc294df3b
374861121489998,no_management,no_management,,0,False,,51.0,3,101.6344433974451,federal;private_family;private_industrial,Baker;Columbia,3,de584bd3db327e3b
374861121489998,pine_plantation_long_rotation,clearcut,2027,1,True,planted_pine_regen,51.0,2,84.2876456184501,private_family;private_industrial,Baker;Columbia,3,4066f10efebaaf9b
374861121489998,pine_plantation_short_rotation,clearcut,2027,1,True,planted_pine_regen,51.0,1,6.0046607696521175,private_industrial,Columbia,3,4066f10efebaaf9b
374861121489998,public_selection_light,selection_harvest,2032;2042;2052;2062,4,True,,51.0,1,17.346797778995004,federal,Columbia,3,2f7babbca40e2a03
374861121489998,public_thin_restore,thin_from_below_repeated,2027;2042;2057,3,True,,51.0,1,17.346797778995004,federal,Columbia,3,0cf99a21b3f04e44
374861136489998,family_light_thin,thin_from_below,2032,1,True,,58.0,2,0.4447896866408976,private_family,Baker;Hamilton,3,bd3cd7a9b4156c55
374861136489998,family_uneven_aged_selection,selection_harvest,2037;2052;2067,3,True,,58.0,2,0.4447896866408976,private_family,Baker;Hamilton,3,f2c1307251db7e36
374861136489998,no_management,no_management,,0,False,,58.0,3,1.111974216602244,federal;private_family,Baker;Columbia;Hamilton,3,de5f60022e759fd6
374861136489998,public_selection_light,selection_harvest,2032;2042;2052;2062,4,True,,58.0,1,0.6671845299613464,federal,Columbia,3,6038a16243c5545f
374861136489998,public_thin_restore,thin_from_below_repeated,2027;2042;2057,3,True,,58.0,1,0.6671845299613464,federal,Columbia,3,749948cdd45b8a1c
374861259489998,hardwood_clearcut_regen,clearcut,2032,1,True,hardwood_regen,41.0,1,0.4447896866408976,private_industrial,Union,3,412b4cd82f83d6eb
374861259489998,no_management,no_management,,0,False,,41.0,1,0.4447896866408976,private_industrial,Union,3,757f82a081fcb774
374861298489998,family_light_thin,thin_from_below,2032,1,True,,81.0,1,0.6671845299613464,private_family,Columbia,3,c7742adef0048aed
374861298489998,family_uneven_aged_selection,selection_harvest,2037;2052;2067,3,True,,81.0,1,0.6671845299613464,private_family,Columbia,3,84f8d909903dfcac
374861298489998,no_management,no_management,,0,False,,81.0,4,4.670291709729424,federal;private_family;private_industrial;state,Columbia;Hamilton,3,79083360ca08fd2e
374861298489998,pine_plantation_long_rotation,clearcut,2027,1,True,planted_pine_regen,81.0,3,1.3343690599226927,private_family;private_industrial;state,Columbia;Hamilton,3,5303e14dbfb809c0
374861298489998,pine_plantation_short_rotation,clearcut,2027,1,True,planted_pine_regen,81.0,1,0.4447896866408976,private_industrial,Hamilton,3,5303e14dbfb809c0
374861298489998,public_selection_light,selection_harvest,2032;2042;2052;2062,4,True,,81.0,2,3.5583174931271806,federal;state,Columbia;Hamilton,3,63b82af87643faaf
374861298489998,public_thin_restore,thin_from_below_repeated,2027;2042;2057,3,True,,81.0,2,3.5583174931271806,federal;state,Columbia;Hamilton,3,f56b28bcac3f9a73
374861300489998,family_light_thin,thin_from_below,2032,1,True,,19.0,4,19667.71036388721,private_family,Baker;Columbia;Suwannee;Union,3,2c2a11edfe0e0800
374861300489998,family_uneven_aged_selection,selection_harvest,2037;2052;2067,3,True,,19.0,4,19667.71036388721,private_family,Baker;Columbia;Suwannee;Union,3,bfaf2e12f73dcdd6
374861300489998,no_management,no_management,,0,False,,19.0,18,23376.144376255692,federal;local;private_family;private_industrial;state,Baker;Columbia;Suwannee;Union,3,d9fa8015c687262e
374861300489998,pine_plantation_long_rotation,plantation_rotation,2027;2042,2,True,planted_pine_regen,19.0,12,22776.790273507082,private_family;private_industrial;state,Baker;Columbia;Suwannee;Union,3,6e06bbe5b793454a
374861300489998,pine_plantation_short_rotation,plantation_rotation,2027;2032,2,True,planted_pine_regen,19.0,4,3035.244821637485,private_industrial,Baker;Columbia;Suwannee;Union,3,5ef40b3e027ac0db
374861300489998,public_selection_light,selection_harvest,2032;2042;2052;2062,4,True,,19.0,10,673.1891907309985,federal;local;state,Baker;Columbia;Suwannee;Union,3,82e39ac32856787e
374861300489998,public_thin_restore,thin_from_below_repeated,2027;2042;2057,3,True,,19.0,10,673.1891907309985,federal;local;state,Baker;Columbia;Suwannee;Union,3,7e658a21a7848852
374861302489998,family_light_thin,thin_from_below,2032,1,True,,39.0,3,143.66706878500992,private_family,Baker;Columbia;Union,3,295d47190724f1a4
374861302489998,family_uneven_aged_selection,selection_harvest,2037;2052;2067,3,True,,39.0,3,143.66706878500992,private_family,Baker;Columbia;Union,3,1cea773d68442ec0
374861302489998,hardwood_clearcut_regen,clearcut,2037,1,True,hardwood_regen,39.0,3,42.69980991752617,private_industrial,Baker;Columbia;Union,3,bb6afd4dd5e525b5
374861302489998,no_management,no_management,,0,False,,39.0,10,214.16623411759218,local;private_family;private_industrial;state,Baker;Columbia;Union,3,05fda2d62b98d7a2
374861302489998,public_selection_light,selection_harvest,2032;2042;2052;2062,4,True,,39.0,4,27.799355415056098,local;state,Baker;Columbia;Union,3,35ea9200a33f7102
374861302489998,public_thin_restore,thin_from_below_repeated,2027;2042;2057,3,True,,39.0,4,27.799355415056098,local;state,Baker;Columbia;Union,3,650498c57bc7ad16
374861328489998,family_light_thin,thin_from_below,2032,1,True,,14.0,1,0.2223948433204488,private_family,Baker,3,715a1ef755aab8b0
374861328489998,family_uneven_aged_selection,selection_harvest,2037;2052;2067,3,True,,14.0,1,0.2223948433204488,private_family,Baker,3,47873a216abedd6e
374861328489998,no_management,no_management,,0,False,,14.0,2,0.6671845299613464,private_family;private_industrial,Baker,3,cffaaef8ab66d753
374861328489998,pine_plantation_long_rotation,plantation_rotation,2027;2047,2,True,planted_pine_regen,14.0,2,0.6671845299613464,private_family;private_industrial,Baker,3,14dec55185c61162
374861328489998,pine_plantation_short_rotation,plantation_rotation,2027;2037,2,True,planted_pine_regen,14.0,1,0.4447896866408976,private_industrial,Baker,3,391f964fb86318be
374861329489998,family_light_thin,thin_from_below,2032,1,True,,38.0,1,27.799355415056098,private_family,Baker,3,c913ec02341ce3dc
374861329489998,family_uneven_aged_selection,selection_harvest,2037;2052;2067,3,True,,38.0,1,27.799355415056098,private_family,Baker,3,278bc28c38788468
374861329489998,no_management,no_management,,0,False,,38.0,3,237.29529782291885,local;private_family;private_industrial,Baker,3,04928fe4be9e8a07
374861329489998,pine_plantation_long_rotation,clearcut,2027,1,True,planted_pine_regen,38.0,2,171.68881904338645,private_family;private_industrial,Baker,3,a5e52d69bc5897d5
374861329489998,pine_plantation_short_rotation,clearcut,2027,1,True,planted_pine_regen,38.0,1,143.88946362833036,private_industrial,Baker,3,a5e52d69bc5897d5
374861329489998,public_selection_light,selection_harvest,2032;2042;2052;2062,4,True,,38.0,1,65.6064787795324,local,Baker,3,edf05a2c2966e996
374861329489998,public_thin_restore,thin_from_below_repeated,2027;2042;2057,3,True,,38.0,1,65.6064787795324,local,Baker,3,5c84fc54482ae8d6
374861333489998,family_light_thin,thin_from_below,2032,1,True,,63.0,1,0.4447896866408976,private_family,Hamilton,3,8aa64a868d9543dd
374861333489998,family_uneven_aged_selection,selection_harvest,2037;2052;2067,3,True,,63.0,1,0.4447896866408976,private_family,Hamilton,3,0b59462895570055
374861333489998,hardwood_clearcut_regen,clearcut,2027,1,True,hardwood_regen,63.0,2,1.111974216602244,private_industrial,Baker;Hamilton,3,7dc157419be19bf6
374861333489998,no_management,no_management,,0,False,,63.0,4,2.001553589884039,local;private_family;private_industrial,Baker;Hamilton,3,0866cb28c0e63b5d
374861333489998,public_selection_light,selection_harvest,2032;2042;2052;2062,4,True,,63.0,1,0.4447896866408976,local,Baker,3,c90af9df2b6228f9
374861333489998,public_thin_restore,thin_from_below_repeated,2027;2042;2057,3,True,,63.0,1,0.4447896866408976,local,Baker,3,6fb4e56980245c81
374861334489998,family_light_thin,thin_from_below,2032,1,True,,35.0,2,2.8911329631658345,private_family,Baker;Columbia,3,39e097013d383176
374861334489998,family_uneven_aged_selection,selection_harvest,2037;2052;2067,3,True,,35.0,2,2.8911329631658345,private_family,Baker;Columbia,3,2b955d84e574ec46
374861334489998,no_management,no_management,,0,False,,35.0,8,22.684274018685777,federal;local;private_family;private_industrial,Baker;Columbia;Hamilton,3,a870cd625a6163d7
374861334489998,pine_plantation_long_rotation,clearcut,2027,1,True,planted_pine_regen,35.0,5,3.7807123364476296,private_family;private_industrial,Baker;Columbia;Hamilton,3,aa199b0e5e6751e8
374861334489998,pine_plantation_short_rotation,clearcut,2027,1,True,planted_pine_regen,35.0,3,0.8895793732817951,private_industrial,Baker;Columbia;Hamilton,3,aa199b0e5e6751e8
374861334489998,public_selection_light,selection_harvest,2032;2042;2052;2062,4,True,,35.0,3,18.903561682238145,federal;local,Baker;Columbia,3,3d4d3b44195ea296
374861334489998,public_thin_restore,thin_from_below_repeated,2027;2042;2057,3,True,,35.0,3,18.903561682238145,federal;local,Baker;Columbia,3,12e0c043f5fbda51
374861337489998,no_management,no_management,,0,False,,12.0,1,51.81799849366457,private_industrial,Baker,3,f18d245af40bc217
374861337489998,pine_plantation_long_rotation,plantation_rotation,2032;2047,2,True,planted_pine_regen,12.0,1,51.81799849366457,private_industrial,Baker,3,e1223576f43a33d8
374861337489998,pine_plantation_short_rotation,plantation_rotation,2027;2037,2,True,planted_pine_regen,12.0,1,51.81799849366457,private_industrial,Baker,3,f654b19767fef3d1
374861341489998,family_light_thin,thin_from_below,2032,1,True,,43.0,3,30.46809353490148,private_family,Baker;Columbia;Union,3,be146852e75e6df2
374861341489998,family_uneven_aged_selection,selection_harvest,2037;2052;2067,3,True,,43.0,3,30.46809353490148,private_family,Baker;Columbia;Union,3,4f9f5e11500c9c12
374861341489998,hardwood_clearcut_regen,clearcut,2032,1,True,hardwood_regen,43.0,3,24.01864307860847,private_industrial,Baker;Columbia;Union,3,fce52a07fcac0d40
374861341489998,no_management,no_management,,0,False,,43.0,10,61.380976756443864,local;private_family;private_industrial;state,Baker;Columbia;Union,3,9f863e08b3fdbe84
374861341489998,public_selection_light,selection_harvest,2032;2042;2052;2062,4,True,,43.0,4,6.894240142933913,local;state,Baker;Columbia,3,9fc1818fa50907f1
374861341489998,public_thin_restore,thin_from_below_repeated,2027;2042;2057,3,True,,43.0,4,6.894240142933913,local;state,Baker;Columbia,3,7555e6f9c0bce5bc
374861344489998,family_light_thin,thin_from_below,2032,1,True,,79.0,3,303.34656628909215,private_family,Baker;Columbia;Union,3,627c3ee4d4f32da6
374861344489998,family_uneven_aged_selection,selection_harvest,2037;2052;2067,3,True,,79.0,3,303.34656628909215,private_family,Baker;Columbia;Union,3,8b4c475dd1548abc
374861344489998,hardwood_clearcut_regen,clearcut,2027,1,True,hardwood_regen,79.0,3,49.37165521713963,private_industrial,Baker;Columbia;Union,3,39332afd27974506
374861344489998,no_management,no_management,,0,False,,79.0,11,370.2874141285472,local;private_family;private_industrial;state,Baker;Columbia;Union,3,24dbb1f0ef2128d7
374861344489998,public_selection_light,selection_harvest,2032;2042;2052;2062,4,True,,79.0,5,17.569192622315455,local;state,Baker;Columbia;Union,3,31f100739b517c1d
374861344489998,public_thin_restore,thin_from_below_repeated,2027;2042;2057,3,True,,79.0,5,17.569192622315455,local;state,Baker;Columbia;Union,3,62399ed07bf9fb4d
374861365489998,family_light_thin,thin_from_below,2032,1,True,,98.0,3,28.91132963165834,private_family,Columbia;Suwannee;Union,3,e996e41166249bee
374861365489998,family_uneven_aged_selection,selection_harvest,2037;2052;2067,3,True,,98.0,3,28.91132963165834,private_family,Columbia;Suwannee;Union,3,097357651a246c8a
374861365489998,hardwood_clearcut_regen,clearcut,2027,1,True,hardwood_regen,98.0,3,32.692041968105976,private_industrial,Columbia;Suwannee;Union,3,496c9a6088ca91fa
374861365489998,no_management,no_management,,0,False,,98.0,8,62.04816128640521,local;private_family;private_industrial;state,Columbia;Suwannee;Union,3,bdf96563ba0e9645
374861365489998,public_selection_light,selection_harvest,2032;2042;2052;2062,4,True,,98.0,2,0.4447896866408976,local;state,Columbia;Union,3,55f986430439ffaa
374861365489998,public_thin_restore,thin_from_below_repeated,2027;2042;2057,3,True,,98.0,2,0.4447896866408976,local;state,Columbia;Union,3,81e4265dd48b837e
374861391489998,family_light_thin,thin_from_below,2032,1,True,,84.0,3,75.83664157227304,private_family,Baker;Columbia;Union,3,aea58fb99f1e1cfe
374861391489998,family_uneven_aged_selection,selection_harvest,2037;2052;2067,3,True,,84.0,3,75.83664157227304,private_family,Baker;Columbia;Union,3,cc09b7d94ee8eae5
374861391489998,no_management,no_management,,0,False,,84.0,10,194.37309306207223,federal;local;private_family;private_industrial;state,Baker;Columbia;Hamilton;Union,3,3ee9de249896170a
374861391489998,pine_plantation_long_rotation,clearcut,2027,1,True,planted_pine_regen,84.0,7,82.9532765585274,private_family;private_industrial;state,Baker;Columbia;Hamilton;Union,3,0eb8e211ed708f67
374861391489998,pine_plantation_short_rotation,clearcut,2027,1,True,planted_pine_regen,84.0,3,6.671845299613463,private_industrial,Baker;Columbia;Hamilton,3,0eb8e211ed708f67
374861391489998,public_selection_light,selection_harvest,2032;2042;2052;2062,4,True,,84.0,4,111.86460619018574,federal;local;state,Baker;Columbia;Hamilton,3,d6dcb91c33ca0d13
374861391489998,public_thin_restore,thin_from_below_repeated,2027;2042;2057,3,True,,84.0,4,111.86460619018574,federal;local;state,Baker;Columbia;Hamilton,3,749f2e3d11bf1fb8
374861395489998,hardwood_clearcut_regen,clearcut,2052,1,True,hardwood_regen,23.0,1,4.670291709729424,private_industrial,Baker,3,f931131e8cdf9d87
374861395489998,no_management,no_management,,0,False,,23.0,1,4.670291709729424,private_industrial,Baker,3,63c12948084e737c
374861410489998,family_light_thin,thin_from_below,2032,1,True,,70.0,3,4270.648176282578,private_family,Baker;Columbia;Union,3,8b0042b3cddcb167
374861410489998,family_uneven_aged_selection,selection_harvest,2037;2052;2067,3,True,,70.0,3,4270.648176282578,private_family,Baker;Columbia;Union,3,1807af3d630a4836
374861410489998,hardwood_clearcut_regen,clearcut,2027,1,True,hardwood_regen,70.0,3,79.17256422207977,private_industrial,Baker;Columbia;Hamilton,3,98f324bda4b6f3b4
374861410489998,no_management,no_management,,0,False,,70.0,10,5526.511856513152,federal;local;private_family;private_industrial;state,Baker;Columbia;Hamilton;Union,3,3e9bdd989ddd0971
374861410489998,public_selection_light,selection_harvest,2032;2042;2052;2062,4,True,,70.0,4,1176.6911160084944,federal;local;state,Baker;Columbia,3,ba6e8283ba86f9f8
374861410489998,public_thin_restore,thin_from_below_repeated,2027;2042;2057,3,True,,70.0,4,1176.6911160084944,federal;local;state,Baker;Columbia,3,22fe3ebb7eadf1f2
374861459489998,family_light_thin,thin_from_below,2032,1,True,,63.0,3,683.86414321038,private_family,Columbia;Hamilton;Suwannee,3,5e8cdf8722182a82
374861459489998,family_uneven_aged_selection,selection_harvest,2037;2052;2067,3,True,,63.0,3,683.86414321038,private_family,Columbia;Hamilton;Suwannee,3,fb3d7c0aa8dc9364
374861459489998,hardwood_clearcut_regen,clearcut,2027,1,True,hardwood_regen,63.0,3,135.4384595821533,private_industrial,Columbia;Hamilton;Suwannee,3,efc7c8c467a845d4
374861459489998,no_management,no_management,,0,False,,63.0,11,828.8655810553126,federal;local;private_family;private_industrial;state,Columbia;Hamilton;Suwannee,3,5f2b7700ce4ece65
374861459489998,public_selection_light,selection_harvest,2032;2042;2052;2062,4,True,,63.0,5,9.562978262779298,federal;local;state,Columbia;Hamilton,3,63e0f2891272a792
374861459489998,public_thin_restore,thin_from_below_repeated,2027;2042;2057,3,True,,63.0,5,9.562978262779298,federal;local;state,Columbia;Hamilton,3,4380f628f9d5720b
374861464489998,family_light_thin,thin_from_below,2032,1,True,,32.0,3,351.16145760298866,private_family,Columbia;Hamilton;Suwannee,3,5bce29994c9079c9
374861464489998,family_uneven_aged_selection,selection_harvest,2037;2052;2067,3,True,,32.0,3,351.16145760298866,private_family,Columbia;Hamilton;Suwannee,3,9cdb435c1a9dcaf1
374861464489998,no_management,no_management,,0,False,,32.0,11,549.092868158188,federal;local;private_family;private_industrial;state,Columbia;Hamilton;Suwannee,3,cf7d172b871ea955
374861464489998,pine_plantation_long_rotation,clearcut,2027,1,True,planted_pine_regen,32.0,7,482.3744151620534,private_family;private_industrial;state,Columbia;Hamilton;Suwannee,3,32453129ab8aeec0
374861464489998,pine_plantation_short_rotation,clearcut,2027,1,True,planted_pine_regen,32.0,3,130.32337818578299,private_industrial,Columbia;Hamilton;Suwannee,3,32453129ab8aeec0
374861464489998,public_selection_light,selection_harvest,2032;2042;2052;2062,4,True,,32.0,5,67.60803236941643,federal;local;state,Columbia;Hamilton,3,8f8bf511ccfa62f0
374861464489998,public_thin_restore,thin_from_below_repeated,2027;2042;2057,3,True,,32.0,5,67.60803236941643,federal;local;state,Columbia;Hamilton,3,d2bdeadb659a7ab1
374861493489998,family_light_thin,thin_from_below,2032,1,True,,39.0,2,16.45721840571321,private_family,Hamilton;Suwannee,3,2a213e647e6d8e38
374861493489998,family_uneven_aged_selection,selection_harvest,2037;2052;2067,3,True,,39.0,2,16.45721840571321,private_family,Hamilton;Suwannee,3,89297191b41cbe5e
374861493489998,hardwood_clearcut_regen,clearcut,2037,1,True,hardwood_regen,39.0,2,2.6687381198453854,private_industrial,Hamilton;Suwannee,3,6ca4c5f4ebc130fb
374861493489998,no_management,no_management,,0,False,,39.0,5,19.57074621219949,local;private_family;private_industrial,Hamilton;Suwannee,3,9e23afc46e0782e1
374861493489998,public_selection_light,selection_harvest,2032;2042;2052;2062,4,True,,39.0,1,0.4447896866408976,local,Hamilton,3,ab6b72510ec5f5ce
374861493489998,public_thin_restore,thin_from_below_repeated,2027;2042;2057,3,True,,39.0,1,0.4447896866408976,local,Hamilton,3,eb0903ace82f7ba6
374861495489998,family_light_thin,thin_from_below,2032,1,True,,55.0,5,22.684274018685777,private_family,Baker;Columbia;Hamilton;Suwannee;Union,3,d6909b1c1a6d3d14
374861495489998,family_uneven_aged_selection,selection_harvest,2037;2052;2067,3,True,,55.0,5,22.684274018685777,private_family,Baker;Columbia;Hamilton;Suwannee;Union,3,b26f6f977553fc5c
374861495489998,hardwood_clearcut_regen,clearcut,2027,1,True,hardwood_regen,55.0,2,6.894240142933912,private_industrial,Columbia;Suwannee,3,9cd2c0e22f686cc4
374861495489998,no_management,no_management,,0,False,,55.0,8,58.489843793278034,federal;private_family;private_industrial,Baker;Columbia;Hamilton;Suwannee;Union,3,7905457b316752a1
374861495489998,public_selection_light,selection_harvest,2032;2042;2052;2062,4,True,,55.0,1,28.911329631658344,federal,Columbia,3,363b893e32fda072
374861495489998,public_thin_restore,thin_from_below_repeated,2027;2042;2057,3,True,,55.0,1,28.911329631658344,federal,Columbia,3,c478155d84e4697f
374861498489998,family_light_thin,thin_from_below,2032,1,True,,43.0,4,186.36687870253607,private_family,Baker;Columbia;Hamilton;Suwannee,3,fc2be786732cbb0a
374861498489998,family_uneven_aged_selection,selection_harvest,2037;2052;2067,3,True,,43.0,4,186.36687870253607,private_family,Baker;Columbia;Hamilton;Suwannee,3,881f3ea1492d669e
374861498489998,hardwood_clearcut_regen,clearcut,2032,1,True,hardwood_regen,43.0,5,88.06835795489772,private_industrial,Baker;Columbia;Hamilton;Suwannee;Union,3,fbffd0599151aa16
374861498489998,no_management,no_management,,0,False,,43.0,13,302.23459207248993,local;private_family;private_industrial;state,Baker;Columbia;Hamilton;Suwannee;Union,3,e5c21ffdac9532fb
374861498489998,public_selection_light,selection_harvest,2032;2042;2052;2062,4,True,,43.0,4,27.799355415056098,local;state,Baker;Columbia;Hamilton;Suwannee,3,159a6039288c5780
374861498489998,public_thin_restore,thin_from_below_repeated,2027;2042;2057,3,True,,43.0,4,27.799355415056098,local;state,Baker;Columbia;Hamilton;Suwannee,3,941729d6819add84
374861500489998,family_light_thin,thin_from_below,2032,1,True,,20.0,3,1.5567639032431415,private_family,Columbia;Suwannee;Union,3,53d5c5e2e7504f0d
374861500489998,family_uneven_aged_selection,selection_harvest,2037;2052;2067,3,True,,20.0,3,1.5567639032431415,private_family,Columbia;Suwannee;Union,3,4a25776940922ad7
374861500489998,hardwood_clearcut_regen,clearcut,2052,1,True,hardwood_regen,20.0,2,0.6671845299613464,private_industrial,Hamilton;Suwannee,3,ebc45d51cc0a0a20
374861500489998,no_management,no_management,,0,False,,20.0,5,2.223948433204488,private_family;private_industrial,Columbia;Hamilton;Suwannee;Union,3,98e3b34e73b589b3
374861503489998,family_light_thin,thin_from_below,2032,1,True,,45.0,2,391.63731908731035,private_family,Columbia;Suwannee,3,db7c464a694ccc5d
374861503489998,family_uneven_aged_selection,selection_harvest,2037;2052;2067,3,True,,45.0,2,391.63731908731035,private_family,Columbia;Suwannee,3,8f70e03edea1135f
374861503489998,hardwood_clearcut_regen,clearcut,2027,1,True,hardwood_regen,45.0,2,24.241037921928918,private_industrial,Columbia;Suwannee,3,6a7b226a4166621e
374861503489998,no_management,no_management,,0,False,,45.0,6,417.21272606916193,local;private_family;private_industrial;state,Columbia;Suwannee,3,9ec83e8d2ccc8a7c
374861503489998,public_selection_light,selection_harvest,2032;2042;2052;2062,4,True,,45.0,2,1.3343690599226927,local;state,Columbia,3,4ae85dc8fee9a1e5
374861503489998,public_thin_restore,thin_from_below_repeated,2027;2042;2057,3,True,,45.0,2,1.3343690599226927,local;state,Columbia,3,a474471c94fa121d
374861504489998,family_light_thin,thin_from_below,2032,1,True,,18.0,2,269.98733979102485,private_family,Columbia;Suwannee,3,483301e248782002
374861504489998,family_uneven_aged_selection,selection_harvest,2037;2052;2067,3,True,,18.0,2,269.98733979102485,private_family,Columbia;Suwannee,3,aba16dbbb3b9a52f
374861504489998,no_management,no_management,,0,False,,18.0,5,342.26566387017067,private_family;private_industrial;state,Columbia;Suwannee,3,2c74e08a5a38fca2
374861504489998,pine_plantation_long_rotation,plantation_rotation,2027;2042,2,True,planted_pine_regen,18.0,5,342.26566387017067,private_family;private_industrial;state,Columbia;Suwannee,3,a89b64abd4b8bfff
374861504489998,pine_plantation_short_rotation,plantation_rotation,2027;2032,2,True,planted_pine_regen,18.0,2,62.93774065968701,private_industrial,Columbia;Suwannee,3,abac0469bc4dde6d
374861504489998,public_selection_light,selection_harvest,2032;2042;2052;2062,4,True,,18.0,1,9.340583419458849,state,Suwannee,3,db04b4fe3854fcbf
374861504489998,public_thin_restore,thin_from_below_repeated,2027;2042;2057,3,True,,18.0,1,9.340583419458849,state,Suwannee,3,4d25155d368f5e66
374861516489998,family_light_thin,thin_from_below,2032,1,True,,96.0,4,1081.9509127539834,private_family,Baker;Columbia;Hamilton;Union,3,993730caf9c63647
374861516489998,family_uneven_aged_selection,selection_harvest,2037;2052;2067,3,True,,96.0,4,1081.9509127539834,private_family,Baker;Columbia;Hamilton;Union,3,37da02be6bb58dcc
374861516489998,hardwood_clearcut_regen,clearcut,2027,1,True,hardwood_regen,96.0,3,10.89734732270199,private_industrial,Baker;Columbia;Suwannee,3,9b9b7c76eae112d7
374861516489998,no_management,no_management,,0,False,,96.0,9,1569.2180144690867,federal;private_family;private_industrial,Baker;Columbia;Hamilton;Suwannee;Union,3,d8d1a1def598a572
374861516489998,public_selection_light,selection_harvest,2032;2042;2052;2062,4,True,,96.0,2,476.3697543924013,federal,Baker;Columbia,3,67fd4c94b1f83e10
374861516489998,public_thin_restore,thin_from_below_repeated,2027;2042;2057,3,True,,96.0,2,476.3697543924013,federal,Baker;Columbia,3,aeb406bdbf460f6d
374861518489998,family_light_thin,thin_from_below,2032,1,True,,64.0,3,116.53489789991517,private_family,Baker;Columbia;Union,3,89f89522d610ac2f
374861518489998,family_uneven_aged_selection,selection_harvest,2037;2052;2067,3,True,,64.0,3,116.53489789991517,private_family,Baker;Columbia;Union,3,71170c141c759b75
374861518489998,hardwood_clearcut_regen,clearcut,2027,1,True,hardwood_regen,64.0,2,32.69204196810597,private_industrial,Baker;Union,3,19e8e9ba806eedc5
374861518489998,no_management,no_management,,0,False,,64.0,7,179.4726385596022,local;private_family;private_industrial;state,Baker;Columbia;Union,3,4a113d3adf4c0014
374861518489998,public_selection_light,selection_harvest,2032;2042;2052;2062,4,True,,64.0,2,30.245698691581037,local;state,Baker;Union,3,e712cd9ce2398f63
374861518489998,public_thin_restore,thin_from_below_repeated,2027;2042;2057,3,True,,64.0,2,30.245698691581037,local;state,Baker;Union,3,f4e4e973064b9b61
374861522489998,family_light_thin,thin_from_below,2032,1,True,,80.0,2,231.95782158322808,private_family,Columbia;Suwannee,3,89a6883073ac9aa3
374861522489998,family_uneven_aged_selection,selection_harvest,2037;2052;2067,3,True,,80.0,2,231.95782158322808,private_family,Columbia;Suwannee,3,6add4ae294047c4b
374861522489998,hardwood_clearcut_regen,clearcut,2027,1,True,hardwood_regen,80.0,2,89.18033217149997,private_industrial,Columbia;Suwannee,3,72a05023616d1d80
374861522489998,no_management,no_management,,0,False,,80.0,6,350.9390627596682,local;private_family;private_industrial;state,Columbia;Suwannee,3,51bd41d25b07e8d1
374861522489998,public_selection_light,selection_harvest,2032;2042;2052;2062,4,True,,80.0,2,29.800909004940138,local;state,Columbia,3,77871b98e3a5ccf6
374861522489998,public_thin_restore,thin_from_below_repeated,2027;2042;2057,3,True,,80.0,2,29.800909004940138,local;state,Columbia,3,d634380d50093ebb
374861529489998,family_light_thin,thin_from_below,2032,1,True,,87.0,1,42.477415074205716,private_family,Baker,3,ec6466eb4e756c01
374861529489998,family_uneven_aged_selection,selection_harvest,2037;2052;2067,3,True,,87.0,1,42.477415074205716,private_family,Baker,3,ad64e73372414d64
374861529489998,no_management,no_management,,0,False,,87.0,3,125.87548131937402,local;private_family;private_industrial,Baker,3,cb14d4871f938744
374861529489998,pine_plantation_long_rotation,clearcut,2027,1,True,planted_pine_regen,87.0,2,124.98590194609221,private_family;private_industrial,Baker,3,429fd6658bed4016
374861529489998,pine_plantation_short_rotation,clearcut,2027,1,True,planted_pine_regen,87.0,1,82.5084868718865,private_industrial,Baker,3,429fd6658bed4016
374861529489998,public_selection_light,selection_harvest,2032;2042;2052;2062,4,True,,87.0,1,0.8895793732817951,local,Baker,3,5f03068100e3128e
374861529489998,public_thin_restore,thin_from_below_repeated,2027;2042;2057,3,True,,87.0,1,0.8895793732817951,local,Baker,3,fe2a84a7465852ec
374861532489998,family_light_thin,thin_from_below,2032,1,True,,18.0,3,455.68703396359956,private_family,Columbia;Hamilton;Suwannee,3,3306f4fda6ad872b
374861532489998,family_uneven_aged_selection,selection_harvest,2037;2052;2067,3,True,,18.0,3,455.68703396359956,private_family,Columbia;Hamilton;Suwannee,3,575247724694dc7c
374861532489998,no_management,no_management,,0,False,,18.0,9,547.9808939415858,local;private_family;private_industrial;state,Columbia;Hamilton;Suwannee,3,81a7d5ca8eee2602
374861532489998,pine_plantation_long_rotation,plantation_rotation,2027;2042,2,True,planted_pine_regen,18.0,7,533.747623969077,private_family;private_industrial;state,Columbia;Hamilton;Suwannee,3,dae093770d117c27
374861532489998,pine_plantation_short_rotation,plantation_rotation,2027;2032,2,True,planted_pine_regen,18.0,3,77.17101063219573,private_industrial,Columbia;Hamilton;Suwannee,3,9bd9eb5a825d0d9d
374861532489998,public_selection_light,selection_harvest,2032;2042;2052;2062,4,True,,18.0,3,15.122849345790517,local;state,Columbia;Suwannee,3,9a684287f56b1dae
374861532489998,public_thin_restore,thin_from_below_repeated,2027;2042;2057,3,True,,18.0,3,15.122849345790517,local;state,Columbia;Suwannee,3,b8cbd46725935ac0
374861537489998,family_light_thin,thin_from_below,2032,1,True,,23.0,2,222.83963300708967,private_family,Columbia;Suwannee,3,bd50ad3acb4e2405
374861537489998,family_uneven_aged_selection,selection_harvest,2037;2052;2067,3,True,,23.0,2,222.83963300708967,private_family,Columbia;Suwannee,3,b3c4fa30a0533c5c
374861537489998,no_management,no_management,,0,False,,23.0,7,296.4523261461582,private_family;private_industrial;state,Columbia;Hamilton;Suwannee,3,77e741ab0e727ee3
374861537489998,pine_plantation_long_rotation,plantation_rotation,2027;2037,2,True,planted_pine_regen,23.0,7,296.4523261461582,private_family;private_industrial;state,Columbia;Hamilton;Suwannee,3,f154e6003e9a3c3c
374861537489998,pine_plantation_short_rotation,clearcut,2027,1,True,planted_pine_regen,23.0,3,40.03107179768078,private_industrial,Columbia;Hamilton;Suwannee,3,fcdaff571a4dc3f5
374861537489998,public_selection_light,selection_harvest,2032;2042;2052;2062,4,True,,23.0,2,33.581621341387766,state,Columbia;Suwannee,3,722795e6a422c17f
374861537489998,public_thin_restore,thin_from_below_repeated,2027;2042;2057,3,True,,23.0,2,33.581621341387766,state,Columbia;Suwannee,3,d02c12194d72d941
374861540489998,family_light_thin,thin_from_below,2032,1,True,,18.0,5,69.83198080262092,private_family,Baker;Columbia;Hamilton;Suwannee;Union,3,776c2938e0c94d06
374861540489998,family_uneven_aged_selection,selection_harvest,2037;2052;2067,3,True,,18.0,5,69.83198080262092,private_family,Baker;Columbia;Hamilton;Suwannee;Union,3,0b4f2db3d923254f
374861540489998,no_management,no_management,,0,False,,18.0,11,110.3078422869426,local;private_family;private_industrial,Baker;Columbia;Hamilton;Suwannee;Union,3,26d2951232129f3a
374861540489998,pine_plantation_long_rotation,plantation_rotation,2027;2042,2,True,planted_pine_regen,18.0,10,110.08544744362216,private_family;private_industrial,Baker;Columbia;Hamilton;Suwannee;Union,3,be2c1035b7f51e31
374861540489998,pine_plantation_short_rotation,plantation_rotation,2027;2032,2,True,planted_pine_regen,18.0,5,40.25346664100123,private_industrial,Baker;Columbia;Hamilton;Suwannee;Union,3,8a23b035c5775780
374861540489998,public_selection_light,selection_harvest,2032;2042;2052;2062,4,True,,18.0,1,0.2223948433204488,local,Columbia,3,ff2a6c05ad840c0f
374861540489998,public_thin_restore,thin_from_below_repeated,2027;2042;2057,3,True,,18.0,1,0.2223948433204488,local,Columbia,3,b6cf3b247ef89098
374861541489998,family_light_thin,thin_from_below,2032,1,True,,20.0,2,154.5644161077119,private_family,Columbia;Suwannee,3,f6440b479cb26aeb
374861541489998,family_uneven_aged_selection,selection_harvest,2037;2052;2067,3,True,,20.0,2,154.5644161077119,private_family,Columbia;Suwannee,3,e58adaf9cddbfe51
374861541489998,no_management,no_management,,0,False,,20.0,5,181.02940246284533,local;private_family;private_industrial;state,Columbia;Suwannee,3,c15bbe396a530407
374861541489998,pine_plantation_long_rotation,plantation_rotation,2027;2037,2,True,planted_pine_regen,20.0,4,176.13671590979544,private_family;private_industrial;state,Columbia;Suwannee,3,627314fc6d739168
374861541489998,pine_plantation_short_rotation,clearcut,2027,1,True,planted_pine_regen,20.0,1,20.905115272122185,private_industrial,Suwannee,3,6f5def4e3387eaca
374861541489998,public_selection_light,selection_harvest,2032;2042;2052;2062,4,True,,20.0,2,5.55987108301122,local;state,Suwannee,3,dd8f5d22e607f064
374861541489998,public_thin_restore,thin_from_below_repeated,2027;2042;2057,3,True,,20.0,2,5.55987108301122,local;state,Suwannee,3,f210518f6644afcb
374861554489998,family_light_thin,thin_from_below,2032,1,True,,62.0,1,76.28143125891394,private_family,Union,3,852cc223477654ba
374861554489998,family_uneven_aged_selection,selection_harvest,2037;2052;2067,3,True,,62.0,1,76.28143125891394,private_family,Union,3,3a1c50a803c3fe4f
374861554489998,no_management,no_management,,0,False,,62.0,4,103.41360214400869,local;private_family;private_industrial;state,Union,3,5b37a9e423866275
374861554489998,pine_plantation_long_rotation,clearcut,2027,1,True,planted_pine_regen,62.0,3,100.3000743375224,private_family;private_industrial;state,Union,3,2941947c4a6f42f7
374861554489998,pine_plantation_short_rotation,clearcut,2027,1,True,planted_pine_regen,62.0,1,23.79624823528802,private_industrial,Union,3,2941947c4a6f42f7
374861554489998,public_selection_light,selection_harvest,2032;2042;2052;2062,4,True,,62.0,2,3.335922649806732,local;state,Union,3,379c530b43f7e4e9
374861554489998,public_thin_restore,thin_from_below_repeated,2027;2042;2057,3,True,,62.0,2,3.335922649806732,local;state,Union,3,f168908ca2da880f
374861563489998,family_light_thin,thin_from_below,2032,1,True,,33.0,2,52.70757786694636,private_family,Baker;Union,3,00e95eba432f754e
374861563489998,family_uneven_aged_selection,selection_harvest,2037;2052;2067,3,True,,33.0,2,52.70757786694636,private_family,Baker;Union,3,ad67df901409e15e
374861563489998,no_management,no_management,,0,False,,33.0,5,123.87392772948998,local;private_family;private_industrial;state,Baker;Union,3,3048258245a8825a
374861563489998,pine_plantation_long_rotation,clearcut,2027,1,True,planted_pine_regen,33.0,4,108.97347322701991,private_family;private_industrial;state,Baker;Union,3,68472653a6428555
374861563489998,pine_plantation_short_rotation,clearcut,2027,1,True,planted_pine_regen,33.0,1,54.486736613509954,private_industrial,Baker,3,68472653a6428555
374861563489998,public_selection_light,selection_harvest,2032;2042;2052;2062,4,True,,33.0,2,16.679613249033657,local;state,Baker;Union,3,9f0b516bf6858c52
374861563489998,public_thin_restore,thin_from_below_repeated,2027;2042;2057,3,True,,33.0,2,16.679613249033657,local;state,Baker;Union,3,192306a34b21b97a
374861569489998,family_light_thin,thin_from_below,2032,1,True,,17.0,1,42.69980991752617,private_family,Union,3,e56724bb3a9bdb76
374861569489998,family_uneven_aged_selection,selection_harvest,2037;2052;2067,3,True,,17.0,1,42.69980991752617,private_family,Union,3,91e6058054071245
374861569489998,no_management,no_management,,0,False,,17.0,4,128.5442194392194,local;private_family;private_industrial;state,Union,3,476e3c58f3124b91
374861569489998,pine_plantation_long_rotation,plantation_rotation,2027;2042,2,True,planted_pine_regen,17.0,3,119.20363601976055,private_family;private_industrial;state,Union,3,5b4f1466228ee380
374861569489998,pine_plantation_short_rotation,plantation_rotation,2027;2032,2,True,planted_pine_regen,17.0,1,76.28143125891394,private_industrial,Union,3,57c03b0366438aab
374861569489998,public_selection_light,selection_harvest,2032;2042;2052;2062,4,True,,17.0,2,9.562978262779298,local;state,Union,3,9d2ec15d79222e04
374861569489998,public_thin_restore,thin_from_below_repeated,2027;2042;2057,3,True,,17.0,2,9.562978262779298,local;state,Union,3,2f61be4602145465
374861575489998,family_light_thin,thin_from_below,2032,1,True,,49.0,1,0.2223948433204488,private_family,Union,3,4d1d98ee497a98a4
374861575489998,family_uneven_aged_selection,selection_harvest,2037;2052;2067,3,True,,49.0,1,0.2223948433204488,private_family,Union,3,8996d5d659d1c33c
374861575489998,no_management,no_management,,0,False,,49.0,1,0.2223948433204488,private_family,Union,3,2653eb08fc20cf67
374861575489998,pine_plantation_long_rotation,clearcut,2027,1,True,planted_pine_regen,49.0,1,0.2223948433204488,private_family,Union,3,cfa6f84a0bccd9d4
374861587489998,family_light_thin,thin_from_below,2032,1,True,,67.0,5,85.62201467837278,private_family,Baker;Columbia;Hamilton;Suwannee;Union,3,4ac79494620d497b
374861587489998,family_uneven_aged_selection,selection_harvest,2037;2052;2067,3,True,,67.0,5,85.62201467837278,private_family,Baker;Columbia;Hamilton;Suwannee;Union,3,d16f1d2a34449e9d
374861587489998,hardwood_clearcut_regen,clearcut,2027,1,True,hardwood_regen,67.0,4,87.84596311157728,private_industrial,Baker;Columbia;Hamilton;Suwannee,3,e33149994f02d92f
374861587489998,no_management,no_management,,0,False,,67.0,13,179.69503340292263,local;private_family;private_industrial;state,Baker;Columbia;Hamilton;Suwannee;Union,3,ac6dcfd82785ce24
374861587489998,public_selection_light,selection_harvest,2032;2042;2052;2062,4,True,,67.0,4,6.227055612972565,local;state,Baker;Columbia;Suwannee,3,8ad9c058c8f8f91a
374861587489998,public_thin_restore,thin_from_below_repeated,2027;2042;2057,3,True,,67.0,4,6.227055612972565,local;state,Baker;Columbia;Suwannee,3,32d85b115f62e3fa
374861589489998,family_light_thin,thin_from_below,2032,1,True,,15.0,5,3.780712336447629,private_family,Baker;Columbia;Hamilton;Suwannee;Union,3,79be7ff7a9508405
374861589489998,family_uneven_aged_selection,selection_harvest,2037;2052;2067,3,True,,15.0,5,3.780712336447629,private_family,Baker;Columbia;Hamilton;Suwannee;Union,3,04cce43f77b80717
374861589489998,hardwood_clearcut_regen,clearcut,2057,1,True,hardwood_regen,15.0,3,1.3343690599226927,private_industrial,Baker;Suwannee;Union,3,f367cf5a2a303120
374861589489998,no_management,no_management,,0,False,,15.0,9,5.5598710830112195,private_family;private_industrial;state,Baker;Columbia;Hamilton;Suwannee;Union,3,53c04016147456a2
374861589489998,public_selection_light,selection_harvest,2032;2042;2052;2062,4,True,,15.0,1,0.4447896866408976,state,Union,3,c5f1f17a9fb68863
374861589489998,public_thin_restore,thin_from_below_repeated,2027;2042;2057,3,True,,15.0,1,0.4447896866408976,state,Union,3,8cf23cc597938066
374861608489998,family_light_thin,thin_from_below,2032,1,True,,51.0,5,611.3634242879137,private_family,Baker;Columbia;Hamilton;Suwannee;Union,3,6d1dd4a92e1451b9
374861608489998,family_uneven_aged_selection,selection_harvest,2037;2052;2067,3,True,,51.0,5,611.3634242879137,private_family,Baker;Columbia;Hamilton;Suwannee;Union,3,1b98ac0ab7e0b751
374861608489998,hardwood_clearcut_regen,clearcut,2027,1,True,hardwood_regen,51.0,5,156.7883645409164,private_industrial,Baker;Columbia;Hamilton;Suwannee;Union,3,6b6ecf048235c270
374861608489998,no_management,no_management,,0,False,,51.0,17,873.1221548760819,federal;local;private_family;private_industrial;state,Baker;Columbia;Hamilton;Suwannee;Union,3,2c376169b769bf40
374861608489998,public_selection_light,selection_harvest,2032;2042;2052;2062,4,True,,51.0,7,104.97036604725183,federal;local;state,Baker;Columbia;Hamilton;Union,3,432a4102b132c0fa
374861608489998,public_thin_restore,thin_from_below_repeated,2027;2042;2057,3,True,,51.0,7,104.97036604725183,federal;local;state,Baker;Columbia;Hamilton;Union,3,567a6c65365ef9fb
374861672489998,family_light_thin,thin_from_below,2032,1,True,,15.0,3,2016.6764392298296,private_family,Columbia;Hamilton;Suwannee,3,df8aea5f51a42470
374861672489998,family_uneven_aged_selection,selection_harvest,2037;2052;2067,3,True,,15.0,3,2016.6764392298296,private_family,Columbia;Hamilton;Suwannee,3,ae1c952bdb1053cc
374861672489998,no_management,no_management,,0,False,,15.0,11,2958.2962058486096,federal;local;private_family;private_industrial;state,Columbia;Hamilton;Suwannee,3,53c49541c081de8d
374861672489998,pine_plantation_long_rotation,plantation_rotation,2027;2042,2,True,planted_pine_regen,15.0,6,2919.821897954172,private_family;private_industrial;state,Columbia;Hamilton;Suwannee,3,2847dc99239d8538
374861672489998,pine_plantation_short_rotation,plantation_rotation,2027;2032,2,True,planted_pine_regen,15.0,2,901.366299977779,private_industrial,Hamilton;Suwannee,3,dfa176c14a0b3c3e
374861672489998,public_selection_light,selection_harvest,2032;2042;2052;2062,4,True,,15.0,6,40.25346664100123,federal;local;state,Columbia;Hamilton;Suwannee,3,1cc6424167d6faee
374861672489998,public_thin_restore,thin_from_below_repeated,2027;2042;2057,3,True,,15.0,6,40.25346664100123,federal;local;state,Columbia;Hamilton;Suwannee,3,672f019f2c242658
374861676489998,family_light_thin,thin_from_below,2032,1,True,,19.0,1,2668.960514688706,private_family,Hamilton,3,a60b18b134608fc2
374861676489998,family_uneven_aged_selection,selection_harvest,2037;2052;2067,3,True,,19.0,1,2668.960514688706,private_family,Hamilton,3,f9aee464c783516e
374861676489998,no_management,no_management,,0,False,,19.0,4,6139.8768343909505,local;private_family;private_industrial;state,Hamilton,3,69caba0773f6828f
374861676489998,pine_plantation_long_rotation,plantation_rotation,2027;2042,2,True,planted_pine_regen,19.0,3,6129.869066441531,private_family;private_industrial;state,Hamilton,3,7be691fb018d456c
374861676489998,pine_plantation_short_rotation,plantation_rotation,2027;2032,2,True,planted_pine_regen,19.0,1,3460.0189723795424,private_industrial,Hamilton,3,b0167a818b3ce961
374861676489998,public_selection_light,selection_harvest,2032;2042;2052;2062,4,True,,19.0,2,10.89734732270199,local;state,Hamilton,3,03137a52880a0301
374861676489998,public_thin_restore,thin_from_below_repeated,2027;2042;2057,3,True,,19.0,2,10.89734732270199,local;state,Hamilton,3,55b1ca39f124bb37
374861678489998,family_light_thin,thin_from_below,2032,1,True,,11.0,4,91.84907029134534,private_family,Baker;Columbia;Hamilton;Suwannee,3,caede108beb992f4
374861678489998,family_uneven_aged_selection,selection_harvest,2037;2052;2067,3,True,,11.0,4,91.84907029134534,private_family,Baker;Columbia;Hamilton;Suwannee,3,87ad966acd60c089
374861678489998,hardwood_clearcut_regen,clearcut,2062,1,True,hardwood_regen,11.0,3,46.480522253973795,private_industrial,Columbia;Hamilton;Suwannee,3,8e9b5e1a16452e5c
374861678489998,no_management,no_management,,0,False,,11.0,12,142.7774894117281,federal;local;private_family;private_industrial,Baker;Columbia;Hamilton;Suwannee,3,d3b12b0478028245
374861678489998,public_selection_light,selection_harvest,2032;2042;2052;2062,4,True,,11.0,5,4.447896866408976,federal;local,Columbia;Hamilton;Suwannee,3,86a7fc22e6818b9d
374861678489998,public_thin_restore,thin_from_below_repeated,2027;2042;2057,3,True,,11.0,5,4.447896866408976,federal;local,Columbia;Hamilton;Suwannee,3,7a44f847de8fce73
374861690489998,family_light_thin,thin_from_below,2032,1,True,,60.0,3,596.6853646287641,private_family,Columbia;Hamilton;Suwannee,3,37fbb8ed78be9fda
374861690489998,family_uneven_aged_selection,selection_harvest,2037;2052;2067,3,True,,60.0,3,596.6853646287641,private_family,Columbia;Hamilton;Suwannee,3,1ff7a2ceb53884da
374861690489998,hardwood_clearcut_regen,clearcut,2027,1,True,hardwood_regen,60.0,3,645.6122301592628,private_industrial,Columbia;Hamilton;Suwannee,3,20821bfc9dca5c28
374861690489998,no_management,no_management,,0,False,,60.0,12,1840.094933633393,federal;local;private_family;private_industrial;state,Columbia;Hamilton;Suwannee,3,e02462455731d42c
374861690489998,public_selection_light,selection_harvest,2032;2042;2052;2062,4,True,,60.0,6,597.7973388453663,federal;local;state,Columbia;Hamilton;Suwannee,3,c426ef59140d55bf
374861690489998,public_thin_restore,thin_from_below_repeated,2027;2042;2057,3,True,,60.0,6,597.7973388453663,federal;local;state,Columbia;Hamilton;Suwannee,3,52bf7ee4be28c32d
374861703489998,family_light_thin,thin_from_below,2032,1,True,,105.0,3,233.95937517311214,private_family,Columbia;Suwannee;Union,3,08a4cbf580b12000
374861703489998,family_uneven_aged_selection,selection_harvest,2037;2052;2067,3,True,,105.0,3,233.95937517311214,private_family,Columbia;Suwannee;Union,3,6631c088fa8e1bb4
374861703489998,hardwood_clearcut_regen,clearcut,2027,1,True,hardwood_regen,105.0,3,44.03417897744886,private_industrial,Columbia;Suwannee;Union,3,53415f96efa6446f
374861703489998,no_management,no_management,,0,False,,105.0,8,283.3310303902517,federal;local;private_family;private_industrial,Columbia;Suwannee;Union,3,5097914e39a5f331
374861703489998,public_selection_light,selection_harvest,2032;2042;2052;2062,4,True,,105.0,2,5.337476239690771,federal;local,Columbia,3,4ef6d6b263e6c0e5
374861703489998,public_thin_restore,thin_from_below_repeated,2027;2042;2057,3,True,,105.0,2,5.337476239690771,federal;local,Columbia,3,0bf106a2a03da68c
374861704489998,family_light_thin,thin_from_below,2032,1,True,,18.0,5,5236.286585979967,private_family,Baker;Columbia;Hamilton;Suwannee;Union,3,450aa85151ce7c51
374861704489998,family_uneven_aged_selection,selection_harvest,2037;2052;2067,3,True,,18.0,5,5236.286585979967,private_family,Baker;Columbia;Hamilton;Suwannee;Union,3,86e5860f1c478fbc
374861704489998,no_management,no_management,,0,False,,18.0,19,6772.367768794306,federal;local;private_family;private_industrial;state,Baker;Columbia;Hamilton;Suwannee;Union,3,4f5817c6d25bbd1f
374861704489998,pine_plantation_long_rotation,plantation_rotation,2027;2042,2,True,planted_pine_regen,18.0,12,6614.0226403501465,private_family;private_industrial;state,Baker;Columbia;Hamilton;Suwannee;Union,3,ec5259a9c5a953f5
374861704489998,pine_plantation_short_rotation,plantation_rotation,2027;2032,2,True,planted_pine_regen,18.0,4,1367.0611018907987,private_industrial,Columbia;Hamilton;Suwannee;Union,3,534e8da94fce52a4
374861704489998,public_selection_light,selection_harvest,2032;2042;2052;2062,4,True,,18.0,10,169.02008092354106,federal;local;state,Columbia;Hamilton;Suwannee;Union,3,265f51763bc86d97
374861704489998,public_thin_restore,thin_from_below_repeated,2027;2042;2057,3,True,,18.0,10,169.02008092354106,federal;local;state,Columbia;Hamilton;Suwannee;Union,3,5633436b661a1bd8
374861794489998,family_light_thin,thin_from_below,2032,1,True,,83.0,1,0.8895793732817951,private_family,Columbia,3,9a876aac762e093f
374861794489998,family_uneven_aged_selection,selection_harvest,2037;2052;2067,3,True,,83.0,1,0.8895793732817951,private_family,Columbia,3,27a268a95006f644
374861794489998,no_management,no_management,,0,False,,83.0,2,1.5567639032431415,private_family;private_industrial,Columbia,3,e751faf50296d7ac
374861794489998,pine_plantation_long_rotation,clearcut,2027,1,True,planted_pine_regen,83.0,2,1.5567639032431415,private_family;private_industrial,Columbia,3,74d1173c9d0df993
374861794489998,pine_plantation_short_rotation,clearcut,2027,1,True,planted_pine_regen,83.0,1,0.6671845299613464,private_industrial,Columbia,3,74d1173c9d0df993
374861796489998,family_light_thin,thin_from_below,2032,1,True,,93.0,4,34.24880587134911,private_family,Baker;Columbia;Suwannee;Union,3,b1f9ace1eaa3b956
374861796489998,family_uneven_aged_selection,selection_harvest,2037;2052;2067,3,True,,93.0,4,34.24880587134911,private_family,Baker;Columbia;Suwannee;Union,3,ad983c4a4df074e5
374861796489998,hardwood_clearcut_regen,clearcut,2027,1,True,hardwood_regen,93.0,4,22.239484332044878,private_industrial,Baker;Columbia;Suwannee;Union,3,7d1c5409a755f3e7
374861796489998,no_management,no_management,,0,False,,93.0,9,67.38563752609598,local;private_family;private_industrial,Baker;Columbia;Suwannee;Union,3,4ed00930210506b8
374861796489998,public_selection_light,selection_harvest,2032;2042;2052;2062,4,True,,93.0,1,10.897347322701991,local,Baker,3,7f4442fcb4c28874
374861796489998,public_thin_restore,thin_from_below_repeated,2027;2042;2057,3,True,,93.0,1,10.897347322701991,local,Baker,3,b966931416fcec3c
374861876489998,family_light_thin,thin_from_below,2032,1,True,,10.0,3,2.001553589884039,private_family,Columbia;Hamilton;Suwannee,3,5ffecd8b804ef3df
374861876489998,family_uneven_aged_selection,selection_harvest,2037;2052;2067,3,True,,10.0,3,2.001553589884039,private_family,Columbia;Hamilton;Suwannee,3,07ae760c5d599802
374861876489998,no_management,no_management,,0,False,,10.0,5,2.446343276524937,private_family;private_industrial,Columbia;Hamilton;Suwannee;Union,3,579c8d9f04e53946
374861876489998,pine_plantation_long_rotation,plantation_rotation,2032;2047,2,True,planted_pine_regen,10.0,5,2.446343276524937,private_family;private_industrial,Columbia;Hamilton;Suwannee;Union,3,c9d79aeb5fe93b05
374861876489998,pine_plantation_short_rotation,plantation_rotation,2027;2037,2,True,planted_pine_regen,10.0,2,0.4447896866408976,private_industrial,Columbia;Union,3,4fd31372ef3b884c
374861921489998,family_light_thin,thin_from_below,2032,1,True,,92.0,3,24.241037921928918,private_family,Baker;Columbia;Union,3,5f6a47c0468ab0fb
374861921489998,family_uneven_aged_selection,selection_harvest,2037;2052;2067,3,True,,92.0,3,24.241037921928918,private_family,Baker;Columbia;Union,3,dd2f80a4fc9eee46
374861921489998,no_management,no_management,,0,False,,92.0,7,35.360780087951355,local;private_family;private_industrial;state,Baker;Columbia;Union,3,62af9031f2b1542a
374861921489998,pine_plantation_long_rotation,clearcut,2027,1,True,planted_pine_regen,92.0,6,34.91599040131046,private_family;private_industrial;state,Baker;Columbia;Union,3,6394ff5bfeff7540
374861921489998,pine_plantation_short_rotation,clearcut,2027,1,True,planted_pine_regen,92.0,2,10.007767949420197,private_industrial,Baker;Union,3,6394ff5bfeff7540
374861921489998,public_selection_light,selection_harvest,2032;2042;2052;2062,4,True,,92.0,2,1.111974216602244,local;state,Baker,3,41636a546af076c5
374861921489998,public_thin_restore,thin_from_below_repeated,2027;2042;2057,3,True,,92.0,2,1.111974216602244,local;state,Baker,3,c325564da8f6463d
374861925489998,family_light_thin,thin_from_below,2032,1,True,,76.0,1,6.0046607696521175,private_family,Baker,3,de080000f45f1441
374861925489998,family_uneven_aged_selection,selection_harvest,2037;2052;2067,3,True,,76.0,1,6.0046607696521175,private_family,Baker,3,736dca16d2f58f90
374861925489998,no_management,no_management,,0,False,,76.0,3,43.366994447487514,federal;private_family,Baker;Columbia,3,42e67ff7a684e8ae
374861925489998,pine_plantation_long_rotation,clearcut,2027,1,True,planted_pine_regen,76.0,1,6.0046607696521175,private_family,Baker,3,d2737ef374e13b91
374861925489998,public_selection_light,selection_harvest,2032;2042;2052;2062,4,True,,76.0,2,37.3623336778354,federal,Baker;Columbia,3,41e95a2b70e309f1
374861925489998,public_thin_restore,thin_from_below_repeated,2027;2042;2057,3,True,,76.0,2,37.3623336778354,federal,Baker;Columbia,3,3ab168902a3cca74
374861932489998,family_light_thin,thin_from_below,2032,1,True,,53.0,1,190.1475910389837,private_family,Baker,3,46082156b53089f3
374861932489998,family_uneven_aged_selection,selection_harvest,2037;2052;2067,3,True,,53.0,1,190.1475910389837,private_family,Baker,3,66e22fbbdefd8568
374861932489998,no_management,no_management,,0,False,,53.0,3,276.43679024731784,local;private_family;private_industrial,Baker,3,c95a8e4ffad5741c
374861932489998,pine_plantation_long_rotation,clearcut,2027,1,True,planted_pine_regen,53.0,2,273.545657284152,private_family;private_industrial,Baker,3,d01b0fb4fa26626b
374861932489998,pine_plantation_short_rotation,clearcut,2027,1,True,planted_pine_regen,53.0,1,83.3980662451683,private_industrial,Baker,3,d01b0fb4fa26626b
374861932489998,public_selection_light,selection_harvest,2032;2042;2052;2062,4,True,,53.0,1,2.891132963165834,local,Baker,3,179f2face1cf244a
374861932489998,public_thin_restore,thin_from_below_repeated,2027;2042;2057,3,True,,53.0,1,2.891132963165834,local,Baker,3,17461e359ffa1cb5
374861934489998,family_light_thin,thin_from_below,2032,1,True,,12.0,2,73.16790345242765,private_family,Baker;Union,3,ebd8f998872d3771
374861934489998,family_uneven_aged_selection,selection_harvest,2037;2052;2067,3,True,,12.0,2,73.16790345242765,private_family,Baker;Union,3,9c3736174d1eff1f
374861934489998,no_management,no_management,,0,False,,12.0,6,151.00609861458472,local;private_family;private_industrial;state,Baker;Union,3,5e93453e65718606
374861934489998,pine_plantation_long_rotation,plantation_rotation,2032;2047,2,True,planted_pine_regen,12.0,5,149.0045450247007,private_family;private_industrial;state,Baker;Union,3,4d960eb1da0bfcca
374861934489998,pine_plantation_short_rotation,plantation_rotation,2027;2037,2,True,planted_pine_regen,12.0,2,74.94706219899125,private_industrial,Baker;Union,3,ce69719f7c518c38
374861934489998,public_selection_light,selection_harvest,2032;2042;2052;2062,4,True,,12.0,2,2.891132963165834,local;state,Baker;Union,3,44fd4f5514819ba5
374861934489998,public_thin_restore,thin_from_below_repeated,2027;2042;2057,3,True,,12.0,2,2.891132963165834,local;state,Baker;Union,3,330382236f27c59c
374861936489998,family_light_thin,thin_from_below,2032,1,True,,14.0,5,36.0279646179127,private_family,Baker;Columbia;Hamilton;Suwannee;Union,3,c95e45b65d7c2df6
374861936489998,family_uneven_aged_selection,selection_harvest,2037;2052;2067,3,True,,14.0,5,36.0279646179127,private_family,Baker;Columbia;Hamilton;Suwannee;Union,3,1595bdc9560df1de
374861936489998,hardwood_clearcut_regen,clearcut,2062,1,True,hardwood_regen,14.0,5,9.340583419458849,private_industrial,Baker;Columbia;Hamilton;Suwannee;Union,3,16113c4a11e72831
374861936489998,no_management,no_management,,0,False,,14.0,14,46.70291709729425,local;private_family;private_industrial;state,Baker;Columbia;Hamilton;Suwannee;Union,3,f0e0044c95acd807
374861936489998,public_selection_light,selection_harvest,2032;2042;2052;2062,4,True,,14.0,4,1.3343690599226927,local;state,Columbia;Hamilton;Suwannee;Union,3,2fcbc4aab50460ba
374861936489998,public_thin_restore,thin_from_below_repeated,2027;2042;2057,3,True,,14.0,4,1.3343690599226927,local;state,Columbia;Hamilton;Suwannee;Union,3,bd899f2aacfaa786
374861937489998,family_light_thin,thin_from_below,2032,1,True,,25.0,3,7663.503905979345,private_family,Baker;Columbia;Union,3,d5eef8f5ae37baa8
374861937489998,family_uneven_aged_selection,selection_harvest,2037;2052;2067,3,True,,25.0,3,7663.503905979345,private_family,Baker;Columbia;Union,3,d6272f796c3fbb02
374861937489998,no_management,no_management,,0,False,,25.0,9,12263.518845219507,local;private_family;private_industrial;state,Baker;Columbia;Union,3,41f68511d5af10e0
374861937489998,pine_plantation_long_rotation,plantation_rotation,2027;2032,2,True,planted_pine_regen,25.0,7,12164.99792962855,private_family;private_industrial;state,Baker;Columbia;Union,3,d643a482718ca43d
374861937489998,pine_plantation_short_rotation,clearcut,2027,1,True,planted_pine_regen,25.0,2,3434.8883550843316,private_industrial,Baker;Union,3,db12b07e05f97967
374861937489998,public_selection_light,selection_harvest,2032;2042;2052;2062,4,True,,25.0,4,1165.126584155831,local;state,Baker;Union,3,99f497cedcb0bc13
374861937489998,public_thin_restore,thin_from_below_repeated,2027;2042;2057,3,True,,25.0,4,1165.126584155831,local;state,Baker;Union,3,c08a65615bebec18
374861938489998,family_light_thin,thin_from_below,2032,1,True,,22.0,3,49.81644490378053,private_family,Baker;Columbia;Union,3,200e2c7b8f3add64
374861938489998,family_uneven_aged_selection,selection_harvest,2037;2052;2067,3,True,,22.0,3,49.81644490378053,private_family,Baker;Columbia;Union,3,c0ef379d9931fd55
374861938489998,no_management,no_management,,0,False,,22.0,12,77.61580031883663,local;private_family;private_industrial;state,Baker;Columbia;Hamilton;Union,3,1e6bdadaf0ba786a
374861938489998,pine_plantation_long_rotation,plantation_rotation,2027;2037,2,True,planted_pine_regen,22.0,9,74.72466735567079,private_family;private_industrial;state,Baker;Columbia;Hamilton;Union,3,40d45498f9e29a69
374861938489998,pine_plantation_short_rotation,clearcut,2027,1,True,planted_pine_regen,22.0,4,18.903561682238145,private_industrial,Baker;Columbia;Hamilton;Union,3,15bef8ae89c40458
374861938489998,public_selection_light,selection_harvest,2032;2042;2052;2062,4,True,,22.0,5,8.895793732817951,local;state,Baker;Columbia;Union,3,38b4286f4a37eac7
374861938489998,public_thin_restore,thin_from_below_repeated,2027;2042;2057,3,True,,22.0,5,8.895793732817951,local;state,Baker;Columbia;Union,3,9dcaab0b2f9e7b74
374861939489998,family_light_thin,thin_from_below,2032,1,True,,90.0,1,5.337476239690771,private_family,Columbia,3,54ae2cfb7ab85ce7
374861939489998,family_uneven_aged_selection,selection_harvest,2037;2052;2067,3,True,,90.0,1,5.337476239690771,private_family,Columbia,3,4b4aefd8f7e7a569
374861939489998,no_management,no_management,,0,False,,90.0,2,9.118188576138401,private_family;state,Columbia,3,ee5dbeebea971d8a
374861939489998,public_selection_light,selection_harvest,2032;2042;2052;2062,4,True,,90.0,1,3.780712336447629,state,Columbia,3,279ead42202aa2ed
374861939489998,public_thin_restore,thin_from_below_repeated,2027;2042;2057,3,True,,90.0,1,3.780712336447629,state,Columbia,3,b97d599691d8ef16
374861940489998,family_light_thin,thin_from_below,2032,1,True,,38.0,3,1011.451747421401,private_family,Baker;Columbia;Union,3,8476433df220b575
374861940489998,family_uneven_aged_selection,selection_harvest,2037;2052;2067,3,True,,38.0,3,1011.451747421401,private_family,Baker;Columbia;Union,3,df7882f0f482a8c6
374861940489998,hardwood_clearcut_regen,clearcut,2037,1,True,hardwood_regen,38.0,3,209.71833725118321,private_industrial,Baker;Columbia;Union,3,f7f38d76a39431e1
374861940489998,no_management,no_management,,0,False,,38.0,12,1311.684785904007,federal;local;private_family;private_industrial;state,Baker;Columbia;Union,3,be83ad2b89e30210
374861940489998,public_selection_light,selection_harvest,2032;2042;2052;2062,4,True,,38.0,6,90.51470123142265,federal;local;state,Baker;Columbia;Union,3,80c839288579f55b
374861940489998,public_thin_restore,thin_from_below_repeated,2027;2042;2057,3,True,,38.0,6,90.51470123142265,federal;local;state,Baker;Columbia;Union,3,a290c12736026685
374862210489998,family_light_thin,thin_from_below,2032,1,True,,41.0,5,1926.8289225283684,private_family,Baker;Columbia;Hamilton;Suwannee;Union,3,2856f8a8bdc37044
374862210489998,family_uneven_aged_selection,selection_harvest,2037;2052;2067,3,True,,41.0,5,1926.8289225283684,private_family,Baker;Columbia;Hamilton;Suwannee;Union,3,0d2a2701db20dcf7
374862210489998,hardwood_clearcut_regen,clearcut,2032,1,True,hardwood_regen,41.0,5,421.4382280922504,private_industrial,Baker;Columbia;Hamilton;Suwannee;Union,3,523edc72bf42ff4b
374862210489998,no_management,no_management,,0,False,,41.0,20,2398.750780054361,federal;local;private_family;private_industrial;state,Baker;Columbia;Hamilton;Suwannee;Union,3,f575e09dbc0507d2
374862210489998,public_selection_light,selection_harvest,2032;2042;2052;2062,4,True,,41.0,10,50.483629433741875,federal;local;state,Columbia;Hamilton;Suwannee;Union,3,a1db792cc39660bb
374862210489998,public_thin_restore,thin_from_below_repeated,2027;2042;2057,3,True,,41.0,10,50.483629433741875,federal;local;state,Columbia;Hamilton;Suwannee;Union,3,47da9c9842e03ed4
374862323489998,family_light_thin,thin_from_below,2032,1,True,,55.0,1,338.92974122036395,private_family,Baker,3,cc8ba9d1c3e0dbf3
374862323489998,family_uneven_aged_selection,selection_harvest,2037;2052;2067,3,True,,55.0,1,338.92974122036395,private_family,Baker,3,09e7721c93dd982b
374862323489998,no_management,no_management,,0,False,,55.0,6,724.3400046947016,federal;local;private_family;private_industrial,Baker;Columbia,3,111c4b5a56c1da9f
374862323489998,pine_plantation_long_rotation,clearcut,2027,1,True,planted_pine_regen,55.0,3,339.37453090700484,private_family;private_industrial,Baker;Columbia,3,34079e894acc1040
374862323489998,pine_plantation_short_rotation,clearcut,2027,1,True,planted_pine_regen,55.0,2,0.4447896866408976,private_industrial,Baker;Columbia,3,34079e894acc1040
374862323489998,public_selection_light,selection_harvest,2032;2042;2052;2062,4,True,,55.0,3,384.96547378769685,federal;local,Baker;Columbia,3,21487266f71e2726
374862323489998,public_thin_restore,thin_from_below_repeated,2027;2042;2057,3,True,,55.0,3,384.96547378769685,federal;local,Baker;Columbia,3,067615087359bd5e
374862325489998,family_light_thin,thin_from_below,2032,1,True,,85.0,4,9.785373106099748,private_family,Baker;Columbia;Suwannee;Union,3,085f7471f43c45d8
374862325489998,family_uneven_aged_selection,selection_harvest,2037;2052;2067,3,True,,85.0,4,9.785373106099748,private_family,Baker;Columbia;Suwannee;Union,3,1878ce9a1a7371ba
374862325489998,no_management,no_management,,0,False,,85.0,12,19.793141055519943,local;private_family;private_industrial;state,Baker;Columbia;Hamilton;Suwannee;Union,3,553c4772a8547fb4
374862325489998,pine_plantation_long_rotation,clearcut,2027,1,True,planted_pine_regen,85.0,10,16.45721840571321,private_family;private_industrial;state,Baker;Columbia;Hamilton;Suwannee;Union,3,ba71941cf7034c36
374862325489998,pine_plantation_short_rotation,clearcut,2027,1,True,planted_pine_regen,85.0,5,5.337476239690771,private_industrial,Baker;Columbia;Hamilton;Suwannee;Union,3,ba71941cf7034c36
374862325489998,public_selection_light,selection_harvest,2032;2042;2052;2062,4,True,,85.0,3,4.670291709729424,local;state,Baker;Columbia;Union,3,a0bfc42c509c2e6b
374862325489998,public_thin_restore,thin_from_below_repeated,2027;2042;2057,3,True,,85.0,3,4.670291709729424,local;state,Baker;Columbia;Union,3,0ab09e73a9ea86aa
374862329489998,family_light_thin,thin_from_below,2032,1,True,,40.0,1,2.223948433204488,private_family,Baker,3,9b92da42953221c9
374862329489998,family_uneven_aged_selection,selection_harvest,2037;2052;2067,3,True,,40.0,1,2.223948433204488,private_family,Baker,3,a90f98ff8f11dddc
374862329489998,no_management,no_management,,0,False,,40.0,2,24.463432765249365,private_family;private_industrial,Baker,3,3d6483ab2fe6c4be
374862329489998,pine_plantation_long_rotation,clearcut,2027,1,True,planted_pine_regen,40.0,2,24.463432765249365,private_family;private_industrial,Baker,3,3b92dd4cefa28be6
374862329489998,pine_plantation_short_rotation,clearcut,2027,1,True,planted_pine_regen,40.0,1,22.239484332044878,private_industrial,Baker,3,3b92dd4cefa28be6
374862331489998,family_light_thin,thin_from_below,2032,1,True,,85.0,1,13.343690599226928,private_family,Union,3,1f15e0b83ca0d4a8
374862331489998,family_uneven_aged_selection,selection_harvest,2037;2052;2067,3,True,,85.0,1,13.343690599226928,private_family,Union,3,e3cbf010b5499fb9
374862331489998,no_management,no_management,,0,False,,85.0,2,14.455664815829172,private_family;private_industrial,Union,3,ac75a2055be5cc50
374862331489998,pine_plantation_long_rotation,clearcut,2027,1,True,planted_pine_regen,85.0,2,14.455664815829172,private_family;private_industrial,Union,3,1527f0bf8f9b4e40
374862331489998,pine_plantation_short_rotation,clearcut,2027,1,True,planted_pine_regen,85.0,1,1.111974216602244,private_industrial,Union,3,1527f0bf8f9b4e40
374862340489998,family_light_thin,thin_from_below,2032,1,True,,45.0,5,5372.837019778722,private_family,Baker;Columbia;Hamilton;Suwannee;Union,3,ef3986e194eaa636
374862340489998,family_uneven_aged_selection,selection_harvest,2037;2052;2067,3,True,,45.0,5,5372.837019778722,private_family,Baker;Columbia;Hamilton;Suwannee;Union,3,316afbacf48f1680
374862340489998,hardwood_clearcut_regen,clearcut,2027,1,True,hardwood_regen,45.0,5,927.8312863329123,private_industrial,Baker;Columbia;Hamilton;Suwannee;Union,3,e6c36ade7f7a0f38
374862340489998,no_management,no_management,,0,False,,45.0,20,6818.62589620496,federal;local;private_family;private_industrial;state,Baker;Columbia;Hamilton;Suwannee;Union,3,3bcdb0ca3f2e248b
374862340489998,public_selection_light,selection_harvest,2032;2042;2052;2062,4,True,,45.0,10,517.9575900933252,federal;local;state,Baker;Columbia;Hamilton;Suwannee;Union,3,e5de58fdcd37ba32
374862340489998,public_thin_restore,thin_from_below_repeated,2027;2042;2057,3,True,,45.0,10,517.9575900933252,federal;local;state,Baker;Columbia;Hamilton;Suwannee;Union,3,3eee02e48db2c974
374862361489998,family_light_thin,thin_from_below,2032,1,True,,70.0,2,32.692041968105976,private_family,Baker;Union,3,df31061ff12ac906
374862361489998,family_uneven_aged_selection,selection_harvest,2037;2052;2067,3,True,,70.0,2,32.692041968105976,private_family,Baker;Union,3,b52d0bfe518f829b
374862361489998,no_management,no_management,,0,False,,70.0,5,89.62512185814086,federal;private_family;private_industrial;state,Baker;Columbia;Hamilton;Union,3,b870c3c91635390f
374862361489998,pine_plantation_long_rotation,clearcut,2027,1,True,planted_pine_regen,70.0,4,33.80401618470822,private_family;private_industrial;state,Baker;Hamilton;Union,3,0cb6722cf38c581e
374862361489998,pine_plantation_short_rotation,clearcut,2027,1,True,planted_pine_regen,70.0,1,0.8895793732817951,private_industrial,Baker,3,0cb6722cf38c581e
374862361489998,public_selection_light,selection_harvest,2032;2042;2052;2062,4,True,,70.0,2,56.0435005167531,federal;state,Columbia;Hamilton,3,bb3ec977a7f64c05
374862361489998,public_thin_restore,thin_from_below_repeated,2027;2042;2057,3,True,,70.0,2,56.0435005167531,federal;state,Columbia;Hamilton,3,92370424bbf6a3c2
385730105489998,family_light_thin,thin_from_below,2032,1,True,,75.0,5,4860.216905925088,private_family,Baker;Columbia;Hamilton;Suwannee;Union,3,21981fa0b53417cd
385730105489998,family_uneven_aged_selection,selection_harvest,2037;2052;2067,3,True,,75.0,5,4860.216905925088,private_family,Baker;Columbia;Hamilton;Suwannee;Union,3,bde70840280f065d
385730105489998,hardwood_clearcut_regen,clearcut,2027,1,True,hardwood_regen,75.0,5,915.3771751069672,private_industrial,Baker;Columbia;Hamilton;Suwannee;Union,3,bbfc53379d719c33
385730105489998,no_management,no_management,,0,False,,75.0,24,6060.926665012191,federal;local;private_family;private_industrial;state,Baker;Columbia;Hamilton;Suwannee;Union,3,8f367c1b5f554a01
385730105489998,public_selection_light,selection_harvest,2032;2042;2052;2062,4,True,,75.0,14,285.3325839801358,federal;local;state,Baker;Columbia;Hamilton;Suwannee;Union,3,ee93ef39ea1fece9
385730105489998,public_thin_restore,thin_from_below_repeated,2027;2042;2057,3,True,,75.0,14,285.3325839801358,federal;local;state,Baker;Columbia;Hamilton;Suwannee;Union,3,bbfbcea32d6b5cc4
385730126489998,family_light_thin,thin_from_below,2032,1,True,,8.0,3,14.45566481582917,private_family,Baker;Hamilton;Union,3,bbf091ac3931cded
385730126489998,family_uneven_aged_selection,selection_harvest,2037;2052;2067,3,True,,8.0,3,14.45566481582917,private_family,Baker;Hamilton;Union,3,ab066f7fb62ef359
385730126489998,hardwood_clearcut_regen,clearcut,2067,1,True,hardwood_regen,8.0,3,13.566085442547376,private_industrial,Baker;Hamilton;Union,3,d60a682864d92907
385730126489998,no_management,no_management,,0,False,,8.0,7,28.466539945017445,private_family;private_industrial;state,Baker;Hamilton;Union,3,8ce3de1f803a57cc
385730126489998,public_selection_light,selection_harvest,2032;2042;2052;2062,4,True,,8.0,1,0.4447896866408976,state,Union,3,e06dfd2556b53c92
385730126489998,public_thin_restore,thin_from_below_repeated,2027;2042;2057,3,True,,8.0,1,0.4447896866408976,state,Union,3,f5a4e9d03c81b301
386107026489998,family_light_thin,thin_from_below,2032,1,True,,20.0,2,23.351458548647123,private_family,Baker;Hamilton,3,d0a3e1afa03ae880
386107026489998,family_uneven_aged_selection,selection_harvest,2037;2052;2067,3,True,,20.0,2,23.351458548647123,private_family,Baker;Hamilton,3,c5d18b2464dff6c7
386107026489998,hardwood_clearcut_regen,clearcut,2052,1,True,hardwood_regen,20.0,1,17.124402935674556,private_industrial,Baker,3,ab385a0b79f4cbfb
386107026489998,no_management,no_management,,0,False,,20.0,4,45.1461531940511,local;private_family;private_industrial,Baker;Hamilton,3,f39df8a2815a8d8a
386107026489998,public_selection_light,selection_harvest,2032;2042;2052;2062,4,True,,20.0,1,4.670291709729424,local,Baker,3,e8764c6ca6ef18dc
386107026489998,public_thin_restore,thin_from_below_repeated,2027;2042;2057,3,True,,20.0,1,4.670291709729424,local,Baker,3,a70152504848959e
386113727489998,family_light_thin,thin_from_below,2032,1,True,,52.0,4,11.342137009342888,private_family,Baker;Columbia;Suwannee;Union,3,4e29dda38b4b1e10
386113727489998,family_uneven_aged_selection,selection_harvest,2037;2052;2067,3,True,,52.0,4,11.342137009342888,private_family,Baker;Columbia;Suwannee;Union,3,6060a2aaecc216d5
386113727489998,hardwood_clearcut_regen,clearcut,2027,1,True,hardwood_regen,52.0,2,3.1135278064862826,private_industrial,Columbia;Suwannee,3,31a6c0a7eef1ebcb
386113727489998,no_management,no_management,,0,False,,52.0,8,15.345244189110966,local;private_family;private_industrial,Baker;Columbia;Suwannee;Union,3,82713a52c1810593
386113727489998,public_selection_light,selection_harvest,2032;2042;2052;2062,4,True,,52.0,2,0.8895793732817951,local,Baker;Columbia,3,17d603db847bd8f9
386113727489998,public_thin_restore,thin_from_below_repeated,2027;2042;2057,3,True,,52.0,2,0.8895793732817951,local,Baker;Columbia,3,6b88caf6b5452c69
43265882020004,no_management,no_management,,0,False,,13.0,2,0.4447896866408976,private_industrial,Baker;Hamilton,3,709f23ebd74e5e14
43265882020004,pine_plantation_long_rotation,plantation_rotation,2027;2047,2,True,planted_pine_regen,13.0,2,0.4447896866408976,private_industrial,Baker;Hamilton,3,ea6445efca6ffd0a
43265882020004,pine_plantation_short_rotation,plantation_rotation,2027;2037,2,True,planted_pine_regen,13.0,2,0.4447896866408976,private_industrial,Baker;Hamilton,3,b8ce36de32f192fb
43266266020004,family_light_thin,thin_from_below,2032,1,True,,73.0,3,374.2905213083153,private_family,Baker;Columbia;Hamilton,3,5325a8f42f41f431
43266266020004,family_uneven_aged_selection,selection_harvest,2037;2052;2067,3,True,,73.0,3,374.2905213083153,private_family,Baker;Columbia;Hamilton,3,cd260d6f57ff1d90
43266266020004,hardwood_clearcut_regen,clearcut,2027,1,True,hardwood_regen,73.0,3,98.74331043427927,private_industrial,Baker;Columbia;Hamilton,3,4da2034cfb2e492b
43266266020004,no_management,no_management,,0,False,,73.0,9,1474.255416371255,federal;local;private_family;private_industrial,Baker;Columbia;Hamilton,3,6f1bfa165bb0da07
43266266020004,public_selection_light,selection_harvest,2032;2042;2052;2062,4,True,,73.0,3,1001.2215846286604,federal;local,Baker;Columbia,3,de4c4bb7039a3c19
43266266020004,public_thin_restore,thin_from_below_repeated,2027;2042;2057,3,True,,73.0,3,1001.2215846286604,federal;local,Baker;Columbia,3,d5c235f68077d525
43266302020004,hardwood_clearcut_regen,clearcut,2027,1,True,hardwood_regen,48.0,1,0.4447896866408976,private_industrial,Hamilton,3,5e32782cb9653a63
43266302020004,no_management,no_management,,0,False,,48.0,1,0.4447896866408976,private_industrial,Hamilton,3,ecb1e1f7e9befe5c
43266306020004,family_light_thin,thin_from_below,2032,1,True,,49.0,1,10.674952479381542,private_family,Hamilton,3,8345a5b5349bf39a
43266306020004,family_uneven_aged_selection,selection_harvest,2037;2052;2067,3,True,,49.0,1,10.674952479381542,private_family,Hamilton,3,fe5fe74b6d2bfdfb
43266306020004,no_management,no_management,,0,False,,49.0,2,13.343690599226928,private_family;private_industrial,Hamilton,3,193198ea390e9fcb
43266306020004,pine_plantation_long_rotation,clearcut,2027,1,True,planted_pine_regen,49.0,2,13.343690599226928,private_family;private_industrial,Hamilton,3,18e09d6520a52be6
43266306020004,pine_plantation_short_rotation,clearcut,2027,1,True,planted_pine_regen,49.0,1,2.6687381198453854,private_industrial,Hamilton,3,18e09d6520a52be6
433062557489998,family_light_thin,thin_from_below,2032,1,True,,20.0,1,96.07457231443388,private_family,Baker,3,419106c24c0885c4
433062557489998,family_uneven_aged_selection,selection_harvest,2037;2052;2067,3,True,,20.0,1,96.07457231443388,private_family,Baker,3,6b469a9a84698cbf
433062557489998,hardwood_clearcut_regen,clearcut,2052,1,True,hardwood_regen,20.0,1,3.335922649806732,private_industrial,Baker,3,4ae44de52179ce7b
433062557489998,no_management,no_management,,0,False,,20.0,4,106.74952479381543,federal;private_family;private_industrial,Baker;Columbia,3,308773b56f65e19e
433062557489998,public_selection_light,selection_harvest,2032;2042;2052;2062,4,True,,20.0,2,7.33902982957481,federal,Baker;Columbia,3,8e7a7b592dda380b
433062557489998,public_thin_restore,thin_from_below_repeated,2027;2042;2057,3,True,,20.0,2,7.33902982957481,federal,Baker;Columbia,3,42a783c61eaa159d
43393151010478,family_light_thin,thin_from_below,2032,1,True,,74.0,2,13.121295755906479,private_family,Hamilton;Suwannee,3,37e8852cddaa2a0d
43393151010478,family_uneven_aged_selection,selection_harvest,2037;2052;2067,3,True,,74.0,2,13.121295755906479,private_family,Hamilton;Suwannee,3,3b7af69eebc66798
43393151010478,hardwood_clearcut_regen,clearcut,2027,1,True,hardwood_regen,74.0,2,2.446343276524937,private_industrial,Hamilton;Suwannee,3,a59738cbd5ca0e83
43393151010478,no_management,no_management,,0,False,,74.0,6,16.234823562392762,local;private_family;private_industrial,Columbia;Hamilton;Suwannee,3,fd6e57e28d974161
43393151010478,public_selection_light,selection_harvest,2032;2042;2052;2062,4,True,,74.0,2,0.6671845299613464,local,Columbia;Hamilton,3,b72a462b26f14152
43393151010478,public_thin_restore,thin_from_below_repeated,2027;2042;2057,3,True,,74.0,2,0.6671845299613464,local,Columbia;Hamilton,3,0a6029812618a5c1
43441517010478,family_light_thin,thin_from_below,2032,1,True,,69.0,2,86.95638373829549,private_family,Hamilton;Suwannee,3,3a02486aa961d942
43441517010478,family_uneven_aged_selection,selection_harvest,2037;2052;2067,3,True,,69.0,2,86.95638373829549,private_family,Hamilton;Suwannee,3,15561d2a1999535b
43441517010478,no_management,no_management,,0,False,,69.0,8,120.98279476632415,federal;local;private_family;private_industrial,Baker;Hamilton;Suwannee,3,e48d5700e5b50926
43441517010478,pine_plantation_long_rotation,clearcut,2027,1,True,planted_pine_regen,69.0,5,117.86926695983786,private_family;private_industrial,Baker;Hamilton;Suwannee,3,454e56a2163e6f63
43441517010478,pine_plantation_short_rotation,clearcut,2027,1,True,planted_pine_regen,69.0,3,30.912883221542383,private_industrial,Baker;Hamilton;Suwannee,3,454e56a2163e6f63
43441517010478,public_selection_light,selection_harvest,2032;2042;2052;2062,4,True,,69.0,3,3.113527806486283,federal;local,Hamilton;Suwannee,3,172630dd7e4f24cb
43441517010478,public_thin_restore,thin_from_below_repeated,2027;2042;2057,3,True,,69.0,3,3.113527806486283,federal;local,Hamilton;Suwannee,3,526c8136edb39e29
43854353020004,family_light_thin,thin_from_below,2032,1,True,,5.0,1,0.2223948433204488,private_family,Hamilton,3,12c769131d7036dd
43854353020004,family_uneven_aged_selection,selection_harvest,2037;2052;2067,3,True,,5.0,1,0.2223948433204488,private_family,Hamilton,3,c5e7e4c2f0d9be2e
43854353020004,hardwood_clearcut_regen,clearcut,2067,1,True,hardwood_regen,5.0,1,0.4447896866408976,private_industrial,Hamilton,3,846721cacdb85aae
43854353020004,no_management,no_management,,0,False,,5.0,2,0.6671845299613464,private_family;private_industrial,Hamilton,3,972e5fb77038bc92
43854450020004,family_light_thin,thin_from_below,2032,1,True,,24.0,2,25.57540698185161,private_family,Hamilton;Suwannee,3,81f44e0ca4816227
43854450020004,family_uneven_aged_selection,selection_harvest,2037;2052;2067,3,True,,24.0,2,25.57540698185161,private_family,Hamilton;Suwannee,3,84a6acfe86387a62
43854450020004,no_management,no_management,,0,False,,24.0,4,31.58006775150373,local;private_family;private_industrial,Columbia;Hamilton;Suwannee,3,622652ced85e6a3c
43854450020004,pine_plantation_long_rotation,plantation_rotation,2027;2037,2,True,planted_pine_regen,24.0,3,31.13527806486283,private_family;private_industrial,Hamilton;Suwannee,3,4523e7e657d5540b
43854450020004,pine_plantation_short_rotation,clearcut,2027,1,True,planted_pine_regen,24.0,1,5.5598710830112195,private_industrial,Suwannee,3,2b60d1066046479c
43854450020004,public_selection_light,selection_harvest,2032;2042;2052;2062,4,True,,24.0,1,0.4447896866408976,local,Columbia,3,cdf34c480c3efdf5
43854450020004,public_thin_restore,thin_from_below_repeated,2027;2042;2057,3,True,,24.0,1,0.4447896866408976,local,Columbia,3,31f0057b90ffe8ef
43854857020004,family_light_thin,thin_from_below,2032,1,True,,23.0,1,36.69514914787405,private_family,Hamilton,3,c6ffba41bcf21ef5
43854857020004,family_uneven_aged_selection,selection_harvest,2037;2052;2067,3,True,,23.0,1,36.69514914787405,private_family,Hamilton,3,27388c700681ebb0
43854857020004,no_management,no_management,,0,False,,23.0,1,36.69514914787405,private_family,Hamilton,3,c2b1197a0cd66aa4
43854857020004,pine_plantation_long_rotation,plantation_rotation,2027;2037,2,True,planted_pine_regen,23.0,1,36.69514914787405,private_family,Hamilton,3,7a41f3446a3e8a82
43854884020004,family_light_thin,thin_from_below,2032,1,True,,63.0,2,3.3359226498067316,private_family,Hamilton;Suwannee,3,97477e4b522eea9f
43854884020004,family_uneven_aged_selection,selection_harvest,2037;2052;2067,3,True,,63.0,2,3.3359226498067316,private_family,Hamilton;Suwannee,3,a6e3b461dc81e3f0
43854884020004,hardwood_clearcut_regen,clearcut,2027,1,True,hardwood_regen,63.0,2,1.7791587465635903,private_industrial,Hamilton;Suwannee,3,3a9274669bc428a8
43854884020004,no_management,no_management,,0,False,,63.0,4,5.115081396370321,private_family;private_industrial,Hamilton;Suwannee,3,ff1c42841a2e3783
43854936020004,family_light_thin,thin_from_below,2032,1,True,,81.0,4,223.06202785041012,private_family,Columbia;Hamilton;Suwannee;Union,3,3a80e9dd38be76dd
43854936020004,family_uneven_aged_selection,selection_harvest,2037;2052;2067,3,True,,81.0,4,223.06202785041012,private_family,Columbia;Hamilton;Suwannee;Union,3,f9051f62ae4d7b9b
43854936020004,hardwood_clearcut_regen,clearcut,2027,1,True,hardwood_regen,81.0,3,50.03883974710097,private_industrial,Columbia;Hamilton;Suwannee,3,7e82b635a1fcd824
43854936020004,no_management,no_management,,0,False,,81.0,12,282.88624070361084,federal;local;private_family;private_industrial;state,Columbia;Hamilton;Suwannee;Union,3,a24e3e4550f1d75f
43854936020004,public_selection_light,selection_harvest,2032;2042;2052;2062,4,True,,81.0,5,9.785373106099748,federal;local;state,Columbia;Hamilton;Suwannee,3,c22eec7769a1da38
43854936020004,public_thin_restore,thin_from_below_repeated,2027;2042;2057,3,True,,81.0,5,9.785373106099748,federal;local;state,Columbia;Hamilton;Suwannee,3,7c62682c9ea920b3
43855081020004,family_light_thin,thin_from_below,2032,1,True,,13.0,4,2394.7476728745924,private_family,Baker;Columbia;Hamilton;Suwannee,3,b744249b668b4fce
43855081020004,family_uneven_aged_selection,selection_harvest,2037;2052;2067,3,True,,13.0,4,2394.7476728745924,private_family,Baker;Columbia;Hamilton;Suwannee,3,9083a36b12ec6f35
43855081020004,no_management,no_management,,0,False,,13.0,13,5720.440159888583,federal;local;private_family;private_industrial,Baker;Columbia;Hamilton;Suwannee,3,a2459e2aadbdcc70
43855081020004,pine_plantation_long_rotation,plantation_rotation,2027;2047,2,True,planted_pine_regen,13.0,8,4974.972645078439,private_family;private_industrial,Baker;Columbia;Hamilton;Suwannee,3,3fdafb42abbed6f8
43855081020004,pine_plantation_short_rotation,plantation_rotation,2027;2037,2,True,planted_pine_regen,13.0,4,2580.224972203847,private_industrial,Baker;Columbia;Hamilton;Suwannee,3,14ec85c91f0dca1f
43855081020004,public_selection_light,selection_harvest,2032;2042;2052;2062,4,True,,13.0,5,745.4675148101443,federal;local,Columbia;Hamilton;Suwannee,3,4c3feca786e2de4b
43855081020004,public_thin_restore,thin_from_below_repeated,2027;2042;2057,3,True,,13.0,5,745.4675148101443,federal;local,Columbia;Hamilton;Suwannee,3,87e3508b2ae83e60
43855099020004,family_light_thin,thin_from_below,2032,1,True,,78.0,5,733.0134035841992,private_family,Baker;Columbia;Hamilton;Suwannee;Union,3,1598b7f0115da3d2
43855099020004,family_uneven_aged_selection,selection_harvest,2037;2052;2067,3,True,,78.0,5,733.0134035841992,private_family,Baker;Columbia;Hamilton;Suwannee;Union,3,62ddd6aae5aa63ab
43855099020004,hardwood_clearcut_regen,clearcut,2027,1,True,hardwood_regen,78.0,4,103.41360214400869,private_industrial,Baker;Columbia;Suwannee;Union,3,5dd0e2e6ac612cad
43855099020004,no_management,no_management,,0,False,,78.0,14,870.675811599557,federal;local;private_family;private_industrial;state,Baker;Columbia;Hamilton;Suwannee;Union,3,177d49d2007d03bc
43855099020004,public_selection_light,selection_harvest,2032;2042;2052;2062,4,True,,78.0,5,34.24880587134911,federal;local;state,Baker;Columbia;Suwannee;Union,3,62fac52353402160
43855099020004,public_thin_restore,thin_from_below_repeated,2027;2042;2057,3,True,,78.0,5,34.24880587134911,federal;local;state,Baker;Columbia;Suwannee;Union,3,3478f707dcfc2ff1
43855124020004,family_light_thin,thin_from_below,2032,1,True,,39.0,5,10.007767949420195,private_family,Baker;Columbia;Hamilton;Suwannee;Union,3,fed504653d5bfc47
43855124020004,family_uneven_aged_selection,selection_harvest,2037;2052;2067,3,True,,39.0,5,10.007767949420195,private_family,Baker;Columbia;Hamilton;Suwannee;Union,3,677be5fab473ab57
43855124020004,no_management,no_management,,0,False,,39.0,9,15.122849345790517,local;private_family;private_industrial,Baker;Columbia;Hamilton;Suwannee;Union,3,a954a53180bda656
43855124020004,pine_plantation_long_rotation,clearcut,2027,1,True,planted_pine_regen,39.0,7,14.67805965914962,private_family;private_industrial,Baker;Columbia;Hamilton;Suwannee;Union,3,1cedb671f398bc0b
43855124020004,pine_plantation_short_rotation,clearcut,2027,1,True,planted_pine_regen,39.0,2,4.670291709729424,private_industrial,Baker;Suwannee,3,1cedb671f398bc0b
43855124020004,public_selection_light,selection_harvest,2032;2042;2052;2062,4,True,,39.0,2,0.4447896866408976,local,Baker;Columbia,3,0ca41018286138b6
43855124020004,public_thin_restore,thin_from_below_repeated,2027;2042;2057,3,True,,39.0,2,0.4447896866408976,local,Baker;Columbia,3,a9ed2f18a785e993
43855199020004,family_light_thin,thin_from_below,2032,1,True,,45.0,2,0.4447896866408976,private_family,Columbia;Union,3,d41cfa3f4a86b3fe
43855199020004,family_uneven_aged_selection,selection_harvest,2037;2052;2067,3,True,,45.0,2,0.4447896866408976,private_family,Columbia;Union,3,859f66835c92000f
43855199020004,no_management,no_management,,0,False,,45.0,3,0.6671845299613464,private_family;private_industrial,Columbia;Union,3,92e61a69806088f5
43855199020004,pine_plantation_long_rotation,clearcut,2027,1,True,planted_pine_regen,45.0,3,0.6671845299613464,private_family;private_industrial,Columbia;Union,3,1285373ccce3223a
43855199020004,pine_plantation_short_rotation,clearcut,2027,1,True,planted_pine_regen,45.0,1,0.2223948433204488,private_industrial,Union,3,1285373ccce3223a
43855291020004,family_light_thin,thin_from_below,2032,1,True,,76.0,3,110.30784228694259,private_family,Baker;Columbia;Union,3,f17c1b541029c4bb
43855291020004,family_uneven_aged_selection,selection_harvest,2037;2052;2067,3,True,,76.0,3,110.30784228694259,private_family,Baker;Columbia;Union,3,1eddb8b8eedc7cfb
43855291020004,hardwood_clearcut_regen,clearcut,2027,1,True,hardwood_regen,76.0,2,8.006214359536157,private_industrial,Baker;Columbia,3,643b875a9d73c8d7
43855291020004,no_management,no_management,,0,False,,76.0,6,121.87237413960592,federal;private_family;private_industrial,Baker;Columbia;Union,3,165e1fd1f88206c5
43855291020004,public_selection_light,selection_harvest,2032;2042;2052;2062,4,True,,76.0,1,3.5583174931271806,federal,Columbia,3,fadb8d5b0a817b7d
43855291020004,public_thin_restore,thin_from_below_repeated,2027;2042;2057,3,True,,76.0,1,3.5583174931271806,federal,Columbia,3,0f5b7bf5e1b8bde7
43855313020004,family_light_thin,thin_from_below,2032,1,True,,16.0,5,1155.3412110497316,private_family,Baker;Columbia;Hamilton;Suwannee;Union,3,461e095ce37bcdc3
43855313020004,family_uneven_aged_selection,selection_harvest,2037;2052;2067,3,True,,16.0,5,1155.3412110497316,private_family,Baker;Columbia;Hamilton;Suwannee;Union,3,e5d584518597b1c0
43855313020004,no_management,no_management,,0,False,,16.0,16,1674.4107753596588,federal;local;private_family;private_industrial;state,Baker;Columbia;Hamilton;Suwannee;Union,3,fd7bbb89ce44ed40
43855313020004,pine_plantation_long_rotation,plantation_rotation,2027;2042,2,True,planted_pine_regen,16.0,12,1634.3797035619782,private_family;private_industrial;state,Baker;Columbia;Hamilton;Suwannee;Union,3,cad6135662f074a5
43855313020004,pine_plantation_short_rotation,plantation_rotation,2027;2032,2,True,planted_pine_regen,16.0,5,478.1489131389649,private_industrial,Baker;Columbia;Hamilton;Suwannee;Union,3,f885769f509b1214
43855313020004,public_selection_light,selection_harvest,2032;2042;2052;2062,4,True,,16.0,6,40.92065117096258,federal;local;state,Baker;Columbia;Suwannee,3,74b8a36db7572e72
43855313020004,public_thin_restore,thin_from_below_repeated,2027;2042;2057,3,True,,16.0,6,40.92065117096258,federal;local;state,Baker;Columbia;Suwannee,3,40d8e7ce1c2a265b
43855325020004,family_light_thin,thin_from_below,2032,1,True,,35.0,1,3.335922649806732,private_family,Baker,3,29ed2a1c550f4a61
43855325020004,family_uneven_aged_selection,selection_harvest,2037;2052;2067,3,True,,35.0,1,3.335922649806732,private_family,Baker,3,38e1340b9b80dc90
43855325020004,no_management,no_management,,0,False,,35.0,2,153.00765220446874,private_family;private_industrial,Baker,3,b4c0644bdf0cf6ef
43855325020004,pine_plantation_long_rotation,clearcut,2027,1,True,planted_pine_regen,35.0,2,153.00765220446874,private_family;private_industrial,Baker,3,1f2a9262797ca66e
43855325020004,pine_plantation_short_rotation,clearcut,2027,1,True,planted_pine_regen,35.0,1,149.67172955466202,private_industrial,Baker,3,1f2a9262797ca66e
43855332020004,family_light_thin,thin_from_below,2032,1,True,,30.0,2,2504.388330631574,private_family,Baker;Union,3,6c50546d4b0e542f
43855332020004,family_uneven_aged_selection,selection_harvest,2037;2052;2067,3,True,,30.0,2,2504.388330631574,private_family,Baker;Union,3,4dbb2f3d554c369f
43855332020004,no_management,no_management,,0,False,,30.0,8,3272.3177246170835,local;private_family;private_industrial;state,Baker;Union,3,8a240b66c86b1435
43855332020004,pine_plantation_long_rotation,clearcut,2027,1,True,planted_pine_regen,30.0,6,3199.5946108512967,private_family;private_industrial;state,Baker;Union,3,7a3c6f13551a4149
43855332020004,pine_plantation_short_rotation,clearcut,2027,1,True,planted_pine_regen,30.0,2,369.6202295985859,private_industrial,Baker;Union,3,7a3c6f13551a4149
43855332020004,public_selection_light,selection_harvest,2032;2042;2052;2062,4,True,,30.0,4,398.3091643869238,local;state,Baker;Union,3,c35cf970a5ddb315
43855332020004,public_thin_restore,thin_from_below_repeated,2027;2042;2057,3,True,,30.0,4,398.3091643869238,local;state,Baker;Union,3,b9b8dd0180e7a7c6
443866042489998,hardwood_clearcut_regen,clearcut,2047,1,True,hardwood_regen,25.0,1,0.2223948433204488,private_industrial,Suwannee,3,d404069c4e47f564
443866042489998,no_management,no_management,,0,False,,25.0,1,0.2223948433204488,private_industrial,Suwannee,3,6c80492ac47dc48f
443867435489998,family_light_thin,thin_from_below,2032,1,True,,65.0,5,225.28597628361462,private_family,Baker;Columbia;Hamilton;Suwannee;Union,3,366d2f4a0744cb17
443867435489998,family_uneven_aged_selection,selection_harvest,2037;2052;2067,3,True,,65.0,5,225.28597628361462,private_family,Baker;Columbia;Hamilton;Suwannee;Union,3,7515e015cc668580
443867435489998,hardwood_clearcut_regen,clearcut,2027,1,True,hardwood_regen,65.0,4,80.72932812532291,private_industrial,Columbia;Hamilton;Suwannee;Union,3,01c583c36b95d924
443867435489998,no_management,no_management,,0,False,,65.0,12,338.92974122036395,federal;local;private_family;private_industrial;state,Baker;Columbia;Hamilton;Suwannee;Union,3,f13ccebcce540616
443867435489998,public_selection_light,selection_harvest,2032;2042;2052;2062,4,True,,65.0,3,32.91443681142642,federal;local;state,Columbia,3,bfe67ca87e17944d
443867435489998,public_thin_restore,thin_from_below_repeated,2027;2042;2057,3,True,,65.0,3,32.91443681142642,federal;local;state,Columbia,3,fab4449ef4d038dc
443867517489998,family_light_thin,thin_from_below,2032,1,True,,25.0,1,0.2223948433204488,private_family,Baker,3,96ef16082b82031d
443867517489998,family_uneven_aged_selection,selection_harvest,2037;2052;2067,3,True,,25.0,1,0.2223948433204488,private_family,Baker,3,dbf92b46b31b931d
443867517489998,hardwood_clearcut_regen,clearcut,2047,1,True,hardwood_regen,25.0,1,1.3343690599226927,private_industrial,Baker,3,9670bd565ecef9fa
443867517489998,no_management,no_management,,0,False,,25.0,2,1.5567639032431415,private_family;private_industrial,Baker,3,5dd4883f9b835cb9
448938249489998,family_light_thin,thin_from_below,2032,1,True,,31.0,1,0.6671845299613464,private_family,Baker,3,faeb06ea50fe54ea
448938249489998,family_uneven_aged_selection,selection_harvest,2037;2052;2067,3,True,,31.0,1,0.6671845299613464,private_family,Baker,3,115d61d05ebaf86b
448938249489998,hardwood_clearcut_regen,clearcut,2042,1,True,hardwood_regen,31.0,1,0.4447896866408976,private_industrial,Baker,3,8e31c469798fd38b
448938249489998,no_management,no_management,,0,False,,31.0,2,1.111974216602244,private_family;private_industrial,Baker,3,2b05568df2f23eea
448939593489998,family_light_thin,thin_from_below,2032,1,True,,75.0,5,1379.7376079600645,private_family,Baker;Columbia;Hamilton;Suwannee;Union,3,96956ff037286f1b
448939593489998,family_uneven_aged_selection,selection_harvest,2037;2052;2067,3,True,,75.0,5,1379.7376079600645,private_family,Baker;Columbia;Hamilton;Suwannee;Union,3,48b9d2184d432f9b
448939593489998,hardwood_clearcut_regen,clearcut,2027,1,True,hardwood_regen,75.0,5,1000.5544000986991,private_industrial,Baker;Columbia;Hamilton;Suwannee;Union,3,d4ce61f11819377a
448939593489998,no_management,no_management,,0,False,,75.0,16,2788.1641507084664,federal;local;private_family;private_industrial;state,Baker;Columbia;Hamilton;Suwannee;Union,3,a6e5352d14a8d1fc
448939593489998,public_selection_light,selection_harvest,2032;2042;2052;2062,4,True,,75.0,6,407.87214264970305,federal;local;state,Columbia;Hamilton;Suwannee;Union,3,3c6b5f633ae80788
448939593489998,public_thin_restore,thin_from_below_repeated,2027;2042;2057,3,True,,75.0,6,407.87214264970305,federal;local;state,Columbia;Hamilton;Suwannee;Union,3,d3c18ec2f0f24f1f
448939594489998,family_light_thin,thin_from_below,2032,1,True,,50.0,2,237.07290297959838,private_family,Baker;Union,3,d44f73ea00062756
448939594489998,family_uneven_aged_selection,selection_harvest,2037;2052;2067,3,True,,50.0,2,237.07290297959838,private_family,Baker;Union,3,d9af27c5e26fe933
448939594489998,no_management,no_management,,0,False,,50.0,4,271.3217088509475,federal;private_family,Baker;Columbia;Union,3,07bcc6db0adff07e
448939594489998,public_selection_light,selection_harvest,2032;2042;2052;2062,4,True,,50.0,2,34.24880587134911,federal,Baker;Columbia,3,60c3b54c158701cf
448939594489998,public_thin_restore,thin_from_below_repeated,2027;2042;2057,3,True,,50.0,2,34.24880587134911,federal,Baker;Columbia,3,1bc5421e5cf43d62
448939595489998,family_light_thin,thin_from_below,2032,1,True,,38.0,2,0.4447896866408976,private_family,Columbia;Suwannee,3,d096e1c893e1a39a
448939595489998,family_uneven_aged_selection,selection_harvest,2037;2052;2067,3,True,,38.0,2,0.4447896866408976,private_family,Columbia;Suwannee,3,64b309de710c396b
448939595489998,no_management,no_management,,0,False,,38.0,2,0.4447896866408976,private_family,Columbia;Suwannee,3,5c29a709f6cdf43c
448939595489998,pine_plantation_long_rotation,clearcut,2027,1,True,planted_pine_regen,38.0,2,0.4447896866408976,private_family,Columbia;Suwannee,3,10349fc83f4e97ab
448939642489998,family_light_thin,thin_from_below,2032,1,True,,59.0,4,3702.206956755511,private_family,Baker;Columbia;Hamilton;Suwannee,3,28e131a7a231a44f
448939642489998,family_uneven_aged_selection,selection_harvest,2037;2052;2067,3,True,,59.0,4,3702.206956755511,private_family,Baker;Columbia;Hamilton;Suwannee,3,386c78403a19dcec
448939642489998,no_management,no_management,,0,False,,59.0,14,12382.277691552626,federal;local;private_family;private_industrial;state,Baker;Columbia;Hamilton;Suwannee,3,6f47cb983c1c2cf1
448939642489998,pine_plantation_long_rotation,clearcut,2027,1,True,planted_pine_regen,59.0,11,4306.898535743811,private_family;private_industrial;state,Baker;Columbia;Hamilton;Suwannee,3,eb2de708cfac8da2
448939642489998,pine_plantation_short_rotation,clearcut,2027,1,True,planted_pine_regen,59.0,4,526.1861992961818,private_industrial,Baker;Columbia;Hamilton;Suwannee,3,eb2de708cfac8da2
448939642489998,public_selection_light,selection_harvest,2032;2042;2052;2062,4,True,,59.0,6,8153.884535500934,federal;local;state,Baker;Columbia;Hamilton,3,523226a1ba3d5d57
448939642489998,public_thin_restore,thin_from_below_repeated,2027;2042;2057,3,True,,59.0,6,8153.884535500934,federal;local;state,Baker;Columbia;Hamilton,3,6acc68949de02d3d
448939649489998,family_light_thin,thin_from_below,2032,1,True,,87.0,3,6.227055612972566,private_family,Columbia;Suwannee;Union,3,e6b5be03331fb43a
448939649489998,family_uneven_aged_selection,selection_harvest,2037;2052;2067,3,True,,87.0,3,6.227055612972566,private_family,Columbia;Suwannee;Union,3,a8b63500546ce8cf
448939649489998,no_management,no_management,,0,False,,87.0,4,6.449450456293015,local;private_family,Columbia;Suwannee;Union,3,bfe2f674794818fb
448939649489998,public_selection_light,selection_harvest,2032;2042;2052;2062,4,True,,87.0,1,0.2223948433204488,local,Columbia,3,eb91706e4baf3848
448939649489998,public_thin_restore,thin_from_below_repeated,2027;2042;2057,3,True,,87.0,1,0.2223948433204488,local,Columbia,3,521b46fe5f467150
448939667489998,family_light_thin,thin_from_below,2032,1,True,,36.0,3,180.13982308956352,private_family,Columbia;Suwannee;Union,3,063bf69aea2c3818
448939667489998,family_uneven_aged_selection,selection_harvest,2037;2052;2067,3,True,,36.0,3,180.13982308956352,private_family,Columbia;Suwannee;Union,3,7c8bfafcba2f9a82
448939667489998,no_management,no_management,,0,False,,36.0,8,243.96714312253232,local;private_family;private_industrial,Baker;Columbia;Suwannee;Union,3,6408c29833d06ca4
448939667489998,pine_plantation_long_rotation,clearcut,2027,1,True,planted_pine_regen,36.0,6,241.74319468932785,private_family;private_industrial,Baker;Columbia;Suwannee;Union,3,6966f9d32c08700e
448939667489998,pine_plantation_short_rotation,clearcut,2027,1,True,planted_pine_regen,36.0,3,61.603371599764316,private_industrial,Baker;Columbia;Suwannee,3,6966f9d32c08700e
448939667489998,public_selection_light,selection_harvest,2032;2042;2052;2062,4,True,,36.0,2,2.2239484332044874,local,Columbia;Suwannee,3,f95f37c27141ac8b
448939667489998,public_thin_restore,thin_from_below_repeated,2027;2042;2057,3,True,,36.0,2,2.2239484332044874,local,Columbia;Suwannee,3,7bcd1afc837f2f9b
448939744489998,family_light_thin,thin_from_below,2032,1,True,,35.0,5,672.5220062010371,private_family,Baker;Columbia;Hamilton;Suwannee;Union,3,878c4c7817c9bc71
448939744489998,family_uneven_aged_selection,selection_harvest,2037;2052;2067,3,True,,35.0,5,672.5220062010371,private_family,Baker;Columbia;Hamilton;Suwannee;Union,3,65a2ed6cdc84e89c
448939744489998,hardwood_clearcut_regen,clearcut,2037,1,True,hardwood_regen,35.0,4,64.04971487628924,private_industrial,Baker;Columbia;Hamilton;Suwannee,3,7a8520a81efaadc7
448939744489998,no_management,no_management,,0,False,,35.0,15,904.0350380976244,federal;local;private_family;private_industrial;state,Baker;Columbia;Hamilton;Suwannee;Union,3,5daafe61cc4f0b33
448939744489998,public_selection_light,selection_harvest,2032;2042;2052;2062,4,True,,35.0,6,167.46331702029792,federal;local;state,Baker;Columbia;Hamilton,3,79318ee1b5e2b045
448939744489998,public_thin_restore,thin_from_below_repeated,2027;2042;2057,3,True,,35.0,6,167.46331702029792,federal;local;state,Baker;Columbia;Hamilton,3,ff191c873c3fa0e2
448939747489998,family_light_thin,thin_from_below,2032,1,True,,20.0,4,59.15702832323937,private_family,Baker;Columbia;Hamilton;Suwannee,3,b7edc6fd4146aab8
448939747489998,family_uneven_aged_selection,selection_harvest,2037;2052;2067,3,True,,20.0,4,59.15702832323937,private_family,Baker;Columbia;Hamilton;Suwannee,3,98c25a7ec93b3ece
448939747489998,hardwood_clearcut_regen,clearcut,2052,1,True,hardwood_regen,20.0,4,25.57540698185161,private_industrial,Baker;Columbia;Hamilton;Suwannee,3,d39828e5718150f9
448939747489998,no_management,no_management,,0,False,,20.0,11,85.62201467837278,local;private_family;private_industrial;state,Baker;Columbia;Hamilton;Suwannee,3,733d7ebdc6798b1f
448939747489998,public_selection_light,selection_harvest,2032;2042;2052;2062,4,True,,20.0,3,0.8895793732817951,local;state,Baker;Columbia;Suwannee,3,32badf1fd39e300c
448939747489998,public_thin_restore,thin_from_below_repeated,2027;2042;2057,3,True,,20.0,3,0.8895793732817951,local;state,Baker;Columbia;Suwannee,3,bdfe3a7f744d3608
448939748489998,family_light_thin,thin_from_below,2032,1,True,,32.0,5,11.786926695983786,private_family,Baker;Columbia;Hamilton;Suwannee;Union,3,b85c64e52670d17a
448939748489998,family_uneven_aged_selection,selection_harvest,2037;2052;2067,3,True,,32.0,5,11.786926695983786,private_family,Baker;Columbia;Hamilton;Suwannee;Union,3,add6689582c37275
448939748489998,hardwood_clearcut_regen,clearcut,2042,1,True,hardwood_regen,32.0,4,5.55987108301122,private_industrial,Baker;Columbia;Hamilton;Suwannee,3,d026517b6af9a92a
448939748489998,no_management,no_management,,0,False,,32.0,11,18.01398230895635,local;private_family;private_industrial,Baker;Columbia;Hamilton;Suwannee;Union,3,418727cae319d177
448939748489998,public_selection_light,selection_harvest,2032;2042;2052;2062,4,True,,32.0,2,0.6671845299613464,local,Baker;Columbia,3,11c7aed5c61d6bbc
448939748489998,public_thin_restore,thin_from_below_repeated,2027;2042;2057,3,True,,32.0,2,0.6671845299613464,local,Baker;Columbia,3,16aa93d9c710ccee
448939789489998,family_light_thin,thin_from_below,2032,1,True,,70.0,3,11.564531852663338,private_family,Columbia;Suwannee;Union,3,2e0cd9ed1e8d7096
448939789489998,family_uneven_aged_selection,selection_harvest,2037;2052;2067,3,True,,70.0,3,11.564531852663338,private_family,Columbia;Suwannee;Union,3,0e8a83684ed8d68a
448939789489998,hardwood_clearcut_regen,clearcut,2027,1,True,hardwood_regen,70.0,1,0.4447896866408976,private_industrial,Suwannee,3,231630ebacf8c56d
448939789489998,no_management,no_management,,0,False,,70.0,4,12.009321539304235,private_family;private_industrial,Columbia;Suwannee;Union,3,6f06c41906b869c1
448939790489998,family_light_thin,thin_from_below,2032,1,True,,81.0,5,8.673398889497502,private_family,Baker;Columbia;Hamilton;Suwannee;Union,3,9c353354d5375f91
448939790489998,family_uneven_aged_selection,selection_harvest,2037;2052;2067,3,True,,81.0,5,8.673398889497502,private_family,Baker;Columbia;Hamilton;Suwannee;Union,3,06b890756e11179c
448939790489998,no_management,no_management,,0,False,,81.0,9,32.91443681142642,local;private_family;private_industrial,Baker;Columbia;Hamilton;Suwannee;Union,3,3a9a458a23afb501
448939790489998,pine_plantation_long_rotation,clearcut,2027,1,True,planted_pine_regen,81.0,8,22.684274018685777,private_family;private_industrial,Baker;Columbia;Hamilton;Suwannee;Union,3,3be9efda8d564016
448939790489998,pine_plantation_short_rotation,clearcut,2027,1,True,planted_pine_regen,81.0,3,14.010875129188273,private_industrial,Columbia;Hamilton;Union,3,3be9efda8d564016
448939790489998,public_selection_light,selection_harvest,2032;2042;2052;2062,4,True,,81.0,1,10.230162792740645,local,Columbia,3,bda8db3350090862
448939790489998,public_thin_restore,thin_from_below_repeated,2027;2042;2057,3,True,,81.0,1,10.230162792740645,local,Columbia,3,1d1c125da6523d92
448939819489998,no_management,no_management,,0,False,,3.0,2,0.4447896866408976,federal;private_industrial,Baker;Columbia,3,105afc09d16120de
448939819489998,pine_plantation_long_rotation,plantation_rotation,2037;2057,2,True,planted_pine_regen,3.0,1,0.2223948433204488,private_industrial,Columbia,3,86796278074167b9
448939819489998,pine_plantation_short_rotation,plantation_rotation,2037;2047,2,True,planted_pine_regen,3.0,1,0.2223948433204488,private_industrial,Columbia,3,9f6cfc0920399c07
448939819489998,public_selection_light,selection_harvest,2032;2042;2052;2062,4,True,,3.0,1,0.2223948433204488,federal,Baker,3,0cca204943ef4267
448939819489998,public_thin_restore,thin_from_below_repeated,2027;2042;2057,3,True,,3.0,1,0.2223948433204488,federal,Baker,3,800c5175a3da0b73
448939827489998,family_light_thin,thin_from_below,2032,1,True,,100.0,2,25.57540698185161,private_family,Baker;Union,3,297e8a755144471c
448939827489998,family_uneven_aged_selection,selection_harvest,2037;2052;2067,3,True,,100.0,2,25.57540698185161,private_family,Baker;Union,3,1934310de7a09493
448939827489998,hardwood_clearcut_regen,clearcut,2027,1,True,hardwood_regen,100.0,2,74.94706219899125,private_industrial,Baker;Union,3,53863a015fc4d011
448939827489998,no_management,no_management,,0,False,,100.0,6,102.5240227707269,local;private_family;private_industrial;state,Baker;Union,3,fce8e0b45f18568f
448939827489998,public_selection_light,selection_harvest,2032;2042;2052;2062,4,True,,100.0,2,2.001553589884039,local;state,Union,3,bcb2402b630752a1
448939827489998,public_thin_restore,thin_from_below_repeated,2027;2042;2057,3,True,,100.0,2,2.001553589884039,local;state,Union,3,90e1a184c1351aad
448939911489998,family_light_thin,thin_from_below,2032,1,True,,14.0,1,0.2223948433204488,private_family,Union,3,80eb86fbdea7d7d3
448939911489998,family_uneven_aged_selection,selection_harvest,2037;2052;2067,3,True,,14.0,1,0.2223948433204488,private_family,Union,3,4aa3be14c13b3d96
448939911489998,no_management,no_management,,0,False,,14.0,2,0.4447896866408976,private_family;private_industrial,Columbia;Union,3,e1f3eee9c03f099b
448939911489998,pine_plantation_long_rotation,plantation_rotation,2027;2047,2,True,planted_pine_regen,14.0,2,0.4447896866408976,private_family;private_industrial,Columbia;Union,3,d7582088e8b3ea3e
448939911489998,pine_plantation_short_rotation,plantation_rotation,2027;2037,2,True,planted_pine_regen,14.0,1,0.2223948433204488,private_industrial,Columbia,3,2cb4acf4765a084a
448939974489998,family_light_thin,thin_from_below,2032,1,True,,8.0,2,250.19419873550487,private_family,Baker;Columbia,3,dbbf8c5ddb7ef0ad
448939974489998,family_uneven_aged_selection,selection_harvest,2037;2052;2067,3,True,,8.0,2,250.19419873550487,private_family,Baker;Columbia,3,fa4207b3d428a73c
448939974489998,no_management,no_management,,0,False,,8.0,4,461.4692998899312,federal;private_family,Baker;Columbia,3,bcfeeca8e9a5022a
448939974489998,pine_plantation_long_rotation,plantation_rotation,2032;2052,2,True,planted_pine_regen,8.0,2,250.19419873550487,private_family,Baker;Columbia,3,efb1ca0d219a44e7
448939974489998,public_selection_light,selection_harvest,2032;2042;2052;2062,4,True,,8.0,2,211.27510115442635,federal,Baker;Columbia,3,94721416e99661ea
448939974489998,public_thin_restore,thin_from_below_repeated,2027;2042;2057,3,True,,8.0,2,211.27510115442635,federal,Baker;Columbia,3,cc623b7fce01f2ed
448939977489998,family_light_thin,thin_from_below,2032,1,True,,100.0,2,204.38086101149244,private_family,Baker;Union,3,27e6eda683e0067c
448939977489998,family_uneven_aged_selection,selection_harvest,2037;2052;2067,3,True,,100.0,2,204.38086101149244,private_family,Baker;Union,3,15f95b188f601766
448939977489998,hardwood_clearcut_regen,clearcut,2027,1,True,hardwood_regen,100.0,2,28.244145101696994,private_industrial,Baker;Union,3,938ae86ce9f7c70d
448939977489998,no_management,no_management,,0,False,,100.0,8,433.66994447487514,local;private_family;private_industrial;state,Baker;Union,3,ff4dda75fcf0a5f0
448939977489998,public_selection_light,selection_harvest,2032;2042;2052;2062,4,True,,100.0,4,201.0449383616857,local;state,Baker;Union,3,7083f07d782afbdd
448939977489998,public_thin_restore,thin_from_below_repeated,2027;2042;2057,3,True,,100.0,4,201.0449383616857,local;state,Baker;Union,3,0da274eb8a3f1916
448940000489998,hardwood_clearcut_regen,clearcut,2027,1,True,hardwood_regen,90.0,1,10.897347322701991,private_industrial,Baker,3,12e52edec06197fb
448940000489998,no_management,no_management,,0,False,,90.0,1,10.897347322701991,private_industrial,Baker,3,f346b5fb0eb06937
448940007489998,family_light_thin,thin_from_below,2032,1,True,,20.0,1,47.14770678393514,private_family,Baker,3,ab3d9ce705f840ec
448940007489998,family_uneven_aged_selection,selection_harvest,2037;2052;2067,3,True,,20.0,1,47.14770678393514,private_family,Baker,3,31aee0202abfa26b
448940007489998,hardwood_clearcut_regen,clearcut,2052,1,True,hardwood_regen,20.0,1,32.469647124785524,private_industrial,Baker,3,f5fbb279dda50e54
448940007489998,no_management,no_management,,0,False,,20.0,3,122.76195351288773,local;private_family;private_industrial,Baker,3,f0d3818a6fc2a389
448940007489998,public_selection_light,selection_harvest,2032;2042;2052;2062,4,True,,20.0,1,43.14459960416706,local,Baker,3,4086847ed4a9e59f
448940007489998,public_thin_restore,thin_from_below_repeated,2027;2042;2057,3,True,,20.0,1,43.14459960416706,local,Baker,3,b59ecc308c5e14e0
448940009489998,no_management,no_management,,0,False,,27.0,1,26.02019666849251,private_industrial,Baker,3,feb878e5963b1695
448940009489998,pine_plantation_long_rotation,plantation_rotation,2027;2032,2,True,planted_pine_regen,27.0,1,26.02019666849251,private_industrial,Baker,3,780d843a0f89e239
448940009489998,pine_plantation_short_rotation,clearcut,2027,1,True,planted_pine_regen,27.0,1,26.02019666849251,private_industrial,Baker,3,6fb728eddf773753
448940015489998,family_light_thin,thin_from_below,2032,1,True,,33.0,2,109.64065775698126,private_family,Baker;Union,3,c6e21cb79e7dd8e5
448940015489998,family_uneven_aged_selection,selection_harvest,2037;2052;2067,3,True,,33.0,2,109.64065775698126,private_family,Baker;Union,3,9aeff37166b2fb69
448940015489998,hardwood_clearcut_regen,clearcut,2042,1,True,hardwood_regen,33.0,2,35.13838524463091,private_industrial,Baker;Union,3,5ff9c8264b53a76b
448940015489998,no_management,no_management,,0,False,,33.0,6,146.55820174817575,local;private_family;private_industrial;state,Baker;Union,3,a57e238dcc502560
448940015489998,public_selection_light,selection_harvest,2032;2042;2052;2062,4,True,,33.0,2,1.7791587465635903,local;state,Baker,3,617bb3039809bcfc
448940015489998,public_thin_restore,thin_from_below_repeated,2027;2042;2057,3,True,,33.0,2,1.7791587465635903,local;state,Baker,3,e2197b2dc6131c45
448940016489998,family_light_thin,thin_from_below,2032,1,True,,27.0,4,42.69980991752617,private_family,Baker;Columbia;Suwannee;Union,3,bb14ce6480b18d94
448940016489998,family_uneven_aged_selection,selection_harvest,2037;2052;2067,3,True,,27.0,4,42.69980991752617,private_family,Baker;Columbia;Suwannee;Union,3,196f3e011681a8e1
448940016489998,no_management,no_management,,0,False,,27.0,11,52.70757786694636,local;private_family;private_industrial;state,Baker;Columbia;Suwannee;Union,3,6a8cdd9f5c9e8dc6
448940016489998,pine_plantation_long_rotation,plantation_rotation,2027;2032,2,True,planted_pine_regen,27.0,9,51.81799849366457,private_family;private_industrial;state,Baker;Columbia;Suwannee;Union,3,fdcf8520b8004993
448940016489998,pine_plantation_short_rotation,clearcut,2027,1,True,planted_pine_regen,27.0,4,8.895793732817951,private_industrial,Baker;Columbia;Suwannee;Union,3,71a4b918bacadf46
448940016489998,public_selection_light,selection_harvest,2032;2042;2052;2062,4,True,,27.0,3,1.111974216602244,local;state,Baker;Columbia;Union,3,7a233dfd3236e963
448940016489998,public_thin_restore,thin_from_below_repeated,2027;2042;2057,3,True,,27.0,3,1.111974216602244,local;state,Baker;Columbia;Union,3,01c55dbba7658eaa
448940076489998,family_light_thin,thin_from_below,2032,1,True,,63.0,1,84.95483014841143,private_family,Columbia,3,e3da65ef554e4f09
448940076489998,family_uneven_aged_selection,selection_harvest,2037;2052;2067,3,True,,63.0,1,84.95483014841143,private_family,Columbia,3,64de83e0a03deb2e
448940076489998,hardwood_clearcut_regen,clearcut,2027,1,True,hardwood_regen,63.0,1,60.04660769652117,private_industrial,Columbia,3,52fb4166a4868abd
448940076489998,no_management,no_management,,0,False,,63.0,4,182.14137667944755,local;private_family;private_industrial;state,Columbia,3,822820b3fe1979cd
448940076489998,public_selection_light,selection_harvest,2032;2042;2052;2062,4,True,,63.0,2,37.13993883451495,local;state,Columbia,3,695fd4e9d6593943
448940076489998,public_thin_restore,thin_from_below_repeated,2027;2042;2057,3,True,,63.0,2,37.13993883451495,local;state,Columbia,3,38d63c57a07031f2
448940102489998,family_light_thin,thin_from_below,2032,1,True,,19.0,1,8.673398889497502,private_family,Hamilton,3,dfe7ba6f22c72f6e
448940102489998,family_uneven_aged_selection,selection_harvest,2037;2052;2067,3,True,,19.0,1,8.673398889497502,private_family,Hamilton,3,265ae4952fc21926
448940102489998,no_management,no_management,,0,False,,19.0,2,15.790033875751863,private_family;private_industrial,Hamilton,3,ef44f7a6c8647c74
448940102489998,pine_plantation_long_rotation,plantation_rotation,2027;2042,2,True,planted_pine_regen,19.0,2,15.790033875751863,private_family;private_industrial,Hamilton,3,bd50250e72172068
448940102489998,pine_plantation_short_rotation,plantation_rotation,2027;2032,2,True,planted_pine_regen,19.0,1,7.116634986254361,private_industrial,Hamilton,3,c8e08315a4cf2582
448940134489998,family_light_thin,thin_from_below,2032,1,True,,13.0,2,6.227055612972566,private_family,Columbia;Suwannee,3,c98bf80935337a59
448940134489998,family_uneven_aged_selection,selection_harvest,2037;2052;2067,3,True,,13.0,2,6.227055612972566,private_family,Columbia;Suwannee,3,28d32b2c436a5928
448940134489998,no_management,no_management,,0,False,,13.0,5,18.236377152276802,private_family;private_industrial;state,Columbia;Suwannee,3,2f4a6c96fb09b854
448940134489998,pine_plantation_long_rotation,plantation_rotation,2027;2047,2,True,planted_pine_regen,13.0,5,18.236377152276802,private_family;private_industrial;state,Columbia;Suwannee,3,3f35febbaa36ab4f
448940134489998,pine_plantation_short_rotation,plantation_rotation,2027;2037,2,True,planted_pine_regen,13.0,2,0.8895793732817951,private_industrial,Columbia;Suwannee,3,9997e5ca06b9fbd8
448940134489998,public_selection_light,selection_harvest,2032;2042;2052;2062,4,True,,13.0,1,11.119742166022439,state,Suwannee,3,2ae38e4ba3ab08a3
448940134489998,public_thin_restore,thin_from_below_repeated,2027;2042;2057,3,True,,13.0,1,11.119742166022439,state,Suwannee,3,8adcf98243735abd
448940136489998,family_light_thin,thin_from_below,2032,1,True,,55.0,4,66.49605815281419,private_family,Columbia;Hamilton;Suwannee;Union,3,91327e7feb282a5d
448940136489998,family_uneven_aged_selection,selection_harvest,2037;2052;2067,3,True,,55.0,4,66.49605815281419,private_family,Columbia;Hamilton;Suwannee;Union,3,8c9c3608e6775d15
448940136489998,hardwood_clearcut_regen,clearcut,2027,1,True,hardwood_regen,55.0,3,10.007767949420195,private_industrial,Columbia;Hamilton;Suwannee,3,c93db49d6c5b5641
448940136489998,no_management,no_management,,0,False,,55.0,10,78.72777453543887,local;private_family;private_industrial;state,Columbia;Hamilton;Suwannee;Union,3,3c6842f56df9fe73
448940136489998,public_selection_light,selection_harvest,2032;2042;2052;2062,4,True,,55.0,3,2.223948433204488,local;state,Columbia;Hamilton;Suwannee,3,ba1005a887a8f172
448940136489998,public_thin_restore,thin_from_below_repeated,2027;2042;2057,3,True,,55.0,3,2.223948433204488,local;state,Columbia;Hamilton;Suwannee,3,1f9dba06c8426be0
448940142489998,family_light_thin,thin_from_below,2032,1,True,,24.0,3,164.1273943704912,private_family,Columbia;Suwannee;Union,3,2a0608719eaccd2d
448940142489998,family_uneven_aged_selection,selection_harvest,2037;2052;2067,3,True,,24.0,3,164.1273943704912,private_family,Columbia;Suwannee;Union,3,1315b02b9be3079d
448940142489998,no_management,no_management,,0,False,,24.0,9,199.2657796151221,local;private_family;private_industrial;state,Columbia;Suwannee;Union,3,3c82a585dce98cc3
448940142489998,pine_plantation_long_rotation,plantation_rotation,2027;2037,2,True,planted_pine_regen,24.0,7,197.2642260252381,private_family;private_industrial;state,Columbia;Suwannee;Union,3,347e37707950086b
448940142489998,pine_plantation_short_rotation,clearcut,2027,1,True,planted_pine_regen,24.0,2,30.91288322154238,private_industrial,Columbia;Suwannee,3,eb92335ffb7314df
448940142489998,public_selection_light,selection_harvest,2032;2042;2052;2062,4,True,,24.0,4,4.225502023088527,local;state,Columbia;Suwannee,3,37c66d5a125e8830
448940142489998,public_thin_restore,thin_from_below_repeated,2027;2042;2057,3,True,,24.0,4,4.225502023088527,local;state,Columbia;Suwannee,3,14bf411ae548b748
448940165489998,family_light_thin,thin_from_below,2032,1,True,,20.0,4,179.69503340292263,private_family,Baker;Columbia;Hamilton;Suwannee,3,99442345b2b73c74
448940165489998,family_uneven_aged_selection,selection_harvest,2037;2052;2067,3,True,,20.0,4,179.69503340292263,private_family,Baker;Columbia;Hamilton;Suwannee,3,557bd05d16e18031
448940165489998,hardwood_clearcut_regen,clearcut,2052,1,True,hardwood_regen,20.0,4,122.76195351288773,private_industrial,Baker;Columbia;Hamilton;Suwannee,3,155a7f4f00619990
448940165489998,no_management,no_management,,0,False,,20.0,10,308.23925284214204,federal;local;private_family;private_industrial,Baker;Columbia;Hamilton;Suwannee,3,2a6e93ff0d83384d
448940165489998,public_selection_light,selection_harvest,2032;2042;2052;2062,4,True,,20.0,2,5.782265926331668,federal;local,Columbia,3,c881f2e750d99baa
448940165489998,public_thin_restore,thin_from_below_repeated,2027;2042;2057,3,True,,20.0,2,5.782265926331668,federal;local,Columbia,3,c6d03081059c581d
448940171489998,family_light_thin,thin_from_below,2032,1,True,,24.0,4,2154.7836369318284,private_family,Columbia;Hamilton;Suwannee;Union,3,cf06b51e1cee5d04
448940171489998,family_uneven_aged_selection,selection_harvest,2037;2052;2067,3,True,,24.0,4,2154.7836369318284,private_family,Columbia;Hamilton;Suwannee;Union,3,e978c34eefd85e5a
448940171489998,no_management,no_management,,0,False,,24.0,16,3452.457547706647,federal;local;private_family;private_industrial;state,Columbia;Hamilton;Suwannee;Union,3,30bd0b9fa6dd51be
448940171489998,pine_plantation_long_rotation,plantation_rotation,2027;2037,2,True,planted_pine_regen,24.0,11,3158.006775150373,private_family;private_industrial;state,Columbia;Hamilton;Suwannee;Union,3,f1c6cfe96a51718a
448940171489998,pine_plantation_short_rotation,clearcut,2027,1,True,planted_pine_regen,24.0,4,930.7224192960781,private_industrial,Columbia;Hamilton;Suwannee;Union,3,379209598e1e5a87
448940171489998,public_selection_light,selection_harvest,2032;2042;2052;2062,4,True,,24.0,8,366.9514914787405,federal;local;state,Columbia;Hamilton;Suwannee,3,d17cb5a4637ab1ee
448940171489998,public_thin_restore,thin_from_below_repeated,2027;2042;2057,3,True,,24.0,8,366.9514914787405,federal;local;state,Columbia;Hamilton;Suwannee,3,b993b8cda039e0a1
448940172489998,family_light_thin,thin_from_below,2032,1,True,,10.0,2,145.22383268825305,private_family,Columbia;Suwannee,3,075ae4828390a6e8
448940172489998,family_uneven_aged_selection,selection_harvest,2037;2052;2067,3,True,,10.0,2,145.22383268825305,private_family,Columbia;Suwannee,3,0c48af7ebf9251fa
448940172489998,no_management,no_management,,0,False,,10.0,5,223.95160722369192,local;private_family;private_industrial,Columbia;Suwannee,3,a811d7bf6b4a9b7a
448940172489998,pine_plantation_long_rotation,plantation_rotation,2032;2047,2,True,planted_pine_regen,10.0,4,223.72921238037148,private_family;private_industrial,Columbia;Suwannee,3,5a15515039e7fb9b
448940172489998,pine_plantation_short_rotation,plantation_rotation,2027;2037,2,True,planted_pine_regen,10.0,2,78.50537969211842,private_industrial,Columbia;Suwannee,3,cb5b16a2e613bb7b
448940172489998,public_selection_light,selection_harvest,2032;2042;2052;2062,4,True,,10.0,1,0.2223948433204488,local,Columbia,3,147916655af2688d
448940172489998,public_thin_restore,thin_from_below_repeated,2027;2042;2057,3,True,,10.0,1,0.2223948433204488,local,Columbia,3,9e2a4ebcfa32c63a
448940174489998,family_light_thin,thin_from_below,2032,1,True,,36.0,5,626.0414839470634,private_family,Baker;Columbia;Hamilton;Suwannee;Union,3,3a794a234cd8e92f
448940174489998,family_uneven_aged_selection,selection_harvest,2037;2052;2067,3,True,,36.0,5,626.0414839470634,private_family,Baker;Columbia;Hamilton;Suwannee;Union,3,d1a1753c769cc72b
448940174489998,hardwood_clearcut_regen,clearcut,2037,1,True,hardwood_regen,36.0,3,66.94084783945507,private_industrial,Columbia;Suwannee;Union,3,2d8aa4190369b253
448940174489998,no_management,no_management,,0,False,,36.0,13,708.3275759756294,local;private_family;private_industrial;state,Baker;Columbia;Hamilton;Suwannee;Union,3,5d746bfc65a7e7dc
448940174489998,public_selection_light,selection_harvest,2032;2042;2052;2062,4,True,,36.0,5,15.345244189110966,local;state,Columbia;Suwannee;Union,3,120c316652a761df
448940174489998,public_thin_restore,thin_from_below_repeated,2027;2042;2057,3,True,,36.0,5,15.345244189110966,local;state,Columbia;Suwannee;Union,3,a357dcdd900c1be6
448940175489998,family_light_thin,thin_from_below,2032,1,True,,41.0,3,608.9170810113887,private_family,Columbia;Suwannee;Union,3,c0728d4eb701a06e
448940175489998,family_uneven_aged_selection,selection_harvest,2037;2052;2067,3,True,,41.0,3,608.9170810113887,private_family,Columbia;Suwannee;Union,3,d5ad5331b6189343
448940175489998,hardwood_clearcut_regen,clearcut,2032,1,True,hardwood_regen,41.0,2,51.15081396370322,private_industrial,Columbia;Suwannee,3,5094987aa32efc7c
448940175489998,no_management,no_management,,0,False,,41.0,9,677.6370875974075,local;private_family;private_industrial;state,Columbia;Suwannee;Union,3,461d32e537681268
448940175489998,public_selection_light,selection_harvest,2032;2042;2052;2062,4,True,,41.0,4,17.56919262231545,local;state,Columbia;Suwannee,3,db3f3c14a90521f7
448940175489998,public_thin_restore,thin_from_below_repeated,2027;2042;2057,3,True,,41.0,4,17.56919262231545,local;state,Columbia;Suwannee,3,691779bf1f678cf1
448940178489998,family_light_thin,thin_from_below,2032,1,True,,87.0,2,26.464986355133405,private_family,Columbia;Suwannee,3,ef6ddb2b14c0f78f
448940178489998,family_uneven_aged_selection,selection_harvest,2037;2052;2067,3,True,,87.0,2,26.464986355133405,private_family,Columbia;Suwannee,3,b8eebfe4fd5cdf29
448940178489998,hardwood_clearcut_regen,clearcut,2027,1,True,hardwood_regen,87.0,2,2.223948433204488,private_industrial,Columbia;Suwannee,3,bb977ee8091c3bd3
448940178489998,no_management,no_management,,0,False,,87.0,4,28.688934788337892,private_family;private_industrial,Columbia;Suwannee,3,e6bdc1f29758f7b7
448940184489998,family_light_thin,thin_from_below,2032,1,True,,50.0,4,455.90942880692,private_family,Baker;Columbia;Hamilton;Union,3,458fcd2adf69400b
448940184489998,family_uneven_aged_selection,selection_harvest,2037;2052;2067,3,True,,50.0,4,455.90942880692,private_family,Baker;Columbia;Hamilton;Union,3,2c0a01844b308eaf
448940184489998,hardwood_clearcut_regen,clearcut,2027,1,True,hardwood_regen,50.0,3,6.671845299613463,private_industrial,Baker;Columbia;Hamilton,3,81861eb9653887f1
448940184489998,no_management,no_management,,0,False,,50.0,10,743.2435663769398,federal;local;private_family;private_industrial,Baker;Columbia;Hamilton;Union,3,9c04a04157887a23
448940184489998,public_selection_light,selection_harvest,2032;2042;2052;2062,4,True,,50.0,3,280.66229227040634,federal;local,Baker;Columbia,3,355b835382c69c5b
448940184489998,public_thin_restore,thin_from_below_repeated,2027;2042;2057,3,True,,50.0,3,280.66229227040634,federal;local,Baker;Columbia,3,6c7804b7c62e8d57
448940190489998,family_light_thin,thin_from_below,2032,1,True,,150.0,4,181.69658699280666,private_family,Baker;Columbia;Suwannee;Union,3,bf5418f4c06351ff
448940190489998,family_uneven_aged_selection,selection_harvest,2037;2052;2067,3,True,,150.0,4,181.69658699280666,private_family,Baker;Columbia;Suwannee;Union,3,11acba19525cd547
448940190489998,hardwood_clearcut_regen,clearcut,2027,1,True,hardwood_regen,150.0,3,12.009321539304233,private_industrial,Columbia;Suwannee;Union,3,63609feff7552760
448940190489998,no_management,no_management,,0,False,,150.0,9,194.59548790539267,local;private_family;private_industrial;state,Baker;Columbia;Suwannee;Union,3,8d6e321bcf6c3474
448940190489998,public_selection_light,selection_harvest,2032;2042;2052;2062,4,True,,150.0,2,0.8895793732817951,local;state,Columbia;Union,3,acccbf0f433d6b94
448940190489998,public_thin_restore,thin_from_below_repeated,2027;2042;2057,3,True,,150.0,2,0.8895793732817951,local;state,Columbia;Union,3,981f00896fe9f442
448940202489998,family_light_thin,thin_from_below,2032,1,True,,12.0,1,11.564531852663336,private_family,Baker,3,f52b41bb23b403eb
448940202489998,family_uneven_aged_selection,selection_harvest,2037;2052;2067,3,True,,12.0,1,11.564531852663336,private_family,Baker,3,fb600346565a3f2b
448940202489998,no_management,no_management,,0,False,,12.0,3,100.96725886748375,local;private_family;private_industrial,Baker,3,37060e0391398e56
448940202489998,pine_plantation_long_rotation,plantation_rotation,2032;2047,2,True,planted_pine_regen,12.0,2,100.52246918084285,private_family;private_industrial,Baker,3,cad0ce35681fe50f
448940202489998,pine_plantation_short_rotation,plantation_rotation,2027;2037,2,True,planted_pine_regen,12.0,1,88.95793732817951,private_industrial,Baker,3,e2dbe8327e8cbaa8
448940202489998,public_selection_light,selection_harvest,2032;2042;2052;2062,4,True,,12.0,1,0.4447896866408976,local,Baker,3,6945b85674dd2446
448940202489998,public_thin_restore,thin_from_below_repeated,2027;2042;2057,3,True,,12.0,1,0.4447896866408976,local,Baker,3,e32bbbf7c83d076c
448940205489998,family_light_thin,thin_from_below,2032,1,True,,5.0,5,53.81955208354861,private_family,Baker;Columbia;Hamilton;Suwannee;Union,3,3127f5d26580f265
448940205489998,family_uneven_aged_selection,selection_harvest,2037;2052;2067,3,True,,5.0,5,53.81955208354861,private_family,Baker;Columbia;Hamilton;Suwannee;Union,3,2f958d898f24f9ad
448940205489998,no_management,no_management,,0,False,,5.0,11,60.713792226482525,local;private_family;private_industrial,Baker;Columbia;Hamilton;Suwannee;Union,3,f04d3d13e4dd6ce5
448940205489998,pine_plantation_long_rotation,plantation_rotation,2037;2052,2,True,planted_pine_regen,5.0,9,59.37942316655983,private_family;private_industrial,Baker;Columbia;Hamilton;Suwannee;Union,3,17ae5448bb7331d0
448940205489998,pine_plantation_short_rotation,plantation_rotation,2032;2042,2,True,planted_pine_regen,5.0,4,5.55987108301122,private_industrial,Baker;Columbia;Hamilton;Suwannee,3,7b5f78faa2e0af38
448940205489998,public_selection_light,selection_harvest,2032;2042;2052;2062,4,True,,5.0,2,1.3343690599226927,local,Columbia;Suwannee,3,a11708dc41eb2a22
448940205489998,public_thin_restore,thin_from_below_repeated,2027;2042;2057,3,True,,5.0,2,1.3343690599226927,local,Columbia;Suwannee,3,445c76cfd5ebf7e0
448940206489998,family_light_thin,thin_from_below,2032,1,True,,28.0,4,3211.1591427039602,private_family,Baker;Columbia;Hamilton;Suwannee,3,3db9bfffbaeb7de2
448940206489998,family_uneven_aged_selection,selection_harvest,2037;2052;2067,3,True,,28.0,4,3211.1591427039602,private_family,Baker;Columbia;Hamilton;Suwannee,3,a0d7950c4a5506b7
448940206489998,no_management,no_management,,0,False,,28.0,19,4730.115922582625,federal;local;private_family;private_industrial;state,Baker;Columbia;Hamilton;Suwannee,3,b811066585045b07
448940206489998,pine_plantation_long_rotation,plantation_rotation,2027;2032,2,True,planted_pine_regen,28.0,11,4232.396263231461,private_family;private_industrial;state,Baker;Columbia;Hamilton;Suwannee,3,50444de7f1eb2c5f
448940206489998,pine_plantation_short_rotation,clearcut,2027,1,True,planted_pine_regen,28.0,4,974.9789931168475,private_industrial,Baker;Columbia;Hamilton;Suwannee,3,b70dbff7656f8dac
448940206489998,public_selection_light,selection_harvest,2032;2042;2052;2062,4,True,,28.0,11,543.9777867618177,federal;local;state,Baker;Columbia;Hamilton;Suwannee,3,1b701d5f55279745
448940206489998,public_thin_restore,thin_from_below_repeated,2027;2042;2057,3,True,,28.0,11,543.9777867618177,federal;local;state,Baker;Columbia;Hamilton;Suwannee,3,82d3df591857b75d
448940207489998,family_light_thin,thin_from_below,2032,1,True,,102.0,4,87.40117342493637,private_family,Baker;Columbia;Suwannee;Union,3,b956daca5ec55d49
448940207489998,family_uneven_aged_selection,selection_harvest,2037;2052;2067,3,True,,102.0,4,87.40117342493637,private_family,Baker;Columbia;Suwannee;Union,3,743560eebe6da4fa
448940207489998,hardwood_clearcut_regen,clearcut,2027,1,True,hardwood_regen,102.0,4,61.380976756443864,private_industrial,Baker;Columbia;Suwannee;Union,3,81c3b86c394662e3
448940207489998,no_management,no_management,,0,False,,102.0,11,162.12584078060715,federal;local;private_family;private_industrial,Baker;Columbia;Suwannee;Union,3,259371d1a8c662d8
448940207489998,public_selection_light,selection_harvest,2032;2042;2052;2062,4,True,,102.0,3,13.343690599226926,federal;local,Columbia;Union,3,c1a2acffa6461f3a
448940207489998,public_thin_restore,thin_from_below_repeated,2027;2042;2057,3,True,,102.0,3,13.343690599226926,federal;local,Columbia;Union,3,a21d082e6ded73d6
448940209489998,family_light_thin,thin_from_below,2032,1,True,,17.0,1,259.3123873116433,private_family,Suwannee,3,f6397d78a019ae8c
448940209489998,family_uneven_aged_selection,selection_harvest,2037;2052;2067,3,True,,17.0,1,259.3123873116433,private_family,Suwannee,3,e9bca3b36ddcf7ec
448940209489998,no_management,no_management,,0,False,,17.0,4,280.88468711372684,local;private_family;private_industrial;state,Suwannee,3,75cb7fdeeb5ad801
448940209489998,pine_plantation_long_rotation,plantation_rotation,2027;2042,2,True,planted_pine_regen,17.0,3,273.76805212747246,private_family;private_industrial;state,Suwannee,3,60c8469a4f0d58b1
448940209489998,pine_plantation_short_rotation,plantation_rotation,2027;2032,2,True,planted_pine_regen,17.0,1,12.454111225945132,private_industrial,Suwannee,3,8a40a3c9a6edec4c
448940209489998,public_selection_light,selection_harvest,2032;2042;2052;2062,4,True,,17.0,2,9.118188576138401,local;state,Suwannee,3,7e5834f461adacc5
448940209489998,public_thin_restore,thin_from_below_repeated,2027;2042;2057,3,True,,17.0,2,9.118188576138401,local;state,Suwannee,3,84a37405fa723fd7
448940210489998,family_light_thin,thin_from_below,2032,1,True,,78.0,3,29.13372447497879,private_family,Columbia;Hamilton;Suwannee,3,24fae0860bfe1e5a
448940210489998,family_uneven_aged_selection,selection_harvest,2037;2052;2067,3,True,,78.0,3,29.13372447497879,private_family,Columbia;Hamilton;Suwannee,3,cbe33318ce961e33
448940210489998,hardwood_clearcut_regen,clearcut,2027,1,True,hardwood_regen,78.0,2,6.227055612972566,private_industrial,Columbia;Suwannee,3,38890a2d3faa45bd
448940210489998,no_management,no_management,,0,False,,78.0,7,36.0279646179127,local;private_family;private_industrial,Columbia;Hamilton;Suwannee,3,1ddd668f520cbf45
448940210489998,public_selection_light,selection_harvest,2032;2042;2052;2062,4,True,,78.0,2,0.6671845299613464,local,Columbia;Suwannee,3,7a4bd098e16ed6b4
448940210489998,public_thin_restore,thin_from_below_repeated,2027;2042;2057,3,True,,78.0,2,0.6671845299613464,local,Columbia;Suwannee,3,1b463e796db61b79
448940337489998,family_light_thin,thin_from_below,2032,1,True,,20.0,5,2269.3169812418596,private_family,Baker;Columbia;Hamilton;Suwannee;Union,3,7829c506f95935f2
448940337489998,family_uneven_aged_selection,selection_harvest,2037;2052;2067,3,True,,20.0,5,2269.3169812418596,private_family,Baker;Columbia;Hamilton;Suwannee;Union,3,f74771583e9eb721
448940337489998,hardwood_clearcut_regen,clearcut,2052,1,True,hardwood_regen,20.0,5,474.36820080251726,private_industrial,Baker;Columbia;Hamilton;Suwannee;Union,3,ff5ff7922b0a62c5
448940337489998,no_management,no_management,,0,False,,20.0,22,2781.7147002521733,federal;local;private_family;private_industrial;state,Baker;Columbia;Hamilton;Suwannee;Union,3,e3a34ed67c613b6d
448940337489998,public_selection_light,selection_harvest,2032;2042;2052;2062,4,True,,20.0,12,38.02951820779674,federal;local;state,Baker;Columbia;Hamilton;Suwannee;Union,3,61759ae640627c86
448940337489998,public_thin_restore,thin_from_below_repeated,2027;2042;2057,3,True,,20.0,12,38.02951820779674,federal;local;state,Baker;Columbia;Hamilton;Suwannee;Union,3,c0bf3e5b4ebb8139
448940340489998,family_light_thin,thin_from_below,2032,1,True,,22.0,3,4833.084735039993,private_family,Columbia;Hamilton;Suwannee,3,4ea9b1167aeb5b9c
448940340489998,family_uneven_aged_selection,selection_harvest,2037;2052;2067,3,True,,22.0,3,4833.084735039993,private_family,Columbia;Hamilton;Suwannee,3,cf12511a83e6ce7f
448940340489998,no_management,no_management,,0,False,,22.0,14,7982.195716457548,federal;local;private_family;private_industrial;state,Columbia;Hamilton;Suwannee,3,c1218778a3a338d8
448940340489998,pine_plantation_long_rotation,plantation_rotation,2027;2037,2,True,planted_pine_regen,22.0,8,7423.984659723222,private_family;private_industrial;state,Columbia;Hamilton;Suwannee,3,3fbd1d18fe2b935a
448940340489998,pine_plantation_short_rotation,clearcut,2027,1,True,planted_pine_regen,22.0,3,2585.1176587568966,private_industrial,Columbia;Hamilton;Suwannee,3,e0122b56756f1c94
448940340489998,public_selection_light,selection_harvest,2032;2042;2052;2062,4,True,,22.0,8,563.9933226606581,federal;local;state,Columbia;Hamilton;Suwannee,3,fc1636a1942ea150
448940340489998,public_thin_restore,thin_from_below_repeated,2027;2042;2057,3,True,,22.0,8,563.9933226606581,federal;local;state,Columbia;Hamilton;Suwannee,3,1abdda9d74ea00c9
448940341489998,family_light_thin,thin_from_below,2032,1,True,,92.0,3,22.239484332044878,private_family,Columbia;Hamilton;Suwannee,3,1bb6846841ae5032
448940341489998,family_uneven_aged_selection,selection_harvest,2037;2052;2067,3,True,,92.0,3,22.239484332044878,private_family,Columbia;Hamilton;Suwannee,3,9064084c55e56ccc
448940341489998,hardwood_clearcut_regen,clearcut,2027,1,True,hardwood_regen,92.0,2,2.223948433204488,private_industrial,Hamilton;Suwannee,3,804dc8a95eca81f9
448940341489998,no_management,no_management,,0,False,,92.0,5,24.463432765249365,private_family;private_industrial,Columbia;Hamilton;Suwannee,3,69c48bb357a28c14
448940346489998,family_light_thin,thin_from_below,2032,1,True,,4.0,2,0.4447896866408976,private_family,Baker;Union,3,43456cd27560807b
448940346489998,family_uneven_aged_selection,selection_harvest,2037;2052;2067,3,True,,4.0,2,0.4447896866408976,private_family,Baker;Union,3,48c806b1ee918c89
448940346489998,no_management,no_management,,0,False,,4.0,4,2.223948433204488,federal;private_family;private_industrial,Baker;Columbia;Union,3,99e0e282420f4dab
448940346489998,pine_plantation_long_rotation,plantation_rotation,2037;2057,2,True,planted_pine_regen,4.0,3,1.3343690599226927,private_family;private_industrial,Baker;Columbia;Union,3,e6fcee2afcba4036
448940346489998,pine_plantation_short_rotation,plantation_rotation,2037;2047,2,True,planted_pine_regen,4.0,1,0.8895793732817951,private_industrial,Columbia,3,3d349f64084b559e
448940346489998,public_selection_light,selection_harvest,2032;2042;2052;2062,4,True,,4.0,1,0.8895793732817951,federal,Columbia,3,c9688f1eb67e232d
448940346489998,public_thin_restore,thin_from_below_repeated,2027;2042;2057,3,True,,4.0,1,0.8895793732817951,federal,Columbia,3,c9e4910b583ee183
448940348489998,family_light_thin,thin_from_below,2032,1,True,,75.0,4,9354.371899744718,private_family,Baker;Columbia;Hamilton;Suwannee,3,f78d06ede644ffbf
448940348489998,family_uneven_aged_selection,selection_harvest,2037;2052;2067,3,True,,75.0,4,9354.371899744718,private_family,Baker;Columbia;Hamilton;Suwannee,3,f36a24ef34aa5864
448940348489998,hardwood_clearcut_regen,clearcut,2027,1,True,hardwood_regen,75.0,4,1750.6922066185728,private_industrial,Baker;Columbia;Hamilton;Suwannee,3,2c58f009ca2be421
448940348489998,no_management,no_management,,0,False,,75.0,18,11394.844587209835,federal;local;private_family;private_industrial;state,Baker;Columbia;Hamilton;Suwannee,3,37348e611fa27b38
448940348489998,public_selection_light,selection_harvest,2032;2042;2052;2062,4,True,,75.0,10,289.7804808465448,federal;local;state,Baker;Columbia;Hamilton;Suwannee,3,8103f2bacfec2e7e
448940348489998,public_thin_restore,thin_from_below_repeated,2027;2042;2057,3,True,,75.0,10,289.7804808465448,federal;local;state,Baker;Columbia;Hamilton;Suwannee,3,9dd9645639e33831
448940350489998,family_light_thin,thin_from_below,2032,1,True,,41.0,3,3547.6425406477993,private_family,Columbia;Hamilton;Suwannee,3,8c09005d02289a38
448940350489998,family_uneven_aged_selection,selection_harvest,2037;2052;2067,3,True,,41.0,3,3547.6425406477993,private_family,Columbia;Hamilton;Suwannee,3,d6e205a1f1c92b99
448940350489998,hardwood_clearcut_regen,clearcut,2032,1,True,hardwood_regen,41.0,3,483.04159969201476,private_industrial,Columbia;Hamilton;Suwannee,3,15fe7207977dde60
448940350489998,no_management,no_management,,0,False,,41.0,14,4111.191073621816,federal;local;private_family;private_industrial;state,Columbia;Hamilton;Suwannee,3,b9465fca473d7f8f
448940350489998,public_selection_light,selection_harvest,2032;2042;2052;2062,4,True,,41.0,8,80.50693328200246,federal;local;state,Columbia;Hamilton;Suwannee,3,244256422bbb0b6a
448940350489998,public_thin_restore,thin_from_below_repeated,2027;2042;2057,3,True,,41.0,8,80.50693328200246,federal;local;state,Columbia;Hamilton;Suwannee,3,1bd7fcee71d76df9
448940352489998,family_light_thin,thin_from_below,2032,1,True,,60.0,5,1310.3504168440843,private_family,Baker;Columbia;Hamilton;Suwannee;Union,3,3b0b294877d8267a
448940352489998,family_uneven_aged_selection,selection_harvest,2037;2052;2067,3,True,,60.0,5,1310.3504168440843,private_family,Baker;Columbia;Hamilton;Suwannee;Union,3,783421d612fd4afb
448940352489998,hardwood_clearcut_regen,clearcut,2027,1,True,hardwood_regen,60.0,5,446.12405570082024,private_industrial,Baker;Columbia;Hamilton;Suwannee;Union,3,365bc0c207e5618b
448940352489998,no_management,no_management,,0,False,,60.0,22,2016.89883407315,federal;local;private_family;private_industrial;state,Baker;Columbia;Hamilton;Suwannee;Union,3,00ab30550dfcdb20
448940352489998,public_selection_light,selection_harvest,2032;2042;2052;2062,4,True,,60.0,12,260.4243615282455,federal;local;state,Baker;Columbia;Hamilton;Suwannee;Union,3,349a051c1a13f651
448940352489998,public_thin_restore,thin_from_below_repeated,2027;2042;2057,3,True,,60.0,12,260.4243615282455,federal;local;state,Baker;Columbia;Hamilton;Suwannee;Union,3,43a507649cddccc6
448940355489998,family_light_thin,thin_from_below,2032,1,True,,101.0,5,9041.684750036165,private_family,Baker;Columbia;Hamilton;Suwannee;Union,3,abf2b1a9a1f48baf
448940355489998,family_uneven_aged_selection,selection_harvest,2037;2052;2067,3,True,,101.0,5,9041.684750036165,private_family,Baker;Columbia;Hamilton;Suwannee;Union,3,ec7a9ddce11a63fc
448940355489998,hardwood_clearcut_regen,clearcut,2027,1,True,hardwood_regen,101.0,5,1716.6657955905443,private_industrial,Baker;Columbia;Hamilton;Suwannee;Union,3,2876ca592c057179
448940355489998,no_management,no_management,,0,False,,101.0,23,11488.472816247744,federal;local;private_family;private_industrial;state,Baker;Columbia;Hamilton;Suwannee;Union,3,5f624fccdd668357
448940355489998,public_selection_light,selection_harvest,2032;2042;2052;2062,4,True,,101.0,13,730.1222706210334,federal;local;state,Baker;Columbia;Hamilton;Suwannee;Union,3,86c3514d4f7acc0b
448940355489998,public_thin_restore,thin_from_below_repeated,2027;2042;2057,3,True,,101.0,13,730.1222706210334,federal;local;state,Baker;Columbia;Hamilton;Suwannee;Union,3,e67ed9dcb7800739
448940360489998,family_light_thin,thin_from_below,2032,1,True,,40.0,3,20.23793074216084,private_family,Baker;Hamilton;Suwannee,3,b64d77c6cb4903ac
448940360489998,family_uneven_aged_selection,selection_harvest,2037;2052;2067,3,True,,40.0,3,20.23793074216084,private_family,Baker;Hamilton;Suwannee,3,3ff16192e4967b20
448940360489998,hardwood_clearcut_regen,clearcut,2032,1,True,hardwood_regen,40.0,2,1.7791587465635903,private_industrial,Columbia;Suwannee,3,5e0c606c3e6d69e2
448940360489998,no_management,no_management,,0,False,,40.0,8,145.22383268825305,federal;private_family;private_industrial;state,Baker;Columbia;Hamilton;Suwannee,3,03553011c51ea5ba
448940360489998,public_selection_light,selection_harvest,2032;2042;2052;2062,4,True,,40.0,3,123.20674319952863,federal;state,Baker;Columbia;Hamilton,3,158068d13feaeb31
448940360489998,public_thin_restore,thin_from_below_repeated,2027;2042;2057,3,True,,40.0,3,123.20674319952863,federal;state,Baker;Columbia;Hamilton,3,872f659e5b9fe583
448940363489998,family_light_thin,thin_from_below,2032,1,True,,91.0,5,1089.7347322701992,private_family,Baker;Columbia;Hamilton;Suwannee;Union,3,db7a6f2e4594a170
448940363489998,family_uneven_aged_selection,selection_harvest,2037;2052;2067,3,True,,91.0,5,1089.7347322701992,private_family,Baker;Columbia;Hamilton;Suwannee;Union,3,dbd0e205eee08ede
448940363489998,hardwood_clearcut_regen,clearcut,2027,1,True,hardwood_regen,91.0,5,117.6468721165174,private_industrial,Baker;Columbia;Hamilton;Suwannee;Union,3,c256a90b2c258935
448940363489998,no_management,no_management,,0,False,,91.0,16,1214.2758445296504,federal;local;private_family;private_industrial;state,Baker;Columbia;Hamilton;Suwannee;Union,3,f2cec2cdc354bf96
448940363489998,public_selection_light,selection_harvest,2032;2042;2052;2062,4,True,,91.0,6,6.894240142933913,federal;local;state,Columbia;Hamilton;Suwannee,3,3edcb1ef6314d253
448940363489998,public_thin_restore,thin_from_below_repeated,2027;2042;2057,3,True,,91.0,6,6.894240142933913,federal;local;state,Columbia;Hamilton;Suwannee,3,09fa029d6e1593d4
448940366489998,no_management,no_management,,0,False,,34.0,1,3.780712336447629,federal,Columbia,3,d25a654107a1ab6d
448940366489998,public_selection_light,selection_harvest,2032;2042;2052;2062,4,True,,34.0,1,3.780712336447629,federal,Columbia,3,a7c17032c549dbac
448940366489998,public_thin_restore,thin_from_below_repeated,2027;2042;2057,3,True,,34.0,1,3.780712336447629,federal,Columbia,3,89b8ecaad573b062
448940372489998,family_light_thin,thin_from_below,2032,1,True,,18.0,1,0.2223948433204488,private_family,Baker,3,b2b65e02f054ad8f
448940372489998,family_uneven_aged_selection,selection_harvest,2037;2052;2067,3,True,,18.0,1,0.2223948433204488,private_family,Baker,3,8f98d4e719bba758
448940372489998,no_management,no_management,,0,False,,18.0,2,1.111974216602244,federal;private_family,Baker;Columbia,3,f2173d450bb35990
448940372489998,public_selection_light,selection_harvest,2032;2042;2052;2062,4,True,,18.0,1,0.8895793732817951,federal,Columbia,3,3935f1c3559822d1
448940372489998,public_thin_restore,thin_from_below_repeated,2027;2042;2057,3,True,,18.0,1,0.8895793732817951,federal,Columbia,3,183d358c05be0055
448940384489998,family_light_thin,thin_from_below,2032,1,True,,46.0,5,368.2858605386632,private_family,Baker;Columbia;Hamilton;Suwannee;Union,3,70c58febbb98e5f3
448940384489998,family_uneven_aged_selection,selection_harvest,2037;2052;2067,3,True,,46.0,5,368.2858605386632,private_family,Baker;Columbia;Hamilton;Suwannee;Union,3,1acbff64f9d59d28
448940384489998,hardwood_clearcut_regen,clearcut,2027,1,True,hardwood_regen,46.0,5,78.95016937875931,private_industrial,Baker;Columbia;Hamilton;Suwannee;Union,3,615c62b5f3d0c1af
448940384489998,no_management,no_management,,0,False,,46.0,18,472.3666472126332,federal;local;private_family;private_industrial;state,Baker;Columbia;Hamilton;Suwannee;Union,3,b37841b4604c6456
448940384489998,public_selection_light,selection_harvest,2032;2042;2052;2062,4,True,,46.0,8,25.130617295210712,federal;local;state,Baker;Columbia;Hamilton;Suwannee;Union,3,30e95a707dab07b7
448940384489998,public_thin_restore,thin_from_below_repeated,2027;2042;2057,3,True,,46.0,8,25.130617295210712,federal;local;state,Baker;Columbia;Hamilton;Suwannee;Union,3,02804f96baf661ee
448940387489998,family_light_thin,thin_from_below,2032,1,True,,107.0,4,1826.528848190846,private_family,Baker;Columbia;Suwannee;Union,3,d82d585852a7d75f
448940387489998,family_uneven_aged_selection,selection_harvest,2037;2052;2067,3,True,,107.0,4,1826.528848190846,private_family,Baker;Columbia;Suwannee;Union,3,31961518c0f5478a
448940387489998,hardwood_clearcut_regen,clearcut,2027,1,True,hardwood_regen,107.0,4,275.7696057173565,private_industrial,Baker;Columbia;Suwannee;Union,3,b1c661536446734d
448940387489998,no_management,no_management,,0,False,,107.0,15,2231.509857877383,local;private_family;private_industrial;state,Baker;Columbia;Suwannee;Union,3,e6413b2b9fbe1dfd
448940387489998,public_selection_light,selection_harvest,2032;2042;2052;2062,4,True,,107.0,7,129.21140396918074,local;state,Baker;Columbia;Suwannee;Union,3,66a667d1eaa15da5
448940387489998,public_thin_restore,thin_from_below_repeated,2027;2042;2057,3,True,,107.0,7,129.21140396918074,local;state,Baker;Columbia;Suwannee;Union,3,9ef58fc874b465c6
448940391489998,family_light_thin,thin_from_below,2032,1,True,,19.0,1,49.59405006046008,private_family,Union,3,c88da38252599563
448940391489998,family_uneven_aged_selection,selection_harvest,2037;2052;2067,3,True,,19.0,1,49.59405006046008,private_family,Union,3,77264a39c0ba1369
448940391489998,hardwood_clearcut_regen,clearcut,2057,1,True,hardwood_regen,19.0,1,70.94395501922317,private_industrial,Union,3,c12e13bf83075fec
448940391489998,no_management,no_management,,0,False,,19.0,4,125.20829678941267,local;private_family;private_industrial;state,Union,3,f37d3600c06040e6
448940391489998,public_selection_light,selection_harvest,2032;2042;2052;2062,4,True,,19.0,2,4.670291709729424,local;state,Union,3,0ba4b00c539ed36b
448940391489998,public_thin_restore,thin_from_below_repeated,2027;2042;2057,3,True,,19.0,2,4.670291709729424,local;state,Union,3,24aa1c71b8788d94
448940396489998,family_light_thin,thin_from_below,2032,1,True,,128.0,2,0.6671845299613464,private_family,Columbia;Union,3,139053dd64fd7933
448940396489998,family_uneven_aged_selection,selection_harvest,2037;2052;2067,3,True,,128.0,2,0.6671845299613464,private_family,Columbia;Union,3,e62948536ff695bb
448940396489998,no_management,no_management,,0,False,,128.0,2,0.6671845299613464,private_family,Columbia;Union,3,8d48e26681e444c2
448940428489998,family_light_thin,thin_from_below,2032,1,True,,102.0,2,0.4447896866408976,private_family,Columbia;Suwannee,3,c9c6b06901ac6023
448940428489998,family_uneven_aged_selection,selection_harvest,2037;2052;2067,3,True,,102.0,2,0.4447896866408976,private_family,Columbia;Suwannee,3,e60adaa09ad37190
448940428489998,no_management,no_management,,0,False,,102.0,2,0.4447896866408976,private_family,Columbia;Suwannee,3,66e897de26409680
448940541489998,family_light_thin,thin_from_below,2032,1,True,,5.0,4,10.89734732270199,private_family,Columbia;Hamilton;Suwannee;Union,3,20e15508d2978fdb
448940541489998,family_uneven_aged_selection,selection_harvest,2037;2052;2067,3,True,,5.0,4,10.89734732270199,private_family,Columbia;Hamilton;Suwannee;Union,3,a2be575a91971acd
448940541489998,hardwood_clearcut_regen,clearcut,2067,1,True,hardwood_regen,5.0,3,2.891132963165834,private_industrial,Hamilton;Suwannee;Union,3,08bea29434b50f19
448940541489998,no_management,no_management,,0,False,,5.0,8,14.45566481582917,local;private_family;private_industrial,Columbia;Hamilton;Suwannee;Union,3,215c154a62c7ed34
448940541489998,public_selection_light,selection_harvest,2032;2042;2052;2062,4,True,,5.0,1,0.6671845299613464,local,Columbia,3,33fd2b5babae32ef
448940541489998,public_thin_restore,thin_from_below_repeated,2027;2042;2057,3,True,,5.0,1,0.6671845299613464,local,Columbia,3,133b455931d71458
448940560489998,family_light_thin,thin_from_below,2032,1,True,,24.0,2,231.0682422099463,private_family,Columbia;Union,3,6f1a24a699e160e2
448940560489998,family_uneven_aged_selection,selection_harvest,2037;2052;2067,3,True,,24.0,2,231.0682422099463,private_family,Columbia;Union,3,549343a287e32c7b
448940560489998,no_management,no_management,,0,False,,24.0,6,364.5051482022156,local;private_family;private_industrial;state,Columbia;Union,3,94c2436b1c067423
448940560489998,pine_plantation_long_rotation,plantation_rotation,2027;2037,2,True,planted_pine_regen,24.0,5,364.28275335889515,private_family;private_industrial;state,Columbia;Union,3,8a6adc169040124e
448940560489998,pine_plantation_short_rotation,clearcut,2027,1,True,planted_pine_regen,24.0,2,106.97191963713587,private_industrial,Columbia;Union,3,957021ed3e06eb62
448940560489998,public_selection_light,selection_harvest,2032;2042;2052;2062,4,True,,24.0,2,26.464986355133405,local;state,Columbia,3,be16daf696617cc6
448940560489998,public_thin_restore,thin_from_below_repeated,2027;2042;2057,3,True,,24.0,2,26.464986355133405,local;state,Columbia,3,65dd1dec5db7db85
448940577489998,family_light_thin,thin_from_below,2032,1,True,,25.0,4,2162.7898512913644,private_family,Baker;Columbia;Hamilton;Suwannee,3,935dad0cd42e9abe
448940577489998,family_uneven_aged_selection,selection_harvest,2037;2052;2067,3,True,,25.0,4,2162.7898512913644,private_family,Baker;Columbia;Hamilton;Suwannee,3,07f162b60374d6cb
448940577489998,no_management,no_management,,0,False,,25.0,14,5208.26483572159,federal;local;private_family;private_industrial;state,Baker;Columbia;Hamilton;Suwannee,3,f28f20ecf300ff38
448940577489998,pine_plantation_long_rotation,plantation_rotation,2027;2032,2,True,planted_pine_regen,25.0,10,2617.587305881682,private_family;private_industrial;state,Baker;Columbia;Hamilton;Suwannee,3,8ef0864ee4e4e476
448940577489998,pine_plantation_short_rotation,clearcut,2027,1,True,planted_pine_regen,25.0,3,408.5393271796644,private_industrial,Baker;Columbia;Hamilton,3,8c7d734eb30ab21b
448940577489998,public_selection_light,selection_harvest,2032;2042;2052;2062,4,True,,25.0,7,2636.9356572505612,federal;local;state,Baker;Columbia;Hamilton,3,d1038ef7f8854012
448940577489998,public_thin_restore,thin_from_below_repeated,2027;2042;2057,3,True,,25.0,7,2636.9356572505612,federal;local;state,Baker;Columbia;Hamilton,3,c66e5f14608bada9
448940579489998,family_light_thin,thin_from_below,2032,1,True,,18.0,2,2756.3616881136422,private_family,Baker;Columbia,3,fa31bbabcebd6ade
448940579489998,family_uneven_aged_selection,selection_harvest,2037;2052;2067,3,True,,18.0,2,2756.3616881136422,private_family,Baker;Columbia,3,fe028dfe5e44eb69
448940579489998,no_management,no_management,,0,False,,18.0,7,3139.5480031547754,federal;local;private_family;private_industrial,Baker;Columbia,3,59d1590706d56f0d
448940579489998,pine_plantation_long_rotation,plantation_rotation,2027;2042,2,True,planted_pine_regen,18.0,4,2759.0304262334876,private_family;private_industrial,Baker;Columbia,3,3c2f7437a2cce68c
448940579489998,pine_plantation_short_rotation,plantation_rotation,2027;2032,2,True,planted_pine_regen,18.0,2,2.6687381198453854,private_industrial,Baker;Columbia,3,37f5c21d5055b225
448940579489998,public_selection_light,selection_harvest,2032;2042;2052;2062,4,True,,18.0,3,380.51757692128785,federal;local,Baker;Columbia,3,6ec36ff5787d6e24
448940579489998,public_thin_restore,thin_from_below_repeated,2027;2042;2057,3,True,,18.0,3,380.51757692128785,federal;local,Baker;Columbia,3,6fcd65bd83263dbe
448940584489998,family_light_thin,thin_from_below,2032,1,True,,40.0,4,7192.249232983314,private_family,Baker;Columbia;Hamilton;Union,3,be2815d6e900c108
448940584489998,family_uneven_aged_selection,selection_harvest,2037;2052;2067,3,True,,40.0,4,7192.249232983314,private_family,Baker;Columbia;Hamilton;Union,3,e3c275bd7b238abf
448940584489998,no_management,no_management,,0,False,,40.0,11,11551.18816206411,federal;local;private_family;private_industrial;state,Baker;Columbia;Hamilton;Union,3,7c3d41e1618a87d1
448940584489998,pine_plantation_long_rotation,clearcut,2027,1,True,planted_pine_regen,40.0,8,7407.749836160829,private_family;private_industrial;state,Baker;Columbia;Hamilton;Union,3,4f9053d0acf0842f
448940584489998,pine_plantation_short_rotation,clearcut,2027,1,True,planted_pine_regen,40.0,3,119.64842570640144,private_industrial,Baker;Columbia;Hamilton,3,4f9053d0acf0842f
448940584489998,public_selection_light,selection_harvest,2032;2042;2052;2062,4,True,,40.0,4,4239.290503374395,federal;local;state,Baker;Columbia;Hamilton,3,67cc7f374daa5dd7
448940584489998,public_thin_restore,thin_from_below_repeated,2027;2042;2057,3,True,,40.0,4,4239.290503374395,federal;local;state,Baker;Columbia;Hamilton,3,2ee52b7f5c9fc68f
448940596489998,family_light_thin,thin_from_below,2032,1,True,,78.0,3,994.3273444857265,private_family,Baker;Columbia;Union,3,530d5dde484b6828
448940596489998,family_uneven_aged_selection,selection_harvest,2037;2052;2067,3,True,,78.0,3,994.3273444857265,private_family,Baker;Columbia;Union,3,5ddfaff4b0752095
448940596489998,hardwood_clearcut_regen,clearcut,2027,1,True,hardwood_regen,78.0,3,266.42902229789763,private_industrial,Baker;Columbia;Union,3,21f2220eba62603d
448940596489998,no_management,no_management,,0,False,,78.0,10,1306.1249148209956,local;private_family;private_industrial;state,Baker;Columbia;Union,3,c66b6f2ccf4f1139
448940596489998,public_selection_light,selection_harvest,2032;2042;2052;2062,4,True,,78.0,4,45.36854803737155,local;state,Baker;Columbia;Union,3,3e7e45b146e24aac
448940596489998,public_thin_restore,thin_from_below_repeated,2027;2042;2057,3,True,,78.0,4,45.36854803737155,local;state,Baker;Columbia;Union,3,48477d38d1305fea
448940864489998,family_light_thin,thin_from_below,2032,1,True,,28.0,5,12817.504399930745,private_family,Baker;Columbia;Hamilton;Suwannee;Union,3,76081f74a6bdd1ee
448940864489998,family_uneven_aged_selection,selection_harvest,2037;2052;2067,3,True,,28.0,5,12817.504399930745,private_family,Baker;Columbia;Hamilton;Suwannee;Union,3,eafa1806f4162ce7
448940864489998,no_management,no_management,,0,False,,28.0,24,19016.538262644935,federal;local;private_family;private_industrial;state,Baker;Columbia;Hamilton;Suwannee;Union,3,c2f6689d4637233f
448940864489998,pine_plantation_long_rotation,plantation_rotation,2027;2032,2,True,planted_pine_regen,28.0,15,17495.579929176383,private_family;private_industrial;state,Baker;Columbia;Hamilton;Suwannee;Union,3,5992f9bace198d46
448940864489998,pine_plantation_short_rotation,clearcut,2027,1,True,planted_pine_regen,28.0,5,4545.528202626653,private_industrial,Baker;Columbia;Hamilton;Suwannee;Union,3,6bd616a893530c70
448940864489998,public_selection_light,selection_harvest,2032;2042;2052;2062,4,True,,28.0,14,1653.5056600875369,federal;local;state,Baker;Columbia;Hamilton;Suwannee;Union,3,3d12a3a9231f45d1
448940864489998,public_thin_restore,thin_from_below_repeated,2027;2042;2057,3,True,,28.0,14,1653.5056600875369,federal;local;state,Baker;Columbia;Hamilton;Suwannee;Union,3,f919d6c8fa47b859
448940876489998,family_light_thin,thin_from_below,2032,1,True,,0.0,4,16.234823562392762,private_family,Baker;Columbia;Suwannee;Union,3,00343ab60fe3bcbd
448940876489998,family_uneven_aged_selection,selection_harvest,2037;2052;2067,3,True,,0.0,4,16.234823562392762,private_family,Baker;Columbia;Suwannee;Union,3,7da47713f6925a02
448940876489998,hardwood_clearcut_regen,clearcut,2072,1,True,hardwood_regen,0.0,3,15.345244189110966,private_industrial,Baker;Suwannee;Union,3,91468138438ff621
448940876489998,no_management,no_management,,0,False,,0.0,8,32.02485743814462,local;private_family;private_industrial,Baker;Columbia;Suwannee;Union,3,51bb32cc81c71516
448940876489998,public_selection_light,selection_harvest,2032;2042;2052;2062,4,True,,0.0,1,0.4447896866408976,local,Baker,3,caa0c166fbaee210
448940876489998,public_thin_restore,thin_from_below_repeated,2027;2042;2057,3,True,,0.0,1,0.4447896866408976,local,Baker,3,338625b41fa4398e
448940879489998,family_light_thin,thin_from_below,2032,1,True,,29.0,5,21.127510115442632,private_family,Baker;Columbia;Hamilton;Suwannee;Union,3,025fbab556b8a30c
448940879489998,family_uneven_aged_selection,selection_harvest,2037;2052;2067,3,True,,29.0,5,21.127510115442632,private_family,Baker;Columbia;Hamilton;Suwannee;Union,3,991552506504712f
448940879489998,hardwood_clearcut_regen,clearcut,2047,1,True,hardwood_regen,29.0,5,27.799355415056098,private_industrial,Baker;Columbia;Hamilton;Suwannee;Union,3,b6670a9520b3aca2
448940879489998,no_management,no_management,,0,False,,29.0,13,51.59560365034412,local;private_family;private_industrial;state,Baker;Columbia;Hamilton;Suwannee;Union,3,1fb14d99649369ce
448940879489998,public_selection_light,selection_harvest,2032;2042;2052;2062,4,True,,29.0,3,2.6687381198453854,local;state,Baker;Columbia,3,45b871d4574c4d6f
448940879489998,public_thin_restore,thin_from_below_repeated,2027;2042;2057,3,True,,29.0,3,2.6687381198453854,local;state,Baker;Columbia,3,40cdae7e28e37408
448940990489998,family_light_thin,thin_from_below,2032,1,True,,70.0,1,0.2223948433204488,private_family,Suwannee,3,56f39d475897c420
448940990489998,family_uneven_aged_selection,selection_harvest,2037;2052;2067,3,True,,70.0,1,0.2223948433204488,private_family,Suwannee,3,b3238b248c198c1d
448940990489998,hardwood_clearcut_regen,clearcut,2027,1,True,hardwood_regen,70.0,1,0.2223948433204488,private_industrial,Baker,3,e4c29591afedf8f7
448940990489998,no_management,no_management,,0,False,,70.0,2,0.4447896866408976,private_family;private_industrial,Baker;Suwannee,3,f73e62929662f154
448940993489998,family_light_thin,thin_from_below,2032,1,True,,37.0,5,525.0742250795796,private_family,Baker;Columbia;Hamilton;Suwannee;Union,3,0c14cfe857a2abf9
448940993489998,family_uneven_aged_selection,selection_harvest,2037;2052;2067,3,True,,37.0,5,525.0742250795796,private_family,Baker;Columbia;Hamilton;Suwannee;Union,3,70d828117393400b
448940993489998,no_management,no_management,,0,False,,37.0,18,720.7816872015745,federal;local;private_family;private_industrial;state,Baker;Columbia;Hamilton;Suwannee;Union,3,37e1a1f48e72711a
448940993489998,pine_plantation_long_rotation,clearcut,2027,1,True,planted_pine_regen,37.0,13,682.7521689937778,private_family;private_industrial;state,Baker;Columbia;Hamilton;Suwannee;Union,3,f82d5e44fdee5cee
448940993489998,pine_plantation_short_rotation,clearcut,2027,1,True,planted_pine_regen,37.0,5,144.1118584716508,private_industrial,Baker;Columbia;Hamilton;Suwannee;Union,3,f82d5e44fdee5cee
448940993489998,public_selection_light,selection_harvest,2032;2042;2052;2062,4,True,,37.0,8,51.59560365034412,federal;local;state,Baker;Columbia;Union,3,cba2257ea9833f7e
448940993489998,public_thin_restore,thin_from_below_repeated,2027;2042;2057,3,True,,37.0,8,51.59560365034412,federal;local;state,Baker;Columbia;Union,3,68cae3f2aac86cdb
448940999489998,family_light_thin,thin_from_below,2032,1,True,,69.0,4,3061.932202835939,private_family,Baker;Columbia;Suwannee;Union,3,7fe614ec478ffb18
448940999489998,family_uneven_aged_selection,selection_harvest,2037;2052;2067,3,True,,69.0,4,3061.932202835939,private_family,Baker;Columbia;Suwannee;Union,3,016a2e75f28627b2
448940999489998,hardwood_clearcut_regen,clearcut,2027,1,True,hardwood_regen,69.0,4,812.6307574929199,private_industrial,Baker;Columbia;Suwannee;Union,3,35e00e3903c1bcaf
448940999489998,no_management,no_management,,0,False,,69.0,14,4008.6670508510892,federal;local;private_family;private_industrial;state,Baker;Columbia;Suwannee;Union,3,589f5591f240b218
448940999489998,public_selection_light,selection_harvest,2032;2042;2052;2062,4,True,,69.0,6,134.10409052223062,federal;local;state,Baker;Columbia;Union,3,4c293cd0c549885b
448940999489998,public_thin_restore,thin_from_below_repeated,2027;2042;2057,3,True,,69.0,6,134.10409052223062,federal;local;state,Baker;Columbia;Union,3,2151e7757915170b
448941000489998,family_light_thin,thin_from_below,2032,1,True,,52.0,5,128.5442194392194,private_family,Baker;Columbia;Hamilton;Suwannee;Union,3,b53a84f6281c1750
448941000489998,family_uneven_aged_selection,selection_harvest,2037;2052;2067,3,True,,52.0,5,128.5442194392194,private_family,Baker;Columbia;Hamilton;Suwannee;Union,3,ea71af89026302ec
448941000489998,hardwood_clearcut_regen,clearcut,2027,1,True,hardwood_regen,52.0,5,140.99833066516453,private_industrial,Baker;Columbia;Hamilton;Suwannee;Union,3,eea431fe2fa47bcb
448941000489998,no_management,no_management,,0,False,,52.0,16,297.1195106761196,federal;local;private_family;private_industrial;state,Baker;Columbia;Hamilton;Suwannee;Union,3,aa09804fc633701c
448941000489998,public_selection_light,selection_harvest,2032;2042;2052;2062,4,True,,52.0,6,27.57696057173565,federal;local;state,Baker;Columbia;Hamilton;Suwannee,3,96fab73b302ac8b6
448941000489998,public_thin_restore,thin_from_below_repeated,2027;2042;2057,3,True,,52.0,6,27.57696057173565,federal;local;state,Baker;Columbia;Hamilton;Suwannee,3,618d3f9506ffc859
448941001489998,family_light_thin,thin_from_below,2032,1,True,,32.0,5,3583.4481104223914,private_family,Baker;Columbia;Hamilton;Suwannee;Union,3,77f78a8ea242c35d
448941001489998,family_uneven_aged_selection,selection_harvest,2037;2052;2067,3,True,,32.0,5,3583.4481104223914,private_family,Baker;Columbia;Hamilton;Suwannee;Union,3,68807363776583fc
448941001489998,no_management,no_management,,0,False,,32.0,17,5805.172595193675,federal;local;private_family;private_industrial;state,Baker;Columbia;Hamilton;Suwannee;Union,3,40104434cfd354ad
448941001489998,pine_plantation_long_rotation,clearcut,2027,1,True,planted_pine_regen,32.0,13,5566.098138624192,private_family;private_industrial;state,Baker;Columbia;Hamilton;Suwannee;Union,3,04f944cb2501ed53
448941001489998,pine_plantation_short_rotation,clearcut,2027,1,True,planted_pine_regen,32.0,5,1871.8973962282175,private_industrial,Baker;Columbia;Hamilton;Suwannee;Union,3,04f944cb2501ed53
448941001489998,public_selection_light,selection_harvest,2032;2042;2052;2062,4,True,,32.0,7,349.82708854306594,federal;local;state,Baker;Columbia;Hamilton;Suwannee;Union,3,7cf8af82396f3d94
448941001489998,public_thin_restore,thin_from_below_repeated,2027;2042;2057,3,True,,32.0,7,349.82708854306594,federal;local;state,Baker;Columbia;Hamilton;Suwannee;Union,3,a9b7e83e36a89e6a
448941002489998,family_light_thin,thin_from_below,2032,1,True,,42.0,3,30.245698691581037,private_family,Columbia;Hamilton;Suwannee,3,4f354d2432ab8609
448941002489998,family_uneven_aged_selection,selection_harvest,2037;2052;2067,3,True,,42.0,3,30.245698691581037,private_family,Columbia;Hamilton;Suwannee,3,4002236cdd00d459
448941002489998,hardwood_clearcut_regen,clearcut,2032,1,True,hardwood_regen,42.0,3,14.455664815829172,private_industrial,Baker;Columbia;Suwannee,3,c148699b31711dab
448941002489998,no_management,no_management,,0,False,,42.0,6,44.70136350741021,private_family;private_industrial,Baker;Columbia;Hamilton;Suwannee,3,199bc4d1fdbd236f
448941011489998,family_light_thin,thin_from_below,2032,1,True,,38.0,4,955.6306417479684,private_family,Baker;Columbia;Hamilton;Union,3,30fca2f3de4e2745
448941011489998,family_uneven_aged_selection,selection_harvest,2037;2052;2067,3,True,,38.0,4,955.6306417479684,private_family,Baker;Columbia;Hamilton;Union,3,a0f256136303155e
448941011489998,no_management,no_management,,0,False,,38.0,12,1810.2940246284531,federal;local;private_family;private_industrial;state,Baker;Columbia;Hamilton;Union,3,98f0ec7e80e41cdd
448941011489998,pine_plantation_long_rotation,clearcut,2027,1,True,planted_pine_regen,38.0,9,1097.0737620997738,private_family;private_industrial;state,Baker;Columbia;Hamilton;Union,3,b8ecf9a7ec6c9c48
448941011489998,pine_plantation_short_rotation,clearcut,2027,1,True,planted_pine_regen,38.0,3,138.9967770752805,private_industrial,Baker;Columbia;Hamilton,3,b8ecf9a7ec6c9c48
448941011489998,public_selection_light,selection_harvest,2032;2042;2052;2062,4,True,,38.0,5,715.6666058052042,federal;local;state,Baker;Columbia,3,ea92dc88a9dd0166
448941011489998,public_thin_restore,thin_from_below_repeated,2027;2042;2057,3,True,,38.0,5,715.6666058052042,federal;local;state,Baker;Columbia,3,69465301fa12a286
448941017489998,no_management,no_management,,0,False,,81.0,1,0.2223948433204488,private_industrial,Suwannee,3,4ad949fac3c83155
448941017489998,pine_plantation_long_rotation,clearcut,2027,1,True,planted_pine_regen,81.0,1,0.2223948433204488,private_industrial,Suwannee,3,3e3d602567692ebb
448941017489998,pine_plantation_short_rotation,clearcut,2027,1,True,planted_pine_regen,81.0,1,0.2223948433204488,private_industrial,Suwannee,3,3e3d602567692ebb
448941022489998,family_light_thin,thin_from_below,2032,1,True,,42.0,1,0.4447896866408976,private_family,Union,3,50b0b1564a516501
448941022489998,family_uneven_aged_selection,selection_harvest,2037;2052;2067,3,True,,42.0,1,0.4447896866408976,private_family,Union,3,2e0a973b151bf57e
448941022489998,no_management,no_management,,0,False,,42.0,1,0.4447896866408976,private_family,Union,3,2aaa82b7bbf5e529
448941029489998,hardwood_clearcut_regen,clearcut,2027,1,True,hardwood_regen,52.0,1,0.2223948433204488,private_industrial,Baker,3,76f549ffc8e3b8eb
448941029489998,no_management,no_management,,0,False,,52.0,1,0.2223948433204488,private_industrial,Baker,3,eea28c0f2b643f07
451136155489998,family_light_thin,thin_from_below,2032,1,True,,56.0,1,263.0930996480909,private_family,Hamilton,3,7e88c689d66e99e7
451136155489998,family_uneven_aged_selection,selection_harvest,2037;2052;2067,3,True,,56.0,1,263.0930996480909,private_family,Hamilton,3,617de2b8c26b2c1f
451136155489998,hardwood_clearcut_regen,clearcut,2027,1,True,hardwood_regen,56.0,1,92.73864966462715,private_industrial,Hamilton,3,c17a56cb0cadfec1
451136155489998,no_management,no_management,,0,False,,56.0,4,356.9437235293203,local;private_family;private_industrial;state,Hamilton,3,8433da00b0cf65a6
451136155489998,public_selection_light,selection_harvest,2032;2042;2052;2062,4,True,,56.0,2,1.111974216602244,local;state,Hamilton,3,031b07d0af728be0
451136155489998,public_thin_restore,thin_from_below_repeated,2027;2042;2057,3,True,,56.0,2,1.111974216602244,local;state,Hamilton,3,e6efd81df7dcb8a9
451136176489998,family_light_thin,thin_from_below,2032,1,True,,24.0,1,6.671845299613464,private_family,Baker,3,82d50866cb570a8a
451136176489998,family_uneven_aged_selection,selection_harvest,2037;2052;2067,3,True,,24.0,1,6.671845299613464,private_family,Baker,3,9346ad9e33ddd3a6
451136176489998,no_management,no_management,,0,False,,24.0,3,11.342137009342888,federal;private_family,Baker;Columbia,3,856f7cc6c2f0be7f
451136176489998,pine_plantation_long_rotation,plantation_rotation,2027;2037,2,True,planted_pine_regen,24.0,1,6.671845299613464,private_family,Baker,3,becec1fc33cbb802
451136176489998,public_selection_light,selection_harvest,2032;2042;2052;2062,4,True,,24.0,2,4.670291709729424,federal,Baker;Columbia,3,7c2005321eeb814d
451136176489998,public_thin_restore,thin_from_below_repeated,2027;2042;2057,3,True,,24.0,2,4.670291709729424,federal,Baker;Columbia,3,e3d10e0f58c981df
451136281489998,family_light_thin,thin_from_below,2032,1,True,,20.0,1,2.001553589884039,private_family,Hamilton,3,340831c333a30f28
451136281489998,family_uneven_aged_selection,selection_harvest,2037;2052;2067,3,True,,20.0,1,2.001553589884039,private_family,Hamilton,3,e8dae2a679e83f1a
451136281489998,no_management,no_management,,0,False,,20.0,3,2.6687381198453854,private_family;private_industrial,Hamilton;Suwannee,3,255d5678426e3c8b
451136281489998,pine_plantation_long_rotation,plantation_rotation,2027;2037,2,True,planted_pine_regen,20.0,3,2.6687381198453854,private_family;private_industrial,Hamilton;Suwannee,3,c2f38eb39b9aa444
451136281489998,pine_plantation_short_rotation,clearcut,2027,1,True,planted_pine_regen,20.0,2,0.6671845299613464,private_industrial,Hamilton;Suwannee,3,266a6480e97007ac
451136380489998,family_light_thin,thin_from_below,2032,1,True,,47.0,1,5.5598710830112195,private_family,Hamilton,3,53be1922e7e30b5b
451136380489998,family_uneven_aged_selection,selection_harvest,2037;2052;2067,3,True,,47.0,1,5.5598710830112195,private_family,Hamilton,3,a1afdd1e832f83e7
451136380489998,hardwood_clearcut_regen,clearcut,2027,1,True,hardwood_regen,47.0,1,1.111974216602244,private_industrial,Hamilton,3,d8d162ce779e59ae
451136380489998,no_management,no_management,,0,False,,47.0,2,6.671845299613463,private_family;private_industrial,Hamilton,3,f6448f7b3ae6ee4f
451136472489998,family_light_thin,thin_from_below,2032,1,True,,26.0,4,220.83807941720565,private_family,Baker;Columbia;Hamilton;Suwannee,3,724fc8334e0b2f7f
451136472489998,family_uneven_aged_selection,selection_harvest,2037;2052;2067,3,True,,26.0,4,220.83807941720565,private_family,Baker;Columbia;Hamilton;Suwannee,3,cb40de7abed9551b
451136472489998,no_management,no_management,,0,False,,26.0,10,354.0525905661545,federal;local;private_family;private_industrial,Baker;Columbia;Hamilton;Suwannee,3,c62c01664c1503d5
451136472489998,pine_plantation_long_rotation,plantation_rotation,2027;2032,2,True,planted_pine_regen,26.0,7,305.3481198789762,private_family;private_industrial,Baker;Columbia;Hamilton;Suwannee,3,19276c00f9021f8d
451136472489998,pine_plantation_short_rotation,clearcut,2027,1,True,planted_pine_regen,26.0,3,84.51004046177054,private_industrial,Baker;Columbia;Hamilton,3,85ca870e1e050e71
451136472489998,public_selection_light,selection_harvest,2032;2042;2052;2062,4,True,,26.0,3,48.704470687178286,federal;local,Baker;Columbia,3,a6db54470638b81e
451136472489998,public_thin_restore,thin_from_below_repeated,2027;2042;2057,3,True,,26.0,3,48.704470687178286,federal;local,Baker;Columbia,3,dcc8f5d2077a062f
451136579489998,family_light_thin,thin_from_below,2032,1,True,,31.0,1,0.6671845299613464,private_family,Hamilton,3,0967c76f93a17189
451136579489998,family_uneven_aged_selection,selection_harvest,2037;2052;2067,3,True,,31.0,1,0.6671845299613464,private_family,Hamilton,3,d3c9b107561b4a57
451136579489998,no_management,no_management,,0,False,,31.0,1,0.6671845299613464,private_family,Hamilton,3,7a997cd2b29e7b52
451136581489998,family_light_thin,thin_from_below,2032,1,True,,12.0,3,4.225502023088527,private_family,Columbia;Hamilton;Suwannee,3,24a9aeb7e1d4bd3e
451136581489998,family_uneven_aged_selection,selection_harvest,2037;2052;2067,3,True,,12.0,3,4.225502023088527,private_family,Columbia;Hamilton;Suwannee,3,4e427e7681459d4a
451136581489998,hardwood_clearcut_regen,clearcut,2062,1,True,hardwood_regen,12.0,4,3.5583174931271806,private_industrial,Baker;Columbia;Hamilton;Suwannee,3,11c209ab54c1cb68
451136581489998,no_management,no_management,,0,False,,12.0,9,8.451004046177054,federal;local;private_family;private_industrial,Baker;Columbia;Hamilton;Suwannee,3,02bf8d5eef2f3e7a
451136581489998,public_selection_light,selection_harvest,2032;2042;2052;2062,4,True,,12.0,2,0.6671845299613464,federal;local,Columbia,3,9e5e94a4c89951d1
451136581489998,public_thin_restore,thin_from_below_repeated,2027;2042;2057,3,True,,12.0,2,0.6671845299613464,federal;local,Columbia,3,73d213caeea5c92d
451136592489998,family_light_thin,thin_from_below,2032,1,True,,26.0,4,366.72909663542003,private_family,Baker;Hamilton;Suwannee;Union,3,2754f0d1996f7f62
451136592489998,family_uneven_aged_selection,selection_harvest,2037;2052;2067,3,True,,26.0,4,366.72909663542003,private_family,Baker;Hamilton;Suwannee;Union,3,2549f8a07f207b9d
451136592489998,hardwood_clearcut_regen,clearcut,2047,1,True,hardwood_regen,26.0,2,217.5021567673989,private_industrial,Baker;Union,3,4015f00e9ba735a9
451136592489998,no_management,no_management,,0,False,,26.0,9,820.1921821658151,local;private_family;private_industrial;state,Baker;Hamilton;Suwannee;Union,3,835b31adb7e4b29e
451136592489998,public_selection_light,selection_harvest,2032;2042;2052;2062,4,True,,26.0,3,235.96092876299616,local;state,Baker;Union,3,8bb386f936e32b40
451136592489998,public_thin_restore,thin_from_below_repeated,2027;2042;2057,3,True,,26.0,3,235.96092876299616,local;state,Baker;Union,3,146bdde6167931d4
451136596489998,family_light_thin,thin_from_below,2032,1,True,,58.0,1,0.4447896866408976,private_family,Baker,3,2bddb0c4ea1c9751
451136596489998,family_uneven_aged_selection,selection_harvest,2037;2052;2067,3,True,,58.0,1,0.4447896866408976,private_family,Baker,3,5263b2c85df6ae6e
451136596489998,hardwood_clearcut_regen,clearcut,2027,1,True,hardwood_regen,58.0,1,6.894240142933913,private_industrial,Baker,3,1ee0b8df9ecf49d4
451136596489998,no_management,no_management,,0,False,,58.0,3,7.783819516215708,local;private_family;private_industrial,Baker,3,fb87f5bc0e966ab8
451136596489998,public_selection_light,selection_harvest,2032;2042;2052;2062,4,True,,58.0,1,0.4447896866408976,local,Baker,3,b61f9cd0fde4d26d
451136596489998,public_thin_restore,thin_from_below_repeated,2027;2042;2057,3,True,,58.0,1,0.4447896866408976,local,Baker,3,d0b9102fd3822643
451136597489998,family_light_thin,thin_from_below,2032,1,True,,3.0,1,0.2223948433204488,private_family,Baker,3,0decff348421fa01
451136597489998,family_uneven_aged_selection,selection_harvest,2037;2052;2067,3,True,,3.0,1,0.2223948433204488,private_family,Baker,3,b94996a846e0d3c3
451136597489998,no_management,no_management,,0,False,,3.0,2,3.335922649806732,private_family;private_industrial,Baker,3,4efd73b459512b1c
451136597489998,pine_plantation_long_rotation,plantation_rotation,2037;2057,2,True,planted_pine_regen,3.0,2,3.335922649806732,private_family;private_industrial,Baker,3,8e956de0bb088bd6
451136597489998,pine_plantation_short_rotation,plantation_rotation,2037;2047,2,True,planted_pine_regen,3.0,1,3.113527806486283,private_industrial,Baker,3,711c2b234f91da24
451136641489998,family_light_thin,thin_from_below,2032,1,True,,20.0,5,28.021750258376546,private_family,Baker;Columbia;Hamilton;Suwannee;Union,3,84aa3bcda03ed987
451136641489998,family_uneven_aged_selection,selection_harvest,2037;2052;2067,3,True,,20.0,5,28.021750258376546,private_family,Baker;Columbia;Hamilton;Suwannee;Union,3,3958dcadbeb60b3b
451136641489998,hardwood_clearcut_regen,clearcut,2052,1,True,hardwood_regen,20.0,5,15.122849345790518,private_industrial,Baker;Columbia;Hamilton;Suwannee;Union,3,4b93321a6f83dcc9
451136641489998,no_management,no_management,,0,False,,20.0,14,45.81333772401245,federal;local;private_family;private_industrial;state,Baker;Columbia;Hamilton;Suwannee;Union,3,5d15fbbff35f4a8e
451136641489998,public_selection_light,selection_harvest,2032;2042;2052;2062,4,True,,20.0,4,2.6687381198453854,federal;local;state,Baker;Columbia;Union,3,6cc5e8c2b403eb43
451136641489998,public_thin_restore,thin_from_below_repeated,2027;2042;2057,3,True,,20.0,4,2.6687381198453854,federal;local;state,Baker;Columbia;Union,3,53baf30017718ed5
451136772489998,family_light_thin,thin_from_below,2032,1,True,,16.0,3,1317.4670518303385,private_family,Columbia;Hamilton;Suwannee,3,eeac48682063bf7a
451136772489998,family_uneven_aged_selection,selection_harvest,2037;2052;2067,3,True,,16.0,3,1317.4670518303385,private_family,Columbia;Hamilton;Suwannee,3,bf289a5c5a07c80d
451136772489998,no_management,no_management,,0,False,,16.0,12,2180.1366490703595,federal;local;private_family;private_industrial;state,Columbia;Hamilton;Suwannee,3,0a35da88ac078e9b
451136772489998,pine_plantation_long_rotation,plantation_rotation,2027;2042,2,True,planted_pine_regen,16.0,7,2087.842789092373,private_family;private_industrial;state,Columbia;Hamilton;Suwannee,3,4ef508dafa9188ed
451136772489998,pine_plantation_short_rotation,plantation_rotation,2027;2032,2,True,planted_pine_regen,16.0,3,769.7085527320733,private_industrial,Columbia;Hamilton;Suwannee,3,ebc1657f725bb0ab
451136772489998,public_selection_light,selection_harvest,2032;2042;2052;2062,4,True,,16.0,6,92.96104450794759,federal;local;state,Columbia;Hamilton;Suwannee,3,345726f87ff19b9f
451136772489998,public_thin_restore,thin_from_below_repeated,2027;2042;2057,3,True,,16.0,6,92.96104450794759,federal;local;state,Columbia;Hamilton;Suwannee,3,7520190b050c00e8
451136773489998,family_light_thin,thin_from_below,2032,1,True,,68.0,3,7244.5120211636195,private_family,Columbia;Hamilton;Suwannee,3,a4f1e465c0d3fe58
451136773489998,family_uneven_aged_selection,selection_harvest,2037;2052;2067,3,True,,68.0,3,7244.5120211636195,private_family,Columbia;Hamilton;Suwannee,3,66214922d7599200
451136773489998,hardwood_clearcut_regen,clearcut,2027,1,True,hardwood_regen,68.0,2,2974.7534242543234,private_industrial,Columbia;Hamilton,3,e86f2a911ac04014
451136773489998,no_management,no_management,,0,False,,68.0,10,12199.69152518654,federal;local;private_family;private_industrial;state,Columbia;Hamilton;Suwannee,3,19c09f051670115b
451136773489998,public_selection_light,selection_harvest,2032;2042;2052;2062,4,True,,68.0,5,1980.4260797685963,federal;local;state,Columbia;Hamilton,3,810d0e02bedb94b0
451136773489998,public_thin_restore,thin_from_below_repeated,2027;2042;2057,3,True,,68.0,5,1980.4260797685963,federal;local;state,Columbia;Hamilton,3,67c797a2ecada820
451136790489998,family_light_thin,thin_from_below,2032,1,True,,50.0,1,390.3029500273876,private_family,Hamilton,3,6579fb9f13395763
451136790489998,family_uneven_aged_selection,selection_harvest,2037;2052;2067,3,True,,50.0,1,390.3029500273876,private_family,Hamilton,3,865928532ad34aba
451136790489998,hardwood_clearcut_regen,clearcut,2027,1,True,hardwood_regen,50.0,1,179.69503340292263,private_industrial,Hamilton,3,69caad92f205d7df
451136790489998,no_management,no_management,,0,False,,50.0,2,569.9979834303102,private_family;private_industrial,Hamilton,3,dfeaef96726907e5
451136792489998,family_light_thin,thin_from_below,2032,1,True,,96.0,3,1770.9301373607339,private_family,Columbia;Hamilton;Suwannee,3,fcf708f7f7f0cd44
451136792489998,family_uneven_aged_selection,selection_harvest,2037;2052;2067,3,True,,96.0,3,1770.9301373607339,private_family,Columbia;Hamilton;Suwannee,3,f3ac92092d2c0544
451136792489998,hardwood_clearcut_regen,clearcut,2027,1,True,hardwood_regen,96.0,3,636.4940415831244,private_industrial,Columbia;Hamilton;Suwannee,3,88e6a7fac53867f2
451136792489998,no_management,no_management,,0,False,,96.0,13,2481.9264514562087,federal;local;private_family;private_industrial;state,Columbia;Hamilton;Suwannee,3,60407acb43a66f1b
451136792489998,public_selection_light,selection_harvest,2032;2042;2052;2062,4,True,,96.0,7,74.50227251235034,federal;local;state,Columbia;Hamilton;Suwannee,3,cb6cff85f1c9e484
451136792489998,public_thin_restore,thin_from_below_repeated,2027;2042;2057,3,True,,96.0,7,74.50227251235034,federal;local;state,Columbia;Hamilton;Suwannee,3,34a6a7fa30cf0b8a
451136797489998,family_light_thin,thin_from_below,2032,1,True,,27.0,1,0.4447896866408976,private_family,Hamilton,3,7b9487438853616a
451136797489998,family_uneven_aged_selection,selection_harvest,2037;2052;2067,3,True,,27.0,1,0.4447896866408976,private_family,Hamilton,3,bccf9df8d0f8a331
451136797489998,no_management,no_management,,0,False,,27.0,2,15.122849345790517,private_family;private_industrial,Hamilton,3,1df472db98838d7b
451136797489998,pine_plantation_long_rotation,plantation_rotation,2027;2032,2,True,planted_pine_regen,27.0,2,15.122849345790517,private_family;private_industrial,Hamilton,3,3b9a3684fd844f5c
451136797489998,pine_plantation_short_rotation,clearcut,2027,1,True,planted_pine_regen,27.0,1,14.67805965914962,private_industrial,Hamilton,3,2732f614dbd0c7d4
451136801489998,family_light_thin,thin_from_below,2032,1,True,,24.0,3,735.6821417040446,private_family,Columbia;Hamilton;Suwannee,3,32f5d61e7ea60e63
451136801489998,family_uneven_aged_selection,selection_harvest,2037;2052;2067,3,True,,24.0,3,735.6821417040446,private_family,Columbia;Hamilton;Suwannee,3,068d03f3d42762aa
451136801489998,no_management,no_management,,0,False,,24.0,11,1442.4529537764308,federal;local;private_family;private_industrial,Columbia;Hamilton;Suwannee,3,451edc388af364d9
451136801489998,pine_plantation_long_rotation,plantation_rotation,2027;2037,2,True,planted_pine_regen,24.0,6,1391.3021398127275,private_family;private_industrial,Columbia;Hamilton;Suwannee,3,1d203af4cddc7333
451136801489998,pine_plantation_short_rotation,clearcut,2027,1,True,planted_pine_regen,24.0,3,655.619998108683,private_industrial,Columbia;Hamilton;Suwannee,3,801ace2503ba7c79
451136801489998,public_selection_light,selection_harvest,2032;2042;2052;2062,4,True,,24.0,5,51.15081396370322,federal;local,Columbia;Hamilton;Suwannee,3,6b552d9a9d0a8599
451136801489998,public_thin_restore,thin_from_below_repeated,2027;2042;2057,3,True,,24.0,5,51.15081396370322,federal;local,Columbia;Hamilton;Suwannee,3,b59b6afdb4d36ae5
451136803489998,family_light_thin,thin_from_below,2032,1,True,,46.0,3,267.09620682785896,private_family,Columbia;Hamilton;Suwannee,3,de424ab13b5fe1ba
451136803489998,family_uneven_aged_selection,selection_harvest,2037;2052;2067,3,True,,46.0,3,267.09620682785896,private_family,Columbia;Hamilton;Suwannee,3,2fde349b2fd516fe
451136803489998,hardwood_clearcut_regen,clearcut,2027,1,True,hardwood_regen,46.0,3,114.53334431003113,private_industrial,Columbia;Hamilton;Suwannee,3,4f8e9038ba6ada4d
451136803489998,no_management,no_management,,0,False,,46.0,10,386.7446325342604,federal;local;private_family;private_industrial,Columbia;Hamilton;Suwannee,3,04c06a82a15a19f8
451136803489998,public_selection_light,selection_harvest,2032;2042;2052;2062,4,True,,46.0,4,5.115081396370322,federal;local,Columbia;Hamilton;Suwannee,3,858e6d47c83fdd87
451136803489998,public_thin_restore,thin_from_below_repeated,2027;2042;2057,3,True,,46.0,4,5.115081396370322,federal;local,Columbia;Hamilton;Suwannee,3,9d8e712b843fabee
451136805489998,family_light_thin,thin_from_below,2032,1,True,,10.0,5,299.5658539526445,private_family,Baker;Columbia;Hamilton;Suwannee;Union,3,2e40e5eea51b3008
451136805489998,family_uneven_aged_selection,selection_harvest,2037;2052;2067,3,True,,10.0,5,299.5658539526445,private_family,Baker;Columbia;Hamilton;Suwannee;Union,3,8390d268b5a93cd0
451136805489998,hardwood_clearcut_regen,clearcut,2062,1,True,hardwood_regen,10.0,4,89.84751670146132,private_industrial,Baker;Columbia;Hamilton;Suwannee,3,3db5b4cde92d6a8b
451136805489998,no_management,no_management,,0,False,,10.0,14,396.5300056403602,local;private_family;private_industrial;state,Baker;Columbia;Hamilton;Suwannee;Union,3,163f8a7411c3b8c0
451136805489998,public_selection_light,selection_harvest,2032;2042;2052;2062,4,True,,10.0,5,7.116634986254361,local;state,Baker;Columbia;Hamilton;Suwannee,3,affb5315c2a374d7
451136805489998,public_thin_restore,thin_from_below_repeated,2027;2042;2057,3,True,,10.0,5,7.116634986254361,local;state,Baker;Columbia;Hamilton;Suwannee,3,e19b3f2ad63fc03d
451136876489998,family_light_thin,thin_from_below,2032,1,True,,55.0,4,1794.2815959093807,private_family,Baker;Columbia;Hamilton;Suwannee,3,ccce4832d35986ad
451136876489998,family_uneven_aged_selection,selection_harvest,2037;2052;2067,3,True,,55.0,4,1794.2815959093807,private_family,Baker;Columbia;Hamilton;Suwannee,3,fc7c967c0d1eca7a
451136876489998,hardwood_clearcut_regen,clearcut,2027,1,True,hardwood_regen,55.0,3,1093.5154446066467,private_industrial,Columbia;Hamilton;Suwannee,3,6c7abb558c408f0b
451136876489998,no_management,no_management,,0,False,,55.0,11,3694.200742395975,federal;local;private_family;private_industrial,Baker;Columbia;Hamilton;Suwannee,3,62ad3205ceb8bd7b
451136876489998,public_selection_light,selection_harvest,2032;2042;2052;2062,4,True,,55.0,4,806.4037018799473,federal;local,Columbia;Hamilton,3,40fe9facefefe4be
451136876489998,public_thin_restore,thin_from_below_repeated,2027;2042;2057,3,True,,55.0,4,806.4037018799473,federal;local,Columbia;Hamilton,3,f20715efadec2d3c
451136888489998,family_light_thin,thin_from_below,2032,1,True,,52.0,5,5556.979950048054,private_family,Baker;Columbia;Hamilton;Suwannee;Union,3,bcbef6c0849cab2e
451136888489998,family_uneven_aged_selection,selection_harvest,2037;2052;2067,3,True,,52.0,5,5556.979950048054,private_family,Baker;Columbia;Hamilton;Suwannee;Union,3,b81a8ea41d1a333d
451136888489998,hardwood_clearcut_regen,clearcut,2027,1,True,hardwood_regen,52.0,3,163.01542015388895,private_industrial,Baker;Columbia;Hamilton,3,89515c8b61a426c7
451136888489998,no_management,no_management,,0,False,,52.0,12,7984.864454577393,federal;local;private_family;private_industrial;state,Baker;Columbia;Hamilton;Suwannee;Union,3,3b703a9681378667
451136888489998,public_selection_light,selection_harvest,2032;2042;2052;2062,4,True,,52.0,4,2264.8690843754507,federal;local;state,Baker;Columbia,3,f69111ba097dd781
451136888489998,public_thin_restore,thin_from_below_repeated,2027;2042;2057,3,True,,52.0,4,2264.8690843754507,federal;local;state,Baker;Columbia,3,8c8f07cf731fc6c3
451136915489998,family_light_thin,thin_from_below,2032,1,True,,26.0,4,58.93463347991893,private_family,Baker;Columbia;Hamilton;Union,3,5f048907f5add3b3
451136915489998,family_uneven_aged_selection,selection_harvest,2037;2052;2067,3,True,,26.0,4,58.93463347991893,private_family,Baker;Columbia;Hamilton;Union,3,2411bb617c40ba83
451136915489998,hardwood_clearcut_regen,clearcut,2047,1,True,hardwood_regen,26.0,3,60.269002539841615,private_industrial,Baker;Columbia;Hamilton,3,9ab611a4666993d6
451136915489998,no_management,no_management,,0,False,,26.0,11,750.1378065198738,federal;local;private_family;private_industrial;state,Baker;Columbia;Hamilton;Union,3,261d552493f40407
451136915489998,public_selection_light,selection_harvest,2032;2042;2052;2062,4,True,,26.0,4,630.9341705001133,federal;local;state,Baker;Columbia,3,943e7fc5a607cb8e
451136915489998,public_thin_restore,thin_from_below_repeated,2027;2042;2057,3,True,,26.0,4,630.9341705001133,federal;local;state,Baker;Columbia,3,ec29b35d32968b0a
451136925489998,family_light_thin,thin_from_below,2032,1,True,,88.0,1,33.80401618470822,private_family,Hamilton,3,a4cec11b30bee9f9
451136925489998,family_uneven_aged_selection,selection_harvest,2037;2052;2067,3,True,,88.0,1,33.80401618470822,private_family,Hamilton,3,497972bc43d56ae9
451136925489998,hardwood_clearcut_regen,clearcut,2027,1,True,hardwood_regen,88.0,1,1.5567639032431415,private_industrial,Hamilton,3,8cc15d8c912a8891
451136925489998,no_management,no_management,,0,False,,88.0,2,35.36078008795136,private_family;private_industrial,Hamilton,3,5f6388b34c0c232c
451136946489998,family_light_thin,thin_from_below,2032,1,True,,27.0,1,24.908222451890264,private_family,Baker,3,3ac8942cec60d1aa
451136946489998,family_uneven_aged_selection,selection_harvest,2037;2052;2067,3,True,,27.0,1,24.908222451890264,private_family,Baker,3,9406786d617f2da1
451136946489998,no_management,no_management,,0,False,,27.0,1,24.908222451890264,private_family,Baker,3,80928c67d5212813
451136946489998,pine_plantation_long_rotation,plantation_rotation,2027;2032,2,True,planted_pine_regen,27.0,1,24.908222451890264,private_family,Baker,3,40ea5a486677883a
451136963489998,family_light_thin,thin_from_below,2032,1,True,,21.0,5,87.40117342493637,private_family,Baker;Columbia;Hamilton;Suwannee;Union,3,0fcbf901396300dd
451136963489998,family_uneven_aged_selection,selection_harvest,2037;2052;2067,3,True,,21.0,5,87.40117342493637,private_family,Baker;Columbia;Hamilton;Suwannee;Union,3,38023c7b1a58cce5
451136963489998,hardwood_clearcut_regen,clearcut,2052,1,True,hardwood_regen,21.0,5,101.1896537108042,private_industrial,Baker;Columbia;Hamilton;Suwannee;Union,3,21ff6cf053371fa2
451136963489998,no_management,no_management,,0,False,,21.0,16,195.48506727867448,federal;local;private_family;private_industrial;state,Baker;Columbia;Hamilton;Suwannee;Union,3,a9260876da99b8c4
451136963489998,public_selection_light,selection_harvest,2032;2042;2052;2062,4,True,,21.0,6,6.894240142933912,federal;local;state,Baker;Columbia;Hamilton;Suwannee,3,2e791356b528e0c7
451136963489998,public_thin_restore,thin_from_below_repeated,2027;2042;2057,3,True,,21.0,6,6.894240142933912,federal;local;state,Baker;Columbia;Hamilton;Suwannee,3,1bfd0da85dd48f59
451136968489998,family_light_thin,thin_from_below,2032,1,True,,95.0,4,179.91742824624308,private_family,Baker;Columbia;Hamilton;Suwannee,3,7b8040c8733ad6e8
451136968489998,family_uneven_aged_selection,selection_harvest,2037;2052;2067,3,True,,95.0,4,179.91742824624308,private_family,Baker;Columbia;Hamilton;Suwannee,3,0fd8f03cfdc6e792
451136968489998,hardwood_clearcut_regen,clearcut,2027,1,True,hardwood_regen,95.0,3,194.5954879053927,private_industrial,Columbia;Hamilton;Suwannee,3,13efa2662c52a9d2
451136968489998,no_management,no_management,,0,False,,95.0,10,389.1909758107854,federal;local;private_family;private_industrial,Baker;Columbia;Hamilton;Suwannee,3,cf605c183e3d7295
451136968489998,public_selection_light,selection_harvest,2032;2042;2052;2062,4,True,,95.0,3,14.678059659149621,federal;local,Columbia;Hamilton,3,e38da912a1e05bdb
451136968489998,public_thin_restore,thin_from_below_repeated,2027;2042;2057,3,True,,95.0,3,14.678059659149621,federal;local,Columbia;Hamilton,3,68fa962bfcc05409
451136976489998,family_light_thin,thin_from_below,2032,1,True,,12.0,1,12.009321539304235,private_family,Hamilton,3,0d49274c9be30761
451136976489998,family_uneven_aged_selection,selection_harvest,2037;2052;2067,3,True,,12.0,1,12.009321539304235,private_family,Hamilton,3,5ebce7744d7f74b1
451136976489998,no_management,no_management,,0,False,,12.0,2,13.121295755906479,private_family;private_industrial,Hamilton,3,0ec907dac5065257
451136976489998,pine_plantation_long_rotation,plantation_rotation,2032;2047,2,True,planted_pine_regen,12.0,2,13.121295755906479,private_family;private_industrial,Hamilton,3,b05af8c5d68cf284
451136976489998,pine_plantation_short_rotation,plantation_rotation,2027;2037,2,True,planted_pine_regen,12.0,1,1.111974216602244,private_industrial,Hamilton,3,2f932c132b4e772c
451136981489998,family_light_thin,thin_from_below,2032,1,True,,44.0,5,2815.296321593561,private_family,Baker;Columbia;Hamilton;Suwannee;Union,3,eb41994bf3c85f5d
451136981489998,family_uneven_aged_selection,selection_harvest,2037;2052;2067,3,True,,44.0,5,2815.296321593561,private_family,Baker;Columbia;Hamilton;Suwannee;Union,3,9ff6007eb5218854
451136981489998,hardwood_clearcut_regen,clearcut,2032,1,True,hardwood_regen,44.0,3,61.380976756443864,private_industrial,Baker;Columbia;Hamilton,3,a228ffb5a3a5ec28
451136981489998,no_management,no_management,,0,False,,44.0,14,4482.368067123645,federal;local;private_family;private_industrial;state,Baker;Columbia;Hamilton;Suwannee;Union,3,9f55b7846e92d098
451136981489998,public_selection_light,selection_harvest,2032;2042;2052;2062,4,True,,44.0,6,1605.6907687736402,federal;local;state,Baker;Columbia;Hamilton,3,c89f20b9b8b0edf4
451136981489998,public_thin_restore,thin_from_below_repeated,2027;2042;2057,3,True,,44.0,6,1605.6907687736402,federal;local;state,Baker;Columbia;Hamilton,3,189780c3bfe361b9
451136996489998,family_light_thin,thin_from_below,2032,1,True,,21.0,1,8.895793732817951,private_family,Hamilton,3,34176378ecd4f2a1
451136996489998,family_uneven_aged_selection,selection_harvest,2037;2052;2067,3,True,,21.0,1,8.895793732817951,private_family,Hamilton,3,0bec5958032b54a2
451136996489998,no_management,no_management,,0,False,,21.0,2,23.79624823528802,private_family;private_industrial,Hamilton,3,37add011ca78d17f
451136996489998,pine_plantation_long_rotation,plantation_rotation,2027;2037,2,True,planted_pine_regen,21.0,2,23.79624823528802,private_family;private_industrial,Hamilton,3,9aece0bfec877d99
451136996489998,pine_plantation_short_rotation,clearcut,2027,1,True,planted_pine_regen,21.0,1,14.900454502470069,private_industrial,Hamilton,3,23a6c40c33037114
451136998489998,family_light_thin,thin_from_below,2032,1,True,,25.0,1,0.4447896866408976,private_family,Hamilton,3,d5533d43ffc22886
451136998489998,family_uneven_aged_selection,selection_harvest,2037;2052;2067,3,True,,25.0,1,0.4447896866408976,private_family,Hamilton,3,eb22b8f9a0da36a2
451136998489998,hardwood_clearcut_regen,clearcut,2047,1,True,hardwood_regen,25.0,1,0.2223948433204488,private_industrial,Hamilton,3,cc799b6eceea3801
451136998489998,no_management,no_management,,0,False,,25.0,2,0.6671845299613464,private_family;private_industrial,Hamilton,3,a4f5314064c1eb0f
451136999489998,family_light_thin,thin_from_below,2032,1,True,,121.0,2,1127.5418556346754,private_family,Hamilton;Suwannee,3,d36302242c431b14
451136999489998,family_uneven_aged_selection,selection_harvest,2037;2052;2067,3,True,,121.0,2,1127.5418556346754,private_family,Hamilton;Suwannee,3,81c975e9c121b799
451136999489998,no_management,no_management,,0,False,,121.0,5,1277.2135851893374,local;private_family;private_industrial;state,Hamilton;Suwannee,3,d5f86dd931a21ac1
451136999489998,pine_plantation_long_rotation,clearcut,2027,1,True,planted_pine_regen,121.0,4,1260.089182253663,private_family;private_industrial;state,Hamilton;Suwannee,3,dc6fc45a6a90c5f0
451136999489998,pine_plantation_short_rotation,clearcut,2027,1,True,planted_pine_regen,121.0,1,132.32493177566704,private_industrial,Hamilton,3,dc6fc45a6a90c5f0
451136999489998,public_selection_light,selection_harvest,2032;2042;2052;2062,4,True,,121.0,2,17.346797778995004,local;state,Hamilton,3,05d8e88153eb9f81
451136999489998,public_thin_restore,thin_from_below_repeated,2027;2042;2057,3,True,,121.0,2,17.346797778995004,local;state,Hamilton,3,ee2fcc7d8e682ece
451137000489998,family_light_thin,thin_from_below,2032,1,True,,25.0,1,0.6671845299613464,private_family,Baker,3,5ad4363fcbdc6f60
451137000489998,family_uneven_aged_selection,selection_harvest,2037;2052;2067,3,True,,25.0,1,0.6671845299613464,private_family,Baker,3,5a3e90ceb1bf1c02
451137000489998,no_management,no_management,,0,False,,25.0,1,0.6671845299613464,private_family,Baker,3,31c16a9c849b310e
451137000489998,pine_plantation_long_rotation,plantation_rotation,2027;2032,2,True,planted_pine_regen,25.0,1,0.6671845299613464,private_family,Baker,3,1b777204f9044d4b
451407447489998,family_light_thin,thin_from_below,2032,1,True,,61.0,1,0.2223948433204488,private_family,Columbia,3,c1eaf24671e22826
451407447489998,family_uneven_aged_selection,selection_harvest,2037;2052;2067,3,True,,61.0,1,0.2223948433204488,private_family,Columbia,3,b6e69bc7e5794aac
451407447489998,hardwood_clearcut_regen,clearcut,2027,1,True,hardwood_regen,61.0,1,0.2223948433204488,private_industrial,Hamilton,3,f19ed2523c388536
451407447489998,no_management,no_management,,0,False,,61.0,2,0.4447896866408976,private_family;private_industrial,Columbia;Hamilton,3,e4be1f8d537b6707
451407785489998,family_light_thin,thin_from_below,2032,1,True,,36.0,1,0.2223948433204488,private_family,Hamilton,3,3b8086693f7be8a9
451407785489998,family_uneven_aged_selection,selection_harvest,2037;2052;2067,3,True,,36.0,1,0.2223948433204488,private_family,Hamilton,3,75701cfcc701f95c
451407785489998,no_management,no_management,,0,False,,36.0,1,0.2223948433204488,private_family,Hamilton,3,8093b6d82b72bfc6
451408039489998,family_light_thin,thin_from_below,2032,1,True,,17.0,1,0.2223948433204488,private_family,Hamilton,3,9390f2ad6b83deff
451408039489998,family_uneven_aged_selection,selection_harvest,2037;2052;2067,3,True,,17.0,1,0.2223948433204488,private_family,Hamilton,3,6cdf2bc91d5d63e4
451408039489998,no_management,no_management,,0,False,,17.0,1,0.2223948433204488,private_family,Hamilton,3,acadb08285df7c31
451408064489998,family_light_thin,thin_from_below,2032,1,True,,22.0,5,2.446343276524937,private_family,Baker;Columbia;Hamilton;Suwannee;Union,3,48c6e14236f0001b
451408064489998,family_uneven_aged_selection,selection_harvest,2037;2052;2067,3,True,,22.0,5,2.446343276524937,private_family,Baker;Columbia;Hamilton;Suwannee;Union,3,b1a5d3716a4c44cf
451408064489998,hardwood_clearcut_regen,clearcut,2052,1,True,hardwood_regen,22.0,1,0.2223948433204488,private_industrial,Suwannee,3,0c4da1a47b895cac
451408064489998,no_management,no_management,,0,False,,22.0,6,2.6687381198453854,private_family;private_industrial,Baker;Columbia;Hamilton;Suwannee;Union,3,0259fa79a5c960e0
451408239489998,family_light_thin,thin_from_below,2032,1,True,,34.0,3,4.003107179768079,private_family,Baker;Columbia;Suwannee,3,c8fe370e5fcb2551
451408239489998,family_uneven_aged_selection,selection_harvest,2037;2052;2067,3,True,,34.0,3,4.003107179768079,private_family,Baker;Columbia;Suwannee,3,1e3ec2733f4fc941
451408239489998,hardwood_clearcut_regen,clearcut,2042,1,True,hardwood_regen,34.0,2,0.8895793732817951,private_industrial,Baker;Columbia,3,ac459aaf45584405
451408239489998,no_management,no_management,,0,False,,34.0,8,37.13993883451495,federal;local;private_family;private_industrial,Baker;Columbia;Suwannee,3,aaa5c22b64b49c6b
451408239489998,public_selection_light,selection_harvest,2032;2042;2052;2062,4,True,,34.0,3,32.24725228146507,federal;local,Baker;Columbia,3,24169bee927641e3
451408239489998,public_thin_restore,thin_from_below_repeated,2027;2042;2057,3,True,,34.0,3,32.24725228146507,federal;local,Baker;Columbia,3,aedf6b3f431cd3c0
461362822489998,family_light_thin,thin_from_below,2032,1,True,,36.0,4,6.227055612972565,private_family,Baker;Columbia;Hamilton;Suwannee,3,86f59312f39bb217
461362822489998,family_uneven_aged_selection,selection_harvest,2037;2052;2067,3,True,,36.0,4,6.227055612972565,private_family,Baker;Columbia;Hamilton;Suwannee,3,f07321a1d7407ae9
461362822489998,no_management,no_management,,0,False,,36.0,7,8.006214359536155,private_family;private_industrial,Baker;Columbia;Hamilton;Suwannee,3,7347c5ed75aa8c7a
461362822489998,pine_plantation_long_rotation,clearcut,2027,1,True,planted_pine_regen,36.0,7,8.006214359536155,private_family;private_industrial,Baker;Columbia;Hamilton;Suwannee,3,9a989ddfe2999ed5
461362822489998,pine_plantation_short_rotation,clearcut,2027,1,True,planted_pine_regen,36.0,3,1.7791587465635903,private_industrial,Baker;Columbia;Suwannee,3,9a989ddfe2999ed5
46158741020004,family_light_thin,thin_from_below,2032,1,True,,9.0,2,13.343690599226928,private_family,Baker;Columbia,3,8ca997e5c4067eaa
46158741020004,family_uneven_aged_selection,selection_harvest,2037;2052;2067,3,True,,9.0,2,13.343690599226928,private_family,Baker;Columbia,3,db96419d392d146d
46158741020004,no_management,no_management,,0,False,,9.0,2,13.343690599226928,private_family,Baker;Columbia,3,8776751d6f43cf7d
473803917489998,hardwood_clearcut_regen,clearcut,2027,1,True,hardwood_regen,65.0,1,0.2223948433204488,private_industrial,Columbia,3,9208fc489248c0f3
473803917489998,no_management,no_management,,0,False,,65.0,1,0.2223948433204488,private_industrial,Columbia,3,73e9b16c0cbb10e5
484311003489998,family_light_thin,thin_from_below,2032,1,True,,30.0,5,336.9281876304799,private_family,Baker;Columbia;Hamilton;Suwannee;Union,3,83dfda8f4ca7ee39
484311003489998,family_uneven_aged_selection,selection_harvest,2037;2052;2067,3,True,,30.0,5,336.9281876304799,private_family,Baker;Columbia;Hamilton;Suwannee;Union,3,f3d7eedc6993162f
484311003489998,hardwood_clearcut_regen,clearcut,2042,1,True,hardwood_regen,30.0,4,90.7370960747431,private_industrial,Baker;Columbia;Hamilton;Suwannee,3,e49775a8d474f922
484311003489998,no_management,no_management,,0,False,,30.0,18,534.6372033423589,federal;local;private_family;private_industrial;state,Baker;Columbia;Hamilton;Suwannee;Union,3,42612fdac5ec6f46
484311003489998,public_selection_light,selection_harvest,2032;2042;2052;2062,4,True,,30.0,9,106.97191963713587,federal;local;state,Baker;Columbia;Hamilton;Suwannee;Union,3,c122f2f6a762c135
484311003489998,public_thin_restore,thin_from_below_repeated,2027;2042;2057,3,True,,30.0,9,106.97191963713587,federal;local;state,Baker;Columbia;Hamilton;Suwannee;Union,3,3b987b2efd0910ac
495147823126144,family_light_thin,thin_from_below,2032,1,True,,36.0,4,1015.89964428781,private_family,Baker;Columbia;Hamilton;Suwannee,3,36f7ca52a49b8248
495147823126144,family_uneven_aged_selection,selection_harvest,2037;2052;2067,3,True,,36.0,4,1015.89964428781,private_family,Baker;Columbia;Hamilton;Suwannee,3,ab6240d39b49d27a
495147823126144,no_management,no_management,,0,False,,36.0,14,1707.1028173277648,federal;local;private_family;private_industrial,Baker;Columbia;Hamilton;Suwannee,3,c22e62dab2356c6a
495147823126144,pine_plantation_long_rotation,clearcut,2027,1,True,planted_pine_regen,36.0,8,1614.5865625064582,private_family;private_industrial,Baker;Columbia;Hamilton;Suwannee,3,75e5d21c32fb24fb
495147823126144,pine_plantation_short_rotation,clearcut,2027,1,True,planted_pine_regen,36.0,4,598.6869182186482,private_industrial,Baker;Columbia;Hamilton;Suwannee,3,75e5d21c32fb24fb
495147823126144,public_selection_light,selection_harvest,2032;2042;2052;2062,4,True,,36.0,6,92.51625482130669,federal;local,Columbia;Hamilton;Suwannee,3,b6cac3c041b0f96e
495147823126144,public_thin_restore,thin_from_below_repeated,2027;2042;2057,3,True,,36.0,6,92.51625482130669,federal;local,Columbia;Hamilton;Suwannee,3,07631ed31c6e9253
495147975126144,family_light_thin,thin_from_below,2032,1,True,,12.0,4,53.59715724022816,private_family,Baker;Columbia;Hamilton;Suwannee,3,a696d089acc79bc2
495147975126144,family_uneven_aged_selection,selection_harvest,2037;2052;2067,3,True,,12.0,4,53.59715724022816,private_family,Baker;Columbia;Hamilton;Suwannee,3,1ef0df4d66fc16cc
495147975126144,hardwood_clearcut_regen,clearcut,2062,1,True,hardwood_regen,12.0,2,0.6671845299613464,private_industrial,Hamilton;Suwannee,3,8b0d71e982f19055
495147975126144,no_management,no_management,,0,False,,12.0,7,58.04505410663714,private_family;private_industrial;state,Baker;Columbia;Hamilton;Suwannee,3,7243827dbfa9f148
495147975126144,public_selection_light,selection_harvest,2032;2042;2052;2062,4,True,,12.0,1,3.780712336447629,state,Hamilton,3,aec5ec3e7b9409aa
495147975126144,public_thin_restore,thin_from_below_repeated,2027;2042;2057,3,True,,12.0,1,3.780712336447629,state,Hamilton,3,babc409b46d78460
495148091126144,family_light_thin,thin_from_below,2032,1,True,,6.0,2,0.6671845299613464,private_family,Columbia;Hamilton,3,92b75667375c1a7f
495148091126144,family_uneven_aged_selection,selection_harvest,2037;2052;2067,3,True,,6.0,2,0.6671845299613464,private_family,Columbia;Hamilton,3,dcb3f1b39d55daf3
495148091126144,no_management,no_management,,0,False,,6.0,4,1.3343690599226927,private_family;private_industrial,Baker;Columbia;Hamilton,3,cfcc98bdee555f5d
495148091126144,pine_plantation_long_rotation,plantation_rotation,2037;2052,2,True,planted_pine_regen,6.0,4,1.3343690599226927,private_family;private_industrial,Baker;Columbia;Hamilton,3,070406d9cee98956
495148091126144,pine_plantation_short_rotation,plantation_rotation,2032;2042,2,True,planted_pine_regen,6.0,2,0.6671845299613464,private_industrial,Baker;Hamilton,3,f8928062a00f0ee3
495148223126144,family_light_thin,thin_from_below,2032,1,True,,75.0,1,0.2223948433204488,private_family,Hamilton,3,b1c70d9522be1fc4
495148223126144,family_uneven_aged_selection,selection_harvest,2037;2052;2067,3,True,,75.0,1,0.2223948433204488,private_family,Hamilton,3,85e4a126d616dcd9
495148223126144,no_management,no_management,,0,False,,75.0,2,0.8895793732817951,federal;private_family,Columbia;Hamilton,3,5a50b97847900a73
495148223126144,public_selection_light,selection_harvest,2032;2042;2052;2062,4,True,,75.0,1,0.6671845299613464,federal,Columbia,3,0df032dd75ae52cf
495148223126144,public_thin_restore,thin_from_below_repeated,2027;2042;2057,3,True,,75.0,1,0.6671845299613464,federal,Columbia,3,e2b30ec74343f648
495148390126144,family_light_thin,thin_from_below,2032,1,True,,30.0,1,0.6671845299613464,private_family,Suwannee,3,45cd1f1b1cac37be
495148390126144,family_uneven_aged_selection,selection_harvest,2037;2052;2067,3,True,,30.0,1,0.6671845299613464,private_family,Suwannee,3,437a2c3c6714dbc8
495148390126144,no_management,no_management,,0,False,,30.0,1,0.6671845299613464,private_family,Suwannee,3,49c03f378cd3cfe3
533664232126144,family_light_thin,thin_from_below,2032,1,True,,4.0,2,0.4447896866408976,private_family,Hamilton;Suwannee,3,5188c91597147994
533664232126144,family_uneven_aged_selection,selection_harvest,2037;2052;2067,3,True,,4.0,2,0.4447896866408976,private_family,Hamilton;Suwannee,3,ae15e9f702242f80
533664232126144,no_management,no_management,,0,False,,4.0,2,0.4447896866408976,private_family,Hamilton;Suwannee,3,ffce896f443efd83
533664258126144,family_light_thin,thin_from_below,2032,1,True,,6.0,1,0.2223948433204488,private_family,Baker,3,1d926173ede56b94
533664258126144,family_uneven_aged_selection,selection_harvest,2037;2052;2067,3,True,,6.0,1,0.2223948433204488,private_family,Baker,3,4e34511c47705aff
533664258126144,hardwood_clearcut_regen,clearcut,2067,1,True,hardwood_regen,6.0,1,0.4447896866408976,private_industrial,Hamilton,3,74c53353d22c3f3b
533664258126144,no_management,no_management,,0,False,,6.0,4,1.5567639032431415,federal;private_family;private_industrial,Baker;Columbia;Hamilton,3,7ee9ed173e48d208
533664258126144,public_selection_light,selection_harvest,2032;2042;2052;2062,4,True,,6.0,2,0.8895793732817951,federal,Baker;Columbia,3,214fc99c7166b9aa
533664258126144,public_thin_restore,thin_from_below_repeated,2027;2042;2057,3,True,,6.0,2,0.8895793732817951,federal,Baker;Columbia,3,c67807e602d1883e
533664592126144,family_light_thin,thin_from_below,2032,1,True,,56.0,5,580.0057513797304,private_family,Baker;Columbia;Hamilton;Suwannee;Union,3,4b0fbc5c49007fad
533664592126144,family_uneven_aged_selection,selection_harvest,2037;2052;2067,3,True,,56.0,5,580.0057513797304,private_family,Baker;Columbia;Hamilton;Suwannee;Union,3,7934575f6d5bfcef
533664592126144,hardwood_clearcut_regen,clearcut,2027,1,True,hardwood_regen,56.0,3,148.33736049473933,private_industrial,Baker;Columbia;Hamilton,3,ac3bfe89385c8df2
533664592126144,no_management,no_management,,0,False,,56.0,14,6393.406955776262,federal;local;private_family;private_industrial;state,Baker;Columbia;Hamilton;Suwannee;Union,3,ed1478163f5d5f01
533664592126144,public_selection_light,selection_harvest,2032;2042;2052;2062,4,True,,56.0,6,5665.063843901792,federal;local;state,Baker;Columbia;Hamilton,3,829f1fffa330095a
533664592126144,public_thin_restore,thin_from_below_repeated,2027;2042;2057,3,True,,56.0,6,5665.063843901792,federal;local;state,Baker;Columbia;Hamilton,3,d0a4057dd4f8414d
533664615126144,no_management,no_management,,0,False,,46.0,1,0.2223948433204488,local,Columbia,3,aabab33b9a5e574c
533664615126144,public_selection_light,selection_harvest,2032;2042;2052;2062,4,True,,46.0,1,0.2223948433204488,local,Columbia,3,48586ad93e8019fe
533664615126144,public_thin_restore,thin_from_below_repeated,2027;2042;2057,3,True,,46.0,1,0.2223948433204488,local,Columbia,3,e3b8cef120982ead
533664724126144,family_light_thin,thin_from_below,2032,1,True,,71.0,1,0.2223948433204488,private_family,Columbia,3,794cbf8518fde36e
533664724126144,family_uneven_aged_selection,selection_harvest,2037;2052;2067,3,True,,71.0,1,0.2223948433204488,private_family,Columbia,3,94f88115d6c2bab9
533664724126144,no_management,no_management,,0,False,,71.0,1,0.2223948433204488,private_family,Columbia,3,ad6a365c0709fadc
533664724126144,pine_plantation_long_rotation,clearcut,2027,1,True,planted_pine_regen,71.0,1,0.2223948433204488,private_family,Columbia,3,a5dde690bc9f31d1
533664906126144,family_light_thin,thin_from_below,2032,1,True,,60.0,3,20.460325585481286,private_family,Columbia;Hamilton;Suwannee,3,fa80e6ab0dbe8306
533664906126144,family_uneven_aged_selection,selection_harvest,2037;2052;2067,3,True,,60.0,3,20.460325585481286,private_family,Columbia;Hamilton;Suwannee,3,dee9a0e605d95366
533664906126144,hardwood_clearcut_regen,clearcut,2027,1,True,hardwood_regen,60.0,3,3.113527806486283,private_industrial,Columbia;Hamilton;Suwannee,3,0aac77ff61da4720
533664906126144,no_management,no_management,,0,False,,60.0,7,23.79624823528802,local;private_family;private_industrial,Columbia;Hamilton;Suwannee,3,0113318f6301f805
533664906126144,public_selection_light,selection_harvest,2032;2042;2052;2062,4,True,,60.0,1,0.2223948433204488,local,Columbia,3,191b85a1671f98b8
533664906126144,public_thin_restore,thin_from_below_repeated,2027;2042;2057,3,True,,60.0,1,0.2223948433204488,local,Columbia,3,998753bfccf1e98e
533664907126144,family_light_thin,thin_from_below,2032,1,True,,21.0,5,6000.657662472349,private_family,Baker;Columbia;Hamilton;Suwannee;Union,3,9628bd196a4a7780
533664907126144,family_uneven_aged_selection,selection_harvest,2037;2052;2067,3,True,,21.0,5,6000.657662472349,private_family,Baker;Columbia;Hamilton;Suwannee;Union,3,0b6971d98f964071
533664907126144,no_management,no_management,,0,False,,21.0,17,10952.278849002141,federal;local;private_family;private_industrial;state,Baker;Columbia;Hamilton;Suwannee;Union,3,010834224f619386
533664907126144,pine_plantation_long_rotation,plantation_rotation,2027;2037,2,True,planted_pine_regen,21.0,11,10202.808227012229,private_family;private_industrial;state,Baker;Columbia;Hamilton;Suwannee;Union,3,8aaccbb52f44acd0
533664907126144,pine_plantation_short_rotation,clearcut,2027,1,True,planted_pine_regen,21.0,4,4142.103956843359,private_industrial,Baker;Columbia;Hamilton;Suwannee,3,5be50da882795c42
533664907126144,public_selection_light,selection_harvest,2032;2042;2052;2062,4,True,,21.0,8,809.5172296864336,federal;local;state,Columbia;Hamilton;Suwannee,3,8953ee27a20df7de
533664907126144,public_thin_restore,thin_from_below_repeated,2027;2042;2057,3,True,,21.0,8,809.5172296864336,federal;local;state,Columbia;Hamilton;Suwannee,3,0dad708043e318f7
533664908126144,family_light_thin,thin_from_below,2032,1,True,,72.0,3,305.12572503565576,private_family,Columbia;Hamilton;Suwannee,3,17a9dacf829da6a1
533664908126144,family_uneven_aged_selection,selection_harvest,2037;2052;2067,3,True,,72.0,3,305.12572503565576,private_family,Columbia;Hamilton;Suwannee,3,f313556d9866375e
533664908126144,hardwood_clearcut_regen,clearcut,2027,1,True,hardwood_regen,72.0,3,252.41814716870937,private_industrial,Columbia;Hamilton;Suwannee,3,c10c21694a8efeb8
533664908126144,no_management,no_management,,0,False,,72.0,9,562.8813484440559,federal;local;private_family;private_industrial,Columbia;Hamilton;Suwannee,3,4eb84d2441943dc4
533664908126144,public_selection_light,selection_harvest,2032;2042;2052;2062,4,True,,72.0,3,5.337476239690771,federal;local,Columbia;Hamilton,3,69074b3882b76d7c
533664908126144,public_thin_restore,thin_from_below_repeated,2027;2042;2057,3,True,,72.0,3,5.337476239690771,federal;local,Columbia;Hamilton,3,f1c5e264be9b2ccc
533664995126144,family_light_thin,thin_from_below,2032,1,True,,34.0,2,7.116634986254361,private_family,Baker;Columbia,3,2023ab709b2864ca
533664995126144,family_uneven_aged_selection,selection_harvest,2037;2052;2067,3,True,,34.0,2,7.116634986254361,private_family,Baker;Columbia,3,8e06ab817556bb55
533664995126144,no_management,no_management,,0,False,,34.0,8,321.8053382846894,federal;local;private_family;private_industrial,Baker;Columbia;Hamilton,3,aa39022f375cedd3
533664995126144,pine_plantation_long_rotation,clearcut,2027,1,True,planted_pine_regen,34.0,5,10.89734732270199,private_family;private_industrial,Baker;Columbia;Hamilton,3,6f3fe598096152b0
533664995126144,pine_plantation_short_rotation,clearcut,2027,1,True,planted_pine_regen,34.0,3,3.7807123364476296,private_industrial,Baker;Columbia;Hamilton,3,6f3fe598096152b0
533664995126144,public_selection_light,selection_harvest,2032;2042;2052;2062,4,True,,34.0,3,310.9079909619874,federal;local,Baker;Columbia,3,97554a2f83a6f1f4
533664995126144,public_thin_restore,thin_from_below_repeated,2027;2042;2057,3,True,,34.0,3,310.9079909619874,federal;local,Baker;Columbia,3,8f9ba72d224aee87
533665053126144,family_light_thin,thin_from_below,2032,1,True,,72.0,2,1.7791587465635903,private_family,Baker;Hamilton,3,7c19ed4cf90d8029
533665053126144,family_uneven_aged_selection,selection_harvest,2037;2052;2067,3,True,,72.0,2,1.7791587465635903,private_family,Baker;Hamilton,3,4faae45dc77002e5
533665053126144,no_management,no_management,,0,False,,72.0,7,6.0046607696521175,federal;local;private_family;private_industrial,Baker;Columbia;Hamilton,3,b8885699c6579605
533665053126144,pine_plantation_long_rotation,clearcut,2027,1,True,planted_pine_regen,72.0,5,4.447896866408976,private_family;private_industrial,Baker;Columbia;Hamilton,3,99e5c5d0e30cac57
533665053126144,pine_plantation_short_rotation,clearcut,2027,1,True,planted_pine_regen,72.0,3,2.6687381198453854,private_industrial,Baker;Columbia;Hamilton,3,99e5c5d0e30cac57
533665053126144,public_selection_light,selection_harvest,2032;2042;2052;2062,4,True,,72.0,2,1.5567639032431415,federal;local,Columbia,3,4207dbd43342c5c6
533665053126144,public_thin_restore,thin_from_below_repeated,2027;2042;2057,3,True,,72.0,2,1.5567639032431415,federal;local,Columbia,3,b07ffb0b85e99107
533665078126144,family_light_thin,thin_from_below,2032,1,True,,86.0,4,245.52390702577546,private_family,Baker;Columbia;Hamilton;Suwannee,3,4cd5999cae475d88
533665078126144,family_uneven_aged_selection,selection_harvest,2037;2052;2067,3,True,,86.0,4,245.52390702577546,private_family,Baker;Columbia;Hamilton;Suwannee,3,13695d693b84a483
533665078126144,hardwood_clearcut_regen,clearcut,2027,1,True,hardwood_regen,86.0,4,57.600264419996236,private_industrial,Baker;Columbia;Hamilton;Suwannee,3,354ee9a6b16ea74c
533665078126144,no_management,no_management,,0,False,,86.0,14,312.46475486523053,federal;local;private_family;private_industrial,Baker;Columbia;Hamilton;Suwannee,3,28bdee5c2c83c083
533665078126144,public_selection_light,selection_harvest,2032;2042;2052;2062,4,True,,86.0,6,9.340583419458849,federal;local,Baker;Columbia;Hamilton;Suwannee,3,d2c9f0198b0fe3b4
533665078126144,public_thin_restore,thin_from_below_repeated,2027;2042;2057,3,True,,86.0,6,9.340583419458849,federal;local,Baker;Columbia;Hamilton;Suwannee,3,be6fa162a234ba6a
533665216126144,family_light_thin,thin_from_below,2032,1,True,,92.0,1,224.84118659697373,private_family,Hamilton,3,eeca58f49cd7fab8
533665216126144,family_uneven_aged_selection,selection_harvest,2037;2052;2067,3,True,,92.0,1,224.84118659697373,private_family,Hamilton,3,0c81921f80d9c2ab
533665216126144,hardwood_clearcut_regen,clearcut,2027,1,True,hardwood_regen,92.0,1,32.24725228146507,private_industrial,Hamilton,3,d8670927e82de71e
533665216126144,no_management,no_management,,0,False,,92.0,2,257.0884388784388,private_family;private_industrial,Hamilton,3,7d8446afadd44187
533665227126144,family_light_thin,thin_from_below,2032,1,True,,25.0,1,1.3343690599226927,private_family,Hamilton,3,70811fa5426cb558
533665227126144,family_uneven_aged_selection,selection_harvest,2037;2052;2067,3,True,,25.0,1,1.3343690599226927,private_family,Hamilton,3,81bbe9d4669b505e
533665227126144,no_management,no_management,,0,False,,25.0,2,24.463432765249365,private_family;private_industrial,Hamilton,3,1a66bfce7a19ab60
533665227126144,pine_plantation_long_rotation,plantation_rotation,2027;2032,2,True,planted_pine_regen,25.0,2,24.463432765249365,private_family;private_industrial,Hamilton,3,192af187524ea45d
533665227126144,pine_plantation_short_rotation,clearcut,2027,1,True,planted_pine_regen,25.0,1,23.129063705326672,private_industrial,Hamilton,3,13aea9ecccce340e
533665229126144,no_management,no_management,,0,False,,8.0,2,4.447896866408976,federal;private_industrial,Columbia;Hamilton,3,14e00869fe19b972
533665229126144,pine_plantation_long_rotation,plantation_rotation,2032;2052,2,True,planted_pine_regen,8.0,1,0.6671845299613464,private_industrial,Hamilton,3,676e7966e3f8d5bc
533665229126144,pine_plantation_short_rotation,plantation_rotation,2032;2042,2,True,planted_pine_regen,8.0,1,0.6671845299613464,private_industrial,Hamilton,3,6d7891688e7727cf
533665229126144,public_selection_light,selection_harvest,2032;2042;2052;2062,4,True,,8.0,1,3.780712336447629,federal,Columbia,3,65a59336bb49fe71
533665229126144,public_thin_restore,thin_from_below_repeated,2027;2042;2057,3,True,,8.0,1,3.780712336447629,federal,Columbia,3,8bbb4edf31440ce3
533665230126144,family_light_thin,thin_from_below,2032,1,True,,21.0,2,2.6687381198453854,private_family,Hamilton;Suwannee,3,f57ab92c355c4a4f
533665230126144,family_uneven_aged_selection,selection_harvest,2037;2052;2067,3,True,,21.0,2,2.6687381198453854,private_family,Hamilton;Suwannee,3,f54f484d509096db
533665230126144,no_management,no_management,,0,False,,21.0,2,2.6687381198453854,private_family,Hamilton;Suwannee,3,d380116e21bfae29
533665361126144,family_light_thin,thin_from_below,2032,1,True,,22.0,1,0.2223948433204488,private_family,Baker,3,503e89732d7ee7ec
533665361126144,family_uneven_aged_selection,selection_harvest,2037;2052;2067,3,True,,22.0,1,0.2223948433204488,private_family,Baker,3,4c681ab145b43e80
533665361126144,no_management,no_management,,0,False,,22.0,1,0.2223948433204488,private_family,Baker,3,9ac60740dc846851
533665361126144,pine_plantation_long_rotation,plantation_rotation,2027;2037,2,True,planted_pine_regen,22.0,1,0.2223948433204488,private_family,Baker,3,f90bbc77248f71ee
533665365126144,no_management,no_management,,0,False,,72.0,1,0.6671845299613464,private_industrial,Hamilton,3,87ebdc427a06a8ef
533665365126144,pine_plantation_long_rotation,clearcut,2027,1,True,planted_pine_regen,72.0,1,0.6671845299613464,private_industrial,Hamilton,3,c9e72c6ed8465525
533665365126144,pine_plantation_short_rotation,clearcut,2027,1,True,planted_pine_regen,72.0,1,0.6671845299613464,private_industrial,Hamilton,3,c9e72c6ed8465525
533665369126144,family_light_thin,thin_from_below,2032,1,True,,16.0,4,153.00765220446877,private_family,Baker;Columbia;Hamilton;Suwannee,3,759b26f8cba63b2c
533665369126144,family_uneven_aged_selection,selection_harvest,2037;2052;2067,3,True,,16.0,4,153.00765220446877,private_family,Baker;Columbia;Hamilton;Suwannee,3,667460d1c3bedd4e
533665369126144,hardwood_clearcut_regen,clearcut,2057,1,True,hardwood_regen,16.0,4,323.80689187457347,private_industrial,Baker;Columbia;Hamilton;Suwannee,3,116f9340e7c3b276
533665369126144,no_management,no_management,,0,False,,16.0,13,3899.6935776240693,federal;local;private_family;private_industrial;state,Baker;Columbia;Hamilton;Suwannee,3,8cfd78169135d531
533665369126144,public_selection_light,selection_harvest,2032;2042;2052;2062,4,True,,16.0,5,3422.879033545027,federal;local;state,Baker;Columbia;Hamilton,3,9a857c763a4e8099
533665369126144,public_thin_restore,thin_from_below_repeated,2027;2042;2057,3,True,,16.0,5,3422.879033545027,federal;local;state,Baker;Columbia;Hamilton,3,cf45e039c5d3aa6e
533665372126144,family_light_thin,thin_from_below,2032,1,True,,24.0,1,0.2223948433204488,private_family,Baker,3,f7a40e147495f513
533665372126144,family_uneven_aged_selection,selection_harvest,2037;2052;2067,3,True,,24.0,1,0.2223948433204488,private_family,Baker,3,c8a28a4882798b3b
533665372126144,no_management,no_management,,0,False,,24.0,1,0.2223948433204488,private_family,Baker,3,8645a0b57a2f0edf
533665372126144,pine_plantation_long_rotation,plantation_rotation,2027;2037,2,True,planted_pine_regen,24.0,1,0.2223948433204488,private_family,Baker,3,5e0d3d36367e4704
533665395126144,family_light_thin,thin_from_below,2032,1,True,,36.0,5,8028.453843868201,private_family,Baker;Columbia;Hamilton;Suwannee;Union,3,f540c353c18d0320
533665395126144,family_uneven_aged_selection,selection_harvest,2037;2052;2067,3,True,,36.0,5,8028.453843868201,private_family,Baker;Columbia;Hamilton;Suwannee;Union,3,a6f237504560822b
533665395126144,no_management,no_management,,0,False,,36.0,14,26182.322509273115,federal;local;private_family;private_industrial;state,Baker;Columbia;Hamilton;Suwannee;Union,3,488062fc13cae40c
533665395126144,pine_plantation_long_rotation,clearcut,2027,1,True,planted_pine_regen,36.0,11,9514.718581778761,private_family;private_industrial;state,Baker;Columbia;Hamilton;Suwannee;Union,3,58954bc2bf227a69
533665395126144,pine_plantation_short_rotation,clearcut,2027,1,True,planted_pine_regen,36.0,3,1366.6163122041578,private_industrial,Baker;Columbia;Hamilton,3,58954bc2bf227a69
533665395126144,public_selection_light,selection_harvest,2032;2042;2052;2062,4,True,,36.0,6,16787.252353200758,federal;local;state,Baker;Columbia;Hamilton,3,af506ec69389ee86
533665395126144,public_thin_restore,thin_from_below_repeated,2027;2042;2057,3,True,,36.0,6,16787.252353200758,federal;local;state,Baker;Columbia;Hamilton,3,4f49418dce84e096
533665422126144,family_light_thin,thin_from_below,2032,1,True,,33.0,2,26.020196668492506,private_family,Hamilton;Suwannee,3,1abdfc9e3e93d02f
533665422126144,family_uneven_aged_selection,selection_harvest,2037;2052;2067,3,True,,33.0,2,26.020196668492506,private_family,Hamilton;Suwannee,3,bbdbd2d919199afe
533665422126144,hardwood_clearcut_regen,clearcut,2042,1,True,hardwood_regen,33.0,1,3.5583174931271806,private_industrial,Hamilton,3,fe9f6bae115bd93d
533665422126144,no_management,no_management,,0,False,,33.0,4,29.800909004940138,local;private_family;private_industrial,Hamilton;Suwannee,3,4f3ba344978c4d83
533665422126144,public_selection_light,selection_harvest,2032;2042;2052;2062,4,True,,33.0,1,0.2223948433204488,local,Hamilton,3,dfa0bfd132159189
533665422126144,public_thin_restore,thin_from_below_repeated,2027;2042;2057,3,True,,33.0,1,0.2223948433204488,local,Hamilton,3,6ed50b499f98812f
545869488126144,family_light_thin,thin_from_below,2032,1,True,,15.0,5,30.690488378221932,private_family,Baker;Columbia;Hamilton;Suwannee;Union,3,99a58ba1b0169103
545869488126144,family_uneven_aged_selection,selection_harvest,2037;2052;2067,3,True,,15.0,5,30.690488378221932,private_family,Baker;Columbia;Hamilton;Suwannee;Union,3,c9d5fb64b2acae0f
545869488126144,hardwood_clearcut_regen,clearcut,2057,1,True,hardwood_regen,15.0,3,21.572299802083535,private_industrial,Columbia;Hamilton;Suwannee,3,19f7cc9bd1f07333
545869488126144,no_management,no_management,,0,False,,15.0,10,54.709131456830406,federal;local;private_family;private_industrial,Baker;Columbia;Hamilton;Suwannee;Union,3,561a34a7cb77bc33
545869488126144,public_selection_light,selection_harvest,2032;2042;2052;2062,4,True,,15.0,2,2.446343276524937,federal;local,Columbia,3,01be8708cb2597ec
545869488126144,public_thin_restore,thin_from_below_repeated,2027;2042;2057,3,True,,15.0,2,2.446343276524937,federal;local,Columbia,3,df6198f7b8575867
545869950126144,family_light_thin,thin_from_below,2032,1,True,,70.0,1,5.337476239690771,private_family,Baker,3,125ca10b1fbaeb04
545869950126144,family_uneven_aged_selection,selection_harvest,2037;2052;2067,3,True,,70.0,1,5.337476239690771,private_family,Baker,3,33ce3b222253e7f8
545869950126144,hardwood_clearcut_regen,clearcut,2027,1,True,hardwood_regen,70.0,1,0.4447896866408976,private_industrial,Baker,3,ed20a0fc3be71758
545869950126144,no_management,no_management,,0,False,,70.0,2,5.782265926331668,private_family;private_industrial,Baker,3,aabdcfe9bedf5546
548083809126144,family_light_thin,thin_from_below,2032,1,True,,33.0,2,0.6671845299613464,private_family,Baker;Hamilton,3,c90daae7d8ebe035
548083809126144,family_uneven_aged_selection,selection_harvest,2037;2052;2067,3,True,,33.0,2,0.6671845299613464,private_family,Baker;Hamilton,3,b4d1b0555a961492
548083809126144,hardwood_clearcut_regen,clearcut,2042,1,True,hardwood_regen,33.0,3,1.5567639032431415,private_industrial,Baker;Columbia;Hamilton,3,9b4f85ccadeb8bab
548083809126144,no_management,no_management,,0,False,,33.0,7,3.335922649806732,federal;local;private_family;private_industrial,Baker;Columbia;Hamilton,3,74d8a0eb0bc409de
548083809126144,public_selection_light,selection_harvest,2032;2042;2052;2062,4,True,,33.0,2,1.111974216602244,federal;local,Columbia,3,d8c626e5b81963e2
548083809126144,public_thin_restore,thin_from_below_repeated,2027;2042;2057,3,True,,33.0,2,1.111974216602244,federal;local,Columbia,3,962e9412bc511ce4
548083851126144,family_light_thin,thin_from_below,2032,1,True,,48.0,5,289.11329631658344,private_family,Baker;Columbia;Hamilton;Suwannee;Union,3,2c0e0398e33cb4a1
548083851126144,family_uneven_aged_selection,selection_harvest,2037;2052;2067,3,True,,48.0,5,289.11329631658344,private_family,Baker;Columbia;Hamilton;Suwannee;Union,3,0f0035dde5f4f6bb
548083851126144,hardwood_clearcut_regen,clearcut,2027,1,True,hardwood_regen,48.0,5,100.96725886748375,private_industrial,Baker;Columbia;Hamilton;Suwannee;Union,3,1012d6db77e4e283
548083851126144,no_management,no_management,,0,False,,48.0,14,399.86592829016695,federal;local;private_family;private_industrial;state,Baker;Columbia;Hamilton;Suwannee;Union,3,dc04aa89a55897c7
548083851126144,public_selection_light,selection_harvest,2032;2042;2052;2062,4,True,,48.0,4,9.785373106099746,federal;local;state,Baker;Columbia;Union,3,6b1e89d26cf54772
548083851126144,public_thin_restore,thin_from_below_repeated,2027;2042;2057,3,True,,48.0,4,9.785373106099746,federal;local;state,Baker;Columbia;Union,3,07517b61894b1ae3
559255329126144,family_light_thin,thin_from_below,2032,1,True,,6.0,1,4.447896866408976,private_family,Hamilton,3,59931438ba0d182c
559255329126144,family_uneven_aged_selection,selection_harvest,2037;2052;2067,3,True,,6.0,1,4.447896866408976,private_family,Hamilton,3,b384a39267c6082e
559255329126144,hardwood_clearcut_regen,clearcut,2067,1,True,hardwood_regen,6.0,1,1.111974216602244,private_industrial,Hamilton,3,edf596e25653e8ed
559255329126144,no_management,no_management,,0,False,,6.0,2,5.5598710830112195,private_family;private_industrial,Hamilton,3,ca77682d362c83fa
61264238010478,family_light_thin,thin_from_below,2032,1,True,,32.0,5,910.4844885539173,private_family,Baker;Columbia;Hamilton;Suwannee;Union,3,6e82b52d7ad15fdc
61264238010478,family_uneven_aged_selection,selection_harvest,2037;2052;2067,3,True,,32.0,5,910.4844885539173,private_family,Baker;Columbia;Hamilton;Suwannee;Union,3,0fba5c5af082548e
61264238010478,no_management,no_management,,0,False,,32.0,19,1356.6085442547376,federal;local;private_family;private_industrial;state,Baker;Columbia;Hamilton;Suwannee;Union,3,8c1d211ae6978b3b
61264238010478,pine_plantation_long_rotation,clearcut,2027,1,True,planted_pine_regen,32.0,14,1125.9850917314322,private_family;private_industrial;state,Baker;Columbia;Hamilton;Suwannee;Union,3,5ba975853fc19d76
61264238010478,pine_plantation_short_rotation,clearcut,2027,1,True,planted_pine_regen,32.0,5,201.26733320500614,private_industrial,Baker;Columbia;Hamilton;Suwannee;Union,3,5ba975853fc19d76
61264238010478,public_selection_light,selection_harvest,2032;2042;2052;2062,4,True,,32.0,9,244.85672249581413,federal;local;state,Baker;Columbia;Hamilton;Union,3,e12fb6e91c7c287f
61264238010478,public_thin_restore,thin_from_below_repeated,2027;2042;2057,3,True,,32.0,9,244.85672249581413,federal;local;state,Baker;Columbia;Hamilton;Union,3,98a169402960e860
61280243010478,family_light_thin,thin_from_below,2032,1,True,,31.0,5,1981.7604488285192,private_family,Baker;Columbia;Hamilton;Suwannee;Union,3,ccf7cf00de50c09d
61280243010478,family_uneven_aged_selection,selection_harvest,2037;2052;2067,3,True,,31.0,5,1981.7604488285192,private_family,Baker;Columbia;Hamilton;Suwannee;Union,3,59d9e59030b6aa5e
61280243010478,hardwood_clearcut_regen,clearcut,2042,1,True,hardwood_regen,31.0,5,1138.216808114057,private_industrial,Baker;Columbia;Hamilton;Suwannee;Union,3,ff1addb3d8c843f0
61280243010478,no_management,no_management,,0,False,,31.0,23,3214.4950653537667,federal;local;private_family;private_industrial;state,Baker;Columbia;Hamilton;Suwannee;Union,3,ec3cf66ffc2610fe
61280243010478,public_selection_light,selection_harvest,2032;2042;2052;2062,4,True,,31.0,13,94.51780841119074,federal;local;state,Baker;Columbia;Hamilton;Suwannee;Union,3,4ca4b559884925b8
61280243010478,public_thin_restore,thin_from_below_repeated,2027;2042;2057,3,True,,31.0,13,94.51780841119074,federal;local;state,Baker;Columbia;Hamilton;Suwannee;Union,3,f69f795fb446f487
61339349010478,family_light_thin,thin_from_below,2032,1,True,,22.0,5,14.233269972508722,private_family,Baker;Columbia;Hamilton;Suwannee;Union,3,9c062928add75376
61339349010478,family_uneven_aged_selection,selection_harvest,2037;2052;2067,3,True,,22.0,5,14.233269972508722,private_family,Baker;Columbia;Hamilton;Suwannee;Union,3,fae4155ec8f051f6
61339349010478,hardwood_clearcut_regen,clearcut,2052,1,True,hardwood_regen,22.0,2,2.223948433204488,private_industrial,Columbia;Suwannee,3,edfe6c72e652fb58
61339349010478,no_management,no_management,,0,False,,22.0,7,16.45721840571321,private_family;private_industrial,Baker;Columbia;Hamilton;Suwannee;Union,3,7ac31e0004b1f97f
61354193010478,family_light_thin,thin_from_below,2032,1,True,,24.0,3,26.909776041774304,private_family,Columbia;Hamilton;Suwannee,3,41c3f815c14916ea
61354193010478,family_uneven_aged_selection,selection_harvest,2037;2052;2067,3,True,,24.0,3,26.909776041774304,private_family,Columbia;Hamilton;Suwannee,3,4e06831e70d01173
61354193010478,no_management,no_management,,0,False,,24.0,7,40.92065117096258,local;private_family;private_industrial,Columbia;Hamilton;Suwannee,3,e74aa2196af2c74c
61354193010478,pine_plantation_long_rotation,plantation_rotation,2027;2037,2,True,planted_pine_regen,24.0,6,31.580067751503726,private_family;private_industrial,Columbia;Hamilton;Suwannee,3,499b055ff4e3f146
61354193010478,pine_plantation_short_rotation,clearcut,2027,1,True,planted_pine_regen,24.0,3,4.670291709729424,private_industrial,Columbia;Hamilton;Suwannee,3,75c3df9b62d3446c
61354193010478,public_selection_light,selection_harvest,2032;2042;2052;2062,4,True,,24.0,1,9.340583419458849,local,Columbia,3,084cccb15e190ca5
61354193010478,public_thin_restore,thin_from_below_repeated,2027;2042;2057,3,True,,24.0,1,9.340583419458849,local,Columbia,3,fe77ae6c18077120
61359910010478,family_light_thin,thin_from_below,2032,1,True,,20.0,3,26.9097760417743,private_family,Baker;Columbia;Union,3,097f8c111c2f1a59
61359910010478,family_uneven_aged_selection,selection_harvest,2037;2052;2067,3,True,,20.0,3,26.9097760417743,private_family,Baker;Columbia;Union,3,4b6254815484758c
61359910010478,no_management,no_management,,0,False,,20.0,7,50.483629433741875,local;private_family;private_industrial;state,Baker;Columbia;Union,3,06063810666690cd
61359910010478,pine_plantation_long_rotation,plantation_rotation,2027;2037,2,True,planted_pine_regen,20.0,6,50.261234590421424,private_family;private_industrial;state,Baker;Columbia;Union,3,bf6a001a70f22197
61359910010478,pine_plantation_short_rotation,clearcut,2027,1,True,planted_pine_regen,20.0,2,21.57229980208353,private_industrial,Baker;Union,3,e762de7e2e30e559
61359910010478,public_selection_light,selection_harvest,2032;2042;2052;2062,4,True,,20.0,2,2.001553589884039,local;state,Baker;Union,3,bb02a7bace1aa2db
61359910010478,public_thin_restore,thin_from_below_repeated,2027;2042;2057,3,True,,20.0,2,2.001553589884039,local;state,Baker;Union,3,2053c0ef78d8140d
61371912010478,family_light_thin,thin_from_below,2032,1,True,,30.0,1,11.564531852663336,private_family,Hamilton,3,6e9acc78428d2917
61371912010478,family_uneven_aged_selection,selection_harvest,2037;2052;2067,3,True,,30.0,1,11.564531852663336,private_family,Hamilton,3,2d6dea57dec3d1f0
61371912010478,hardwood_clearcut_regen,clearcut,2042,1,True,hardwood_regen,30.0,1,8.673398889497502,private_industrial,Hamilton,3,f2719e6e24b6e825
61371912010478,no_management,no_management,,0,False,,30.0,2,20.237930742160838,private_family;private_industrial,Hamilton,3,61560f92907f3171
61420940010478,family_light_thin,thin_from_below,2032,1,True,,103.0,1,11.564531852663336,private_family,Baker,3,bb3eacd9e1e72672
61420940010478,family_uneven_aged_selection,selection_harvest,2037;2052;2067,3,True,,103.0,1,11.564531852663336,private_family,Baker,3,5e8cc780097a1da3
61420940010478,hardwood_clearcut_regen,clearcut,2027,1,True,hardwood_regen,103.0,1,0.4447896866408976,private_industrial,Baker,3,b65b94e49bf527c4
61420940010478,no_management,no_management,,0,False,,103.0,2,12.009321539304233,private_family;private_industrial,Baker,3,33aff63958ef3396
61601464010478,family_light_thin,thin_from_below,2032,1,True,,46.0,2,10.230162792740645,private_family,Baker;Union,3,5e9df032f8d20cf7
61601464010478,family_uneven_aged_selection,selection_harvest,2037;2052;2067,3,True,,46.0,2,10.230162792740645,private_family,Baker;Union,3,8edd8cde1b2f6c06
61601464010478,no_management,no_management,,0,False,,46.0,5,38.474307894437636,local;private_family;private_industrial;state,Baker;Union,3,258cf9bb18bdb92d
61601464010478,pine_plantation_long_rotation,clearcut,2027,1,True,planted_pine_regen,46.0,4,37.362333677835394,private_family;private_industrial;state,Baker;Union,3,4ff653d50bba0e5e
61601464010478,pine_plantation_short_rotation,clearcut,2027,1,True,planted_pine_regen,46.0,1,25.130617295210712,private_industrial,Baker,3,4ff653d50bba0e5e
61601464010478,public_selection_light,selection_harvest,2032;2042;2052;2062,4,True,,46.0,2,3.1135278064862826,local;state,Baker,3,ab7355973ab480a3
61601464010478,public_thin_restore,thin_from_below_repeated,2027;2042;2057,3,True,,46.0,2,3.1135278064862826,local;state,Baker,3,b406ac77e86c5ab2
635663753126144,family_light_thin,thin_from_below,2032,1,True,,65.0,1,0.2223948433204488,private_family,Hamilton,3,0473277170ad4833
635663753126144,family_uneven_aged_selection,selection_harvest,2037;2052;2067,3,True,,65.0,1,0.2223948433204488,private_family,Hamilton,3,53d156e6659152d1
635663753126144,no_management,no_management,,0,False,,65.0,5,1.5567639032431415,federal;private_family;private_industrial;state,Baker;Columbia;Hamilton,3,651a88e7e641f0e3
635663753126144,pine_plantation_long_rotation,clearcut,2027,1,True,planted_pine_regen,65.0,3,0.6671845299613464,private_family;private_industrial;state,Baker;Hamilton,3,cce78e91c8d3f583
635663753126144,pine_plantation_short_rotation,clearcut,2027,1,True,planted_pine_regen,65.0,1,0.2223948433204488,private_industrial,Baker,3,cce78e91c8d3f583
635663753126144,public_selection_light,selection_harvest,2032;2042;2052;2062,4,True,,65.0,3,1.111974216602244,federal;state,Baker;Columbia;Hamilton,3,a6e7d5d32a859b03
635663753126144,public_thin_restore,thin_from_below_repeated,2027;2042;2057,3,True,,65.0,3,1.111974216602244,federal;state,Baker;Columbia;Hamilton,3,78b155ffde6ff88b
635664073126144,family_light_thin,thin_from_below,2032,1,True,,69.0,1,0.4447896866408976,private_family,Suwannee,3,98daf81c357c45c7
635664073126144,family_uneven_aged_selection,selection_harvest,2037;2052;2067,3,True,,69.0,1,0.4447896866408976,private_family,Suwannee,3,2403d933d57bd398
635664073126144,no_management,no_management,,0,False,,69.0,1,0.4447896866408976,private_family,Suwannee,3,2697dc1a0231501b
635664107126144,family_light_thin,thin_from_below,2032,1,True,,20.0,4,20.23793074216084,private_family,Baker;Columbia;Hamilton;Suwannee,3,ae25f861fa61a113
635664107126144,family_uneven_aged_selection,selection_harvest,2037;2052;2067,3,True,,20.0,4,20.23793074216084,private_family,Baker;Columbia;Hamilton;Suwannee,3,368a07c8e5ff1d6b
635664107126144,hardwood_clearcut_regen,clearcut,2052,1,True,hardwood_regen,20.0,2,18.236377152276802,private_industrial,Baker;Suwannee,3,87c911ec813a0884
635664107126144,no_management,no_management,,0,False,,20.0,7,40.69825632764213,federal;private_family;private_industrial,Baker;Columbia;Hamilton;Suwannee,3,b39c7f1b3716e69b
635664107126144,public_selection_light,selection_harvest,2032;2042;2052;2062,4,True,,20.0,1,2.223948433204488,federal,Baker,3,77b3b4de80dec42c
635664107126144,public_thin_restore,thin_from_below_repeated,2027;2042;2057,3,True,,20.0,1,2.223948433204488,federal,Baker,3,9f63026d4fb8a1a7
635664534126144,hardwood_clearcut_regen,clearcut,2027,1,True,hardwood_regen,65.0,1,16.679613249033657,private_industrial,Baker,3,23ca1aa8212fab60
635664534126144,no_management,no_management,,0,False,,65.0,1,16.679613249033657,private_industrial,Baker,3,f2cd8fb5692b4eb8
635664537126144,family_light_thin,thin_from_below,2032,1,True,,11.0,3,92.73864966462715,private_family,Columbia;Hamilton;Suwannee,3,73fa7e7b4aa73862
635664537126144,family_uneven_aged_selection,selection_harvest,2037;2052;2067,3,True,,11.0,3,92.73864966462715,private_family,Columbia;Hamilton;Suwannee,3,3c9012369e48005d
635664537126144,no_management,no_management,,0,False,,11.0,6,139.4415667619214,local;private_family;private_industrial,Columbia;Hamilton;Suwannee,3,b1633b1d000003c7
635664537126144,pine_plantation_long_rotation,plantation_rotation,2032;2047,2,True,planted_pine_regen,11.0,4,138.99677707528048,private_family;private_industrial,Columbia;Hamilton;Suwannee,3,7a718ea1ab00ec75
635664537126144,pine_plantation_short_rotation,plantation_rotation,2027;2037,2,True,planted_pine_regen,11.0,1,46.258127410653344,private_industrial,Suwannee,3,f3c10869eee93088
635664537126144,public_selection_light,selection_harvest,2032;2042;2052;2062,4,True,,11.0,2,0.4447896866408976,local,Columbia;Suwannee,3,7808547ca1634eda
635664537126144,public_thin_restore,thin_from_below_repeated,2027;2042;2057,3,True,,11.0,2,0.4447896866408976,local,Columbia;Suwannee,3,e62329dca1bfb9e9
635664544126144,no_management,no_management,,0,False,,62.0,1,0.2223948433204488,federal,Columbia,3,2d17cf6597766278
635664544126144,public_selection_light,selection_harvest,2032;2042;2052;2062,4,True,,62.0,1,0.2223948433204488,federal,Columbia,3,2a0cb091d6e3252b
635664544126144,public_thin_restore,thin_from_below_repeated,2027;2042;2057,3,True,,62.0,1,0.2223948433204488,federal,Columbia,3,eb1122287476623f
635664557126144,family_light_thin,thin_from_below,2032,1,True,,104.0,1,46.70291709729425,private_family,Hamilton,3,1401632c82db1eb0
635664557126144,family_uneven_aged_selection,selection_harvest,2037;2052;2067,3,True,,104.0,1,46.70291709729425,private_family,Hamilton,3,319e699096632f02
635664557126144,no_management,no_management,,0,False,,104.0,2,47.37010162725559,private_family;private_industrial,Hamilton,3,c2c8f1c87fc811ff
635664557126144,pine_plantation_long_rotation,clearcut,2027,1,True,planted_pine_regen,104.0,2,47.37010162725559,private_family;private_industrial,Hamilton,3,a4f5cd89993f1c2f
635664557126144,pine_plantation_short_rotation,clearcut,2027,1,True,planted_pine_regen,104.0,1,0.6671845299613464,private_industrial,Hamilton,3,a4f5cd89993f1c2f
635664693126144,family_light_thin,thin_from_below,2032,1,True,,42.0,1,8.673398889497502,private_family,Baker,3,7d1cffe969101f77
635664693126144,family_uneven_aged_selection,selection_harvest,2037;2052;2067,3,True,,42.0,1,8.673398889497502,private_family,Baker,3,9e11bbaa74a5f87c
635664693126144,no_management,no_management,,0,False,,42.0,2,17.346797778995004,federal;private_family,Baker,3,cbdd118267e632cb
635664693126144,pine_plantation_long_rotation,clearcut,2027,1,True,planted_pine_regen,42.0,1,8.673398889497502,private_family,Baker,3,1fbf3b28258514f1
635664693126144,public_selection_light,selection_harvest,2032;2042;2052;2062,4,True,,42.0,1,8.673398889497502,federal,Baker,3,21bf6a834628f9bb
635664693126144,public_thin_restore,thin_from_below_repeated,2027;2042;2057,3,True,,42.0,1,8.673398889497502,federal,Baker,3,4fc7f0f6c13124ba
635664709126144,family_light_thin,thin_from_below,2032,1,True,,94.0,4,103.85839183064958,private_family,Baker;Columbia;Hamilton;Suwannee,3,de9d5473d92ff7d8
635664709126144,family_uneven_aged_selection,selection_harvest,2037;2052;2067,3,True,,94.0,4,103.85839183064958,private_family,Baker;Columbia;Hamilton;Suwannee,3,5515e5a17adac539
635664709126144,hardwood_clearcut_regen,clearcut,2027,1,True,hardwood_regen,94.0,3,54.709131456830406,private_industrial,Columbia;Hamilton;Suwannee,3,63c80743ca9e7e4c
635664709126144,no_management,no_management,,0,False,,94.0,9,167.01852733365703,local;private_family;private_industrial;state,Baker;Columbia;Hamilton;Suwannee,3,454be9803d07ddfa
635664709126144,public_selection_light,selection_harvest,2032;2042;2052;2062,4,True,,94.0,2,8.451004046177054,local;state,Columbia;Hamilton,3,5e05029778dd2669
635664709126144,public_thin_restore,thin_from_below_repeated,2027;2042;2057,3,True,,94.0,2,8.451004046177054,local;state,Columbia;Hamilton,3,75224b089764bf74
635664717126144,family_light_thin,thin_from_below,2032,1,True,,53.0,5,2410.0929170637037,private_family,Baker;Columbia;Hamilton;Suwannee;Union,3,bda634c96ed33bbd
635664717126144,family_uneven_aged_selection,selection_harvest,2037;2052;2067,3,True,,53.0,5,2410.0929170637037,private_family,Baker;Columbia;Hamilton;Suwannee;Union,3,7d37b18e7aafc2c7
635664717126144,no_management,no_management,,0,False,,53.0,20,4636.710088388037,federal;local;private_family;private_industrial;state,Baker;Columbia;Hamilton;Suwannee;Union,3,21c32cb6380ad03e
635664717126144,pine_plantation_long_rotation,clearcut,2027,1,True,planted_pine_regen,53.0,14,4211.93593764598,private_family;private_industrial;state,Baker;Columbia;Hamilton;Suwannee;Union,3,ee5c6bae737353a1
635664717126144,pine_plantation_short_rotation,clearcut,2027,1,True,planted_pine_regen,53.0,5,1788.0545402964083,private_industrial,Baker;Columbia;Hamilton;Suwannee;Union,3,ee5c6bae737353a1
635664717126144,public_selection_light,selection_harvest,2032;2042;2052;2062,4,True,,53.0,10,438.562631027925,federal;local;state,Baker;Columbia;Hamilton;Suwannee;Union,3,d22e96253138843c
635664717126144,public_thin_restore,thin_from_below_repeated,2027;2042;2057,3,True,,53.0,10,438.562631027925,federal;local;state,Baker;Columbia;Hamilton;Suwannee;Union,3,348c703df70d96d5
635664724126144,hardwood_clearcut_regen,clearcut,2057,1,True,hardwood_regen,17.0,1,0.2223948433204488,private_industrial,Hamilton,3,caa8e6ca2d609727
635664724126144,no_management,no_management,,0,False,,17.0,1,0.2223948433204488,private_industrial,Hamilton,3,785a5cab25b86a77
635664732126144,family_light_thin,thin_from_below,2032,1,True,,53.0,1,29.35611931829924,private_family,Hamilton,3,f3c7af6a89ad096d
635664732126144,family_uneven_aged_selection,selection_harvest,2037;2052;2067,3,True,,53.0,1,29.35611931829924,private_family,Hamilton,3,9412f5d28db29baf
635664732126144,hardwood_clearcut_regen,clearcut,2027,1,True,hardwood_regen,53.0,1,12.009321539304235,private_industrial,Hamilton,3,4f9de366a836ed54
635664732126144,no_management,no_management,,0,False,,53.0,2,41.365440857603474,private_family;private_industrial,Hamilton,3,29c93c36cd60c555
635664733126144,family_light_thin,thin_from_below,2032,1,True,,61.0,4,1156.8979749529747,private_family,Baker;Columbia;Hamilton;Suwannee,3,0373878490690caf
635664733126144,family_uneven_aged_selection,selection_harvest,2037;2052;2067,3,True,,61.0,4,1156.8979749529747,private_family,Baker;Columbia;Hamilton;Suwannee,3,f61b9b1073692f5a
635664733126144,hardwood_clearcut_regen,clearcut,2027,1,True,hardwood_regen,61.0,4,207.27199397465827,private_industrial,Baker;Columbia;Hamilton;Suwannee,3,adcb8d72dd10bc5d
635664733126144,no_management,no_management,,0,False,,61.0,16,1384.1855048264733,federal;local;private_family;private_industrial;state,Baker;Columbia;Hamilton;Suwannee,3,b3ecc835551d804a
635664733126144,public_selection_light,selection_harvest,2032;2042;2052;2062,4,True,,61.0,8,20.01553589884039,federal;local;state,Baker;Columbia;Hamilton;Suwannee,3,0f60c263ffdfb785
635664733126144,public_thin_restore,thin_from_below_repeated,2027;2042;2057,3,True,,61.0,8,20.01553589884039,federal;local;state,Baker;Columbia;Hamilton;Suwannee,3,02ae3a9c27136623
635664740126144,family_light_thin,thin_from_below,2032,1,True,,45.0,2,5.337476239690771,private_family,Hamilton;Suwannee,3,028d34ed33733e9c
635664740126144,family_uneven_aged_selection,selection_harvest,2037;2052;2067,3,True,,45.0,2,5.337476239690771,private_family,Hamilton;Suwannee,3,43573d326397d839
635664740126144,hardwood_clearcut_regen,clearcut,2027,1,True,hardwood_regen,45.0,1,0.8895793732817951,private_industrial,Hamilton,3,228d2d69e7b2b365
635664740126144,no_management,no_management,,0,False,,45.0,3,6.227055612972567,private_family;private_industrial,Hamilton;Suwannee,3,aca355e8d7d91440
635664751126144,family_light_thin,thin_from_below,2032,1,True,,29.0,4,36.9175439911945,private_family,Baker;Columbia;Hamilton;Suwannee,3,8d8ecd82789e6f1d
635664751126144,family_uneven_aged_selection,selection_harvest,2037;2052;2067,3,True,,29.0,4,36.9175439911945,private_family,Baker;Columbia;Hamilton;Suwannee,3,ece27d3a49c82ca9
635664751126144,no_management,no_management,,0,False,,29.0,9,89.18033217149997,local;private_family;private_industrial,Baker;Columbia;Hamilton;Suwannee,3,21bc67de1733fa7f
635664751126144,pine_plantation_long_rotation,plantation_rotation,2027;2032,2,True,planted_pine_regen,29.0,8,88.29075279821816,private_family;private_industrial,Baker;Columbia;Hamilton;Suwannee,3,f1648784e204414a
635664751126144,pine_plantation_short_rotation,clearcut,2027,1,True,planted_pine_regen,29.0,4,51.37320880702367,private_industrial,Baker;Columbia;Hamilton;Suwannee,3,c79c7e682e24400a
635664751126144,public_selection_light,selection_harvest,2032;2042;2052;2062,4,True,,29.0,1,0.8895793732817951,local,Columbia,3,751a4f9b08d379d4
635664751126144,public_thin_restore,thin_from_below_repeated,2027;2042;2057,3,True,,29.0,1,0.8895793732817951,local,Columbia,3,dfe28b367228758f
635664809126144,hardwood_clearcut_regen,clearcut,2062,1,True,hardwood_regen,14.0,1,0.2223948433204488,private_industrial,Columbia,3,bd58c20f0de214b4
635664809126144,no_management,no_management,,0,False,,14.0,2,21.349904958763084,federal;private_industrial,Columbia,3,61a4f15e8c4f2397
635664809126144,public_selection_light,selection_harvest,2032;2042;2052;2062,4,True,,14.0,1,21.127510115442636,federal,Columbia,3,72d4f00d21ff3d9b
635664809126144,public_thin_restore,thin_from_below_repeated,2027;2042;2057,3,True,,14.0,1,21.127510115442636,federal,Columbia,3,d11b91f2d0aa769b
635664812126144,family_light_thin,thin_from_below,2032,1,True,,23.0,1,2.001553589884039,private_family,Hamilton,3,60268c94bf3d73f2
635664812126144,family_uneven_aged_selection,selection_harvest,2037;2052;2067,3,True,,23.0,1,2.001553589884039,private_family,Hamilton,3,fbfa8c18f2b79459
635664812126144,no_management,no_management,,0,False,,23.0,1,2.001553589884039,private_family,Hamilton,3,1f87b8a55197c7fb
635664862126144,family_light_thin,thin_from_below,2032,1,True,,1.0,2,30.023303848260586,private_family,Columbia;Hamilton,3,370350e67842f2ad
635664862126144,family_uneven_aged_selection,selection_harvest,2037;2052;2067,3,True,,1.0,2,30.023303848260586,private_family,Columbia;Hamilton,3,8ff6c2766ec8882a
635664862126144,hardwood_clearcut_regen,clearcut,2072,1,True,hardwood_regen,1.0,2,111.19742166022439,private_industrial,Columbia;Hamilton,3,8424184c0db67bca
635664862126144,no_management,no_management,,0,False,,1.0,4,141.22072550848497,private_family;private_industrial,Columbia;Hamilton,3,fbb319aa15ad9bd8
635664873126144,family_light_thin,thin_from_below,2032,1,True,,7.0,1,6.894240142933913,private_family,Hamilton,3,6ffef189ffaa3191
635664873126144,family_uneven_aged_selection,selection_harvest,2037;2052;2067,3,True,,7.0,1,6.894240142933913,private_family,Hamilton,3,05e17e0f74d807f5
635664873126144,no_management,no_management,,0,False,,7.0,2,11.342137009342888,private_family;private_industrial,Hamilton,3,0b09daf5138371d1
635664873126144,pine_plantation_long_rotation,plantation_rotation,2037;2052,2,True,planted_pine_regen,7.0,2,11.342137009342888,private_family;private_industrial,Hamilton,3,59244027edae6a42
635664873126144,pine_plantation_short_rotation,plantation_rotation,2032;2042,2,True,planted_pine_regen,7.0,1,4.447896866408976,private_industrial,Hamilton,3,c9adbb1751d1e7c8
635664891126144,family_light_thin,thin_from_below,2032,1,True,,55.0,1,77.61580031883663,private_family,Hamilton,3,e154f3920733e324
635664891126144,family_uneven_aged_selection,selection_harvest,2037;2052;2067,3,True,,55.0,1,77.61580031883663,private_family,Hamilton,3,a31e5bf0ccfadc22
635664891126144,hardwood_clearcut_regen,clearcut,2027,1,True,hardwood_regen,55.0,1,36.69514914787405,private_industrial,Hamilton,3,317356e80b31f621
635664891126144,no_management,no_management,,0,False,,55.0,2,114.31094946671068,private_family;private_industrial,Hamilton,3,edbfed83f7487a62
635664892126144,family_light_thin,thin_from_below,2032,1,True,,6.0,5,7.116634986254361,private_family,Baker;Columbia;Hamilton;Suwannee;Union,3,e58d97e37f4423ff
635664892126144,family_uneven_aged_selection,selection_harvest,2037;2052;2067,3,True,,6.0,5,7.116634986254361,private_family,Baker;Columbia;Hamilton;Suwannee;Union,3,3608ecfff3b95d61
635664892126144,no_management,no_management,,0,False,,6.0,12,11.564531852663336,local;private_family;private_industrial,Baker;Columbia;Hamilton;Suwannee;Union,3,cdc003823e7e1ffd
635664892126144,pine_plantation_long_rotation,plantation_rotation,2037;2052,2,True,planted_pine_regen,6.0,10,11.119742166022439,private_family;private_industrial,Baker;Columbia;Hamilton;Suwannee;Union,3,1058592effd778f8
635664892126144,pine_plantation_short_rotation,plantation_rotation,2032;2042,2,True,planted_pine_regen,6.0,5,4.003107179768078,private_industrial,Baker;Columbia;Hamilton;Suwannee;Union,3,21ef6978048743b1
635664892126144,public_selection_light,selection_harvest,2032;2042;2052;2062,4,True,,6.0,2,0.4447896866408976,local,Baker;Suwannee,3,b1ad485d79195622
635664892126144,public_thin_restore,thin_from_below_repeated,2027;2042;2057,3,True,,6.0,2,0.4447896866408976,local,Baker;Suwannee,3,fb0aae4b3717cf39
635664902126144,family_light_thin,thin_from_below,2032,1,True,,55.0,4,32.24725228146507,private_family,Baker;Columbia;Hamilton;Suwannee,3,dcd5f3472c9e4d31
635664902126144,family_uneven_aged_selection,selection_harvest,2037;2052;2067,3,True,,55.0,4,32.24725228146507,private_family,Baker;Columbia;Hamilton;Suwannee,3,c0de6b0e01323dd4
635664902126144,no_management,no_management,,0,False,,55.0,11,87.62356826825682,federal;local;private_family;private_industrial;state,Baker;Columbia;Hamilton;Suwannee,3,273c8babe920e8c9
635664902126144,pine_plantation_long_rotation,clearcut,2027,1,True,planted_pine_regen,55.0,9,85.84440952169324,private_family;private_industrial;state,Baker;Columbia;Hamilton;Suwannee,3,f87ff1f63f7cda21
635664902126144,pine_plantation_short_rotation,clearcut,2027,1,True,planted_pine_regen,55.0,4,53.374762396907705,private_industrial,Baker;Columbia;Hamilton;Suwannee,3,f87ff1f63f7cda21
635664902126144,public_selection_light,selection_harvest,2032;2042;2052;2062,4,True,,55.0,3,2.001553589884039,federal;local;state,Columbia;Hamilton,3,9b63568ef31fda55
635664902126144,public_thin_restore,thin_from_below_repeated,2027;2042;2057,3,True,,55.0,3,2.001553589884039,federal;local;state,Columbia;Hamilton,3,f12c39980f66d538
635664906126144,family_light_thin,thin_from_below,2032,1,True,,70.0,4,2809.2916608239093,private_family,Baker;Columbia;Hamilton;Suwannee,3,547f4be2af1291a9
635664906126144,family_uneven_aged_selection,selection_harvest,2037;2052;2067,3,True,,70.0,4,2809.2916608239093,private_family,Baker;Columbia;Hamilton;Suwannee,3,1f1b88355a399b84
635664906126144,hardwood_clearcut_regen,clearcut,2027,1,True,hardwood_regen,70.0,4,1556.7639032431416,private_industrial,Baker;Columbia;Hamilton;Suwannee,3,1c9021ec80f9405a
635664906126144,no_management,no_management,,0,False,,70.0,17,5173.79363500692,federal;local;private_family;private_industrial;state,Baker;Columbia;Hamilton;Suwannee,3,fd1e3ec7f858ab95
635664906126144,public_selection_light,selection_harvest,2032;2042;2052;2062,4,True,,70.0,9,807.73807093987,federal;local;state,Baker;Columbia;Hamilton;Suwannee,3,3f331f64f9df77aa
635664906126144,public_thin_restore,thin_from_below_repeated,2027;2042;2057,3,True,,70.0,9,807.73807093987,federal;local;state,Baker;Columbia;Hamilton;Suwannee,3,ba59df616dc81d35
635664926126144,family_light_thin,thin_from_below,2032,1,True,,19.0,1,43.589389290807965,private_family,Baker,3,4cc50133e69d2333
635664926126144,family_uneven_aged_selection,selection_harvest,2037;2052;2067,3,True,,19.0,1,43.589389290807965,private_family,Baker,3,a79d47db16f864cb
635664926126144,no_management,no_management,,0,False,,19.0,3,257.75562340840014,local;private_family;private_industrial,Baker,3,89f6bc4139c4a525
635664926126144,pine_plantation_long_rotation,plantation_rotation,2027;2042,2,True,planted_pine_regen,19.0,2,257.0884388784388,private_family;private_industrial,Baker,3,d70fc85024567f55
635664926126144,pine_plantation_short_rotation,plantation_rotation,2027;2032,2,True,planted_pine_regen,19.0,1,213.49904958763085,private_industrial,Baker,3,e6a369273b3e22aa
635664926126144,public_selection_light,selection_harvest,2032;2042;2052;2062,4,True,,19.0,1,0.6671845299613464,local,Baker,3,cb977002c811b5a9
635664926126144,public_thin_restore,thin_from_below_repeated,2027;2042;2057,3,True,,19.0,1,0.6671845299613464,local,Baker,3,4989e106e8a8cfee
635664945126144,family_light_thin,thin_from_below,2032,1,True,,60.0,5,4556.425549949355,private_family,Baker;Columbia;Hamilton;Suwannee;Union,3,bd9a9bfea4904b09
635664945126144,family_uneven_aged_selection,selection_harvest,2037;2052;2067,3,True,,60.0,5,4556.425549949355,private_family,Baker;Columbia;Hamilton;Suwannee;Union,3,a607927f519292c9
635664945126144,no_management,no_management,,0,False,,60.0,22,5623.476008200868,federal;local;private_family;private_industrial;state,Baker;Columbia;Hamilton;Suwannee;Union,3,b715f433548b8ce9
635664945126144,pine_plantation_long_rotation,clearcut,2027,1,True,planted_pine_regen,60.0,15,5382.622392884822,private_family;private_industrial;state,Baker;Columbia;Hamilton;Suwannee;Union,3,2832624d1c29e44e
635664945126144,pine_plantation_short_rotation,clearcut,2027,1,True,planted_pine_regen,60.0,5,804.1797534467428,private_industrial,Baker;Columbia;Hamilton;Suwannee;Union,3,2832624d1c29e44e
635664945126144,public_selection_light,selection_harvest,2032;2042;2052;2062,4,True,,60.0,12,262.87070480477047,federal;local;state,Baker;Columbia;Hamilton;Suwannee;Union,3,a3ec442464220f32
635664945126144,public_thin_restore,thin_from_below_repeated,2027;2042;2057,3,True,,60.0,12,262.87070480477047,federal;local;state,Baker;Columbia;Hamilton;Suwannee;Union,3,1da98de35d7437c0
638333719126144,family_light_thin,thin_from_below,2032,1,True,,9.0,3,6.0046607696521175,private_family,Columbia;Hamilton;Suwannee,3,28217d452e5ad9e5
638333719126144,family_uneven_aged_selection,selection_harvest,2037;2052;2067,3,True,,9.0,3,6.0046607696521175,private_family,Columbia;Hamilton;Suwannee,3,c8feeb5b9afdfa62
638333719126144,hardwood_clearcut_regen,clearcut,2067,1,True,hardwood_regen,9.0,2,0.8895793732817951,private_industrial,Hamilton;Suwannee,3,887d665bc994ebaf
638333719126144,no_management,no_management,,0,False,,9.0,7,7.33902982957481,federal;local;private_family;private_industrial,Columbia;Hamilton;Suwannee,3,e95407fdc791787a
638333719126144,public_selection_light,selection_harvest,2032;2042;2052;2062,4,True,,9.0,2,0.4447896866408976,federal;local,Columbia;Hamilton,3,2480c480d1ae6d8a
638333719126144,public_thin_restore,thin_from_below_repeated,2027;2042;2057,3,True,,9.0,2,0.4447896866408976,federal;local,Columbia;Hamilton,3,66d5d9cd24c5a2c8
638333749126144,family_light_thin,thin_from_below,2032,1,True,,30.0,3,28.02175025837655,private_family,Baker;Columbia;Union,3,d3843945f7a1e221
638333749126144,family_uneven_aged_selection,selection_harvest,2037;2052;2067,3,True,,30.0,3,28.02175025837655,private_family,Baker;Columbia;Union,3,6527cbe537ab034b
638333749126144,no_management,no_management,,0,False,,30.0,9,129.4337988125012,federal;local;private_family;private_industrial;state,Baker;Columbia;Union,3,3847aae8171ad05d
638333749126144,pine_plantation_long_rotation,clearcut,2027,1,True,planted_pine_regen,30.0,6,73.835087982389,private_family;private_industrial;state,Baker;Columbia;Union,3,dfcbba6b700d5647
638333749126144,pine_plantation_short_rotation,clearcut,2027,1,True,planted_pine_regen,30.0,2,45.590942880692,private_industrial,Baker;Columbia,3,dfcbba6b700d5647
638333749126144,public_selection_light,selection_harvest,2032;2042;2052;2062,4,True,,30.0,4,55.82110567343265,federal;local;state,Baker;Columbia,3,37515ba9b38a2cc5
638333749126144,public_thin_restore,thin_from_below_repeated,2027;2042;2057,3,True,,30.0,4,55.82110567343265,federal;local;state,Baker;Columbia,3,b27fd9ab03b94824
638333771126144,family_light_thin,thin_from_below,2032,1,True,,51.0,3,2.223948433204488,private_family,Columbia;Hamilton;Suwannee,3,e6a170357d693af8
638333771126144,family_uneven_aged_selection,selection_harvest,2037;2052;2067,3,True,,51.0,3,2.223948433204488,private_family,Columbia;Hamilton;Suwannee,3,0920d8ca0d54c580
638333771126144,no_management,no_management,,0,False,,51.0,3,2.223948433204488,private_family,Columbia;Hamilton;Suwannee,3,58364f423a66d7d8
638333793126144,family_light_thin,thin_from_below,2032,1,True,,2.0,3,2.6687381198453854,private_family,Columbia;Hamilton;Suwannee,3,4bed526929911d97
638333793126144,family_uneven_aged_selection,selection_harvest,2037;2052;2067,3,True,,2.0,3,2.6687381198453854,private_family,Columbia;Hamilton;Suwannee,3,9d710ae8ea73273b
638333793126144,hardwood_clearcut_regen,clearcut,2072,1,True,hardwood_regen,2.0,1,0.2223948433204488,private_industrial,Columbia,3,f959cefdcc9c55b9
638333793126144,no_management,no_management,,0,False,,2.0,4,2.891132963165834,private_family;private_industrial,Columbia;Hamilton;Suwannee,3,e9613cd965c1c2d0
638333809126144,family_light_thin,thin_from_below,2032,1,True,,24.0,2,1.5567639032431415,private_family,Baker;Suwannee,3,da7848ac07f2a313
638333809126144,family_uneven_aged_selection,selection_harvest,2037;2052;2067,3,True,,24.0,2,1.5567639032431415,private_family,Baker;Suwannee,3,4108ad36ab7a803c
638333809126144,no_management,no_management,,0,False,,24.0,5,6.449450456293015,federal;private_family;private_industrial,Baker;Columbia;Suwannee,3,4f15c8809fce8cf6
638333809126144,pine_plantation_long_rotation,plantation_rotation,2027;2037,2,True,planted_pine_regen,24.0,4,4.225502023088527,private_family;private_industrial,Baker;Columbia;Suwannee,3,282991bc5c7dbed4
638333809126144,pine_plantation_short_rotation,clearcut,2027,1,True,planted_pine_regen,24.0,2,2.6687381198453854,private_industrial,Columbia;Suwannee,3,c272d0989f4f2da5
638333809126144,public_selection_light,selection_harvest,2032;2042;2052;2062,4,True,,24.0,1,2.223948433204488,federal,Columbia,3,57d1960c7a2111a0
638333809126144,public_thin_restore,thin_from_below_repeated,2027;2042;2057,3,True,,24.0,1,2.223948433204488,federal,Columbia,3,4c96957be72384d4
638333840126144,family_light_thin,thin_from_below,2032,1,True,,55.0,2,1.5567639032431415,private_family,Columbia;Union,3,b9d1a174b133e2f2
638333840126144,family_uneven_aged_selection,selection_harvest,2037;2052;2067,3,True,,55.0,2,1.5567639032431415,private_family,Columbia;Union,3,6cb5c1af9a0f28af
638333840126144,no_management,no_management,,0,False,,55.0,2,1.5567639032431415,private_family,Columbia;Union,3,f63546638022073f
638333844126144,family_light_thin,thin_from_below,2032,1,True,,5.0,5,19478.674747064826,private_family,Baker;Columbia;Hamilton;Suwannee;Union,3,cf98a2b491fe9d50
638333844126144,family_uneven_aged_selection,selection_harvest,2037;2052;2067,3,True,,5.0,5,19478.674747064826,private_family,Baker;Columbia;Hamilton;Suwannee;Union,3,093e5b7aebf13380
638333844126144,no_management,no_management,,0,False,,5.0,21,29115.265702983193,federal;local;private_family;private_industrial;state,Baker;Columbia;Hamilton;Suwannee;Union,3,aa832f88d2df5204
638333844126144,pine_plantation_long_rotation,plantation_rotation,2037;2052,2,True,planted_pine_regen,5.0,14,28288.624070361086,private_family;private_industrial;state,Baker;Columbia;Hamilton;Suwannee;Union,3,f64ac714ba16e6ef
638333844126144,pine_plantation_short_rotation,plantation_rotation,2032;2042,2,True,planted_pine_regen,5.0,5,8414.531291872501,private_industrial,Baker;Columbia;Hamilton;Suwannee;Union,3,45681a6af2e6d9c3
638333844126144,public_selection_light,selection_harvest,2032;2042;2052;2062,4,True,,5.0,11,1222.0596640458662,federal;local;state,Baker;Columbia;Hamilton;Suwannee;Union,3,016550f952eeff31
638333844126144,public_thin_restore,thin_from_below_repeated,2027;2042;2057,3,True,,5.0,11,1222.0596640458662,federal;local;state,Baker;Columbia;Hamilton;Suwannee;Union,3,e57ddf6c5db8d51b
638333845126144,family_light_thin,thin_from_below,2032,1,True,,5.0,1,626.0414839470633,private_family,Baker,3,31696a308fdcf360
638333845126144,family_uneven_aged_selection,selection_harvest,2037;2052;2067,3,True,,5.0,1,626.0414839470633,private_family,Baker,3,900318075c8420c9
638333845126144,no_management,no_management,,0,False,,5.0,4,1838.0933800435093,local;private_family;private_industrial,Baker;Columbia,3,1ba28ae9feafb516
638333845126144,pine_plantation_long_rotation,plantation_rotation,2037;2052,2,True,planted_pine_regen,5.0,3,1739.1276747659097,private_family;private_industrial,Baker;Columbia,3,af55b087439ffc72
638333845126144,pine_plantation_short_rotation,plantation_rotation,2032;2042,2,True,planted_pine_regen,5.0,2,1113.0861908188463,private_industrial,Baker;Columbia,3,a4b161eb74b918a7
638333845126144,public_selection_light,selection_harvest,2032;2042;2052;2062,4,True,,5.0,1,98.96570527759971,local,Baker,3,6f1ea9911b6dbfb6
638333845126144,public_thin_restore,thin_from_below_repeated,2027;2042;2057,3,True,,5.0,1,98.96570527759971,local,Baker,3,a89c74adee1b98f2
638333866126144,family_light_thin,thin_from_below,2032,1,True,,4.0,4,438.78502587124547,private_family,Baker;Columbia;Hamilton;Suwannee,3,d30ce6d8ee74cbb2
638333866126144,family_uneven_aged_selection,selection_harvest,2037;2052;2067,3,True,,4.0,4,438.78502587124547,private_family,Baker;Columbia;Hamilton;Suwannee,3,cfa2cbb0f51b6574
638333866126144,no_management,no_management,,0,False,,4.0,9,726.7863479712266,local;private_family;private_industrial,Baker;Columbia;Hamilton;Suwannee,3,d138710a2411e95c
638333866126144,pine_plantation_long_rotation,plantation_rotation,2037;2057,2,True,planted_pine_regen,4.0,7,721.6712665748563,private_family;private_industrial,Baker;Columbia;Hamilton;Suwannee,3,40a0a557a137e163
638333866126144,pine_plantation_short_rotation,plantation_rotation,2037;2047,2,True,planted_pine_regen,4.0,3,282.88624070361084,private_industrial,Columbia;Hamilton;Suwannee,3,859c442211d774c9
638333866126144,public_selection_light,selection_harvest,2032;2042;2052;2062,4,True,,4.0,2,5.115081396370321,local,Columbia;Suwannee,3,5c3afa4608c2480e
638333866126144,public_thin_restore,thin_from_below_repeated,2027;2042;2057,3,True,,4.0,2,5.115081396370321,local,Columbia;Suwannee,3,063bf1bf7938db5f
638333868126144,family_light_thin,thin_from_below,2032,1,True,,10.0,3,6.0046607696521175,private_family,Columbia;Suwannee;Union,3,e08ed7bfedcf8273
638333868126144,family_uneven_aged_selection,selection_harvest,2037;2052;2067,3,True,,10.0,3,6.0046607696521175,private_family,Columbia;Suwannee;Union,3,39623f460657b334
638333868126144,no_management,no_management,,0,False,,10.0,6,8.673398889497502,local;private_family;private_industrial,Columbia;Suwannee;Union,3,00fa514f7bd3c678
638333868126144,pine_plantation_long_rotation,plantation_rotation,2032;2047,2,True,planted_pine_regen,10.0,5,8.451004046177054,private_family;private_industrial,Columbia;Suwannee;Union,3,f6849e90838c3202
638333868126144,pine_plantation_short_rotation,plantation_rotation,2027;2037,2,True,planted_pine_regen,10.0,2,2.4463432765249364,private_industrial,Suwannee;Union,3,58cbf36aea81e95d
638333868126144,public_selection_light,selection_harvest,2032;2042;2052;2062,4,True,,10.0,1,0.2223948433204488,local,Suwannee,3,836bef1dd2c62f8b
638333868126144,public_thin_restore,thin_from_below_repeated,2027;2042;2057,3,True,,10.0,1,0.2223948433204488,local,Suwannee,3,22308673e5f3db8e
638333916126144,family_light_thin,thin_from_below,2032,1,True,,53.0,3,108.08389385373812,private_family,Columbia;Suwannee;Union,3,1ee8348b887e9d1c
638333916126144,family_uneven_aged_selection,selection_harvest,2037;2052;2067,3,True,,53.0,3,108.08389385373812,private_family,Columbia;Suwannee;Union,3,d0da1c61b0abe0ae
638333916126144,hardwood_clearcut_regen,clearcut,2027,1,True,hardwood_regen,53.0,2,26.9097760417743,private_industrial,Columbia;Suwannee,3,3cebbde10fd9ca19
638333916126144,no_management,no_management,,0,False,,53.0,7,135.4384595821533,local;private_family;private_industrial;state,Columbia;Suwannee;Union,3,0ad8d56b07d1f373
638333916126144,public_selection_light,selection_harvest,2032;2042;2052;2062,4,True,,53.0,2,0.4447896866408976,local;state,Columbia,3,9dbf41bc9aa1f782
638333916126144,public_thin_restore,thin_from_below_repeated,2027;2042;2057,3,True,,53.0,2,0.4447896866408976,local;state,Columbia,3,b254f2ae9ce4e550
638333941126144,family_light_thin,thin_from_below,2032,1,True,,42.0,1,85.17722499173189,private_family,Suwannee,3,32d6e0540a817d6c
638333941126144,family_uneven_aged_selection,selection_harvest,2037;2052;2067,3,True,,42.0,1,85.17722499173189,private_family,Suwannee,3,f50d030a4943d7ff
638333941126144,no_management,no_management,,0,False,,42.0,4,89.84751670146132,local;private_family;private_industrial;state,Suwannee,3,9cbbcd0fd6633003
638333941126144,pine_plantation_long_rotation,clearcut,2027,1,True,planted_pine_regen,42.0,3,89.62512185814087,private_family;private_industrial;state,Suwannee,3,16876a78f020f328
638333941126144,pine_plantation_short_rotation,clearcut,2027,1,True,planted_pine_regen,42.0,1,4.225502023088527,private_industrial,Suwannee,3,16876a78f020f328
638333941126144,public_selection_light,selection_harvest,2032;2042;2052;2062,4,True,,42.0,2,0.4447896866408976,local;state,Suwannee,3,876970ac33971fca
638333941126144,public_thin_restore,thin_from_below_repeated,2027;2042;2057,3,True,,42.0,2,0.4447896866408976,local;state,Suwannee,3,3ab95838423f9f92
638333973126144,family_light_thin,thin_from_below,2032,1,True,,44.0,2,0.6671845299613464,private_family,Columbia;Suwannee,3,23b03c745cdcee64
638333973126144,family_uneven_aged_selection,selection_harvest,2037;2052;2067,3,True,,44.0,2,0.6671845299613464,private_family,Columbia;Suwannee,3,fc1714edffdfa45e
638333973126144,no_management,no_management,,0,False,,44.0,2,0.6671845299613464,private_family,Columbia;Suwannee,3,41e73ba2dec583b9
638333974126144,no_management,no_management,,0,False,,12.0,1,1.7791587465635903,private_industrial,Baker,3,112b031a76e7d0c5
638333974126144,pine_plantation_long_rotation,plantation_rotation,2032;2047,2,True,planted_pine_regen,12.0,1,1.7791587465635903,private_industrial,Baker,3,7fdbffafeeb6ccf7
638333974126144,pine_plantation_short_rotation,plantation_rotation,2027;2037,2,True,planted_pine_regen,12.0,1,1.7791587465635903,private_industrial,Baker,3,3e54906defa39a3d
638333977126144,family_light_thin,thin_from_below,2032,1,True,,30.0,5,364.06035851557465,private_family,Baker;Columbia;Hamilton;Suwannee;Union,3,9fb258585bd4c08c
638333977126144,family_uneven_aged_selection,selection_harvest,2037;2052;2067,3,True,,30.0,5,364.06035851557465,private_family,Baker;Columbia;Hamilton;Suwannee;Union,3,4ca1052f92ad11ec
638333977126144,hardwood_clearcut_regen,clearcut,2042,1,True,hardwood_regen,30.0,4,63.382530346327904,private_industrial,Baker;Columbia;Hamilton;Union,3,ed885e96a7527449
638333977126144,no_management,no_management,,0,False,,30.0,18,453.6854803737155,federal;local;private_family;private_industrial;state,Baker;Columbia;Hamilton;Suwannee;Union,3,7f4a44745e1ea53b
638333977126144,public_selection_light,selection_harvest,2032;2042;2052;2062,4,True,,30.0,9,26.242591511812954,federal;local;state,Baker;Columbia;Hamilton;Suwannee;Union,3,467954299b75434c
638333977126144,public_thin_restore,thin_from_below_repeated,2027;2042;2057,3,True,,30.0,9,26.242591511812954,federal;local;state,Baker;Columbia;Hamilton;Suwannee;Union,3,22db9e2bad923b4d
638333983126144,family_light_thin,thin_from_below,2032,1,True,,105.0,1,39.80867695436033,private_family,Columbia,3,7361911799aaeeff
638333983126144,family_uneven_aged_selection,selection_harvest,2037;2052;2067,3,True,,105.0,1,39.80867695436033,private_family,Columbia,3,702f242df10e9320
638333983126144,hardwood_clearcut_regen,clearcut,2027,1,True,hardwood_regen,105.0,1,1.5567639032431415,private_industrial,Columbia,3,5e702bfab8412c6d
638333983126144,no_management,no_management,,0,False,,105.0,2,41.365440857603474,private_family;private_industrial,Columbia,3,1e8e77ccbfe3c8a0
638334109126144,family_light_thin,thin_from_below,2032,1,True,,91.0,3,214.83341864755354,private_family,Baker;Columbia;Hamilton,3,9328ec3640065fe9
638334109126144,family_uneven_aged_selection,selection_harvest,2037;2052;2067,3,True,,91.0,3,214.83341864755354,private_family,Baker;Columbia;Hamilton,3,1e465c2e8b07699a
638334109126144,no_management,no_management,,0,False,,91.0,10,1514.7312778555768,federal;local;private_family;private_industrial;state,Baker;Columbia;Hamilton,3,c0c07e9add9cc0e4
638334109126144,pine_plantation_long_rotation,clearcut,2027,1,True,planted_pine_regen,91.0,7,282.6638458602904,private_family;private_industrial;state,Baker;Columbia;Hamilton,3,57066e20ce63d549
638334109126144,pine_plantation_short_rotation,clearcut,2027,1,True,planted_pine_regen,91.0,3,66.49605815281419,private_industrial,Baker;Columbia;Hamilton,3,57066e20ce63d549
638334109126144,public_selection_light,selection_harvest,2032;2042;2052;2062,4,True,,91.0,4,1233.401801055209,federal;local;state,Baker;Columbia;Hamilton,3,02a1f0f38e2c1cae
638334109126144,public_thin_restore,thin_from_below_repeated,2027;2042;2057,3,True,,91.0,4,1233.401801055209,federal;local;state,Baker;Columbia;Hamilton,3,8576735cbf7b8b70
638334110126144,family_light_thin,thin_from_below,2032,1,True,,24.0,3,92.0714651346658,private_family,Baker;Columbia;Union,3,3301256c80c1922c
638334110126144,family_uneven_aged_selection,selection_harvest,2037;2052;2067,3,True,,24.0,3,92.0714651346658,private_family,Baker;Columbia;Union,3,983135bc7cd86136
638334110126144,no_management,no_management,,0,False,,24.0,9,146.3358069048553,federal;local;private_family;private_industrial;state,Baker;Columbia;Union,3,cf1f90734cef6190
638334110126144,pine_plantation_long_rotation,plantation_rotation,2027;2037,2,True,planted_pine_regen,24.0,6,99.41049496424061,private_family;private_industrial;state,Baker;Columbia;Union,3,61c48898bd4cc5d1
638334110126144,pine_plantation_short_rotation,clearcut,2027,1,True,planted_pine_regen,24.0,2,7.116634986254361,private_industrial,Baker;Columbia,3,acef7989fe0c95d2
638334110126144,public_selection_light,selection_harvest,2032;2042;2052;2062,4,True,,24.0,4,47.14770678393514,federal;local;state,Baker;Columbia;Union,3,ba9d945f56bc6bc8
638334110126144,public_thin_restore,thin_from_below_repeated,2027;2042;2057,3,True,,24.0,4,47.14770678393514,federal;local;state,Baker;Columbia;Union,3,4bcfb9fb33f0c377
638334127126144,no_management,no_management,,0,False,,22.0,1,3.5583174931271806,private_industrial,Baker,3,2f4f9720dac5541f
638334127126144,pine_plantation_long_rotation,plantation_rotation,2027;2037,2,True,planted_pine_regen,22.0,1,3.5583174931271806,private_industrial,Baker,3,6699ab2720e28298
638334127126144,pine_plantation_short_rotation,clearcut,2027,1,True,planted_pine_regen,22.0,1,3.5583174931271806,private_industrial,Baker,3,86956f0b0935eb76
638334191126144,hardwood_clearcut_regen,clearcut,2052,1,True,hardwood_regen,23.0,2,0.8895793732817951,private_industrial,Baker;Union,3,c937eb43e070f64b
638334191126144,no_management,no_management,,0,False,,23.0,2,0.8895793732817951,private_industrial,Baker;Union,3,20122773cb5037a2
638334208126144,family_light_thin,thin_from_below,2032,1,True,,36.0,3,453.90787521703595,private_family,Baker;Columbia;Union,3,cbbc63dc260989b7
638334208126144,family_uneven_aged_selection,selection_harvest,2037;2052;2067,3,True,,36.0,3,453.90787521703595,private_family,Baker;Columbia;Union,3,20f0e7663747e80c
638334208126144,hardwood_clearcut_regen,clearcut,2037,1,True,hardwood_regen,36.0,3,32.469647124785524,private_industrial,Baker;Columbia;Union,3,ef0b5392e446c375
638334208126144,no_management,no_management,,0,False,,36.0,8,487.0447068717828,private_family;private_industrial;state,Baker;Columbia;Union,3,6006f650ac0740f4
638334208126144,public_selection_light,selection_harvest,2032;2042;2052;2062,4,True,,36.0,2,0.6671845299613464,state,Columbia;Union,3,d650aaf1569a31b1
638334208126144,public_thin_restore,thin_from_below_repeated,2027;2042;2057,3,True,,36.0,2,0.6671845299613464,state,Columbia;Union,3,729879ce80daa662
638334218126144,family_light_thin,thin_from_below,2032,1,True,,113.0,1,0.6671845299613464,private_family,Columbia,3,7429eaf33459daac
638334218126144,family_uneven_aged_selection,selection_harvest,2037;2052;2067,3,True,,113.0,1,0.6671845299613464,private_family,Columbia,3,12a6a82245a61953
638334218126144,no_management,no_management,,0,False,,113.0,2,1.7791587465635903,private_family;state,Columbia,3,62685af8758971fb
638334218126144,public_selection_light,selection_harvest,2032;2042;2052;2062,4,True,,113.0,1,1.111974216602244,state,Columbia,3,0a3aba363ac6b52f
638334218126144,public_thin_restore,thin_from_below_repeated,2027;2042;2057,3,True,,113.0,1,1.111974216602244,state,Columbia,3,76b81485cc9b9a1d
638334272126144,family_light_thin,thin_from_below,2032,1,True,,18.0,5,923.6057843098238,private_family,Baker;Columbia;Hamilton;Suwannee;Union,3,8ab3258fbef69f24
638334272126144,family_uneven_aged_selection,selection_harvest,2037;2052;2067,3,True,,18.0,5,923.6057843098238,private_family,Baker;Columbia;Hamilton;Suwannee;Union,3,3cbb97e3681c4c51
638334272126144,hardwood_clearcut_regen,clearcut,2057,1,True,hardwood_regen,18.0,5,177.69347981303858,private_industrial,Baker;Columbia;Hamilton;Suwannee;Union,3,859f7d8057634a82
638334272126144,no_management,no_management,,0,False,,18.0,18,1155.3412110497316,federal;local;private_family;private_industrial;state,Baker;Columbia;Hamilton;Suwannee;Union,3,4787b15943c7b339
638334272126144,public_selection_light,selection_harvest,2032;2042;2052;2062,4,True,,18.0,8,54.04194692686905,federal;local;state,Baker;Columbia;Hamilton;Suwannee;Union,3,6670baa902c5cdf8
638334272126144,public_thin_restore,thin_from_below_repeated,2027;2042;2057,3,True,,18.0,8,54.04194692686905,federal;local;state,Baker;Columbia;Hamilton;Suwannee;Union,3,d4c05e55e18e3ea9
638334300126144,family_light_thin,thin_from_below,2032,1,True,,12.0,3,547.091314568304,private_family,Columbia;Suwannee;Union,3,c215f89c2b59b9df
638334300126144,family_uneven_aged_selection,selection_harvest,2037;2052;2067,3,True,,12.0,3,547.091314568304,private_family,Columbia;Suwannee;Union,3,f47d2d4519d8104d
638334300126144,no_management,no_management,,0,False,,12.0,6,667.1845299613464,private_family;private_industrial,Columbia;Suwannee;Union,3,eecbbe57daf922de
638334300126144,pine_plantation_long_rotation,plantation_rotation,2032;2047,2,True,planted_pine_regen,12.0,6,667.1845299613464,private_family;private_industrial,Columbia;Suwannee;Union,3,0abf7a39a3e12055
638334300126144,pine_plantation_short_rotation,plantation_rotation,2027;2037,2,True,planted_pine_regen,12.0,3,120.09321539304236,private_industrial,Columbia;Suwannee;Union,3,e40239cc604d4f88
638334307126144,family_light_thin,thin_from_below,2032,1,True,,73.0,5,6.449450456293015,private_family,Baker;Columbia;Hamilton;Suwannee;Union,3,2c58f54f89d13272
638334307126144,family_uneven_aged_selection,selection_harvest,2037;2052;2067,3,True,,73.0,5,6.449450456293015,private_family,Baker;Columbia;Hamilton;Suwannee;Union,3,54a0fd63c2577e36
638334307126144,hardwood_clearcut_regen,clearcut,2027,1,True,hardwood_regen,73.0,4,8.673398889497502,private_industrial,Baker;Columbia;Hamilton;Suwannee,3,919dd792611e9a07
638334307126144,no_management,no_management,,0,False,,73.0,13,16.45721840571321,federal;local;private_family;private_industrial,Baker;Columbia;Hamilton;Suwannee;Union,3,34278491b6e39c07
638334307126144,public_selection_light,selection_harvest,2032;2042;2052;2062,4,True,,73.0,4,1.3343690599226927,federal;local,Baker;Columbia;Suwannee,3,ec93349ded248726
638334307126144,public_thin_restore,thin_from_below_repeated,2027;2042;2057,3,True,,73.0,4,1.3343690599226927,federal;local,Baker;Columbia;Suwannee,3,9caecb273efe7b5f
638334315126144,family_light_thin,thin_from_below,2032,1,True,,22.0,3,2483.7056102027723,private_family,Columbia;Suwannee;Union,3,ba751abc085892ec
638334315126144,family_uneven_aged_selection,selection_harvest,2037;2052;2067,3,True,,22.0,3,2483.7056102027723,private_family,Columbia;Suwannee;Union,3,1617282b6b8aaad0
638334315126144,no_management,no_management,,0,False,,22.0,10,3054.8155678496846,local;private_family;private_industrial;state,Columbia;Suwannee;Union,3,fdcb725448fd56ea
638334315126144,pine_plantation_long_rotation,plantation_rotation,2027;2037,2,True,planted_pine_regen,22.0,8,2974.5310294110027,private_family;private_industrial;state,Columbia;Suwannee;Union,3,363c8b70e46b2d3f
638334315126144,pine_plantation_short_rotation,clearcut,2027,1,True,planted_pine_regen,22.0,3,483.04159969201476,private_industrial,Columbia;Suwannee;Union,3,bd7bd463c10e5499
638334315126144,public_selection_light,selection_harvest,2032;2042;2052;2062,4,True,,22.0,4,88.06835795489772,local;state,Columbia;Suwannee,3,b371e1791f9ded90
638334315126144,public_thin_restore,thin_from_below_repeated,2027;2042;2057,3,True,,22.0,4,88.06835795489772,local;state,Columbia;Suwannee,3,61f4c5fd9161fc37
638334324126144,family_light_thin,thin_from_below,2032,1,True,,46.0,4,379.1832078613652,private_family,Baker;Columbia;Suwannee;Union,3,ca76a1e5fc435f3e
638334324126144,family_uneven_aged_selection,selection_harvest,2037;2052;2067,3,True,,46.0,4,379.1832078613652,private_family,Baker;Columbia;Suwannee;Union,3,a435003b429966dc
638334324126144,hardwood_clearcut_regen,clearcut,2027,1,True,hardwood_regen,46.0,4,119.20363601976055,private_industrial,Baker;Columbia;Suwannee;Union,3,10e10f88efb7ea56
638334324126144,no_management,no_management,,0,False,,46.0,15,577.5594081032056,federal;local;private_family;private_industrial;state,Baker;Columbia;Suwannee;Union,3,21a4e4c1b39bbf5a
638334324126144,public_selection_light,selection_harvest,2032;2042;2052;2062,4,True,,46.0,7,79.17256422207977,federal;local;state,Baker;Columbia;Suwannee;Union,3,199089abef0e2fb2
638334324126144,public_thin_restore,thin_from_below_repeated,2027;2042;2057,3,True,,46.0,7,79.17256422207977,federal;local;state,Baker;Columbia;Suwannee;Union,3,9d84a7eb4e1e0e6f
638334334126144,family_light_thin,thin_from_below,2032,1,True,,17.0,1,19.793141055519943,private_family,Baker,3,a93763954caf1a7d
638334334126144,family_uneven_aged_selection,selection_harvest,2037;2052;2067,3,True,,17.0,1,19.793141055519943,private_family,Baker,3,8931a590b64fdc9a
638334334126144,no_management,no_management,,0,False,,17.0,2,378.5160233314038,private_family;private_industrial,Baker,3,658235fb9f2e5a5c
638334334126144,pine_plantation_long_rotation,plantation_rotation,2027;2042,2,True,planted_pine_regen,17.0,2,378.5160233314038,private_family;private_industrial,Baker,3,72efe3c879b2680b
638334334126144,pine_plantation_short_rotation,plantation_rotation,2027;2032,2,True,planted_pine_regen,17.0,1,358.7228822758839,private_industrial,Baker,3,6bdb5ca465db1703
638334339126144,family_light_thin,thin_from_below,2032,1,True,,21.0,5,696.3182544363251,private_family,Baker;Columbia;Hamilton;Suwannee;Union,3,691b14bfeb1024f9
638334339126144,family_uneven_aged_selection,selection_harvest,2037;2052;2067,3,True,,21.0,5,696.3182544363251,private_family,Baker;Columbia;Hamilton;Suwannee;Union,3,e0f8ecd16726d8f0
638334339126144,hardwood_clearcut_regen,clearcut,2052,1,True,hardwood_regen,21.0,5,754.5857033862828,private_industrial,Baker;Columbia;Hamilton;Suwannee;Union,3,752997703a15a0df
638334339126144,no_management,no_management,,0,False,,21.0,19,1468.695545288244,federal;local;private_family;private_industrial;state,Baker;Columbia;Hamilton;Suwannee;Union,3,83730dfb51079b26
638334339126144,public_selection_light,selection_harvest,2032;2042;2052;2062,4,True,,21.0,9,17.791587465635903,federal;local;state,Baker;Columbia;Hamilton;Suwannee,3,05dc7a4c39b54d66
638334339126144,public_thin_restore,thin_from_below_repeated,2027;2042;2057,3,True,,21.0,9,17.791587465635903,federal;local;state,Baker;Columbia;Hamilton;Suwannee,3,6ba33bf545696154
638334343126144,family_light_thin,thin_from_below,2032,1,True,,90.0,4,1377.5136595268598,private_family,Baker;Columbia;Hamilton;Union,3,2a3777a1b304f61b
638334343126144,family_uneven_aged_selection,selection_harvest,2037;2052;2067,3,True,,90.0,4,1377.5136595268598,private_family,Baker;Columbia;Hamilton;Union,3,fd323993d9ef0776
638334343126144,hardwood_clearcut_regen,clearcut,2027,1,True,hardwood_regen,90.0,4,197.93141055519942,private_industrial,Baker;Columbia;Hamilton;Suwannee,3,8bdf509393b90ad8
638334343126144,no_management,no_management,,0,False,,90.0,11,3058.8186750294526,federal;local;private_family;private_industrial,Baker;Columbia;Hamilton;Suwannee;Union,3,8ef11a66c8c9b328
638334343126144,public_selection_light,selection_harvest,2032;2042;2052;2062,4,True,,90.0,3,1483.3736049473935,federal;local,Baker;Columbia,3,063f5b312430e2bb
638334343126144,public_thin_restore,thin_from_below_repeated,2027;2042;2057,3,True,,90.0,3,1483.3736049473935,federal;local,Baker;Columbia,3,8713b96eab751db3
638334348126144,family_light_thin,thin_from_below,2032,1,True,,85.0,3,150.56130892794383,private_family,Columbia;Suwannee;Union,3,ac462ee90d54cb40
638334348126144,family_uneven_aged_selection,selection_harvest,2037;2052;2067,3,True,,85.0,3,150.56130892794383,private_family,Columbia;Suwannee;Union,3,a46e6eb655560a41
638334348126144,hardwood_clearcut_regen,clearcut,2027,1,True,hardwood_regen,85.0,2,26.687381198453856,private_industrial,Columbia;Suwannee,3,5fd574a6155fac83
638334348126144,no_management,no_management,,0,False,,85.0,8,181.4741921494862,local;private_family;private_industrial;state,Columbia;Suwannee;Union,3,0ac3c870ffb9210d
638334348126144,public_selection_light,selection_harvest,2032;2042;2052;2062,4,True,,85.0,3,4.225502023088527,local;state,Columbia;Suwannee,3,59aff89d6fe3adb4
638334348126144,public_thin_restore,thin_from_below_repeated,2027;2042;2057,3,True,,85.0,3,4.225502023088527,local;state,Columbia;Suwannee,3,7ba935238a8a1373
638334353126144,family_light_thin,thin_from_below,2032,1,True,,65.0,3,377.84883880144247,private_family,Columbia;Suwannee;Union,3,be1447cfc7f6cbbf
638334353126144,family_uneven_aged_selection,selection_harvest,2037;2052;2067,3,True,,65.0,3,377.84883880144247,private_family,Columbia;Suwannee;Union,3,3495c77ff7f17439
638334353126144,hardwood_clearcut_regen,clearcut,2027,1,True,hardwood_regen,65.0,3,36.9175439911945,private_industrial,Columbia;Suwannee;Union,3,7a73bd5d450d19ba
638334353126144,no_management,no_management,,0,False,,65.0,9,417.6575157558028,local;private_family;private_industrial;state,Columbia;Suwannee;Union,3,8cea83fe7c5b05bf
638334353126144,public_selection_light,selection_harvest,2032;2042;2052;2062,4,True,,65.0,3,2.891132963165834,local;state,Columbia;Suwannee,3,437b338032a308d6
638334353126144,public_thin_restore,thin_from_below_repeated,2027;2042;2057,3,True,,65.0,3,2.891132963165834,local;state,Columbia;Suwannee,3,110d60aceb88d478
638334380126144,family_light_thin,thin_from_below,2032,1,True,,75.0,4,167.46331702029795,private_family,Columbia;Hamilton;Suwannee;Union,3,9c1a35b20c1fa2bf
638334380126144,family_uneven_aged_selection,selection_harvest,2037;2052;2067,3,True,,75.0,4,167.46331702029795,private_family,Columbia;Hamilton;Suwannee;Union,3,06e0451dcdd3b958
638334380126144,hardwood_clearcut_regen,clearcut,2027,1,True,hardwood_regen,75.0,4,18.01398230895635,private_industrial,Columbia;Hamilton;Suwannee;Union,3,fe6b01714422b18d
638334380126144,no_management,no_management,,0,False,,75.0,12,191.70435494222684,federal;local;private_family;private_industrial;state,Columbia;Hamilton;Suwannee;Union,3,f3c6f35c60b39e42
638334380126144,public_selection_light,selection_harvest,2032;2042;2052;2062,4,True,,75.0,4,6.227055612972566,federal;local;state,Columbia;Hamilton,3,57de507bea5c67e3
638334380126144,public_thin_restore,thin_from_below_repeated,2027;2042;2057,3,True,,75.0,4,6.227055612972566,federal;local;state,Columbia;Hamilton,3,fe08a14f0180254d
638334475126144,hardwood_clearcut_regen,clearcut,2027,1,True,hardwood_regen,52.0,1,0.2223948433204488,private_industrial,Columbia,3,cabef1fc7ab7c7d0
638334475126144,no_management,no_management,,0,False,,52.0,1,0.2223948433204488,private_industrial,Columbia,3,f43249e78579c824
638334482126144,family_light_thin,thin_from_below,2032,1,True,,97.0,1,0.2223948433204488,private_family,Columbia,3,270b10ca6bb89ea1
638334482126144,family_uneven_aged_selection,selection_harvest,2037;2052;2067,3,True,,97.0,1,0.2223948433204488,private_family,Columbia,3,5b2998a03c59d467
638334482126144,no_management,no_management,,0,False,,97.0,2,0.4447896866408976,private_family;private_industrial,Columbia;Hamilton,3,084b2bbb9aae658c
638334482126144,pine_plantation_long_rotation,clearcut,2027,1,True,planted_pine_regen,97.0,2,0.4447896866408976,private_family;private_industrial,Columbia;Hamilton,3,2b3fee8e687fb695
638334482126144,pine_plantation_short_rotation,clearcut,2027,1,True,planted_pine_regen,97.0,1,0.2223948433204488,private_industrial,Hamilton,3,2b3fee8e687fb695
638334483126144,family_light_thin,thin_from_below,2032,1,True,,37.0,1,1032.1344678502028,private_family,Hamilton,3,f590a7ec8a0a3d78
638334483126144,family_uneven_aged_selection,selection_harvest,2037;2052;2067,3,True,,37.0,1,1032.1344678502028,private_family,Hamilton,3,92fc737204fc45f0
638334483126144,hardwood_clearcut_regen,clearcut,2037,1,True,hardwood_regen,37.0,1,189.25801166570193,private_industrial,Hamilton,3,155432c95cd2c29c
638334483126144,no_management,no_management,,0,False,,37.0,5,1239.1840669815406,federal;local;private_family;private_industrial;state,Hamilton,3,ede9201acbf40ea3
638334483126144,public_selection_light,selection_harvest,2032;2042;2052;2062,4,True,,37.0,3,17.791587465635903,federal;local;state,Hamilton,3,d679714d5961a425
638334483126144,public_thin_restore,thin_from_below_repeated,2027;2042;2057,3,True,,37.0,3,17.791587465635903,federal;local;state,Hamilton,3,3e57a8414e5e98ac
638334487126144,family_light_thin,thin_from_below,2032,1,True,,16.0,1,128.9890091258603,private_family,Hamilton,3,b8e4e6caaca218d2
638334487126144,family_uneven_aged_selection,selection_harvest,2037;2052;2067,3,True,,16.0,1,128.9890091258603,private_family,Hamilton,3,d80ba403102de409
638334487126144,no_management,no_management,,0,False,,16.0,3,170.1320551401433,private_family;private_industrial,Columbia;Hamilton,3,c09817ca48bc70d7
638334487126144,pine_plantation_long_rotation,plantation_rotation,2027;2042,2,True,planted_pine_regen,16.0,3,170.1320551401433,private_family;private_industrial,Columbia;Hamilton,3,f2850b22ca453797
638334487126144,pine_plantation_short_rotation,plantation_rotation,2027;2032,2,True,planted_pine_regen,16.0,2,41.14304601428302,private_industrial,Columbia;Hamilton,3,df50a83be1f80910
638334488126144,family_light_thin,thin_from_below,2032,1,True,,16.0,4,1609.6938759534082,private_family,Baker;Columbia;Hamilton;Suwannee,3,a15391f41b5d6af8
638334488126144,family_uneven_aged_selection,selection_harvest,2037;2052;2067,3,True,,16.0,4,1609.6938759534082,private_family,Baker;Columbia;Hamilton;Suwannee,3,c7f2f2ce2e9176a4
638334488126144,hardwood_clearcut_regen,clearcut,2057,1,True,hardwood_regen,16.0,4,548.2032887849062,private_industrial,Baker;Columbia;Hamilton;Suwannee,3,4eaf788ceeb08729
638334488126144,no_management,no_management,,0,False,,16.0,16,2228.1739352275763,federal;local;private_family;private_industrial;state,Baker;Columbia;Hamilton;Suwannee,3,ebc0a8f66fe06c33
638334488126144,public_selection_light,selection_harvest,2032;2042;2052;2062,4,True,,16.0,8,70.27677048926182,federal;local;state,Baker;Columbia;Hamilton;Suwannee,3,5302136a51abb379
638334488126144,public_thin_restore,thin_from_below_repeated,2027;2042;2057,3,True,,16.0,8,70.27677048926182,federal;local;state,Baker;Columbia;Hamilton;Suwannee,3,2ba5518374fcd9fd
638334495126144,family_light_thin,thin_from_below,2032,1,True,,29.0,4,6886.011533731055,private_family,Baker;Columbia;Hamilton;Suwannee,3,7dec6a3962a28abf
638334495126144,family_uneven_aged_selection,selection_harvest,2037;2052;2067,3,True,,29.0,4,6886.011533731055,private_family,Baker;Columbia;Hamilton;Suwannee,3,820181bca858cefd
638334495126144,no_management,no_management,,0,False,,29.0,17,18170.325883810627,federal;local;private_family;private_industrial;state,Baker;Columbia;Hamilton;Suwannee,3,74c607d28267f966
638334495126144,pine_plantation_long_rotation,plantation_rotation,2027;2032,2,True,planted_pine_regen,29.0,11,15217.81194388835,private_family;private_industrial;state,Baker;Columbia;Hamilton;Suwannee,3,b269bdfdb5f10f9f
638334495126144,pine_plantation_short_rotation,clearcut,2027,1,True,planted_pine_regen,29.0,4,8280.42720135027,private_industrial,Baker;Columbia;Hamilton;Suwannee,3,7e95c6c593c9222e
638334495126144,public_selection_light,selection_harvest,2032;2042;2052;2062,4,True,,29.0,9,3003.8871487293018,federal;local;state,Baker;Columbia;Hamilton;Suwannee,3,5a5e06c64a786ee3
638334495126144,public_thin_restore,thin_from_below_repeated,2027;2042;2057,3,True,,29.0,9,3003.8871487293018,federal;local;state,Baker;Columbia;Hamilton;Suwannee,3,baf7ee0a0ea7fdb9
638334496126144,family_light_thin,thin_from_below,2032,1,True,,7.0,5,4086.5052460132465,private_family,Baker;Columbia;Hamilton;Suwannee;Union,3,a97cc0974ce4da80
638334496126144,family_uneven_aged_selection,selection_harvest,2037;2052;2067,3,True,,7.0,5,4086.5052460132465,private_family,Baker;Columbia;Hamilton;Suwannee;Union,3,3d2734d5932523b2
638334496126144,hardwood_clearcut_regen,clearcut,2067,1,True,hardwood_regen,7.0,4,2990.5434581300747,private_industrial,Baker;Columbia;Hamilton;Suwannee,3,910e7dae12e96b6c
638334496126144,no_management,no_management,,0,False,,7.0,18,7501.822854885379,federal;local;private_family;private_industrial;state,Baker;Columbia;Hamilton;Suwannee;Union,3,d1b316518ac7769d
638334496126144,public_selection_light,selection_harvest,2032;2042;2052;2062,4,True,,7.0,9,424.7741507420572,federal;local;state,Baker;Columbia;Hamilton;Suwannee;Union,3,7e8857da1e9d9f4a
638334496126144,public_thin_restore,thin_from_below_repeated,2027;2042;2057,3,True,,7.0,9,424.7741507420572,federal;local;state,Baker;Columbia;Hamilton;Suwannee;Union,3,fe8ff8b0ff50c789
638334519126144,family_light_thin,thin_from_below,2032,1,True,,12.0,3,1.111974216602244,private_family,Baker;Columbia;Suwannee,3,40aca8ff4a6ff1c4
638334519126144,family_uneven_aged_selection,selection_harvest,2037;2052;2067,3,True,,12.0,3,1.111974216602244,private_family,Baker;Columbia;Suwannee,3,4f27e2f2754aa9ac
638334519126144,hardwood_clearcut_regen,clearcut,2062,1,True,hardwood_regen,12.0,2,0.8895793732817951,private_industrial,Columbia;Hamilton,3,bbb9a03176e332af
638334519126144,no_management,no_management,,0,False,,12.0,5,2.001553589884039,private_family;private_industrial,Baker;Columbia;Hamilton;Suwannee,3,af83fe57e1d40d64
638334523126144,family_light_thin,thin_from_below,2032,1,True,,80.0,2,1.5567639032431415,private_family,Columbia;Hamilton,3,9e8ab7273b497766
638334523126144,family_uneven_aged_selection,selection_harvest,2037;2052;2067,3,True,,80.0,2,1.5567639032431415,private_family,Columbia;Hamilton,3,b3b27c476a2d1a08
638334523126144,hardwood_clearcut_regen,clearcut,2027,1,True,hardwood_regen,80.0,2,1.111974216602244,private_industrial,Columbia;Hamilton,3,1435266ee82c4ded
638334523126144,no_management,no_management,,0,False,,80.0,7,19.570746212199495,federal;local;private_family;private_industrial,Baker;Columbia;Hamilton,3,216acc75ca758b15
638334523126144,public_selection_light,selection_harvest,2032;2042;2052;2062,4,True,,80.0,3,16.90200809235411,federal;local,Baker;Columbia,3,ef6187155c25240f
638334523126144,public_thin_restore,thin_from_below_repeated,2027;2042;2057,3,True,,80.0,3,16.90200809235411,federal;local,Baker;Columbia,3,459abd73933a3621
638334542126144,family_light_thin,thin_from_below,2032,1,True,,46.0,1,0.2223948433204488,private_family,Union,3,a78b37eb0e9e3291
638334542126144,family_uneven_aged_selection,selection_harvest,2037;2052;2067,3,True,,46.0,1,0.2223948433204488,private_family,Union,3,d810b89180b1752f
638334542126144,no_management,no_management,,0,False,,46.0,1,0.2223948433204488,private_family,Union,3,4774cb19948e6fae
638334544126144,family_light_thin,thin_from_below,2032,1,True,,48.0,2,38.91909758107854,private_family,Columbia;Union,3,b884b5eb3ce0802a
638334544126144,family_uneven_aged_selection,selection_harvest,2037;2052;2067,3,True,,48.0,2,38.91909758107854,private_family,Columbia;Union,3,692d182ad7252aa9
638334544126144,hardwood_clearcut_regen,clearcut,2027,1,True,hardwood_regen,48.0,1,6.227055612972566,private_industrial,Union,3,aaee58cae69c65ce
638334544126144,no_management,no_management,,0,False,,48.0,4,48.92686553049874,private_family;private_industrial;state,Columbia;Union,3,b4b328be1384f493
638334544126144,public_selection_light,selection_harvest,2032;2042;2052;2062,4,True,,48.0,1,3.780712336447629,state,Union,3,ef0156c5212f358f
638334544126144,public_thin_restore,thin_from_below_repeated,2027;2042;2057,3,True,,48.0,1,3.780712336447629,state,Union,3,e7ba96f9cfc04f72
638334555126144,family_light_thin,thin_from_below,2032,1,True,,32.0,2,176.58150559643633,private_family,Columbia;Union,3,89de4f1cfcd95c98
638334555126144,family_uneven_aged_selection,selection_harvest,2037;2052;2067,3,True,,32.0,2,176.58150559643633,private_family,Columbia;Union,3,aaf4e0cf01aa5933
638334555126144,no_management,no_management,,0,False,,32.0,6,213.94383927427174,private_family;private_industrial;state,Columbia;Union,3,adfd27e396d41d4a
638334555126144,pine_plantation_long_rotation,clearcut,2027,1,True,planted_pine_regen,32.0,6,213.94383927427174,private_family;private_industrial;state,Columbia;Union,3,4d445722c91894df
638334555126144,pine_plantation_short_rotation,clearcut,2027,1,True,planted_pine_regen,32.0,2,36.25035946123315,private_industrial,Columbia;Union,3,4d445722c91894df
638334555126144,public_selection_light,selection_harvest,2032;2042;2052;2062,4,True,,32.0,2,1.111974216602244,state,Columbia;Union,3,0b2d7b597e5abb6c
638334555126144,public_thin_restore,thin_from_below_repeated,2027;2042;2057,3,True,,32.0,2,1.111974216602244,state,Columbia;Union,3,ed77c6ee78132297
638334610126144,family_light_thin,thin_from_below,2032,1,True,,19.0,1,6.894240142933913,private_family,Union,3,37915d28b8165940
638334610126144,family_uneven_aged_selection,selection_harvest,2037;2052;2067,3,True,,19.0,1,6.894240142933913,private_family,Union,3,79479b280fbb19a6
638334610126144,no_management,no_management,,0,False,,19.0,4,9.785373106099748,local;private_family;private_industrial;state,Union,3,1da44e09b269a943
638334610126144,pine_plantation_long_rotation,plantation_rotation,2027;2042,2,True,planted_pine_regen,19.0,3,9.562978262779298,private_family;private_industrial;state,Union,3,c118b9ba55a62103
638334610126144,pine_plantation_short_rotation,plantation_rotation,2027;2032,2,True,planted_pine_regen,19.0,1,1.7791587465635903,private_industrial,Union,3,5c0e288a5cb497dc
638334610126144,public_selection_light,selection_harvest,2032;2042;2052;2062,4,True,,19.0,2,1.111974216602244,local;state,Union,3,4d51885dfc6be193
638334610126144,public_thin_restore,thin_from_below_repeated,2027;2042;2057,3,True,,19.0,2,1.111974216602244,local;state,Union,3,ec2279ae54c1be87
638334616126144,family_light_thin,thin_from_below,2032,1,True,,41.0,1,0.4447896866408976,private_family,Columbia,3,e2d824e0a9cbafad
638334616126144,family_uneven_aged_selection,selection_harvest,2037;2052;2067,3,True,,41.0,1,0.4447896866408976,private_family,Columbia,3,572ec27d3bdc4987
638334616126144,hardwood_clearcut_regen,clearcut,2032,1,True,hardwood_regen,41.0,1,0.2223948433204488,private_industrial,Columbia,3,252122ae7e41c3f1
638334616126144,no_management,no_management,,0,False,,41.0,2,0.6671845299613464,private_family;private_industrial,Columbia,3,33f7e4c12cedc6dd
638334670126144,family_light_thin,thin_from_below,2032,1,True,,18.0,2,0.6671845299613464,private_family,Columbia;Hamilton,3,0484ee0bcebf163a
638334670126144,family_uneven_aged_selection,selection_harvest,2037;2052;2067,3,True,,18.0,2,0.6671845299613464,private_family,Columbia;Hamilton,3,efd7ace33d15c6c4
638334670126144,hardwood_clearcut_regen,clearcut,2057,1,True,hardwood_regen,18.0,2,0.4447896866408976,private_industrial,Columbia;Hamilton,3,1d010990f2cdd381
638334670126144,no_management,no_management,,0,False,,18.0,4,1.111974216602244,private_family;private_industrial,Columbia;Hamilton,3,94eae9ccf5f74e5f
638334712126144,family_light_thin,thin_from_below,2032,1,True,,70.0,3,3.5583174931271806,private_family,Columbia;Suwannee;Union,3,a964549642c4afae
638334712126144,family_uneven_aged_selection,selection_harvest,2037;2052;2067,3,True,,70.0,3,3.5583174931271806,private_family,Columbia;Suwannee;Union,3,d948d574391e0045
638334712126144,hardwood_clearcut_regen,clearcut,2027,1,True,hardwood_regen,70.0,1,0.2223948433204488,private_industrial,Union,3,8dac6e497c6f3b29
638334712126144,no_management,no_management,,0,False,,70.0,4,3.780712336447629,private_family;private_industrial,Columbia;Suwannee;Union,3,a0eb8bc0b31aff15
638334713126144,family_light_thin,thin_from_below,2032,1,True,,37.0,4,1800.0638618357125,private_family,Baker;Columbia;Suwannee;Union,3,1b1ab80367036a37
638334713126144,family_uneven_aged_selection,selection_harvest,2037;2052;2067,3,True,,37.0,4,1800.0638618357125,private_family,Baker;Columbia;Suwannee;Union,3,e87f67e5c0080a68
638334713126144,hardwood_clearcut_regen,clearcut,2037,1,True,hardwood_regen,37.0,2,307.79446315550115,private_industrial,Columbia;Suwannee,3,fba8a5c53ad8fe03
638334713126144,no_management,no_management,,0,False,,37.0,9,2129.875414479938,local;private_family;private_industrial;state,Baker;Columbia;Suwannee;Union,3,ce0caf165c067888
638334713126144,public_selection_light,selection_harvest,2032;2042;2052;2062,4,True,,37.0,3,22.01708948872443,local;state,Columbia;Suwannee,3,814511a3402066d1
638334713126144,public_thin_restore,thin_from_below_repeated,2027;2042;2057,3,True,,37.0,3,22.01708948872443,local;state,Columbia;Suwannee,3,4354ada7b7702360
638334723126144,family_light_thin,thin_from_below,2032,1,True,,63.0,5,149.67172955466202,private_family,Baker;Columbia;Hamilton;Suwannee;Union,3,58a1fc05819f5c1b
638334723126144,family_uneven_aged_selection,selection_harvest,2037;2052;2067,3,True,,63.0,5,149.67172955466202,private_family,Baker;Columbia;Hamilton;Suwannee;Union,3,8040d33037d01ed8
638334723126144,hardwood_clearcut_regen,clearcut,2027,1,True,hardwood_regen,63.0,4,345.37919167665694,private_industrial,Baker;Columbia;Hamilton;Suwannee,3,e192aaa33d15e5eb
638334723126144,no_management,no_management,,0,False,,63.0,12,607.1379222648252,federal;local;private_family;private_industrial;state,Baker;Columbia;Hamilton;Suwannee;Union,3,41a062b02b4961f5
638334723126144,public_selection_light,selection_harvest,2032;2042;2052;2062,4,True,,63.0,3,112.0870010335062,federal;local;state,Columbia;Suwannee,3,df4c90d9cb53d8f9
638334723126144,public_thin_restore,thin_from_below_repeated,2027;2042;2057,3,True,,63.0,3,112.0870010335062,federal;local;state,Columbia;Suwannee,3,86e6585b20a34bba
638334724126144,family_light_thin,thin_from_below,2032,1,True,,4.0,1,33.13683165474687,private_family,Baker,3,c8d03ebbda2698dd
638334724126144,family_uneven_aged_selection,selection_harvest,2037;2052;2067,3,True,,4.0,1,33.13683165474687,private_family,Baker,3,54ab7a7d4d378fb0
638334724126144,no_management,no_management,,0,False,,4.0,6,205.4928352280947,federal;local;private_family;private_industrial,Baker;Columbia;Hamilton,3,b4a9ffb065c16b03
638334724126144,pine_plantation_long_rotation,plantation_rotation,2037;2057,2,True,planted_pine_regen,4.0,3,34.471200714669564,private_family;private_industrial,Baker;Columbia;Hamilton,3,0d8c2d36e7ef47d4
638334724126144,pine_plantation_short_rotation,plantation_rotation,2037;2047,2,True,planted_pine_regen,4.0,2,1.3343690599226927,private_industrial,Columbia;Hamilton,3,04dd5fc1b43cb36b
638334724126144,public_selection_light,selection_harvest,2032;2042;2052;2062,4,True,,4.0,3,171.0216345134251,federal;local,Baker;Columbia,3,8448c8f1d41f270b
638334724126144,public_thin_restore,thin_from_below_repeated,2027;2042;2057,3,True,,4.0,3,171.0216345134251,federal;local,Baker;Columbia,3,88934f05e614bac5
638334731126144,family_light_thin,thin_from_below,2032,1,True,,73.0,1,24.908222451890264,private_family,Baker,3,efea7f73a705df17
638334731126144,family_uneven_aged_selection,selection_harvest,2037;2052;2067,3,True,,73.0,1,24.908222451890264,private_family,Baker,3,ae998c8b41e42b98
638334731126144,no_management,no_management,,0,False,,73.0,5,60.04660769652117,federal;local;private_family;private_industrial,Baker;Columbia,3,57d47dfccd7acf67
638334731126144,pine_plantation_long_rotation,clearcut,2027,1,True,planted_pine_regen,73.0,2,26.02019666849251,private_family;private_industrial,Baker,3,ca5e7c22e7a8f8bf
638334731126144,pine_plantation_short_rotation,clearcut,2027,1,True,planted_pine_regen,73.0,1,1.111974216602244,private_industrial,Baker,3,ca5e7c22e7a8f8bf
638334731126144,public_selection_light,selection_harvest,2032;2042;2052;2062,4,True,,73.0,3,34.02641102802866,federal;local,Baker;Columbia,3,e63395e901c3d213
638334731126144,public_thin_restore,thin_from_below_repeated,2027;2042;2057,3,True,,73.0,3,34.02641102802866,federal;local,Baker;Columbia,3,9b6e1f7bc967caf8
638334742126144,family_light_thin,thin_from_below,2032,1,True,,16.0,1,3484.4824051447918,private_family,Baker,3,aac85f0e33b2b7e5
638334742126144,family_uneven_aged_selection,selection_harvest,2037;2052;2067,3,True,,16.0,1,3484.4824051447918,private_family,Baker,3,7d091ada625f1582
638334742126144,no_management,no_management,,0,False,,16.0,4,4520.397585331442,local;private_family;private_industrial;state,Baker,3,813d43eef989fd83
638334742126144,pine_plantation_long_rotation,plantation_rotation,2027;2042,2,True,planted_pine_regen,16.0,3,4438.111493302876,private_family;private_industrial;state,Baker,3,0fa4c35859acaa98
638334742126144,pine_plantation_short_rotation,plantation_rotation,2027;2032,2,True,planted_pine_regen,16.0,1,944.510899581946,private_industrial,Baker,3,1f4c19fb9b0186a8
638334742126144,public_selection_light,selection_harvest,2032;2042;2052;2062,4,True,,16.0,2,91.40428060470444,local;state,Baker,3,1a170c53e0c7ab70
638334742126144,public_thin_restore,thin_from_below_repeated,2027;2042;2057,3,True,,16.0,2,91.40428060470444,local;state,Baker,3,99489bddbfcd71af
638334743126144,family_light_thin,thin_from_below,2032,1,True,,8.0,4,55.153921143471294,private_family,Baker;Columbia;Suwannee;Union,3,6f3262fe3bab44e3
638334743126144,family_uneven_aged_selection,selection_harvest,2037;2052;2067,3,True,,8.0,4,55.153921143471294,private_family,Baker;Columbia;Suwannee;Union,3,01fde1ceabd52562
638334743126144,hardwood_clearcut_regen,clearcut,2067,1,True,hardwood_regen,8.0,4,42.69980991752617,private_industrial,Baker;Columbia;Suwannee;Union,3,601c295d2e82e241
638334743126144,no_management,no_management,,0,False,,8.0,12,136.10564411211465,local;private_family;private_industrial;state,Baker;Columbia;Suwannee;Union,3,a512090993cf16cd
638334743126144,public_selection_light,selection_harvest,2032;2042;2052;2062,4,True,,8.0,4,38.25191305111719,local;state,Baker;Columbia;Union,3,82135d5fc5866711
638334743126144,public_thin_restore,thin_from_below_repeated,2027;2042;2057,3,True,,8.0,4,38.25191305111719,local;state,Baker;Columbia;Union,3,2391e02a0679c550
638334746126144,family_light_thin,thin_from_below,2032,1,True,,21.0,5,10683.181088584399,private_family,Baker;Columbia;Hamilton;Suwannee;Union,3,2990944a12f724c6
638334746126144,family_uneven_aged_selection,selection_harvest,2037;2052;2067,3,True,,21.0,5,10683.181088584399,private_family,Baker;Columbia;Hamilton;Suwannee;Union,3,dd9c3b8e1396ba13
638334746126144,no_management,no_management,,0,False,,21.0,18,14250.171980601077,federal;local;private_family;private_industrial;state,Baker;Columbia;Hamilton;Suwannee;Union,3,20f53afee23440b2
638334746126144,pine_plantation_long_rotation,plantation_rotation,2027;2037,2,True,planted_pine_regen,21.0,12,13484.02174536213,private_family;private_industrial;state,Baker;Columbia;Hamilton;Suwannee;Union,3,004013aa4dc51a5f
638334746126144,pine_plantation_short_rotation,clearcut,2027,1,True,planted_pine_regen,21.0,5,2765.702271533101,private_industrial,Baker;Columbia;Hamilton;Suwannee;Union,3,773865efa9c09c5d
638334746126144,public_selection_light,selection_harvest,2032;2042;2052;2062,4,True,,21.0,8,801.288620483577,federal;local;state,Baker;Columbia;Suwannee;Union,3,2bdea4a4406c6d75
638334746126144,public_thin_restore,thin_from_below_repeated,2027;2042;2057,3,True,,21.0,8,801.288620483577,federal;local;state,Baker;Columbia;Suwannee;Union,3,332852b8b7cd5bfe
638334749126144,family_light_thin,thin_from_below,2032,1,True,,20.0,1,229.73387315002358,private_family,Union,3,12f8106626025b0e
638334749126144,family_uneven_aged_selection,selection_harvest,2037;2052;2067,3,True,,20.0,1,229.73387315002358,private_family,Union,3,985db272be4960a2
638334749126144,no_management,no_management,,0,False,,20.0,4,374.7353109949562,local;private_family;private_industrial;state,Union,3,a60858b51529e9b1
638334749126144,pine_plantation_long_rotation,plantation_rotation,2027;2037,2,True,planted_pine_regen,20.0,3,365.39472757549737,private_family;private_industrial;state,Union,3,a859ab7528671cbc
638334749126144,pine_plantation_short_rotation,clearcut,2027,1,True,planted_pine_regen,20.0,1,102.74641761404735,private_industrial,Union,3,11b08c14da592b6e
638334749126144,public_selection_light,selection_harvest,2032;2042;2052;2062,4,True,,20.0,2,42.255020230885265,local;state,Union,3,25cfaf8491df42b6
638334749126144,public_thin_restore,thin_from_below_repeated,2027;2042;2057,3,True,,20.0,2,42.255020230885265,local;state,Union,3,9f004e233415663c
638334752126144,family_light_thin,thin_from_below,2032,1,True,,5.0,5,56.488290203393994,private_family,Baker;Columbia;Hamilton;Suwannee;Union,3,ae67142ee367afdb
638334752126144,family_uneven_aged_selection,selection_harvest,2037;2052;2067,3,True,,5.0,5,56.488290203393994,private_family,Baker;Columbia;Hamilton;Suwannee;Union,3,de20f58d4f6a4fbe
638334752126144,hardwood_clearcut_regen,clearcut,2067,1,True,hardwood_regen,5.0,5,14.010875129188275,private_industrial,Baker;Columbia;Hamilton;Suwannee;Union,3,0afb44c286508c8e
638334752126144,no_management,no_management,,0,False,,5.0,14,73.61269313906855,local;private_family;private_industrial;state,Baker;Columbia;Hamilton;Suwannee;Union,3,6266ee665736648a
638334752126144,public_selection_light,selection_harvest,2032;2042;2052;2062,4,True,,5.0,4,3.113527806486283,local;state,Baker;Columbia;Hamilton;Union,3,a4c8c1b9bbe1f63d
638334752126144,public_thin_restore,thin_from_below_repeated,2027;2042;2057,3,True,,5.0,4,3.113527806486283,local;state,Baker;Columbia;Hamilton;Union,3,8d1b490fcabaf2b7
638334753126144,family_light_thin,thin_from_below,2032,1,True,,10.0,1,2.223948433204488,private_family,Union,3,9bd409345838fb25
638334753126144,family_uneven_aged_selection,selection_harvest,2037;2052;2067,3,True,,10.0,1,2.223948433204488,private_family,Union,3,09c84b444f9091c1
638334753126144,hardwood_clearcut_regen,clearcut,2062,1,True,hardwood_regen,10.0,2,3.3359226498067316,private_industrial,Baker;Union,3,f4bed39f07480e07
638334753126144,no_management,no_management,,0,False,,10.0,4,5.782265926331668,local;private_family;private_industrial,Baker;Union,3,ceb1b20b766ecce1
638334753126144,public_selection_light,selection_harvest,2032;2042;2052;2062,4,True,,10.0,1,0.2223948433204488,local,Union,3,b6ac9ef6b9da4f3c
638334753126144,public_thin_restore,thin_from_below_repeated,2027;2042;2057,3,True,,10.0,1,0.2223948433204488,local,Union,3,facc2132a7a7a961
638334757126144,no_management,no_management,,0,False,,50.0,1,0.2223948433204488,federal,Columbia,3,3ad63f2fff1cd49a
638334757126144,public_selection_light,selection_harvest,2032;2042;2052;2062,4,True,,50.0,1,0.2223948433204488,federal,Columbia,3,7fa2d5189b3be0c9
638334757126144,public_thin_restore,thin_from_below_repeated,2027;2042;2057,3,True,,50.0,1,0.2223948433204488,federal,Columbia,3,d31b4c6dd4d30102
638335018126144,family_light_thin,thin_from_below,2032,1,True,,54.0,4,7328.3548770954285,private_family,Baker;Columbia;Suwannee;Union,3,7b91451b20f050e1
638335018126144,family_uneven_aged_selection,selection_harvest,2037;2052;2067,3,True,,54.0,4,7328.3548770954285,private_family,Baker;Columbia;Suwannee;Union,3,6251d5e8df41c966
638335018126144,no_management,no_management,,0,False,,54.0,16,8656.274486561828,federal;local;private_family;private_industrial;state,Baker;Columbia;Suwannee;Union,3,b7839b805e356477
638335018126144,pine_plantation_long_rotation,clearcut,2027,1,True,planted_pine_regen,54.0,11,8479.915375808712,private_family;private_industrial;state,Baker;Columbia;Suwannee;Union,3,f24e5b29f24cfbad
638335018126144,pine_plantation_short_rotation,clearcut,2027,1,True,planted_pine_regen,54.0,4,1096.628972413133,private_industrial,Baker;Columbia;Suwannee;Union,3,f24e5b29f24cfbad
638335018126144,public_selection_light,selection_harvest,2032;2042;2052;2062,4,True,,54.0,8,231.29063705326675,federal;local;state,Baker;Columbia;Suwannee;Union,3,8d5bf266a928d43a
638335018126144,public_thin_restore,thin_from_below_repeated,2027;2042;2057,3,True,,54.0,8,231.29063705326675,federal;local;state,Baker;Columbia;Suwannee;Union,3,e5653ef11ed1058d
638335023126144,no_management,no_management,,0,False,,5.0,3,2.223948433204488,federal;local;private_industrial,Columbia,3,9225a63a848340c5
638335023126144,pine_plantation_long_rotation,plantation_rotation,2037;2052,2,True,planted_pine_regen,5.0,1,1.3343690599226927,private_industrial,Columbia,3,8951f6a944cb98f2
638335023126144,pine_plantation_short_rotation,plantation_rotation,2032;2042,2,True,planted_pine_regen,5.0,1,1.3343690599226927,private_industrial,Columbia,3,ea7ba19c076fdd26
638335023126144,public_selection_light,selection_harvest,2032;2042;2052;2062,4,True,,5.0,2,0.8895793732817951,federal;local,Columbia,3,a5de0b6942ce5b4f
638335023126144,public_thin_restore,thin_from_below_repeated,2027;2042;2057,3,True,,5.0,2,0.8895793732817951,federal;local,Columbia,3,cada94fc0560e89d
638335131126144,family_light_thin,thin_from_below,2032,1,True,,81.0,2,2.223948433204488,private_family,Columbia;Hamilton,3,057ca856c1ff9741
638335131126144,family_uneven_aged_selection,selection_harvest,2037;2052;2067,3,True,,81.0,2,2.223948433204488,private_family,Columbia;Hamilton,3,036b0aa48a79068b
638335131126144,no_management,no_management,,0,False,,81.0,6,14.45566481582917,federal;local;private_family;private_industrial,Columbia;Hamilton,3,def5f6e872195a81
638335131126144,pine_plantation_long_rotation,clearcut,2027,1,True,planted_pine_regen,81.0,4,4.892686553049874,private_family;private_industrial,Columbia;Hamilton,3,6a5ff45f1562975f
638335131126144,pine_plantation_short_rotation,clearcut,2027,1,True,planted_pine_regen,81.0,2,2.6687381198453854,private_industrial,Columbia;Hamilton,3,6a5ff45f1562975f
638335131126144,public_selection_light,selection_harvest,2032;2042;2052;2062,4,True,,81.0,2,9.562978262779296,federal;local,Columbia,3,7dbadd70da4653cc
638335131126144,public_thin_restore,thin_from_below_repeated,2027;2042;2057,3,True,,81.0,2,9.562978262779296,federal;local,Columbia,3,ad39022f5d127bed
638335132126144,family_light_thin,thin_from_below,2032,1,True,,36.0,5,3138.6584237814936,private_family,Baker;Columbia;Hamilton;Suwannee;Union,3,00753f106104cd02
638335132126144,family_uneven_aged_selection,selection_harvest,2037;2052;2067,3,True,,36.0,5,3138.6584237814936,private_family,Baker;Columbia;Hamilton;Suwannee;Union,3,4dde8e56f9eea0fe
638335132126144,no_management,no_management,,0,False,,36.0,21,4739.234111158764,federal;local;private_family;private_industrial;state,Baker;Columbia;Hamilton;Suwannee;Union,3,3bf94ef25509bff4
638335132126144,pine_plantation_long_rotation,clearcut,2027,1,True,planted_pine_regen,36.0,15,4505.052341142331,private_family;private_industrial;state,Baker;Columbia;Hamilton;Suwannee;Union,3,8991ff1d80b0cf41
638335132126144,pine_plantation_short_rotation,clearcut,2027,1,True,planted_pine_regen,36.0,5,1340.5961155356654,private_industrial,Baker;Columbia;Hamilton;Suwannee;Union,3,8991ff1d80b0cf41
638335132126144,public_selection_light,selection_harvest,2032;2042;2052;2062,4,True,,36.0,11,259.97957184160464,federal;local;state,Baker;Columbia;Hamilton;Suwannee;Union,3,27c4e9f955a00288
638335132126144,public_thin_restore,thin_from_below_repeated,2027;2042;2057,3,True,,36.0,11,259.97957184160464,federal;local;state,Baker;Columbia;Hamilton;Suwannee;Union,3,444089dc3acaa438
638335136126144,family_light_thin,thin_from_below,2032,1,True,,60.0,2,21.349904958763084,private_family,Baker;Union,3,fd70bd8ec4bd915c
638335136126144,family_uneven_aged_selection,selection_harvest,2037;2052;2067,3,True,,60.0,2,21.349904958763084,private_family,Baker;Union,3,5b55fa3cc4205b4d
638335136126144,no_management,no_management,,0,False,,60.0,8,250.19419873550487,federal;local;private_family;private_industrial,Baker;Columbia;Hamilton;Union,3,bc28ba0fcafa3420
638335136126144,pine_plantation_long_rotation,clearcut,2027,1,True,planted_pine_regen,60.0,5,24.241037921928918,private_family;private_industrial,Baker;Columbia;Hamilton;Union,3,52432ea04e205717
638335136126144,pine_plantation_short_rotation,clearcut,2027,1,True,planted_pine_regen,60.0,3,2.891132963165834,private_industrial,Baker;Columbia;Hamilton,3,52432ea04e205717
638335136126144,public_selection_light,selection_harvest,2032;2042;2052;2062,4,True,,60.0,3,225.95316081357595,federal;local,Baker;Columbia,3,edf8ed2b67e93777
638335136126144,public_thin_restore,thin_from_below_repeated,2027;2042;2057,3,True,,60.0,3,225.95316081357595,federal;local,Baker;Columbia,3,19dcd50fd85cc223
638335139126144,no_management,no_management,,0,False,,80.0,1,0.4447896866408976,local,Baker,3,93793c9b87a9117b
638335139126144,public_selection_light,selection_harvest,2032;2042;2052;2062,4,True,,80.0,1,0.4447896866408976,local,Baker,3,3fc33a7bdf07f7c2
638335139126144,public_thin_restore,thin_from_below_repeated,2027;2042;2057,3,True,,80.0,1,0.4447896866408976,local,Baker,3,4cc5a2921a6e51c1
656661736126144,family_light_thin,thin_from_below,2032,1,True,,90.0,1,0.6671845299613464,private_family,Union,3,0c29b24e87eb2f61
656661736126144,family_uneven_aged_selection,selection_harvest,2037;2052;2067,3,True,,90.0,1,0.6671845299613464,private_family,Union,3,d4b3c98a4ff06ae0
656661736126144,no_management,no_management,,0,False,,90.0,1,0.6671845299613464,private_family,Union,3,16cf59afef8d0796
698001388126144,family_light_thin,thin_from_below,2032,1,True,,69.0,2,132.54732661898748,private_family,Hamilton;Suwannee,3,768134d0ae089960
698001388126144,family_uneven_aged_selection,selection_harvest,2037;2052;2067,3,True,,69.0,2,132.54732661898748,private_family,Hamilton;Suwannee,3,fde09dd4e3aec9bc
698001388126144,no_management,no_management,,0,False,,69.0,5,176.35911075311589,local;private_family;private_industrial,Hamilton;Suwannee,3,add3e9d443b232d7
698001388126144,pine_plantation_long_rotation,clearcut,2027,1,True,planted_pine_regen,69.0,4,163.01542015388895,private_family;private_industrial,Hamilton;Suwannee,3,2238961e48e67225
698001388126144,pine_plantation_short_rotation,clearcut,2027,1,True,planted_pine_regen,69.0,2,30.468093534901485,private_industrial,Hamilton;Suwannee,3,2238961e48e67225
698001388126144,public_selection_light,selection_harvest,2032;2042;2052;2062,4,True,,69.0,1,13.343690599226928,local,Hamilton,3,92a8e0c2989f3745
698001388126144,public_thin_restore,thin_from_below_repeated,2027;2042;2057,3,True,,69.0,1,13.343690599226928,local,Hamilton,3,ef5b495592692163
698001610126144,hardwood_clearcut_regen,clearcut,2072,1,True,hardwood_regen,4.0,1,0.2223948433204488,private_industrial,Baker,3,60a34eb2feb8f43f
698001610126144,no_management,no_management,,0,False,,4.0,1,0.2223948433204488,private_industrial,Baker,3,a9bd1779525a5751
718561137290487,family_light_thin,thin_from_below,2032,1,True,,9.0,1,0.2223948433204488,private_family,Baker,3,fd96d88c553b451d
718561137290487,family_uneven_aged_selection,selection_harvest,2037;2052;2067,3,True,,9.0,1,0.2223948433204488,private_family,Baker,3,06b644758ecf840d
718561137290487,no_management,no_management,,0,False,,9.0,6,8.228609202856605,federal;local;private_family;private_industrial;state,Baker;Columbia,3,437e565d41c71fa7
718561137290487,pine_plantation_long_rotation,plantation_rotation,2032;2052,2,True,planted_pine_regen,9.0,3,1.5567639032431415,private_family;private_industrial;state,Baker;Columbia,3,14ff3f7474254a3c
718561137290487,pine_plantation_short_rotation,plantation_rotation,2032;2042,2,True,planted_pine_regen,9.0,1,1.111974216602244,private_industrial,Columbia,3,cf1bf3d6815cb60b
718561137290487,public_selection_light,selection_harvest,2032;2042;2052;2062,4,True,,9.0,4,6.894240142933913,federal;local;state,Baker;Columbia,3,bc3d64954c690c6e
718561137290487,public_thin_restore,thin_from_below_repeated,2027;2042;2057,3,True,,9.0,4,6.894240142933913,federal;local;state,Baker;Columbia,3,68843283f5b9ec2b
718561178290487,family_light_thin,thin_from_below,2032,1,True,,65.0,3,17.346797778995004,private_family,Baker;Hamilton;Suwannee,3,a594e85ceec267d7
718561178290487,family_uneven_aged_selection,selection_harvest,2037;2052;2067,3,True,,65.0,3,17.346797778995004,private_family,Baker;Hamilton;Suwannee,3,44b596e96a031d94
718561178290487,hardwood_clearcut_regen,clearcut,2027,1,True,hardwood_regen,65.0,1,0.6671845299613464,private_industrial,Hamilton,3,0e3898e317450dae
718561178290487,no_management,no_management,,0,False,,65.0,7,19.348351368879044,federal;private_family;private_industrial;state,Baker;Columbia;Hamilton;Suwannee,3,d31d9a64b69d4b39
718561178290487,public_selection_light,selection_harvest,2032;2042;2052;2062,4,True,,65.0,3,1.3343690599226927,federal;state,Baker;Columbia;Hamilton,3,f3345ef8956964e2
718561178290487,public_thin_restore,thin_from_below_repeated,2027;2042;2057,3,True,,65.0,3,1.3343690599226927,federal;state,Baker;Columbia;Hamilton,3,20147e5345016478
718561374290487,family_light_thin,thin_from_below,2032,1,True,,29.0,4,145.66862237489397,private_family,Baker;Columbia;Hamilton;Suwannee,3,d8e7d886cf26b300
718561374290487,family_uneven_aged_selection,selection_harvest,2037;2052;2067,3,True,,29.0,4,145.66862237489397,private_family,Baker;Columbia;Hamilton;Suwannee,3,42a3dad2061a89b9
718561374290487,no_management,no_management,,0,False,,29.0,13,305.1257250356557,federal;local;private_family;private_industrial;state,Baker;Columbia;Hamilton;Suwannee,3,52852abce8b3c375
718561374290487,pine_plantation_long_rotation,plantation_rotation,2027;2032,2,True,planted_pine_regen,29.0,10,173.46797778995006,private_family;private_industrial;state,Baker;Columbia;Hamilton;Suwannee,3,c14316f1a7ffe735
718561374290487,pine_plantation_short_rotation,clearcut,2027,1,True,planted_pine_regen,29.0,4,19.57074621219949,private_industrial,Baker;Columbia;Hamilton;Suwannee,3,770f68066c34edb6
718561374290487,public_selection_light,selection_harvest,2032;2042;2052;2062,4,True,,29.0,5,139.88635644856228,federal;local;state,Baker;Columbia;Hamilton,3,070d2fc23a14f5fa
718561374290487,public_thin_restore,thin_from_below_repeated,2027;2042;2057,3,True,,29.0,5,139.88635644856228,federal;local;state,Baker;Columbia;Hamilton,3,91132dc7239430e4
718561522290487,family_light_thin,thin_from_below,2032,1,True,,70.0,1,460.357325673329,private_family,Hamilton,3,5e508228db477449
718561522290487,family_uneven_aged_selection,selection_harvest,2037;2052;2067,3,True,,70.0,1,460.357325673329,private_family,Hamilton,3,16feeb63ff3042bb
718561522290487,hardwood_clearcut_regen,clearcut,2027,1,True,hardwood_regen,70.0,1,101.85683824076554,private_industrial,Hamilton,3,709136b3efe4df32
718561522290487,no_management,no_management,,0,False,,70.0,5,571.3323524902329,federal;local;private_family;private_industrial;state,Hamilton,3,d449f91564caa7aa
718561522290487,public_selection_light,selection_harvest,2032;2042;2052;2062,4,True,,70.0,3,9.118188576138401,federal;local;state,Hamilton,3,058a55a069ffd786
718561522290487,public_thin_restore,thin_from_below_repeated,2027;2042;2057,3,True,,70.0,3,9.118188576138401,federal;local;state,Hamilton,3,78117f94e9ff6ed6
718561535290487,no_management,no_management,,0,False,,56.0,2,1.3343690599226927,federal;private_industrial,Baker;Hamilton,3,1434a66b9006bdae
718561535290487,pine_plantation_long_rotation,clearcut,2027,1,True,planted_pine_regen,56.0,1,0.2223948433204488,private_industrial,Hamilton,3,44d73f73fb0c63d3
718561535290487,pine_plantation_short_rotation,clearcut,2027,1,True,planted_pine_regen,56.0,1,0.2223948433204488,private_industrial,Hamilton,3,44d73f73fb0c63d3
718561535290487,public_selection_light,selection_harvest,2032;2042;2052;2062,4,True,,56.0,1,1.111974216602244,federal,Baker,3,426f8b18779d6607
718561535290487,public_thin_restore,thin_from_below_repeated,2027;2042;2057,3,True,,56.0,1,1.111974216602244,federal,Baker,3,ccf726af6238b213
718561805290487,family_light_thin,thin_from_below,2032,1,True,,19.0,1,169.46487061018198,private_family,Hamilton,3,4c6e0789c975d0fe
718561805290487,family_uneven_aged_selection,selection_harvest,2037;2052;2067,3,True,,19.0,1,169.46487061018198,private_family,Hamilton,3,79d23d47bfd0b655
718561805290487,no_management,no_management,,0,False,,19.0,3,216.61257739411712,local;private_family;private_industrial,Hamilton,3,e629069b62448799
718561805290487,pine_plantation_long_rotation,plantation_rotation,2027;2042,2,True,planted_pine_regen,19.0,2,215.50060317751488,private_family;private_industrial,Hamilton,3,f627bb948987cf13
718561805290487,pine_plantation_short_rotation,plantation_rotation,2027;2032,2,True,planted_pine_regen,19.0,1,46.0357325673329,private_industrial,Hamilton,3,79939ed3dd9dbe89
718561805290487,public_selection_light,selection_harvest,2032;2042;2052;2062,4,True,,19.0,1,1.111974216602244,local,Hamilton,3,c481a6eec63ce88a
718561805290487,public_thin_restore,thin_from_below_repeated,2027;2042;2057,3,True,,19.0,1,1.111974216602244,local,Hamilton,3,05d792ad8a5e0bef
718561923290487,family_light_thin,thin_from_below,2032,1,True,,36.0,5,117.64687211651741,private_family,Baker;Columbia;Hamilton;Suwannee;Union,3,b0841d1d8327fd46
718561923290487,family_uneven_aged_selection,selection_harvest,2037;2052;2067,3,True,,36.0,5,117.64687211651741,private_family,Baker;Columbia;Hamilton;Suwannee;Union,3,cde5a9bb1f0b947a
718561923290487,no_management,no_management,,0,False,,36.0,13,941.3973717754598,federal;local;private_family;private_industrial;state,Baker;Columbia;Hamilton;Suwannee;Union,3,43dcad9323dc5dde
718561923290487,pine_plantation_long_rotation,clearcut,2027,1,True,planted_pine_regen,36.0,9,140.99833066516453,private_family;private_industrial;state,Baker;Columbia;Hamilton;Suwannee;Union,3,3812fdf836cc9d66
718561923290487,pine_plantation_short_rotation,clearcut,2027,1,True,planted_pine_regen,36.0,3,5.115081396370321,private_industrial,Baker;Columbia;Hamilton,3,3812fdf836cc9d66
718561923290487,public_selection_light,selection_harvest,2032;2042;2052;2062,4,True,,36.0,5,818.635418262572,federal;local;state,Baker;Columbia;Hamilton,3,5a03eef065ee3347
718561923290487,public_thin_restore,thin_from_below_repeated,2027;2042;2057,3,True,,36.0,5,818.635418262572,federal;local;state,Baker;Columbia;Hamilton,3,d3afe092841506da
718561964290487,family_light_thin,thin_from_below,2032,1,True,,15.0,4,6.894240142933912,private_family,Baker;Columbia;Hamilton;Suwannee,3,5271f98cd82791b6
718561964290487,family_uneven_aged_selection,selection_harvest,2037;2052;2067,3,True,,15.0,4,6.894240142933912,private_family,Baker;Columbia;Hamilton;Suwannee,3,c47541de6c79e8fc
718561964290487,no_management,no_management,,0,False,,15.0,8,9.118188576138401,local;private_family;private_industrial,Baker;Columbia;Hamilton;Suwannee,3,65ebba6b04394d39
718561964290487,pine_plantation_long_rotation,plantation_rotation,2027;2042,2,True,planted_pine_regen,15.0,7,8.895793732817951,private_family;private_industrial,Baker;Columbia;Hamilton;Suwannee,3,aaab18c90d03c11d
718561964290487,pine_plantation_short_rotation,plantation_rotation,2027;2032,2,True,planted_pine_regen,15.0,3,2.001553589884039,private_industrial,Columbia;Hamilton;Suwannee,3,c9f4c057e12234df
718561964290487,public_selection_light,selection_harvest,2032;2042;2052;2062,4,True,,15.0,1,0.2223948433204488,local,Columbia,3,61cfa8461a6cfd89
718561964290487,public_thin_restore,thin_from_below_repeated,2027;2042;2057,3,True,,15.0,1,0.2223948433204488,local,Columbia,3,f94728ea91ede574
718561979290487,family_light_thin,thin_from_below,2032,1,True,,14.0,1,0.4447896866408976,private_family,Baker,3,9eb8e97a83f5ab50
718561979290487,family_uneven_aged_selection,selection_harvest,2037;2052;2067,3,True,,14.0,1,0.4447896866408976,private_family,Baker,3,164a2f12335bbe48
718561979290487,hardwood_clearcut_regen,clearcut,2062,1,True,hardwood_regen,14.0,1,0.2223948433204488,private_industrial,Baker,3,2bb12e11a54a37f1
718561979290487,no_management,no_management,,0,False,,14.0,2,0.6671845299613464,private_family;private_industrial,Baker,3,1915aaa776768e55
718561982290487,no_management,no_management,,0,False,,9.0,2,1.3343690599226927,private_industrial,Baker;Suwannee,3,a477e0af188c10ec
718561982290487,pine_plantation_long_rotation,plantation_rotation,2032;2052,2,True,planted_pine_regen,9.0,2,1.3343690599226927,private_industrial,Baker;Suwannee,3,8edb6469ca45ad1c
718561982290487,pine_plantation_short_rotation,plantation_rotation,2032;2042,2,True,planted_pine_regen,9.0,2,1.3343690599226927,private_industrial,Baker;Suwannee,3,641c6db3427a95a7
718562028290487,family_light_thin,thin_from_below,2032,1,True,,8.0,1,13.121295755906479,private_family,Hamilton,3,ec1dc45147687765
718562028290487,family_uneven_aged_selection,selection_harvest,2037;2052;2067,3,True,,8.0,1,13.121295755906479,private_family,Hamilton,3,62735d35bd597922
718562028290487,no_management,no_management,,0,False,,8.0,2,13.566085442547376,private_family;private_industrial,Hamilton,3,5d6e11563936f376
718562028290487,pine_plantation_long_rotation,plantation_rotation,2032;2052,2,True,planted_pine_regen,8.0,2,13.566085442547376,private_family;private_industrial,Hamilton,3,fb6dbd38421d5397
718562028290487,pine_plantation_short_rotation,plantation_rotation,2032;2042,2,True,planted_pine_regen,8.0,1,0.4447896866408976,private_industrial,Hamilton,3,609ca1ed1c27e3e4
718562044290487,family_light_thin,thin_from_below,2032,1,True,,4.0,5,8843.753339480967,private_family,Baker;Columbia;Hamilton;Suwannee;Union,3,c5d240d18e3918c1
718562044290487,family_uneven_aged_selection,selection_harvest,2037;2052;2067,3,True,,4.0,5,8843.753339480967,private_family,Baker;Columbia;Hamilton;Suwannee;Union,3,c5c961420229ea3c
718562044290487,no_management,no_management,,0,False,,4.0,18,17860.0850773786,federal;local;private_family;private_industrial;state,Baker;Columbia;Hamilton;Suwannee;Union,3,14f33464cd225b46
718562044290487,pine_plantation_long_rotation,plantation_rotation,2037;2057,2,True,planted_pine_regen,4.0,12,17516.262649605185,private_family;private_industrial;state,Baker;Columbia;Hamilton;Suwannee;Union,3,57d7cd4cfad30772
718562044290487,pine_plantation_short_rotation,plantation_rotation,2037;2047,2,True,planted_pine_regen,4.0,5,8627.140762086849,private_industrial,Baker;Columbia;Hamilton;Suwannee;Union,3,33445f33b18e3e08
718562044290487,public_selection_light,selection_harvest,2032;2042;2052;2062,4,True,,4.0,8,389.19097581078535,federal;local;state,Baker;Columbia;Hamilton;Suwannee,3,d96a465c4d9b924c
718562044290487,public_thin_restore,thin_from_below_repeated,2027;2042;2057,3,True,,4.0,8,389.19097581078535,federal;local;state,Baker;Columbia;Hamilton;Suwannee,3,8f9114b8ef766066
718562060290487,family_light_thin,thin_from_below,2032,1,True,,21.0,5,95.62978262779298,private_family,Baker;Columbia;Hamilton;Suwannee;Union,3,9494a6cafd1cde68
718562060290487,family_uneven_aged_selection,selection_harvest,2037;2052;2067,3,True,,21.0,5,95.62978262779298,private_family,Baker;Columbia;Hamilton;Suwannee;Union,3,04c40310f50379e5
718562060290487,hardwood_clearcut_regen,clearcut,2052,1,True,hardwood_regen,21.0,3,11.564531852663336,private_industrial,Baker;Columbia;Hamilton,3,5a729dff892bc8e6
718562060290487,no_management,no_management,,0,False,,21.0,12,1216.9445826494957,federal;local;private_family;private_industrial;state,Baker;Columbia;Hamilton;Suwannee;Union,3,eb0716a29df5ef1e
718562060290487,public_selection_light,selection_harvest,2032;2042;2052;2062,4,True,,21.0,4,1109.7502681690394,federal;local;state,Baker;Columbia,3,b1c2ccdd9635ebd1
718562060290487,public_thin_restore,thin_from_below_repeated,2027;2042;2057,3,True,,21.0,4,1109.7502681690394,federal;local;state,Baker;Columbia,3,8cfd933330a584f8
718562147290487,family_light_thin,thin_from_below,2032,1,True,,111.0,1,34.91599040131046,private_family,Hamilton,3,3cbc0a5019e1890d
718562147290487,family_uneven_aged_selection,selection_harvest,2037;2052;2067,3,True,,111.0,1,34.91599040131046,private_family,Hamilton,3,2261cb34bfc27cf3
718562147290487,hardwood_clearcut_regen,clearcut,2027,1,True,hardwood_regen,111.0,1,4.892686553049874,private_industrial,Hamilton,3,7fa6245cffe80385
718562147290487,no_management,no_management,,0,False,,111.0,2,39.80867695436034,private_family;private_industrial,Hamilton,3,d0b9a57c0a66583c
718562152290487,family_light_thin,thin_from_below,2032,1,True,,9.0,1,874.678918779325,private_family,Hamilton,3,be125af4eaf83aa0
718562152290487,family_uneven_aged_selection,selection_harvest,2037;2052;2067,3,True,,9.0,1,874.678918779325,private_family,Hamilton,3,515157f752ce88db
718562152290487,no_management,no_management,,0,False,,9.0,3,1220.7252949859433,local;private_family;private_industrial,Hamilton,3,2976ba78b6566a24
718562152290487,pine_plantation_long_rotation,plantation_rotation,2032;2052,2,True,planted_pine_regen,9.0,2,1214.05344968633,private_family;private_industrial,Hamilton,3,c4a53ede23341a14
718562152290487,pine_plantation_short_rotation,plantation_rotation,2032;2042,2,True,planted_pine_regen,9.0,1,339.37453090700484,private_industrial,Hamilton,3,ee03c202cb91c980
718562152290487,public_selection_light,selection_harvest,2032;2042;2052;2062,4,True,,9.0,1,6.671845299613464,local,Hamilton,3,fc4c285c0750844f
718562152290487,public_thin_restore,thin_from_below_repeated,2027;2042;2057,3,True,,9.0,1,6.671845299613464,local,Hamilton,3,2648286b40ff45e8
718562163290487,family_light_thin,thin_from_below,2032,1,True,,22.0,1,20.237930742160838,private_family,Hamilton,3,32fe2aa6768c66ab
718562163290487,family_uneven_aged_selection,selection_harvest,2037;2052;2067,3,True,,22.0,1,20.237930742160838,private_family,Hamilton,3,13558df28721a5fc
718562163290487,hardwood_clearcut_regen,clearcut,2052,1,True,hardwood_regen,22.0,1,2.223948433204488,private_industrial,Hamilton,3,b18568f1367fb2e7
718562163290487,no_management,no_management,,0,False,,22.0,2,22.461879175365326,private_family;private_industrial,Hamilton,3,8f447f755aa9b6fe
718562165290487,family_light_thin,thin_from_below,2032,1,True,,2.0,5,64.2721097196097,private_family,Baker;Columbia;Hamilton;Suwannee;Union,3,ad9721d09597bd62
718562165290487,family_uneven_aged_selection,selection_harvest,2037;2052;2067,3,True,,2.0,5,64.2721097196097,private_family,Baker;Columbia;Hamilton;Suwannee;Union,3,e9b8efe771a9e7fd
718562165290487,hardwood_clearcut_regen,clearcut,2072,1,True,hardwood_regen,2.0,4,40.25346664100123,private_industrial,Baker;Columbia;Hamilton;Suwannee,3,8862a5b741d77cd8
718562165290487,no_management,no_management,,0,False,,2.0,11,106.97191963713587,federal;local;private_family;private_industrial,Baker;Columbia;Hamilton;Suwannee;Union,3,3a8f8c24e2fb7c9e
718562165290487,public_selection_light,selection_harvest,2032;2042;2052;2062,4,True,,2.0,2,2.446343276524937,federal;local,Columbia,3,f27e0b880033721c
718562165290487,public_thin_restore,thin_from_below_repeated,2027;2042;2057,3,True,,2.0,2,2.446343276524937,federal;local,Columbia,3,d4c709edd2e37683
718562166290487,family_light_thin,thin_from_below,2032,1,True,,28.0,1,318.02462594824175,private_family,Hamilton,3,930cb670cc000440
718562166290487,family_uneven_aged_selection,selection_harvest,2037;2052;2067,3,True,,28.0,1,318.02462594824175,private_family,Hamilton,3,d7edebef1638994e
718562166290487,no_management,no_management,,0,False,,28.0,3,475.9249647057604,local;private_family;private_industrial,Hamilton,3,79ec114ebe5c41cb
718562166290487,pine_plantation_long_rotation,plantation_rotation,2027;2032,2,True,planted_pine_regen,28.0,2,472.58904205595366,private_family;private_industrial,Hamilton,3,e8156cd078ed4785
718562166290487,pine_plantation_short_rotation,clearcut,2027,1,True,planted_pine_regen,28.0,1,154.5644161077119,private_industrial,Hamilton,3,520ab1c40193dcb7
718562166290487,public_selection_light,selection_harvest,2032;2042;2052;2062,4,True,,28.0,1,3.335922649806732,local,Hamilton,3,c185af9bac9e7bab
718562166290487,public_thin_restore,thin_from_below_repeated,2027;2042;2057,3,True,,28.0,1,3.335922649806732,local,Hamilton,3,992d3031746c3a9b
718562170290487,family_light_thin,thin_from_below,2032,1,True,,16.0,1,127.43224522261715,private_family,Hamilton,3,7c2e083aecd8996f
718562170290487,family_uneven_aged_selection,selection_harvest,2037;2052;2067,3,True,,16.0,1,127.43224522261715,private_family,Hamilton,3,6a68ab7faaaac4c9
718562170290487,no_management,no_management,,0,False,,16.0,3,276.88157993395873,private_family;private_industrial;state,Hamilton,3,15f452e49451454d
718562170290487,pine_plantation_long_rotation,plantation_rotation,2027;2042,2,True,planted_pine_regen,16.0,3,276.88157993395873,private_family;private_industrial;state,Hamilton,3,800edeb0a5bad4c1
718562170290487,pine_plantation_short_rotation,plantation_rotation,2027;2032,2,True,planted_pine_regen,16.0,1,149.0045450247007,private_industrial,Hamilton,3,78084619446c5c14
718562170290487,public_selection_light,selection_harvest,2032;2042;2052;2062,4,True,,16.0,1,0.4447896866408976,state,Hamilton,3,c1f5974ea1b45d7d
718562170290487,public_thin_restore,thin_from_below_repeated,2027;2042;2057,3,True,,16.0,1,0.4447896866408976,state,Hamilton,3,ed6aef61c1c4e238
718562171290487,family_light_thin,thin_from_below,2032,1,True,,103.0,4,894.9168495214859,private_family,Baker;Columbia;Hamilton;Suwannee,3,01af61a6b8026795
718562171290487,family_uneven_aged_selection,selection_harvest,2037;2052;2067,3,True,,103.0,4,894.9168495214859,private_family,Baker;Columbia;Hamilton;Suwannee,3,b19381d5da2bb338
718562171290487,hardwood_clearcut_regen,clearcut,2027,1,True,hardwood_regen,103.0,4,225.7307659702555,private_industrial,Baker;Columbia;Hamilton;Suwannee,3,1fc45452d62f7274
718562171290487,no_management,no_management,,0,False,,103.0,16,1156.4531852663338,federal;local;private_family;private_industrial;state,Baker;Columbia;Hamilton;Suwannee,3,bece5058127cca3f
718562171290487,public_selection_light,selection_harvest,2032;2042;2052;2062,4,True,,103.0,8,35.80556977459226,federal;local;state,Baker;Columbia;Hamilton;Suwannee,3,a6030f88125f85e2
718562171290487,public_thin_restore,thin_from_below_repeated,2027;2042;2057,3,True,,103.0,8,35.80556977459226,federal;local;state,Baker;Columbia;Hamilton;Suwannee,3,da1273a02980e1c1
718562176290487,family_light_thin,thin_from_below,2032,1,True,,27.0,1,1.111974216602244,private_family,Hamilton,3,99adf797e6bfa179
718562176290487,family_uneven_aged_selection,selection_harvest,2037;2052;2067,3,True,,27.0,1,1.111974216602244,private_family,Hamilton,3,b13985afbc42f6c3
718562176290487,no_management,no_management,,0,False,,27.0,2,3.780712336447629,private_family;private_industrial,Hamilton,3,898e5745bff8ea70
718562176290487,pine_plantation_long_rotation,plantation_rotation,2027;2032,2,True,planted_pine_regen,27.0,2,3.780712336447629,private_family;private_industrial,Hamilton,3,350e425317434a1c
718562176290487,pine_plantation_short_rotation,clearcut,2027,1,True,planted_pine_regen,27.0,1,2.6687381198453854,private_industrial,Hamilton,3,0ed6b8f6ab5c7b10
718562294290487,family_light_thin,thin_from_below,2032,1,True,,4.0,1,4.447896866408976,private_family,Hamilton,3,5ae7cddc60c5e817
718562294290487,family_uneven_aged_selection,selection_harvest,2037;2052;2067,3,True,,4.0,1,4.447896866408976,private_family,Hamilton,3,e329fcb133d4c49b
718562294290487,hardwood_clearcut_regen,clearcut,2072,1,True,hardwood_regen,4.0,1,0.4447896866408976,private_industrial,Hamilton,3,445b620791928778
718562294290487,no_management,no_management,,0,False,,4.0,2,4.892686553049874,private_family;private_industrial,Hamilton,3,4309c6c1b11d7723
718562312290487,family_light_thin,thin_from_below,2032,1,True,,13.0,5,42.69980991752617,private_family,Baker;Columbia;Hamilton;Suwannee;Union,3,0c0a8c238f4b860f
718562312290487,family_uneven_aged_selection,selection_harvest,2037;2052;2067,3,True,,13.0,5,42.69980991752617,private_family,Baker;Columbia;Hamilton;Suwannee;Union,3,8a4f9c4bed1d4156
718562312290487,hardwood_clearcut_regen,clearcut,2062,1,True,hardwood_regen,13.0,4,34.24880587134911,private_industrial,Baker;Columbia;Hamilton;Suwannee,3,865d8ae0ccd16645
718562312290487,no_management,no_management,,0,False,,13.0,14,83.17567140184785,federal;local;private_family;private_industrial;state,Baker;Columbia;Hamilton;Suwannee;Union,3,f7e2ecaa5acd865b
718562312290487,public_selection_light,selection_harvest,2032;2042;2052;2062,4,True,,13.0,5,6.227055612972566,federal;local;state,Baker;Columbia;Hamilton,3,9aafaa0441b618ab
718562312290487,public_thin_restore,thin_from_below_repeated,2027;2042;2057,3,True,,13.0,5,6.227055612972566,federal;local;state,Baker;Columbia;Hamilton,3,e2a3d2d21a4b2089
718562326290487,family_light_thin,thin_from_below,2032,1,True,,9.0,1,1.7791587465635903,private_family,Baker,3,b1ed3d07fc114838
718562326290487,family_uneven_aged_selection,selection_harvest,2037;2052;2067,3,True,,9.0,1,1.7791587465635903,private_family,Baker,3,ac2b7c3e01d3f277
718562326290487,no_management,no_management,,0,False,,9.0,5,21.349904958763084,federal;private_family;private_industrial,Baker;Columbia;Hamilton,3,33f0dc6e26c2b652
718562326290487,pine_plantation_long_rotation,plantation_rotation,2032;2052,2,True,planted_pine_regen,9.0,3,6.227055612972565,private_family;private_industrial,Baker;Columbia;Hamilton,3,9db9e253ea6ee621
718562326290487,pine_plantation_short_rotation,plantation_rotation,2032;2042,2,True,planted_pine_regen,9.0,2,4.447896866408975,private_industrial,Columbia;Hamilton,3,e086d24551e51cac
718562326290487,public_selection_light,selection_harvest,2032;2042;2052;2062,4,True,,9.0,2,15.122849345790517,federal,Baker;Columbia,3,95d068e971a73b4e
718562326290487,public_thin_restore,thin_from_below_repeated,2027;2042;2057,3,True,,9.0,2,15.122849345790517,federal,Baker;Columbia,3,9ad0a5e2578c8081
718562334290487,family_light_thin,thin_from_below,2032,1,True,,65.0,1,1.5567639032431415,private_family,Hamilton,3,e4ace43636e088f0
718562334290487,family_uneven_aged_selection,selection_harvest,2037;2052;2067,3,True,,65.0,1,1.5567639032431415,private_family,Hamilton,3,89ed70b5387b5d9f
718562334290487,hardwood_clearcut_regen,clearcut,2027,1,True,hardwood_regen,65.0,1,1.3343690599226927,private_industrial,Hamilton,3,b1ac76ef720f2ece
718562334290487,no_management,no_management,,0,False,,65.0,2,2.891132963165834,private_family;private_industrial,Hamilton,3,761ec8a3c38cb940
718562342290487,family_light_thin,thin_from_below,2032,1,True,,70.0,3,329.3667629575846,private_family,Columbia;Hamilton;Suwannee,3,ee895c9da2054113
718562342290487,family_uneven_aged_selection,selection_harvest,2037;2052;2067,3,True,,70.0,3,329.3667629575846,private_family,Columbia;Hamilton;Suwannee,3,979b6fd8a8efe834
718562342290487,no_management,no_management,,0,False,,70.0,9,868.0070734797116,federal;local;private_family;private_industrial,Columbia;Hamilton;Suwannee,3,609112fc294e06ed
718562342290487,pine_plantation_long_rotation,clearcut,2027,1,True,planted_pine_regen,70.0,6,839.5405335346942,private_family;private_industrial,Columbia;Hamilton;Suwannee,3,4ec3c614677f85a0
718562342290487,pine_plantation_short_rotation,clearcut,2027,1,True,planted_pine_regen,70.0,3,510.1737705771095,private_industrial,Columbia;Hamilton;Suwannee,3,4ec3c614677f85a0
718562342290487,public_selection_light,selection_harvest,2032;2042;2052;2062,4,True,,70.0,3,28.466539945017445,federal;local,Columbia;Hamilton,3,2edb424fe12e34a3
718562342290487,public_thin_restore,thin_from_below_repeated,2027;2042;2057,3,True,,70.0,3,28.466539945017445,federal;local,Columbia;Hamilton,3,8718ec8f07eed21c
718562346290487,family_light_thin,thin_from_below,2032,1,True,,61.0,2,118.75884633311966,private_family,Columbia;Hamilton,3,758b59dec8acc450
718562346290487,family_uneven_aged_selection,selection_harvest,2037;2052;2067,3,True,,61.0,2,118.75884633311966,private_family,Columbia;Hamilton,3,09bf12b4eb947c06
718562346290487,hardwood_clearcut_regen,clearcut,2027,1,True,hardwood_regen,61.0,2,100.07767949420196,private_industrial,Columbia;Hamilton,3,16273c7e7b3efa74
718562346290487,no_management,no_management,,0,False,,61.0,6,255.75406981851611,federal;local;private_family;private_industrial,Columbia;Hamilton,3,6587692b40244f7b
718562346290487,public_selection_light,selection_harvest,2032;2042;2052;2062,4,True,,61.0,2,36.9175439911945,federal;local,Columbia,3,eb64d98aec54bf46
718562346290487,public_thin_restore,thin_from_below_repeated,2027;2042;2057,3,True,,61.0,2,36.9175439911945,federal;local,Columbia,3,21160e2b8a360272
718562357290487,family_light_thin,thin_from_below,2032,1,True,,77.0,5,357.8333029026021,private_family,Baker;Columbia;Hamilton;Suwannee;Union,3,620bc6b1aa038ff6
718562357290487,family_uneven_aged_selection,selection_harvest,2037;2052;2067,3,True,,77.0,5,357.8333029026021,private_family,Baker;Columbia;Hamilton;Suwannee;Union,3,190f126cfe08030c
718562357290487,no_management,no_management,,0,False,,77.0,14,676.3027185374848,federal;local;private_family;private_industrial;state,Baker;Columbia;Hamilton;Suwannee;Union,3,7fc000f9d84a5ef5
718562357290487,pine_plantation_long_rotation,clearcut,2027,1,True,planted_pine_regen,77.0,11,631.823749873395,private_family;private_industrial;state,Baker;Columbia;Hamilton;Suwannee;Union,3,4d97f9e68dad19cb
718562357290487,pine_plantation_short_rotation,clearcut,2027,1,True,planted_pine_regen,77.0,5,269.76494494770435,private_industrial,Baker;Columbia;Hamilton;Suwannee;Union,3,4d97f9e68dad19cb
718562357290487,public_selection_light,selection_harvest,2032;2042;2052;2062,4,True,,77.0,4,48.704470687178286,federal;local;state,Baker;Columbia;Hamilton,3,ab52681730429bbc
718562357290487,public_thin_restore,thin_from_below_repeated,2027;2042;2057,3,True,,77.0,4,48.704470687178286,federal;local;state,Baker;Columbia;Hamilton,3,326b653b45caa35b
718562372290487,family_light_thin,thin_from_below,2032,1,True,,42.0,4,157.01075938423685,private_family,Baker;Columbia;Hamilton;Union,3,c1a450be59ebe53a
718562372290487,family_uneven_aged_selection,selection_harvest,2037;2052;2067,3,True,,42.0,4,157.01075938423685,private_family,Baker;Columbia;Hamilton;Union,3,48c58e5d2155cd9e
718562372290487,no_management,no_management,,0,False,,42.0,12,4249.075876480495,federal;local;private_family;private_industrial;state,Baker;Columbia;Hamilton;Union,3,6a48fb9a09dd335f
718562372290487,pine_plantation_long_rotation,clearcut,2027,1,True,planted_pine_regen,42.0,9,363.61556882893376,private_family;private_industrial;state,Baker;Columbia;Hamilton;Union,3,0d7af083013eb033
718562372290487,pine_plantation_short_rotation,clearcut,2027,1,True,planted_pine_regen,42.0,3,197.48662086855853,private_industrial,Baker;Columbia;Hamilton,3,0d7af083013eb033
718562372290487,public_selection_light,selection_harvest,2032;2042;2052;2062,4,True,,42.0,5,3894.5784962276994,federal;local;state,Baker;Columbia;Hamilton,3,232e44a4237e8c33
718562372290487,public_thin_restore,thin_from_below_repeated,2027;2042;2057,3,True,,42.0,5,3894.5784962276994,federal;local;state,Baker;Columbia;Hamilton,3,5b1f84d1373d6ad0
718603452290487,family_light_thin,thin_from_below,2032,1,True,,26.0,1,18.01398230895635,private_family,Hamilton,3,cfa49915b80cbb42
718603452290487,family_uneven_aged_selection,selection_harvest,2037;2052;2067,3,True,,26.0,1,18.01398230895635,private_family,Hamilton,3,489c93c47e852450
718603452290487,no_management,no_management,,0,False,,26.0,2,19.79314105551994,private_family;private_industrial,Hamilton,3,dfc5356f1676a221
718603452290487,pine_plantation_long_rotation,plantation_rotation,2027;2032,2,True,planted_pine_regen,26.0,2,19.79314105551994,private_family;private_industrial,Hamilton,3,7c512799bdaa2986
718603452290487,pine_plantation_short_rotation,clearcut,2027,1,True,planted_pine_regen,26.0,1,1.7791587465635903,private_industrial,Hamilton,3,d3ccd3d4bf3b9bec
718603453290487,family_light_thin,thin_from_below,2032,1,True,,47.0,5,210.1631269378241,private_family,Baker;Columbia;Hamilton;Suwannee;Union,3,052319f538a2486f
718603453290487,family_uneven_aged_selection,selection_harvest,2037;2052;2067,3,True,,47.0,5,210.1631269378241,private_family,Baker;Columbia;Hamilton;Suwannee;Union,3,835a9948ae34ba75
718603453290487,hardwood_clearcut_regen,clearcut,2027,1,True,hardwood_regen,47.0,5,57.37786957667579,private_industrial,Baker;Columbia;Hamilton;Suwannee;Union,3,0da52ebf9abd0c1d
718603453290487,no_management,no_management,,0,False,,47.0,15,270.6545243209862,federal;local;private_family;private_industrial;state,Baker;Columbia;Hamilton;Suwannee;Union,3,45f412c5bae34976
718603453290487,public_selection_light,selection_harvest,2032;2042;2052;2062,4,True,,47.0,5,3.113527806486283,federal;local;state,Baker;Columbia;Hamilton;Suwannee,3,c81e6c8b1f0f038c
718603453290487,public_thin_restore,thin_from_below_repeated,2027;2042;2057,3,True,,47.0,5,3.113527806486283,federal;local;state,Baker;Columbia;Hamilton;Suwannee,3,221404b66843a696
718603459290487,family_light_thin,thin_from_below,2032,1,True,,72.0,2,25.57540698185161,private_family,Hamilton;Suwannee,3,ee5abc03fed8694d
718603459290487,family_uneven_aged_selection,selection_harvest,2037;2052;2067,3,True,,72.0,2,25.57540698185161,private_family,Hamilton;Suwannee,3,f27aeb9be34ab31f
718603459290487,hardwood_clearcut_regen,clearcut,2027,1,True,hardwood_regen,72.0,1,12.009321539304235,private_industrial,Hamilton,3,ee1b6304e7896796
718603459290487,no_management,no_management,,0,False,,72.0,3,37.584728521155846,private_family;private_industrial,Hamilton;Suwannee,3,4116cc129e4b5b43
718603486290487,family_light_thin,thin_from_below,2032,1,True,,24.0,3,1.3343690599226927,private_family,Columbia;Suwannee;Union,3,0b93e61c727b3d81
718603486290487,family_uneven_aged_selection,selection_harvest,2037;2052;2067,3,True,,24.0,3,1.3343690599226927,private_family,Columbia;Suwannee;Union,3,b48dfff60e2f55a1
718603486290487,hardwood_clearcut_regen,clearcut,2052,1,True,hardwood_regen,24.0,2,4.892686553049873,private_industrial,Columbia;Suwannee,3,f70a4b1f167a7d15
718603486290487,no_management,no_management,,0,False,,24.0,5,6.227055612972566,private_family;private_industrial,Columbia;Suwannee;Union,3,e0b573105a48fe97
718603520290487,family_light_thin,thin_from_below,2032,1,True,,59.0,5,500.1660026276893,private_family,Baker;Columbia;Hamilton;Suwannee;Union,3,e7733df5f10278bb
718603520290487,family_uneven_aged_selection,selection_harvest,2037;2052;2067,3,True,,59.0,5,500.1660026276893,private_family,Baker;Columbia;Hamilton;Suwannee;Union,3,62727bc325b53b47
718603520290487,hardwood_clearcut_regen,clearcut,2027,1,True,hardwood_regen,59.0,5,87.40117342493637,private_industrial,Baker;Columbia;Hamilton;Suwannee;Union,3,98977fe67637c8d8
718603520290487,no_management,no_management,,0,False,,59.0,17,595.5733904121619,federal;local;private_family;private_industrial;state,Baker;Columbia;Hamilton;Suwannee;Union,3,ac4b1d6c4ddc7294
718603520290487,public_selection_light,selection_harvest,2032;2042;2052;2062,4,True,,59.0,7,8.006214359536155,federal;local;state,Baker;Columbia;Suwannee,3,f009a3ad561c1db6
718603520290487,public_thin_restore,thin_from_below_repeated,2027;2042;2057,3,True,,59.0,7,8.006214359536155,federal;local;state,Baker;Columbia;Suwannee,3,7744f329b99fb2eb
718603540290487,family_light_thin,thin_from_below,2032,1,True,,77.0,1,15.790033875751863,private_family,Baker,3,316997ac3ceb53aa
718603540290487,family_uneven_aged_selection,selection_harvest,2037;2052;2067,3,True,,77.0,1,15.790033875751863,private_family,Baker,3,7aa8311210f229a2
718603540290487,no_management,no_management,,0,False,,77.0,7,93.85062388122938,federal;local;private_family;private_industrial,Baker;Columbia;Hamilton,3,c44cc5f270e847d2
718603540290487,pine_plantation_long_rotation,clearcut,2027,1,True,planted_pine_regen,77.0,4,22.01708948872443,private_family;private_industrial,Baker;Columbia;Hamilton,3,dfbf92ef8ce3a2a4
718603540290487,pine_plantation_short_rotation,clearcut,2027,1,True,planted_pine_regen,77.0,3,6.227055612972566,private_industrial,Baker;Columbia;Hamilton,3,dfbf92ef8ce3a2a4
718603540290487,public_selection_light,selection_harvest,2032;2042;2052;2062,4,True,,77.0,3,71.83353439250496,federal;local,Baker;Columbia,3,0ed98de0cbfc36ca
718603540290487,public_thin_restore,thin_from_below_repeated,2027;2042;2057,3,True,,77.0,3,71.83353439250496,federal;local,Baker;Columbia,3,8c81b730874fe40e
718603545290487,family_light_thin,thin_from_below,2032,1,True,,75.0,1,0.4447896866408976,private_family,Columbia,3,ca6e6eabfe7cffc2
718603545290487,family_uneven_aged_selection,selection_harvest,2037;2052;2067,3,True,,75.0,1,0.4447896866408976,private_family,Columbia,3,b2b0afc3bc51260b
718603545290487,no_management,no_management,,0,False,,75.0,2,1.5567639032431415,private_family;private_industrial,Columbia,3,1ba3d6dde8aa53c8
718603545290487,pine_plantation_long_rotation,clearcut,2027,1,True,planted_pine_regen,75.0,2,1.5567639032431415,private_family;private_industrial,Columbia,3,201241e81b6ca517
718603545290487,pine_plantation_short_rotation,clearcut,2027,1,True,planted_pine_regen,75.0,1,1.111974216602244,private_industrial,Columbia,3,201241e81b6ca517
718603549290487,family_light_thin,thin_from_below,2032,1,True,,91.0,4,228.17710924678047,private_family,Baker;Columbia;Suwannee;Union,3,cd49f569a9c09e99
718603549290487,family_uneven_aged_selection,selection_harvest,2037;2052;2067,3,True,,91.0,4,228.17710924678047,private_family,Baker;Columbia;Suwannee;Union,3,294c2c48d8f97bc0
718603549290487,hardwood_clearcut_regen,clearcut,2027,1,True,hardwood_regen,91.0,4,132.324931775667,private_industrial,Baker;Columbia;Suwannee;Union,3,c0f2d32785de7d69
718603549290487,no_management,no_management,,0,False,,91.0,11,434.5595238481569,local;private_family;private_industrial;state,Baker;Columbia;Suwannee;Union,3,ff8860a76398448d
718603549290487,public_selection_light,selection_harvest,2032;2042;2052;2062,4,True,,91.0,3,74.05748282570944,local;state,Baker;Suwannee;Union,3,510821208262b856
718603549290487,public_thin_restore,thin_from_below_repeated,2027;2042;2057,3,True,,91.0,3,74.05748282570944,local;state,Baker;Suwannee;Union,3,58920f02b799082f
718603558290487,family_light_thin,thin_from_below,2032,1,True,,16.0,5,21.79469464540398,private_family,Baker;Columbia;Hamilton;Suwannee;Union,3,623536cdd0cd6546
718603558290487,family_uneven_aged_selection,selection_harvest,2037;2052;2067,3,True,,16.0,5,21.79469464540398,private_family,Baker;Columbia;Hamilton;Suwannee;Union,3,d8e41b4edab8e00b
718603558290487,hardwood_clearcut_regen,clearcut,2057,1,True,hardwood_regen,16.0,4,8.895793732817951,private_industrial,Baker;Columbia;Hamilton;Suwannee,3,e2c14bad5ec47f04
718603558290487,no_management,no_management,,0,False,,16.0,11,32.24725228146507,federal;local;private_family;private_industrial,Baker;Columbia;Hamilton;Suwannee;Union,3,c0562b1f37d9328f
718603558290487,public_selection_light,selection_harvest,2032;2042;2052;2062,4,True,,16.0,2,1.5567639032431415,federal;local,Columbia,3,3bc92fc5185a8214
718603558290487,public_thin_restore,thin_from_below_repeated,2027;2042;2057,3,True,,16.0,2,1.5567639032431415,federal;local,Columbia,3,9e9772c364d89606
718603581290487,family_light_thin,thin_from_below,2032,1,True,,80.0,4,7.783819516215708,private_family,Baker;Columbia;Suwannee;Union,3,9c550b86a6d16611
718603581290487,family_uneven_aged_selection,selection_harvest,2037;2052;2067,3,True,,80.0,4,7.783819516215708,private_family,Baker;Columbia;Suwannee;Union,3,cce414995664d78b
718603581290487,no_management,no_management,,0,False,,80.0,8,11.119742166022439,local;private_family;private_industrial,Baker;Columbia;Suwannee;Union,3,178d619b833f3f73
718603581290487,pine_plantation_long_rotation,clearcut,2027,1,True,planted_pine_regen,80.0,7,10.007767949420195,private_family;private_industrial,Baker;Columbia;Suwannee;Union,3,b181e1452f5940a6
718603581290487,pine_plantation_short_rotation,clearcut,2027,1,True,planted_pine_regen,80.0,3,2.223948433204488,private_industrial,Baker;Columbia;Suwannee,3,b181e1452f5940a6
718603581290487,public_selection_light,selection_harvest,2032;2042;2052;2062,4,True,,80.0,1,1.111974216602244,local,Baker,3,7819a40db53f9053
718603581290487,public_thin_restore,thin_from_below_repeated,2027;2042;2057,3,True,,80.0,1,1.111974216602244,local,Baker,3,81d2fb1ed645bed7
718603596290487,no_management,no_management,,0,False,,52.0,1,0.4447896866408976,federal,Columbia,3,d6d38fd2a239a888
718603596290487,public_selection_light,selection_harvest,2032;2042;2052;2062,4,True,,52.0,1,0.4447896866408976,federal,Columbia,3,ac5f54ae87386e4c
718603596290487,public_thin_restore,thin_from_below_repeated,2027;2042;2057,3,True,,52.0,1,0.4447896866408976,federal,Columbia,3,10ecba0be647e284
718603597290487,family_light_thin,thin_from_below,2032,1,True,,73.0,2,47.59249647057604,private_family,Baker;Columbia,3,bc920b7e197d34e4
718603597290487,family_uneven_aged_selection,selection_harvest,2037;2052;2067,3,True,,73.0,2,47.59249647057604,private_family,Baker;Columbia,3,b2ed3167ef799583
718603597290487,hardwood_clearcut_regen,clearcut,2027,1,True,hardwood_regen,73.0,3,7.783819516215708,private_industrial,Baker;Columbia;Suwannee,3,2dbe0c5061427ff0
718603597290487,no_management,no_management,,0,False,,73.0,6,55.82110567343264,local;private_family;private_industrial,Baker;Columbia;Suwannee,3,39096c2693e2d05d
718603597290487,public_selection_light,selection_harvest,2032;2042;2052;2062,4,True,,73.0,1,0.4447896866408976,local,Columbia,3,f6d355b31e23d3f1
718603597290487,public_thin_restore,thin_from_below_repeated,2027;2042;2057,3,True,,73.0,1,0.4447896866408976,local,Columbia,3,1f8147503672deb7
718603599290487,family_light_thin,thin_from_below,2032,1,True,,47.0,2,1846.5443840896862,private_family,Hamilton;Suwannee,3,875a1d808d67c51c
718603599290487,family_uneven_aged_selection,selection_harvest,2037;2052;2067,3,True,,47.0,2,1846.5443840896862,private_family,Hamilton;Suwannee,3,edde691435abe736
718603599290487,hardwood_clearcut_regen,clearcut,2027,1,True,hardwood_regen,47.0,2,248.85982967558218,private_industrial,Hamilton;Suwannee,3,cee8a2958c879081
718603599290487,no_management,no_management,,0,False,,47.0,10,2151.670109125342,federal;local;private_family;private_industrial;state,Hamilton;Suwannee,3,21c990432f3a5b84
718603599290487,public_selection_light,selection_harvest,2032;2042;2052;2062,4,True,,47.0,6,56.265895360073536,federal;local;state,Hamilton;Suwannee,3,bac105e7474bf67c
718603599290487,public_thin_restore,thin_from_below_repeated,2027;2042;2057,3,True,,47.0,6,56.265895360073536,federal;local;state,Hamilton;Suwannee,3,fae9f534d4dcaec5
718603672290487,family_light_thin,thin_from_below,2032,1,True,,73.0,5,71.61113954918451,private_family,Baker;Columbia;Hamilton;Suwannee;Union,3,5f4bc3dfe5ebf0c4
718603672290487,family_uneven_aged_selection,selection_harvest,2037;2052;2067,3,True,,73.0,5,71.61113954918451,private_family,Baker;Columbia;Hamilton;Suwannee;Union,3,150b1e3820acc7ed
718603672290487,hardwood_clearcut_regen,clearcut,2027,1,True,hardwood_regen,73.0,5,62.270556129725655,private_industrial,Baker;Columbia;Hamilton;Suwannee;Union,3,d928abc16b1d42de
718603672290487,no_management,no_management,,0,False,,73.0,15,142.99988425504856,federal;local;private_family;private_industrial;state,Baker;Columbia;Hamilton;Suwannee;Union,3,3927cfa775668504
718603672290487,public_selection_light,selection_harvest,2032;2042;2052;2062,4,True,,73.0,5,9.118188576138401,federal;local;state,Baker;Columbia;Suwannee,3,1ffcbf06237a511e
718603672290487,public_thin_restore,thin_from_below_repeated,2027;2042;2057,3,True,,73.0,5,9.118188576138401,federal;local;state,Baker;Columbia;Suwannee,3,1231aa3360cbd9d5
718603673290487,family_light_thin,thin_from_below,2032,1,True,,60.0,4,1420.8806539743473,private_family,Baker;Columbia;Hamilton;Suwannee,3,f3b9b6ac9c2b7fce
718603673290487,family_uneven_aged_selection,selection_harvest,2037;2052;2067,3,True,,60.0,4,1420.8806539743473,private_family,Baker;Columbia;Hamilton;Suwannee,3,b155158f14c2ebe1
718603673290487,hardwood_clearcut_regen,clearcut,2027,1,True,hardwood_regen,60.0,3,314.68870329843503,private_industrial,Columbia;Hamilton;Suwannee,3,f0dbaaff16324b83
718603673290487,no_management,no_management,,0,False,,60.0,15,1784.0514331166403,federal;local;private_family;private_industrial;state,Baker;Columbia;Hamilton;Suwannee,3,8629e82e68b54cc1
718603673290487,public_selection_light,selection_harvest,2032;2042;2052;2062,4,True,,60.0,8,48.482075843857835,federal;local;state,Columbia;Hamilton;Suwannee,3,16fe407ed5a6f2cd
718603673290487,public_thin_restore,thin_from_below_repeated,2027;2042;2057,3,True,,60.0,8,48.482075843857835,federal;local;state,Columbia;Hamilton;Suwannee,3,0de22fb77636c49f
718603721290487,family_light_thin,thin_from_below,2032,1,True,,42.0,1,20.46032558548129,private_family,Columbia,3,9a7be6d2e8f89c07
718603721290487,family_uneven_aged_selection,selection_harvest,2037;2052;2067,3,True,,42.0,1,20.46032558548129,private_family,Columbia,3,d0c6a7c198e89c68
718603721290487,hardwood_clearcut_regen,clearcut,2032,1,True,hardwood_regen,42.0,1,4.225502023088527,private_industrial,Columbia,3,afa515bc0dcfcbbd
718603721290487,no_management,no_management,,0,False,,42.0,3,24.908222451890264,private_family;private_industrial;state,Columbia,3,583170ad203e3b67
718603721290487,public_selection_light,selection_harvest,2032;2042;2052;2062,4,True,,42.0,1,0.2223948433204488,state,Columbia,3,4b5a21b2244be5ca
718603721290487,public_thin_restore,thin_from_below_repeated,2027;2042;2057,3,True,,42.0,1,0.2223948433204488,state,Columbia,3,d036cd27b55e3eef
718603724290487,family_light_thin,thin_from_below,2032,1,True,,37.0,2,30.690488378221932,private_family,Columbia;Union,3,bf80f4d2c57b4831
718603724290487,family_uneven_aged_selection,selection_harvest,2037;2052;2067,3,True,,37.0,2,30.690488378221932,private_family,Columbia;Union,3,209e9eeb54d9b207
718603724290487,hardwood_clearcut_regen,clearcut,2037,1,True,hardwood_regen,37.0,2,6.0046607696521175,private_industrial,Columbia;Union,3,7a6e074babc617ee
718603724290487,no_management,no_management,,0,False,,37.0,5,37.13993883451495,local;private_family;private_industrial,Columbia;Union,3,9b718ae70fe6819c
718603724290487,public_selection_light,selection_harvest,2032;2042;2052;2062,4,True,,37.0,1,0.4447896866408976,local,Union,3,315d9f9a90719e3b
718603724290487,public_thin_restore,thin_from_below_repeated,2027;2042;2057,3,True,,37.0,1,0.4447896866408976,local,Union,3,2ea2d188352ea674
718603849290487,family_light_thin,thin_from_below,2032,1,True,,44.0,4,483.0415996920148,private_family,Baker;Columbia;Hamilton;Suwannee,3,be9f724483516c14
718603849290487,family_uneven_aged_selection,selection_harvest,2037;2052;2067,3,True,,44.0,4,483.0415996920148,private_family,Baker;Columbia;Hamilton;Suwannee,3,2210bce14f6599e4
718603849290487,no_management,no_management,,0,False,,44.0,11,5638.598857546659,federal;local;private_family;private_industrial;state,Baker;Columbia;Hamilton;Suwannee,3,f0f27cc6db8643d0
718603849290487,pine_plantation_long_rotation,clearcut,2027,1,True,planted_pine_regen,44.0,8,510.8409551070709,private_family;private_industrial;state,Baker;Columbia;Hamilton;Suwannee,3,6503f382c2209662
718603849290487,pine_plantation_short_rotation,clearcut,2027,1,True,planted_pine_regen,44.0,3,27.576960571735647,private_industrial,Baker;Columbia;Hamilton,3,6503f382c2209662
718603849290487,public_selection_light,selection_harvest,2032;2042;2052;2062,4,True,,44.0,4,5127.980297282908,federal;local;state,Baker;Columbia,3,f2a2f81bbf52dbce
718603849290487,public_thin_restore,thin_from_below_repeated,2027;2042;2057,3,True,,44.0,4,5127.980297282908,federal;local;state,Baker;Columbia,3,194af72083978467
718603850290487,family_light_thin,thin_from_below,2032,1,True,,31.0,5,11709.310895664948,private_family,Baker;Columbia;Hamilton;Suwannee;Union,3,9ab5fa9431509a60
718603850290487,family_uneven_aged_selection,selection_harvest,2037;2052;2067,3,True,,31.0,5,11709.310895664948,private_family,Baker;Columbia;Hamilton;Suwannee;Union,3,09ed2f721bf81160
718603850290487,hardwood_clearcut_regen,clearcut,2042,1,True,hardwood_regen,31.0,5,4946.728499976743,private_industrial,Baker;Columbia;Hamilton;Suwannee;Union,3,33a9c7a9dce9e4d9
718603850290487,no_management,no_management,,0,False,,31.0,22,17977.95434433844,federal;local;private_family;private_industrial;state,Baker;Columbia;Hamilton;Suwannee;Union,3,20aa5b9040950e39
718603850290487,public_selection_light,selection_harvest,2032;2042;2052;2062,4,True,,31.0,12,1321.9149486967476,federal;local;state,Baker;Columbia;Hamilton;Suwannee;Union,3,daad80275faf0cd7
718603850290487,public_thin_restore,thin_from_below_repeated,2027;2042;2057,3,True,,31.0,12,1321.9149486967476,federal;local;state,Baker;Columbia;Hamilton;Suwannee;Union,3,65e51c2cde846c6f
718603852290487,family_light_thin,thin_from_below,2032,1,True,,19.0,2,803.5125689167814,private_family,Columbia;Union,3,9706b318dc30b372
718603852290487,family_uneven_aged_selection,selection_harvest,2037;2052;2067,3,True,,19.0,2,803.5125689167814,private_family,Columbia;Union,3,df3f3ed20ff70e0d
718603852290487,no_management,no_management,,0,False,,19.0,7,1062.8249562284248,local;private_family;private_industrial;state,Columbia;Union,3,d15a1b9cc0bb9c8d
718603852290487,pine_plantation_long_rotation,plantation_rotation,2027;2042,2,True,planted_pine_regen,19.0,6,1041.0302615830208,private_family;private_industrial;state,Columbia;Union,3,814fc1801022a8ad
718603852290487,pine_plantation_short_rotation,plantation_rotation,2027;2032,2,True,planted_pine_regen,19.0,2,193.7059085321109,private_industrial,Columbia;Union,3,1baa8c48107519a4
718603852290487,public_selection_light,selection_harvest,2032;2042;2052;2062,4,True,,19.0,3,65.6064787795324,local;state,Columbia;Union,3,3f0bcca2d52421c2
718603852290487,public_thin_restore,thin_from_below_repeated,2027;2042;2057,3,True,,19.0,3,65.6064787795324,local;state,Columbia;Union,3,156ab50e408a1cc1
718603858290487,family_light_thin,thin_from_below,2032,1,True,,103.0,4,277.993554150561,private_family,Baker;Columbia;Suwannee;Union,3,dc20239214cb7415
718603858290487,family_uneven_aged_selection,selection_harvest,2037;2052;2067,3,True,,103.0,4,277.993554150561,private_family,Baker;Columbia;Suwannee;Union,3,4e42c0a0e19de02c
718603858290487,hardwood_clearcut_regen,clearcut,2027,1,True,hardwood_regen,103.0,3,26.9097760417743,private_industrial,Baker;Columbia;Union,3,6ea3a230a8c9f26b
718603858290487,no_management,no_management,,0,False,,103.0,10,309.1288322154238,local;private_family;private_industrial;state,Baker;Columbia;Suwannee;Union,3,2cfb2342f55b3e8c
718603858290487,public_selection_light,selection_harvest,2032;2042;2052;2062,4,True,,103.0,3,4.225502023088527,local;state,Columbia;Union,3,ed6785899f458887
718603858290487,public_thin_restore,thin_from_below_repeated,2027;2042;2057,3,True,,103.0,3,4.225502023088527,local;state,Columbia;Union,3,34971805bcd68984
718603878290487,no_management,no_management,,0,False,,27.0,1,15.790033875751863,private_industrial,Baker,3,58176aedeab2a9e7
718603878290487,pine_plantation_long_rotation,plantation_rotation,2027;2032,2,True,planted_pine_regen,27.0,1,15.790033875751863,private_industrial,Baker,3,1e4bc85b72db6754
718603878290487,pine_plantation_short_rotation,clearcut,2027,1,True,planted_pine_regen,27.0,1,15.790033875751863,private_industrial,Baker,3,c74b6d30ab9530c8
718603881290487,family_light_thin,thin_from_below,2032,1,True,,66.0,5,482.8192048486943,private_family,Baker;Columbia;Hamilton;Suwannee;Union,3,698c9fc9f54b04a8
718603881290487,family_uneven_aged_selection,selection_harvest,2037;2052;2067,3,True,,66.0,5,482.8192048486943,private_family,Baker;Columbia;Hamilton;Suwannee;Union,3,7479a48ea3b735f6
718603881290487,hardwood_clearcut_regen,clearcut,2027,1,True,hardwood_regen,66.0,5,113.64376493674932,private_industrial,Baker;Columbia;Hamilton;Suwannee;Union,3,831038b7ba371311
718603881290487,no_management,no_management,,0,False,,66.0,15,617.5904799008863,federal;local;private_family;private_industrial;state,Baker;Columbia;Hamilton;Suwannee;Union,3,d462453bc30de843
718603881290487,public_selection_light,selection_harvest,2032;2042;2052;2062,4,True,,66.0,5,21.127510115442636,federal;local;state,Baker;Columbia;Suwannee,3,3a3304970eb4fe36
718603881290487,public_thin_restore,thin_from_below_repeated,2027;2042;2057,3,True,,66.0,5,21.127510115442636,federal;local;state,Baker;Columbia;Suwannee,3,ef109897f2c98a66
718603887290487,family_light_thin,thin_from_below,2032,1,True,,12.0,1,415.65596216591877,private_family,Union,3,1753e9c271365def
718603887290487,family_uneven_aged_selection,selection_harvest,2037;2052;2067,3,True,,12.0,1,415.65596216591877,private_family,Union,3,fa66305c7923a9f0
718603887290487,no_management,no_management,,0,False,,12.0,5,533.747623969077,local;private_family;private_industrial;state,Baker;Union,3,8095fc50a88ce335
718603887290487,pine_plantation_long_rotation,plantation_rotation,2032;2047,2,True,planted_pine_regen,12.0,4,533.5252291257566,private_family;private_industrial;state,Baker;Union,3,5bee8936bd1b78a2
718603887290487,pine_plantation_short_rotation,plantation_rotation,2027;2037,2,True,planted_pine_regen,12.0,2,114.53334431003111,private_industrial,Baker;Union,3,41240ebfc390c184
718603887290487,public_selection_light,selection_harvest,2032;2042;2052;2062,4,True,,12.0,2,3.5583174931271806,local;state,Union,3,decc03922b406e59
718603887290487,public_thin_restore,thin_from_below_repeated,2027;2042;2057,3,True,,12.0,2,3.5583174931271806,local;state,Union,3,238f6a543f43891c
718603888290487,family_light_thin,thin_from_below,2032,1,True,,17.0,1,10.230162792740645,private_family,Baker,3,20d2263b4bad2cdc
718603888290487,family_uneven_aged_selection,selection_harvest,2037;2052;2067,3,True,,17.0,1,10.230162792740645,private_family,Baker,3,a24580874551d8c0
718603888290487,no_management,no_management,,0,False,,17.0,4,15.567639032431416,local;private_family;private_industrial;state,Baker;Union,3,95e2c4c30e6a9fb8
718603888290487,pine_plantation_long_rotation,plantation_rotation,2027;2042,2,True,planted_pine_regen,17.0,3,12.454111225945132,private_family;private_industrial;state,Baker;Union,3,7318f0c22723cb0b
718603888290487,pine_plantation_short_rotation,plantation_rotation,2027;2032,2,True,planted_pine_regen,17.0,1,1.7791587465635903,private_industrial,Baker,3,cbda981783abdc4e
718603888290487,public_selection_light,selection_harvest,2032;2042;2052;2062,4,True,,17.0,2,3.5583174931271806,local;state,Baker;Union,3,f855db492be6e926
718603888290487,public_thin_restore,thin_from_below_repeated,2027;2042;2057,3,True,,17.0,2,3.5583174931271806,local;state,Baker;Union,3,433135be0b75eb10
718604011290487,family_light_thin,thin_from_below,2032,1,True,,10.0,1,0.4447896866408976,private_family,Suwannee,3,d3d999250b8a089c
718604011290487,family_uneven_aged_selection,selection_harvest,2037;2052;2067,3,True,,10.0,1,0.4447896866408976,private_family,Suwannee,3,c3fc25433631ef40
718604011290487,no_management,no_management,,0,False,,10.0,1,0.4447896866408976,private_family,Suwannee,3,dadc72cd8a1efbbf
718604011290487,pine_plantation_long_rotation,plantation_rotation,2032;2047,2,True,planted_pine_regen,10.0,1,0.4447896866408976,private_family,Suwannee,3,4455ef4499798741
718604018290487,family_light_thin,thin_from_below,2032,1,True,,45.0,1,11.786926695983786,private_family,Suwannee,3,46eae5a183399527
718604018290487,family_uneven_aged_selection,selection_harvest,2037;2052;2067,3,True,,45.0,1,11.786926695983786,private_family,Suwannee,3,a48e26496af602ef
718604018290487,hardwood_clearcut_regen,clearcut,2027,1,True,hardwood_regen,45.0,1,1.111974216602244,private_industrial,Suwannee,3,13d01cf606366723
718604018290487,no_management,no_management,,0,False,,45.0,2,12.89890091258603,private_family;private_industrial,Suwannee,3,488341966cc4aa4b
718604044290487,family_light_thin,thin_from_below,2032,1,True,,29.0,2,454.1302700603564,private_family,Columbia;Suwannee,3,63e3771bbd90075f
718604044290487,family_uneven_aged_selection,selection_harvest,2037;2052;2067,3,True,,29.0,2,454.1302700603564,private_family,Columbia;Suwannee,3,8916ec7614835c8c
718604044290487,no_management,no_management,,0,False,,29.0,5,668.2965041779486,local;private_family;private_industrial,Columbia;Suwannee,3,08392ae880979275
718604044290487,pine_plantation_long_rotation,plantation_rotation,2027;2032,2,True,planted_pine_regen,29.0,4,631.823749873395,private_family;private_industrial,Columbia;Suwannee,3,eee4cc7e33fbfd4e
718604044290487,pine_plantation_short_rotation,clearcut,2027,1,True,planted_pine_regen,29.0,2,177.69347981303858,private_industrial,Columbia;Suwannee,3,11a782eabb1401ff
718604044290487,public_selection_light,selection_harvest,2032;2042;2052;2062,4,True,,29.0,1,36.472754304553604,local,Suwannee,3,4bb12f0663b30ab4
718604044290487,public_thin_restore,thin_from_below_repeated,2027;2042;2057,3,True,,29.0,1,36.472754304553604,local,Suwannee,3,17662d40a4cf8430
718604047290487,family_light_thin,thin_from_below,2032,1,True,,6.0,3,32.91443681142642,private_family,Columbia;Hamilton;Suwannee,3,9390af7065450170
718604047290487,family_uneven_aged_selection,selection_harvest,2037;2052;2067,3,True,,6.0,3,32.91443681142642,private_family,Columbia;Hamilton;Suwannee,3,53978b352128d00a
718604047290487,no_management,no_management,,0,False,,6.0,7,38.47430789443764,federal;private_family;private_industrial,Columbia;Hamilton;Suwannee,3,5bd4c4da77ca1395
718604047290487,pine_plantation_long_rotation,plantation_rotation,2037;2052,2,True,planted_pine_regen,6.0,6,38.25191305111719,private_family;private_industrial,Columbia;Hamilton;Suwannee,3,1cd24b4ce266609f
718604047290487,pine_plantation_short_rotation,plantation_rotation,2032;2042,2,True,planted_pine_regen,6.0,3,5.337476239690771,private_industrial,Columbia;Hamilton;Suwannee,3,247b180b2bacbc3f
718604047290487,public_selection_light,selection_harvest,2032;2042;2052;2062,4,True,,6.0,1,0.2223948433204488,federal,Columbia,3,0c3d8d875c39ba95
718604047290487,public_thin_restore,thin_from_below_repeated,2027;2042;2057,3,True,,6.0,1,0.2223948433204488,federal,Columbia,3,bb7bb3cfbefec584
718604054290487,family_light_thin,thin_from_below,2032,1,True,,88.0,3,10.230162792740645,private_family,Columbia;Suwannee;Union,3,8061d98e965d58a8
718604054290487,family_uneven_aged_selection,selection_harvest,2037;2052;2067,3,True,,88.0,3,10.230162792740645,private_family,Columbia;Suwannee;Union,3,65a027a69d6f9c8b
718604054290487,hardwood_clearcut_regen,clearcut,2027,1,True,hardwood_regen,88.0,1,0.4447896866408976,private_industrial,Columbia,3,1169f1d9e8c626d5
718604054290487,no_management,no_management,,0,False,,88.0,4,10.674952479381542,private_family;private_industrial,Columbia;Suwannee;Union,3,85e32aeaac00a82b
718604055290487,family_light_thin,thin_from_below,2032,1,True,,5.0,3,20.682720428801737,private_family,Baker;Columbia;Hamilton,3,e29103ffdac7a285
718604055290487,family_uneven_aged_selection,selection_harvest,2037;2052;2067,3,True,,5.0,3,20.682720428801737,private_family,Baker;Columbia;Hamilton,3,21721629f04deb32
718604055290487,no_management,no_management,,0,False,,5.0,10,68.49761174269823,federal;local;private_family;private_industrial;state,Baker;Columbia;Hamilton,3,02ec45806823ad4c
718604055290487,pine_plantation_long_rotation,plantation_rotation,2037;2052,2,True,planted_pine_regen,5.0,7,29.35611931829924,private_family;private_industrial;state,Baker;Columbia;Hamilton,3,a77e9d5577d62458
718604055290487,pine_plantation_short_rotation,plantation_rotation,2032;2042,2,True,planted_pine_regen,5.0,3,8.451004046177054,private_industrial,Baker;Columbia;Hamilton,3,a4c84010fb6a3b5f
718604055290487,public_selection_light,selection_harvest,2032;2042;2052;2062,4,True,,5.0,4,39.363887267719434,federal;local;state,Baker;Columbia,3,9d91a63f7e727b69
718604055290487,public_thin_restore,thin_from_below_repeated,2027;2042;2057,3,True,,5.0,4,39.363887267719434,federal;local;state,Baker;Columbia,3,8318128264f51efd
718604057290487,family_light_thin,thin_from_below,2032,1,True,,40.0,1,0.2223948433204488,private_family,Union,3,40498c3a152541a0
718604057290487,family_uneven_aged_selection,selection_harvest,2037;2052;2067,3,True,,40.0,1,0.2223948433204488,private_family,Union,3,4b23cb707c55dc0b
718604057290487,no_management,no_management,,0,False,,40.0,1,0.2223948433204488,private_family,Union,3,2a0a59627afd1cad
718604060290487,family_light_thin,thin_from_below,2032,1,True,,8.0,2,6.004660769652117,private_family,Columbia;Suwannee,3,c2096437677e8647
718604060290487,family_uneven_aged_selection,selection_harvest,2037;2052;2067,3,True,,8.0,2,6.004660769652117,private_family,Columbia;Suwannee,3,3a5f6c170da1ef74
718604060290487,no_management,no_management,,0,False,,8.0,3,7.33902982957481,private_family;private_industrial,Columbia;Suwannee,3,a561a48da3583704
718604060290487,pine_plantation_long_rotation,plantation_rotation,2032;2052,2,True,planted_pine_regen,8.0,3,7.33902982957481,private_family;private_industrial,Columbia;Suwannee,3,5c5b144a8bdf89a9
718604060290487,pine_plantation_short_rotation,plantation_rotation,2032;2042,2,True,planted_pine_regen,8.0,1,1.3343690599226927,private_industrial,Columbia,3,a8ab493ad9a678d7
718604068290487,hardwood_clearcut_regen,clearcut,2027,1,True,hardwood_regen,60.0,1,0.6671845299613464,private_industrial,Baker,3,7ac2ee43b2d0360c
718604068290487,no_management,no_management,,0,False,,60.0,1,0.6671845299613464,private_industrial,Baker,3,8c48537a3d755ac8
718604076290487,family_light_thin,thin_from_below,2032,1,True,,6.0,1,8.006214359536155,private_family,Baker,3,0784a99aa1ca64ca
718604076290487,family_uneven_aged_selection,selection_harvest,2037;2052;2067,3,True,,6.0,1,8.006214359536155,private_family,Baker,3,9209e1f64e89583e
718604076290487,no_management,no_management,,0,False,,6.0,3,41.587835700923925,local;private_family;private_industrial,Baker,3,34e904b6521b8d91
718604076290487,pine_plantation_long_rotation,plantation_rotation,2037;2052,2,True,planted_pine_regen,6.0,2,41.14304601428303,private_family;private_industrial,Baker,3,dc3f22a32769a9b2
718604076290487,pine_plantation_short_rotation,plantation_rotation,2032;2042,2,True,planted_pine_regen,6.0,1,33.13683165474687,private_industrial,Baker,3,cf93f9c345fdadc7
718604076290487,public_selection_light,selection_harvest,2032;2042;2052;2062,4,True,,6.0,1,0.4447896866408976,local,Baker,3,ef1e96833db61f26
718604076290487,public_thin_restore,thin_from_below_repeated,2027;2042;2057,3,True,,6.0,1,0.4447896866408976,local,Baker,3,60ead0bbd21a022e
718604085290487,family_light_thin,thin_from_below,2032,1,True,,30.0,5,2684.750548564458,private_family,Baker;Columbia;Hamilton;Suwannee;Union,3,16c864224a9f4835
718604085290487,family_uneven_aged_selection,selection_harvest,2037;2052;2067,3,True,,30.0,5,2684.750548564458,private_family,Baker;Columbia;Hamilton;Suwannee;Union,3,c09232e578da4084
718604085290487,hardwood_clearcut_regen,clearcut,2042,1,True,hardwood_regen,30.0,4,1101.9664486528238,private_industrial,Baker;Columbia;Suwannee;Union,3,c487f98455e43868
718604085290487,no_management,no_management,,0,False,,30.0,17,4150.332566046215,federal;local;private_family;private_industrial;state,Baker;Columbia;Hamilton;Suwannee;Union,3,0a9d69ed963cd1da
718604085290487,public_selection_light,selection_harvest,2032;2042;2052;2062,4,True,,30.0,8,363.61556882893376,federal;local;state,Columbia;Suwannee;Union,3,fcd60632f0b76623
718604085290487,public_thin_restore,thin_from_below_repeated,2027;2042;2057,3,True,,30.0,8,363.61556882893376,federal;local;state,Columbia;Suwannee;Union,3,0908ab3a43a111fe
718604086290487,family_light_thin,thin_from_below,2032,1,True,,12.0,2,10.007767949420195,private_family,Columbia;Suwannee,3,b9d13f3ea8ec41c2
718604086290487,family_uneven_aged_selection,selection_harvest,2037;2052;2067,3,True,,12.0,2,10.007767949420195,private_family,Columbia;Suwannee,3,1ccf2ab0b1a1a18a
718604086290487,no_management,no_management,,0,False,,12.0,3,10.674952479381542,private_family;private_industrial,Columbia;Suwannee,3,1b8fb1519541da4e
718604086290487,pine_plantation_long_rotation,plantation_rotation,2032;2047,2,True,planted_pine_regen,12.0,3,10.674952479381542,private_family;private_industrial,Columbia;Suwannee,3,b82c9ebb96d6cbf0
718604086290487,pine_plantation_short_rotation,plantation_rotation,2027;2037,2,True,planted_pine_regen,12.0,1,0.6671845299613464,private_industrial,Suwannee,3,f68960e38bd2d45c
718604087290487,family_light_thin,thin_from_below,2032,1,True,,33.0,4,101.85683824076555,private_family,Baker;Columbia;Suwannee;Union,3,2c5fce088440b3d8
718604087290487,family_uneven_aged_selection,selection_harvest,2037;2052;2067,3,True,,33.0,4,101.85683824076555,private_family,Baker;Columbia;Suwannee;Union,3,62cd578197679a61
718604087290487,hardwood_clearcut_regen,clearcut,2042,1,True,hardwood_regen,33.0,4,34.02641102802866,private_industrial,Baker;Columbia;Suwannee;Union,3,414594882929ac8b
718604087290487,no_management,no_management,,0,False,,33.0,13,148.33736049473936,local;private_family;private_industrial;state,Baker;Columbia;Suwannee;Union,3,d93ee52b9c42f8cd
718604087290487,public_selection_light,selection_harvest,2032;2042;2052;2062,4,True,,33.0,5,12.454111225945132,local;state,Baker;Columbia;Suwannee;Union,3,f4082db9746be2e8
718604087290487,public_thin_restore,thin_from_below_repeated,2027;2042;2057,3,True,,33.0,5,12.454111225945132,local;state,Baker;Columbia;Suwannee;Union,3,accdad55cc315cd0
718604197290487,hardwood_clearcut_regen,clearcut,2027,1,True,hardwood_regen,67.0,1,0.2223948433204488,private_industrial,Columbia,3,3d256e758450a332
718604197290487,no_management,no_management,,0,False,,67.0,1,0.2223948433204488,private_industrial,Columbia,3,42c00416cdfb1128
718604205290487,family_light_thin,thin_from_below,2032,1,True,,63.0,4,1.7791587465635903,private_family,Baker;Columbia;Hamilton;Suwannee,3,d4301050568d163e
718604205290487,family_uneven_aged_selection,selection_harvest,2037;2052;2067,3,True,,63.0,4,1.7791587465635903,private_family,Baker;Columbia;Hamilton;Suwannee,3,5cb4985f4de27b42
718604205290487,no_management,no_management,,0,False,,63.0,5,3.335922649806732,federal;private_family,Baker;Columbia;Hamilton;Suwannee,3,f4ba0716792e3b92
718604205290487,public_selection_light,selection_harvest,2032;2042;2052;2062,4,True,,63.0,1,1.5567639032431415,federal,Columbia,3,78d4b022ee36efd2
718604205290487,public_thin_restore,thin_from_below_repeated,2027;2042;2057,3,True,,63.0,1,1.5567639032431415,federal,Columbia,3,8f8acdfbd3c34ab8
718604216290487,family_light_thin,thin_from_below,2032,1,True,,85.0,4,949.6259809783164,private_family,Baker;Columbia;Hamilton;Union,3,a8b3726be1afcc92
718604216290487,family_uneven_aged_selection,selection_harvest,2037;2052;2067,3,True,,85.0,4,949.6259809783164,private_family,Baker;Columbia;Hamilton;Union,3,a8026908d72ae0c0
718604216290487,hardwood_clearcut_regen,clearcut,2027,1,True,hardwood_regen,85.0,3,419.6590693456869,private_industrial,Baker;Columbia;Hamilton,3,238463859595c1a4
718604216290487,no_management,no_management,,0,False,,85.0,11,5500.49165984466,federal;local;private_family;private_industrial;state,Baker;Columbia;Hamilton;Union,3,97b15843edcbb249
718604216290487,public_selection_light,selection_harvest,2032;2042;2052;2062,4,True,,85.0,4,4131.2066095206565,federal;local;state,Baker;Columbia,3,64a2bace30912f4c
718604216290487,public_thin_restore,thin_from_below_repeated,2027;2042;2057,3,True,,85.0,4,4131.2066095206565,federal;local;state,Baker;Columbia,3,424737a2ae4fdcc9
718604217290487,family_light_thin,thin_from_below,2032,1,True,,5.0,3,1.7791587465635903,private_family,Columbia;Hamilton;Suwannee,3,6642d687abb72d28
718604217290487,family_uneven_aged_selection,selection_harvest,2037;2052;2067,3,True,,5.0,3,1.7791587465635903,private_family,Columbia;Hamilton;Suwannee,3,0e330eaf7c552400
718604217290487,no_management,no_management,,0,False,,5.0,7,2.891132963165834,local;private_family;private_industrial;state,Columbia;Hamilton;Suwannee,3,1be4b139890e8524
718604217290487,pine_plantation_long_rotation,plantation_rotation,2037;2052,2,True,planted_pine_regen,5.0,6,2.6687381198453854,private_family;private_industrial;state,Columbia;Hamilton;Suwannee,3,068b9b4c9b18e2b0
718604217290487,pine_plantation_short_rotation,plantation_rotation,2032;2042,2,True,planted_pine_regen,5.0,2,0.6671845299613464,private_industrial,Hamilton;Suwannee,3,49a5f4252781e039
718604217290487,public_selection_light,selection_harvest,2032;2042;2052;2062,4,True,,5.0,2,0.4447896866408976,local;state,Columbia;Suwannee,3,6e080a927dd71aea
718604217290487,public_thin_restore,thin_from_below_repeated,2027;2042;2057,3,True,,5.0,2,0.4447896866408976,local;state,Columbia;Suwannee,3,303cb5f33ed0980f
718604221290487,family_light_thin,thin_from_below,2032,1,True,,37.0,3,2635.823683033959,private_family,Columbia;Hamilton;Suwannee,3,0e9976f607fb157c
718604221290487,family_uneven_aged_selection,selection_harvest,2037;2052;2067,3,True,,37.0,3,2635.823683033959,private_family,Columbia;Hamilton;Suwannee,3,15a37a61721612c3
718604221290487,no_management,no_management,,0,False,,37.0,16,3919.486718679589,federal;local;private_family;private_industrial;state,Baker;Columbia;Hamilton;Suwannee,3,d93ee7cf688efa4a
718604221290487,pine_plantation_long_rotation,clearcut,2027,1,True,planted_pine_regen,37.0,10,3508.2786533800795,private_family;private_industrial;state,Baker;Columbia;Hamilton;Suwannee,3,80ad875914e8676f
718604221290487,pine_plantation_short_rotation,clearcut,2027,1,True,planted_pine_regen,37.0,4,862.0024127100595,private_industrial,Baker;Columbia;Hamilton;Suwannee,3,80ad875914e8676f
718604221290487,public_selection_light,selection_harvest,2032;2042;2052;2062,4,True,,37.0,9,421.6606229355709,federal;local;state,Columbia;Hamilton;Suwannee,3,d2afe29d78bf4a90
718604221290487,public_thin_restore,thin_from_below_repeated,2027;2042;2057,3,True,,37.0,9,421.6606229355709,federal;local;state,Columbia;Hamilton;Suwannee,3,a4e6320c1e8ba829
718604223290487,family_light_thin,thin_from_below,2032,1,True,,51.0,3,2.001553589884039,private_family,Columbia;Hamilton;Suwannee,3,e6b0044aa88c8a6a
718604223290487,family_uneven_aged_selection,selection_harvest,2037;2052;2067,3,True,,51.0,3,2.001553589884039,private_family,Columbia;Hamilton;Suwannee,3,4e44e4ba01e59e02
718604223290487,hardwood_clearcut_regen,clearcut,2027,1,True,hardwood_regen,51.0,2,0.4447896866408976,private_industrial,Hamilton;Suwannee,3,85a50c238a772dd7
718604223290487,no_management,no_management,,0,False,,51.0,5,2.446343276524937,private_family;private_industrial,Columbia;Hamilton;Suwannee,3,870470926f79c70f
718604224290487,family_light_thin,thin_from_below,2032,1,True,,41.0,5,484.3759687519375,private_family,Baker;Columbia;Hamilton;Suwannee;Union,3,0ec98bcb19dacabe
718604224290487,family_uneven_aged_selection,selection_harvest,2037;2052;2067,3,True,,41.0,5,484.3759687519375,private_family,Baker;Columbia;Hamilton;Suwannee;Union,3,280fa0545407fb87
718604224290487,hardwood_clearcut_regen,clearcut,2032,1,True,hardwood_regen,41.0,4,330.033947487546,private_industrial,Baker;Columbia;Hamilton;Suwannee,3,25db123c61adb385
718604224290487,no_management,no_management,,0,False,,41.0,17,855.775357097087,federal;local;private_family;private_industrial;state,Baker;Columbia;Hamilton;Suwannee;Union,3,dfcccac6b92b6e18
718604224290487,public_selection_light,selection_harvest,2032;2042;2052;2062,4,True,,41.0,8,41.365440857603474,federal;local;state,Baker;Columbia;Hamilton;Suwannee,3,611a035be7b41e6e
718604224290487,public_thin_restore,thin_from_below_repeated,2027;2042;2057,3,True,,41.0,8,41.365440857603474,federal;local;state,Baker;Columbia;Hamilton;Suwannee,3,6605cc669032ecf9
718604225290487,family_light_thin,thin_from_below,2032,1,True,,8.0,5,903.1454587243426,private_family,Baker;Columbia;Hamilton;Suwannee;Union,3,e0fc902d55dc4aa0
718604225290487,family_uneven_aged_selection,selection_harvest,2037;2052;2067,3,True,,8.0,5,903.1454587243426,private_family,Baker;Columbia;Hamilton;Suwannee;Union,3,7c12ccc75cb6e2ac
718604225290487,hardwood_clearcut_regen,clearcut,2067,1,True,hardwood_regen,8.0,5,392.971688147233,private_industrial,Baker;Columbia;Hamilton;Suwannee;Union,3,b2f97d4a7bd61023
718604225290487,no_management,no_management,,0,False,,8.0,19,1329.2539785263225,federal;local;private_family;private_industrial;state,Baker;Columbia;Hamilton;Suwannee;Union,3,17894f04d10d2241
718604225290487,public_selection_light,selection_harvest,2032;2042;2052;2062,4,True,,8.0,9,33.13683165474687,federal;local;state,Baker;Columbia;Hamilton;Suwannee;Union,3,b793941ab3dd273f
718604225290487,public_thin_restore,thin_from_below_repeated,2027;2042;2057,3,True,,8.0,9,33.13683165474687,federal;local;state,Baker;Columbia;Hamilton;Suwannee;Union,3,e585c661b3c9de96
718604228290487,family_light_thin,thin_from_below,2032,1,True,,50.0,2,65.38408393621195,private_family,Hamilton;Suwannee,3,3b6b44325725424d
718604228290487,family_uneven_aged_selection,selection_harvest,2037;2052;2067,3,True,,50.0,2,65.38408393621195,private_family,Hamilton;Suwannee,3,b6120fc8e4278eb9
718604228290487,no_management,no_management,,0,False,,50.0,3,65.82887362285284,private_family;private_industrial,Hamilton;Suwannee,3,84b5254add981712
718604228290487,pine_plantation_long_rotation,clearcut,2027,1,True,planted_pine_regen,50.0,3,65.82887362285284,private_family;private_industrial,Hamilton;Suwannee,3,aef02fde6b9e2ab7
718604228290487,pine_plantation_short_rotation,clearcut,2027,1,True,planted_pine_regen,50.0,1,0.4447896866408976,private_industrial,Hamilton,3,aef02fde6b9e2ab7
718604230290487,family_light_thin,thin_from_below,2032,1,True,,4.0,1,1.111974216602244,private_family,Suwannee,3,e07b6e78f4a7383e
718604230290487,family_uneven_aged_selection,selection_harvest,2037;2052;2067,3,True,,4.0,1,1.111974216602244,private_family,Suwannee,3,b3a6338cbfc8c304
718604230290487,no_management,no_management,,0,False,,4.0,1,1.111974216602244,private_family,Suwannee,3,d281288347eacccf
718604231290487,family_light_thin,thin_from_below,2032,1,True,,23.0,4,5149.107807398351,private_family,Baker;Columbia;Hamilton;Suwannee,3,a97a011c72171946
718604231290487,family_uneven_aged_selection,selection_harvest,2037;2052;2067,3,True,,23.0,4,5149.107807398351,private_family,Baker;Columbia;Hamilton;Suwannee,3,6e59339304cc1c19
718604231290487,no_management,no_management,,0,False,,23.0,19,10523.056801393675,federal;local;private_family;private_industrial;state,Baker;Columbia;Hamilton;Suwannee,3,9fe902c5d3fe5fd3
718604231290487,pine_plantation_long_rotation,plantation_rotation,2027;2037,2,True,planted_pine_regen,23.0,12,8758.131324802594,private_family;private_industrial;state,Baker;Columbia;Hamilton;Suwannee,3,c61f2e0c3ede06c7
718604231290487,pine_plantation_short_rotation,clearcut,2027,1,True,planted_pine_regen,23.0,4,3529.6285583388426,private_industrial,Baker;Columbia;Hamilton;Suwannee,3,5baf01a44cbe3ef9
718604231290487,public_selection_light,selection_harvest,2032;2042;2052;2062,4,True,,23.0,11,1844.3204356564818,federal;local;state,Baker;Columbia;Hamilton;Suwannee,3,a7d92b272ef3c22b
718604231290487,public_thin_restore,thin_from_below_repeated,2027;2042;2057,3,True,,23.0,11,1844.3204356564818,federal;local;state,Baker;Columbia;Hamilton;Suwannee,3,f947538c8411424e
718604233290487,family_light_thin,thin_from_below,2032,1,True,,18.0,2,3009.6694146556333,private_family,Hamilton;Suwannee,3,e340e68a33357c0a
718604233290487,family_uneven_aged_selection,selection_harvest,2037;2052;2067,3,True,,18.0,2,3009.6694146556333,private_family,Hamilton;Suwannee,3,0708e28753e1be46
718604233290487,hardwood_clearcut_regen,clearcut,2057,1,True,hardwood_regen,18.0,2,733.0134035841992,private_industrial,Hamilton;Suwannee,3,3d3a9fea2867141b
718604233290487,no_management,no_management,,0,False,,18.0,10,3837.2006266510234,federal;local;private_family;private_industrial;state,Hamilton;Suwannee,3,72f023f9842b5ea4
718604233290487,public_selection_light,selection_harvest,2032;2042;2052;2062,4,True,,18.0,6,94.51780841119073,federal;local;state,Hamilton;Suwannee,3,27c2885907aaf580
718604233290487,public_thin_restore,thin_from_below_repeated,2027;2042;2057,3,True,,18.0,6,94.51780841119073,federal;local;state,Hamilton;Suwannee,3,985e63dac7ba1b2a
718604236290487,family_light_thin,thin_from_below,2032,1,True,,45.0,5,338.2625566904026,private_family,Baker;Columbia;Hamilton;Suwannee;Union,3,cb9d2a9e5af6f2b4
718604236290487,family_uneven_aged_selection,selection_harvest,2037;2052;2067,3,True,,45.0,5,338.2625566904026,private_family,Baker;Columbia;Hamilton;Suwannee;Union,3,5e5692fbb4e7b10e
718604236290487,hardwood_clearcut_regen,clearcut,2027,1,True,hardwood_regen,45.0,5,93.4058341945885,private_industrial,Baker;Columbia;Hamilton;Suwannee;Union,3,2e9593674205d957
718604236290487,no_management,no_management,,0,False,,45.0,15,450.57195256722923,federal;local;private_family;private_industrial;state,Baker;Columbia;Hamilton;Suwannee;Union,3,751540ea9f669587
718604236290487,public_selection_light,selection_harvest,2032;2042;2052;2062,4,True,,45.0,5,18.903561682238145,federal;local;state,Columbia;Hamilton;Suwannee,3,f3e7212499878dc6
718604236290487,public_thin_restore,thin_from_below_repeated,2027;2042;2057,3,True,,45.0,5,18.903561682238145,federal;local;state,Columbia;Hamilton;Suwannee,3,ccf707a4b3177893
718604265290487,family_light_thin,thin_from_below,2032,1,True,,10.0,1,0.2223948433204488,private_family,Suwannee,3,77cfc96f6e63529d
718604265290487,family_uneven_aged_selection,selection_harvest,2037;2052;2067,3,True,,10.0,1,0.2223948433204488,private_family,Suwannee,3,474363d5490e8862
718604265290487,hardwood_clearcut_regen,clearcut,2062,1,True,hardwood_regen,10.0,1,0.8895793732817951,private_industrial,Hamilton,3,07834a821f3946cb
718604265290487,no_management,no_management,,0,False,,10.0,2,1.111974216602244,private_family;private_industrial,Hamilton;Suwannee,3,47e5f6db0f7fdd58
718604276290487,family_light_thin,thin_from_below,2032,1,True,,6.0,3,56.71068504671444,private_family,Baker;Columbia;Hamilton,3,35104b34fe6fc3ff
718604276290487,family_uneven_aged_selection,selection_harvest,2037;2052;2067,3,True,,6.0,3,56.71068504671444,private_family,Baker;Columbia;Hamilton,3,fec987a0f9f8085e
718604276290487,no_management,no_management,,0,False,,6.0,9,191.70435494222684,federal;local;private_family;private_industrial,Baker;Columbia;Hamilton,3,deb5023c8e56a5db
718604276290487,pine_plantation_long_rotation,plantation_rotation,2037;2052,2,True,planted_pine_regen,6.0,6,82.28609202856605,private_family;private_industrial,Baker;Columbia;Hamilton,3,253d99681629e38a
718604276290487,pine_plantation_short_rotation,plantation_rotation,2032;2042,2,True,planted_pine_regen,6.0,3,25.57540698185161,private_industrial,Baker;Columbia;Hamilton,3,baa938453b50f928
718604276290487,public_selection_light,selection_harvest,2032;2042;2052;2062,4,True,,6.0,3,109.41826291366081,federal;local,Baker;Columbia,3,ca9b1edee0d1641c
718604276290487,public_thin_restore,thin_from_below_repeated,2027;2042;2057,3,True,,6.0,3,109.41826291366081,federal;local,Baker;Columbia,3,668fabfa34b6c455
718604280290487,family_light_thin,thin_from_below,2032,1,True,,127.0,1,2.891132963165834,private_family,Union,3,0dfc41b164fa24ed
718604280290487,family_uneven_aged_selection,selection_harvest,2037;2052;2067,3,True,,127.0,1,2.891132963165834,private_family,Union,3,593e7bf3d87e1a41
718604280290487,hardwood_clearcut_regen,clearcut,2027,1,True,hardwood_regen,127.0,1,0.8895793732817951,private_industrial,Union,3,6dc364bb4ee242d2
718604280290487,no_management,no_management,,0,False,,127.0,2,3.780712336447629,private_family;private_industrial,Union,3,cacb8b4992f4a8ef
718604294290487,family_light_thin,thin_from_below,2032,1,True,,51.0,5,6846.870041306657,private_family,Baker;Columbia;Hamilton;Suwannee;Union,3,6e8b6807cb511184
718604294290487,family_uneven_aged_selection,selection_harvest,2037;2052;2067,3,True,,51.0,5,6846.870041306657,private_family,Baker;Columbia;Hamilton;Suwannee;Union,3,b6a1cfe074720f84
718604294290487,hardwood_clearcut_regen,clearcut,2027,1,True,hardwood_regen,51.0,5,1818.3002389879894,private_industrial,Baker;Columbia;Hamilton;Suwannee;Union,3,6ac346e785ec4997
718604294290487,no_management,no_management,,0,False,,51.0,24,9008.77031322474,federal;local;private_family;private_industrial;state,Baker;Columbia;Hamilton;Suwannee;Union,3,4b0ab807642b02d3
718604294290487,public_selection_light,selection_harvest,2032;2042;2052;2062,4,True,,51.0,14,343.6000329300934,federal;local;state,Baker;Columbia;Hamilton;Suwannee;Union,3,3094cbeba5ac4c64
718604294290487,public_thin_restore,thin_from_below_repeated,2027;2042;2057,3,True,,51.0,14,343.6000329300934,federal;local;state,Baker;Columbia;Hamilton;Suwannee;Union,3,20d1f09763b7dce0
718604451290487,family_light_thin,thin_from_below,2032,1,True,,32.0,5,704.7692584825022,private_family,Baker;Columbia;Hamilton;Suwannee;Union,3,17f1312f26826705
718604451290487,family_uneven_aged_selection,selection_harvest,2037;2052;2067,3,True,,32.0,5,704.7692584825022,private_family,Baker;Columbia;Hamilton;Suwannee;Union,3,9ea2d32196e51d8b
718604451290487,hardwood_clearcut_regen,clearcut,2042,1,True,hardwood_regen,32.0,4,122.31716382624684,private_industrial,Baker;Columbia;Hamilton;Suwannee,3,6e5ca7c1358e96a6
718604451290487,no_management,no_management,,0,False,,32.0,15,837.3165851014896,federal;local;private_family;private_industrial;state,Baker;Columbia;Hamilton;Suwannee;Union,3,d3a4aa5ef8e63618
718604451290487,public_selection_light,selection_harvest,2032;2042;2052;2062,4,True,,32.0,6,10.230162792740643,federal;local;state,Columbia;Hamilton;Suwannee,3,6c2e895bfe42f81c
718604451290487,public_thin_restore,thin_from_below_repeated,2027;2042;2057,3,True,,32.0,6,10.230162792740643,federal;local;state,Columbia;Hamilton;Suwannee,3,d928b4e519446e54
718604452290487,family_light_thin,thin_from_below,2032,1,True,,86.0,3,213.05425990098996,private_family,Columbia;Suwannee;Union,3,8c0ba1065f1d6951
718604452290487,family_uneven_aged_selection,selection_harvest,2037;2052;2067,3,True,,86.0,3,213.05425990098996,private_family,Columbia;Suwannee;Union,3,2a97c7b37b12166a
718604452290487,hardwood_clearcut_regen,clearcut,2027,1,True,hardwood_regen,86.0,3,17.346797778995004,private_industrial,Columbia;Suwannee;Union,3,0bd334e30e4c67f6
718604452290487,no_management,no_management,,0,False,,86.0,7,230.84584736662586,private_family;private_industrial;state,Columbia;Suwannee;Union,3,d407be18838cc692
718604452290487,public_selection_light,selection_harvest,2032;2042;2052;2062,4,True,,86.0,1,0.4447896866408976,state,Union,3,4d88f4f486aa5841
718604452290487,public_thin_restore,thin_from_below_repeated,2027;2042;2057,3,True,,86.0,1,0.4447896866408976,state,Union,3,1c472a5250300808
718604453290487,family_light_thin,thin_from_below,2032,1,True,,40.0,5,285.5549788234562,private_family,Baker;Columbia;Hamilton;Suwannee;Union,3,8ac2d4209e79ab30
718604453290487,family_uneven_aged_selection,selection_harvest,2037;2052;2067,3,True,,40.0,5,285.5549788234562,private_family,Baker;Columbia;Hamilton;Suwannee;Union,3,a8c1e27a7121fef1
718604453290487,hardwood_clearcut_regen,clearcut,2032,1,True,hardwood_regen,40.0,5,55.376315986791745,private_industrial,Baker;Columbia;Hamilton;Suwannee;Union,3,77d049dab01f7293
718604453290487,no_management,no_management,,0,False,,40.0,15,346.2687710499388,local;private_family;private_industrial;state,Baker;Columbia;Hamilton;Suwannee;Union,3,955aa2799a225927
718604453290487,public_selection_light,selection_harvest,2032;2042;2052;2062,4,True,,40.0,5,5.337476239690771,local;state,Columbia;Suwannee;Union,3,9cbc984eff3b9e3c
718604453290487,public_thin_restore,thin_from_below_repeated,2027;2042;2057,3,True,,40.0,5,5.337476239690771,local;state,Columbia;Suwannee;Union,3,7489ee34f4f7896a
718604470290487,family_light_thin,thin_from_below,2032,1,True,,10.0,5,15.122849345790517,private_family,Baker;Columbia;Hamilton;Suwannee;Union,3,19f454f6bd35d14e
718604470290487,family_uneven_aged_selection,selection_harvest,2037;2052;2067,3,True,,10.0,5,15.122849345790517,private_family,Baker;Columbia;Hamilton;Suwannee;Union,3,2afa5c5090485b93
718604470290487,hardwood_clearcut_regen,clearcut,2062,1,True,hardwood_regen,10.0,4,25.575406981851607,private_industrial,Baker;Columbia;Hamilton;Suwannee,3,434257a265454f4d
718604470290487,no_management,no_management,,0,False,,10.0,11,42.255020230885265,local;private_family;private_industrial;state,Baker;Columbia;Hamilton;Suwannee;Union,3,f5d11a26425ab4ef
718604470290487,public_selection_light,selection_harvest,2032;2042;2052;2062,4,True,,10.0,2,1.5567639032431415,local;state,Columbia;Union,3,e96c84e4cec1504d
718604470290487,public_thin_restore,thin_from_below_repeated,2027;2042;2057,3,True,,10.0,2,1.5567639032431415,local;state,Columbia;Union,3,68e87841ef3a598a
718604473290487,family_light_thin,thin_from_below,2032,1,True,,21.0,3,4255.3029320934675,private_family,Baker;Columbia;Hamilton,3,e6982b132903339c
718604473290487,family_uneven_aged_selection,selection_harvest,2037;2052;2067,3,True,,21.0,3,4255.3029320934675,private_family,Baker;Columbia;Hamilton,3,a44056b221e5b62a
718604473290487,no_management,no_management,,0,False,,21.0,10,8077.825499085341,federal;local;private_family;private_industrial;state,Baker;Columbia;Hamilton,3,086ac277fab5439d
718604473290487,pine_plantation_long_rotation,plantation_rotation,2027;2037,2,True,planted_pine_regen,21.0,7,4286.660605001651,private_family;private_industrial;state,Baker;Columbia;Hamilton,3,01f4a470e854fe28
718604473290487,pine_plantation_short_rotation,clearcut,2027,1,True,planted_pine_regen,21.0,3,18.45877199559725,private_industrial,Baker;Columbia;Hamilton,3,8950eb91338eb895
718604473290487,public_selection_light,selection_harvest,2032;2042;2052;2062,4,True,,21.0,4,3804.0637949962766,federal;local;state,Baker;Columbia;Hamilton,3,010194ec2421937d
718604473290487,public_thin_restore,thin_from_below_repeated,2027;2042;2057,3,True,,21.0,4,3804.0637949962766,federal;local;state,Baker;Columbia;Hamilton,3,ff315f40eedeb6b8
718604478290487,no_management,no_management,,0,False,,86.0,1,0.2223948433204488,federal,Columbia,3,6d0fc9e0722ac780
718604478290487,public_selection_light,selection_harvest,2032;2042;2052;2062,4,True,,86.0,1,0.2223948433204488,federal,Columbia,3,1e50434f9697cc11
718604478290487,public_thin_restore,thin_from_below_repeated,2027;2042;2057,3,True,,86.0,1,0.2223948433204488,federal,Columbia,3,b49012c81524ec19
718604485290487,family_light_thin,thin_from_below,2032,1,True,,17.0,1,1312.5743652772887,private_family,Baker,3,15edbd2251876f76
718604485290487,family_uneven_aged_selection,selection_harvest,2037;2052;2067,3,True,,17.0,1,1312.5743652772887,private_family,Baker,3,5c8e61e8a06e5ff7
718604485290487,no_management,no_management,,0,False,,17.0,4,3856.326583176582,local;private_family;private_industrial;state,Baker,3,7c22b206f5019743
718604485290487,pine_plantation_long_rotation,plantation_rotation,2027;2042,2,True,planted_pine_regen,17.0,3,3802.507031093033,private_family;private_industrial;state,Baker,3,4d011e59c5ad85a2
718604485290487,pine_plantation_short_rotation,plantation_rotation,2027;2032,2,True,planted_pine_regen,17.0,1,2477.9233442764403,private_industrial,Baker,3,771ee608665074b5
718604485290487,public_selection_light,selection_harvest,2032;2042;2052;2062,4,True,,17.0,2,65.82887362285284,local;state,Baker,3,c892ff7a5a91ab57
718604485290487,public_thin_restore,thin_from_below_repeated,2027;2042;2057,3,True,,17.0,2,65.82887362285284,local;state,Baker,3,5e87bf4def1f8456
718604486290487,family_light_thin,thin_from_below,2032,1,True,,20.0,2,2714.551457569398,private_family,Baker;Union,3,0d53f76774082046
718604486290487,family_uneven_aged_selection,selection_harvest,2037;2052;2067,3,True,,20.0,2,2714.551457569398,private_family,Baker;Union,3,663bff8b0ec8be38
718604486290487,no_management,no_management,,0,False,,20.0,7,3839.202180240907,local;private_family;private_industrial;state,Baker;Union,3,869eb17aaa9d40c5
718604486290487,pine_plantation_long_rotation,plantation_rotation,2027;2037,2,True,planted_pine_regen,20.0,6,3838.7573905542663,private_family;private_industrial;state,Baker;Union,3,797a0b90eb3979ad
718604486290487,pine_plantation_short_rotation,clearcut,2027,1,True,planted_pine_regen,20.0,2,615.1441366243613,private_industrial,Baker;Union,3,9f2f7586ed257688
718604486290487,public_selection_light,selection_harvest,2032;2042;2052;2062,4,True,,20.0,3,509.5065860471482,local;state,Baker;Union,3,d3d0a8dc129935bc
718604486290487,public_thin_restore,thin_from_below_repeated,2027;2042;2057,3,True,,20.0,3,509.5065860471482,local;state,Baker;Union,3,48cf8d318585a2b7
718604487290487,family_light_thin,thin_from_below,2032,1,True,,8.0,5,1759.3656055080703,private_family,Baker;Columbia;Hamilton;Suwannee;Union,3,f6df9b3ecd5f4d4a
718604487290487,family_uneven_aged_selection,selection_harvest,2037;2052;2067,3,True,,8.0,5,1759.3656055080703,private_family,Baker;Columbia;Hamilton;Suwannee;Union,3,683e20c0073231e7
718604487290487,no_management,no_management,,0,False,,8.0,20,2259.9763978224005,federal;local;private_family;private_industrial;state,Baker;Columbia;Hamilton;Suwannee;Union,3,76ffdd1fa32cdcdb
718604487290487,pine_plantation_long_rotation,plantation_rotation,2032;2052,2,True,planted_pine_regen,8.0,14,2148.3341864755353,private_family;private_industrial;state,Baker;Columbia;Hamilton;Suwannee;Union,3,1e090f7ece037e96
718604487290487,pine_plantation_short_rotation,plantation_rotation,2032;2042,2,True,planted_pine_regen,8.0,5,379.6279975480061,private_industrial,Baker;Columbia;Hamilton;Suwannee;Union,3,a9d13430c41585db
718604487290487,public_selection_light,selection_harvest,2032;2042;2052;2062,4,True,,8.0,10,120.98279476632413,federal;local;state,Baker;Columbia;Hamilton;Suwannee;Union,3,ae6258aec702719a
718604487290487,public_thin_restore,thin_from_below_repeated,2027;2042;2057,3,True,,8.0,10,120.98279476632413,federal;local;state,Baker;Columbia;Hamilton;Suwannee;Union,3,6d23a29203cf80e1
718604687290487,family_light_thin,thin_from_below,2032,1,True,,30.0,2,7.561424672895258,private_family,Columbia;Union,3,b7c88ad96c996b38
718604687290487,family_uneven_aged_selection,selection_harvest,2037;2052;2067,3,True,,30.0,2,7.561424672895258,private_family,Columbia;Union,3,de2e303d040bda2c
718604687290487,hardwood_clearcut_regen,clearcut,2042,1,True,hardwood_regen,30.0,1,1.3343690599226927,private_industrial,Union,3,0930b7be3815018b
718604687290487,no_management,no_management,,0,False,,30.0,3,8.895793732817951,private_family;private_industrial,Columbia;Union,3,bdb3598d7ed8db00
718604718290487,family_light_thin,thin_from_below,2032,1,True,,16.0,4,10328.683708331602,private_family,Baker;Columbia;Hamilton;Suwannee,3,f8a75a3fec055b87
718604718290487,family_uneven_aged_selection,selection_harvest,2037;2052;2067,3,True,,16.0,4,10328.683708331602,private_family,Baker;Columbia;Hamilton;Suwannee,3,9d5567ba42ac01ea
718604718290487,no_management,no_management,,0,False,,16.0,12,14078.48316155769,federal;local;private_family;private_industrial;state,Baker;Columbia;Hamilton;Suwannee,3,67aaddf13b4da920
718604718290487,pine_plantation_long_rotation,plantation_rotation,2027;2042,2,True,planted_pine_regen,16.0,8,10509.935505637768,private_family;private_industrial;state,Baker;Columbia;Hamilton;Suwannee,3,d71cb17d107ac55c
718604718290487,pine_plantation_short_rotation,plantation_rotation,2027;2032,2,True,planted_pine_regen,16.0,3,145.0014378449326,private_industrial,Baker;Columbia;Hamilton,3,8601f34d2c1028e4
718604718290487,public_selection_light,selection_harvest,2032;2042;2052;2062,4,True,,16.0,5,3604.7980153811545,federal;local;state,Baker;Columbia;Hamilton,3,49ee10ca174f56c3
718604718290487,public_thin_restore,thin_from_below_repeated,2027;2042;2057,3,True,,16.0,5,3604.7980153811545,federal;local;state,Baker;Columbia;Hamilton,3,fcd682ad18e90f73
718604753290487,family_light_thin,thin_from_below,2032,1,True,,6.0,4,302.67938175913076,private_family,Baker;Columbia;Hamilton;Union,3,026134d14434c6e5
718604753290487,family_uneven_aged_selection,selection_harvest,2037;2052;2067,3,True,,6.0,4,302.67938175913076,private_family,Baker;Columbia;Hamilton;Union,3,d798f4e30fd8904f
718604753290487,no_management,no_management,,0,False,,6.0,13,1370.3970245406053,federal;local;private_family;private_industrial;state,Baker;Columbia;Hamilton;Union,3,18fa81f9ab94bb5c
718604753290487,pine_plantation_long_rotation,plantation_rotation,2037;2052,2,True,planted_pine_regen,6.0,10,845.5451943043463,private_family;private_industrial;state,Baker;Columbia;Hamilton;Union,3,93923d8f7a70b2cb
718604753290487,pine_plantation_short_rotation,plantation_rotation,2032;2042,2,True,planted_pine_regen,6.0,3,537.7507311488451,private_industrial,Baker;Columbia;Hamilton,3,18dbbd4dd2ea2ffb
718604753290487,public_selection_light,selection_harvest,2032;2042;2052;2062,4,True,,6.0,6,529.9669116326294,federal;local;state,Baker;Columbia;Hamilton,3,c56f750b27013a31
718604753290487,public_thin_restore,thin_from_below_repeated,2027;2042;2057,3,True,,6.0,6,529.9669116326294,federal;local;state,Baker;Columbia;Hamilton,3,8bae4e1830e25056
718604757290487,family_light_thin,thin_from_below,2032,1,True,,21.0,1,3.780712336447629,private_family,Baker,3,c31518079ae3dc03
718604757290487,family_uneven_aged_selection,selection_harvest,2037;2052;2067,3,True,,21.0,1,3.780712336447629,private_family,Baker,3,7b57d4505a0104c5
718604757290487,no_management,no_management,,0,False,,21.0,3,20.905115272122185,federal;private_family;private_industrial,Baker;Columbia,3,923a5e168d00341e
718604757290487,pine_plantation_long_rotation,plantation_rotation,2027;2037,2,True,planted_pine_regen,21.0,2,9.785373106099748,private_family;private_industrial,Baker;Columbia,3,93860d94736e2770
718604757290487,pine_plantation_short_rotation,clearcut,2027,1,True,planted_pine_regen,21.0,1,6.0046607696521175,private_industrial,Columbia,3,cdcb14bbecea8365
718604757290487,public_selection_light,selection_harvest,2032;2042;2052;2062,4,True,,21.0,1,11.119742166022439,federal,Columbia,3,65c2063b008827d0
718604757290487,public_thin_restore,thin_from_below_repeated,2027;2042;2057,3,True,,21.0,1,11.119742166022439,federal,Columbia,3,9ca1159a4f855a47
718604760290487,family_light_thin,thin_from_below,2032,1,True,,79.0,2,6.449450456293015,private_family,Hamilton;Suwannee,3,3bc92fe1a595fa18
718604760290487,family_uneven_aged_selection,selection_harvest,2037;2052;2067,3,True,,79.0,2,6.449450456293015,private_family,Hamilton;Suwannee,3,fa74626a875ba0f2
718604760290487,no_management,no_management,,0,False,,79.0,4,18.013982308956354,private_family;private_industrial,Columbia;Hamilton;Suwannee,3,cd9f96ad8811b375
718604760290487,pine_plantation_long_rotation,clearcut,2027,1,True,planted_pine_regen,79.0,4,18.013982308956354,private_family;private_industrial,Columbia;Hamilton;Suwannee,3,9503620eaa49f095
718604760290487,pine_plantation_short_rotation,clearcut,2027,1,True,planted_pine_regen,79.0,2,11.564531852663338,private_industrial,Columbia;Suwannee,3,9503620eaa49f095
718604764290487,family_light_thin,thin_from_below,2032,1,True,,20.0,3,714.7770264319224,private_family,Columbia;Suwannee;Union,3,6966eb6846dd76d3
718604764290487,family_uneven_aged_selection,selection_harvest,2037;2052;2067,3,True,,20.0,3,714.7770264319224,private_family,Columbia;Suwannee;Union,3,abf0666d0213f823
718604764290487,no_management,no_management,,0,False,,20.0,10,806.1813070366269,federal;local;private_family;private_industrial;state,Columbia;Suwannee;Union,3,38d15feb0d8fedb1
718604764290487,pine_plantation_long_rotation,plantation_rotation,2027;2037,2,True,planted_pine_regen,20.0,7,803.5125689167814,private_family;private_industrial;state,Columbia;Suwannee;Union,3,c2267c56bca28f85
718604764290487,pine_plantation_short_rotation,clearcut,2027,1,True,planted_pine_regen,20.0,3,85.84440952169324,private_industrial,Columbia;Suwannee;Union,3,0f0740a190c798cf
718604764290487,public_selection_light,selection_harvest,2032;2042;2052;2062,4,True,,20.0,4,5.5598710830112195,federal;local;state,Columbia;Suwannee,3,2711590454645fbd
718604764290487,public_thin_restore,thin_from_below_repeated,2027;2042;2057,3,True,,20.0,4,5.5598710830112195,federal;local;state,Columbia;Suwannee,3,3533531576378c50
718604867290487,family_light_thin,thin_from_below,2032,1,True,,80.0,2,2048.034112138013,private_family,Columbia;Suwannee,3,206aad0ea9dd46ed
718604867290487,family_uneven_aged_selection,selection_harvest,2037;2052;2067,3,True,,80.0,2,2048.034112138013,private_family,Columbia;Suwannee,3,9d8574f0a48da980
718604867290487,no_management,no_management,,0,False,,80.0,9,2380.2920080587633,federal;local;private_family;private_industrial;state,Columbia;Suwannee,3,40b2b388c8ec5bb1
718604867290487,pine_plantation_long_rotation,clearcut,2027,1,True,planted_pine_regen,80.0,6,2366.725922616216,private_family;private_industrial;state,Columbia;Suwannee,3,dc64603495ca157b
718604867290487,pine_plantation_short_rotation,clearcut,2027,1,True,planted_pine_regen,80.0,2,308.90643737210337,private_industrial,Columbia;Suwannee,3,dc64603495ca157b
718604867290487,public_selection_light,selection_harvest,2032;2042;2052;2062,4,True,,80.0,5,23.351458548647123,federal;local;state,Columbia;Suwannee,3,b5d47427b3b48f15
718604867290487,public_thin_restore,thin_from_below_repeated,2027;2042;2057,3,True,,80.0,5,23.351458548647123,federal;local;state,Columbia;Suwannee,3,14086c1df6949d5e
718604871290487,family_light_thin,thin_from_below,2032,1,True,,7.0,4,313.35433423851237,private_family,Baker;Columbia;Hamilton;Union,3,7c3210a4fed0cf2d
718604871290487,family_uneven_aged_selection,selection_harvest,2037;2052;2067,3,True,,7.0,4,313.35433423851237,private_family,Baker;Columbia;Hamilton;Union,3,22b2875781fb339e
718604871290487,hardwood_clearcut_regen,clearcut,2067,1,True,hardwood_regen,7.0,4,316.6902568883191,private_industrial,Baker;Columbia;Hamilton;Union,3,643dfe4e1f539940
718604871290487,no_management,no_management,,0,False,,7.0,16,727.2311376578675,federal;local;private_family;private_industrial;state,Baker;Columbia;Hamilton;Union,3,3e1c39dd7914d841
718604871290487,public_selection_light,selection_harvest,2032;2042;2052;2062,4,True,,7.0,8,97.18654653103613,federal;local;state,Baker;Columbia;Union,3,0f9fc1f75f286f85
718604871290487,public_thin_restore,thin_from_below_repeated,2027;2042;2057,3,True,,7.0,8,97.18654653103613,federal;local;state,Baker;Columbia;Union,3,5d235066e401fd36
718604872290487,family_light_thin,thin_from_below,2032,1,True,,55.0,4,349.6046936997455,private_family,Baker;Columbia;Suwannee;Union,3,4e468342d128340c
718604872290487,family_uneven_aged_selection,selection_harvest,2037;2052;2067,3,True,,55.0,4,349.6046936997455,private_family,Baker;Columbia;Suwannee;Union,3,af909ccebe13175e
718604872290487,hardwood_clearcut_regen,clearcut,2027,1,True,hardwood_regen,55.0,2,544.8673661350995,private_industrial,Baker;Columbia,3,8725289a38e63031
718604872290487,no_management,no_management,,0,False,,55.0,12,945.4004789552278,federal;local;private_family;private_industrial;state,Baker;Columbia;Suwannee;Union,3,4410976af7fc8378
718604872290487,public_selection_light,selection_harvest,2032;2042;2052;2062,4,True,,55.0,6,50.92841912038277,federal;local;state,Baker;Columbia,3,7d20d234645d168d
718604872290487,public_thin_restore,thin_from_below_repeated,2027;2042;2057,3,True,,55.0,6,50.92841912038277,federal;local;state,Baker;Columbia,3,4b4db36bced2d0d6
718604873290487,family_light_thin,thin_from_below,2032,1,True,,38.0,5,19.570746212199495,private_family,Baker;Columbia;Hamilton;Suwannee;Union,3,717815504bacec4a
718604873290487,family_uneven_aged_selection,selection_harvest,2037;2052;2067,3,True,,38.0,5,19.570746212199495,private_family,Baker;Columbia;Hamilton;Suwannee;Union,3,147a3aaf9e05cb4a
718604873290487,hardwood_clearcut_regen,clearcut,2037,1,True,hardwood_regen,38.0,4,8.673398889497502,private_industrial,Baker;Columbia;Hamilton;Suwannee,3,22739cb4c6a38440
718604873290487,no_management,no_management,,0,False,,38.0,13,156.56596969759596,federal;local;private_family;private_industrial;state,Baker;Columbia;Hamilton;Suwannee;Union,3,57cc112313e9bb97
718604873290487,public_selection_light,selection_harvest,2032;2042;2052;2062,4,True,,38.0,4,128.32182459589896,federal;local;state,Baker;Columbia;Hamilton,3,118fd491bbb050fc
718604873290487,public_thin_restore,thin_from_below_repeated,2027;2042;2057,3,True,,38.0,4,128.32182459589896,federal;local;state,Baker;Columbia;Hamilton,3,2b1cde81dbe6a935
718604877290487,family_light_thin,thin_from_below,2032,1,True,,81.0,5,2663.178248762374,private_family,Baker;Columbia;Hamilton;Suwannee;Union,3,900b42ac19dce38c
718604877290487,family_uneven_aged_selection,selection_harvest,2037;2052;2067,3,True,,81.0,5,2663.178248762374,private_family,Baker;Columbia;Hamilton;Suwannee;Union,3,9dbf254415810161
718604877290487,hardwood_clearcut_regen,clearcut,2027,1,True,hardwood_regen,81.0,5,1305.4577302910343,private_industrial,Baker;Columbia;Hamilton;Suwannee;Union,3,1ea723fc8d7d17f7
718604877290487,no_management,no_management,,0,False,,81.0,17,4584.669695051051,federal;local;private_family;private_industrial;state,Baker;Columbia;Hamilton;Suwannee;Union,3,c32d5367e7e1cfe6
718604877290487,public_selection_light,selection_harvest,2032;2042;2052;2062,4,True,,81.0,7,616.0337159976432,federal;local;state,Baker;Columbia;Hamilton;Suwannee;Union,3,1ce4a87aad1ba83a
718604877290487,public_thin_restore,thin_from_below_repeated,2027;2042;2057,3,True,,81.0,7,616.0337159976432,federal;local;state,Baker;Columbia;Hamilton;Suwannee;Union,3,bffe4d952e43a064
718604879290487,family_light_thin,thin_from_below,2032,1,True,,51.0,2,11.11974216602244,private_family,Columbia;Union,3,ee5579687c39c56c
718604879290487,family_uneven_aged_selection,selection_harvest,2037;2052;2067,3,True,,51.0,2,11.11974216602244,private_family,Columbia;Union,3,f6e325279dbb5be6
718604879290487,hardwood_clearcut_regen,clearcut,2027,1,True,hardwood_regen,51.0,3,9.118188576138401,private_industrial,Baker;Columbia;Union,3,f01f41065acc19cf
718604879290487,no_management,no_management,,0,False,,51.0,7,21.794694645403982,local;private_family;private_industrial,Baker;Columbia;Union,3,70cd4d9951d9baa2
718604879290487,public_selection_light,selection_harvest,2032;2042;2052;2062,4,True,,51.0,2,1.5567639032431415,local,Columbia;Union,3,accecb139fb789c8
718604879290487,public_thin_restore,thin_from_below_repeated,2027;2042;2057,3,True,,51.0,2,1.5567639032431415,local,Columbia;Union,3,807a9c597c2cef8f
718604880290487,family_light_thin,thin_from_below,2032,1,True,,12.0,5,408.316932336344,private_family,Baker;Columbia;Hamilton;Suwannee;Union,3,04c945ef897e0687
718604880290487,family_uneven_aged_selection,selection_harvest,2037;2052;2067,3,True,,12.0,5,408.316932336344,private_family,Baker;Columbia;Hamilton;Suwannee;Union,3,b5ead6bab30cf825
718604880290487,no_management,no_management,,0,False,,12.0,16,545.7569455083814,federal;local;private_family;private_industrial;state,Baker;Columbia;Hamilton;Suwannee;Union,3,b473ed64980c8a9c
718604880290487,pine_plantation_long_rotation,plantation_rotation,2032;2047,2,True,planted_pine_regen,12.0,12,521.5159075864524,private_family;private_industrial;state,Baker;Columbia;Hamilton;Suwannee;Union,3,9da8be36a0dfbe63
718604880290487,pine_plantation_short_rotation,plantation_rotation,2027;2037,2,True,planted_pine_regen,12.0,5,110.53023713026305,private_industrial,Baker;Columbia;Hamilton;Suwannee;Union,3,b71a0a7c879266a6
718604880290487,public_selection_light,selection_harvest,2032;2042;2052;2062,4,True,,12.0,6,26.909776041774304,federal;local;state,Baker;Columbia;Suwannee,3,b2b6d65774c43f43
718604880290487,public_thin_restore,thin_from_below_repeated,2027;2042;2057,3,True,,12.0,6,26.909776041774304,federal;local;state,Baker;Columbia;Suwannee,3,0b520f4087eae078
718604885290487,family_light_thin,thin_from_below,2032,1,True,,35.0,5,1078.6149901041765,private_family,Baker;Columbia;Hamilton;Suwannee;Union,3,4564fb53809ba210
718604885290487,family_uneven_aged_selection,selection_harvest,2037;2052;2067,3,True,,35.0,5,1078.6149901041765,private_family,Baker;Columbia;Hamilton;Suwannee;Union,3,0cede16ccb593cc6
718604885290487,no_management,no_management,,0,False,,35.0,18,1327.0300300931178,federal;local;private_family;private_industrial;state,Baker;Columbia;Hamilton;Suwannee;Union,3,3efeb259682ca8c2
718604885290487,pine_plantation_long_rotation,clearcut,2027,1,True,planted_pine_regen,35.0,14,1280.7719026824645,private_family;private_industrial;state,Baker;Columbia;Hamilton;Suwannee;Union,3,04c4d87dbe9e55c0
718604885290487,pine_plantation_short_rotation,clearcut,2027,1,True,planted_pine_regen,35.0,5,171.68881904338645,private_industrial,Baker;Columbia;Hamilton;Suwannee;Union,3,04c4d87dbe9e55c0
718604885290487,public_selection_light,selection_harvest,2032;2042;2052;2062,4,True,,35.0,8,76.72622094555483,federal;local;state,Baker;Columbia;Suwannee;Union,3,3e09442c1abf47ac
718604885290487,public_thin_restore,thin_from_below_repeated,2027;2042;2057,3,True,,35.0,8,76.72622094555483,federal;local;state,Baker;Columbia;Suwannee;Union,3,0e0cd28452e8fc08
718604888290487,family_light_thin,thin_from_below,2032,1,True,,80.0,4,2168.127327531055,private_family,Baker;Columbia;Hamilton;Union,3,86ffb617eeb8ada8
718604888290487,family_uneven_aged_selection,selection_harvest,2037;2052;2067,3,True,,80.0,4,2168.127327531055,private_family,Baker;Columbia;Hamilton;Union,3,540b2cf235d8cb80
718604888290487,no_management,no_management,,0,False,,80.0,11,2956.7394419453667,federal;local;private_family;private_industrial;state,Baker;Columbia;Hamilton;Union,3,cf92b64aab7841a1
718604888290487,pine_plantation_long_rotation,clearcut,2027,1,True,planted_pine_regen,80.0,8,2292.2236501038656,private_family;private_industrial;state,Baker;Columbia;Hamilton;Union,3,9b462b561ef24f79
718604888290487,pine_plantation_short_rotation,clearcut,2027,1,True,planted_pine_regen,80.0,3,123.20674319952863,private_industrial,Baker;Columbia;Hamilton,3,9b462b561ef24f79
718604888290487,public_selection_light,selection_harvest,2032;2042;2052;2062,4,True,,80.0,4,665.4053712147828,federal;local;state,Baker;Columbia,3,f4e47a8798b49abf
718604888290487,public_thin_restore,thin_from_below_repeated,2027;2042;2057,3,True,,80.0,4,665.4053712147828,federal;local;state,Baker;Columbia,3,1e6f2be1de1a8e05
718604892290487,family_light_thin,thin_from_below,2032,1,True,,72.0,5,9811.61569761156,private_family,Baker;Columbia;Hamilton;Suwannee;Union,3,a15540c6425871f0
718604892290487,family_uneven_aged_selection,selection_harvest,2037;2052;2067,3,True,,72.0,5,9811.61569761156,private_family,Baker;Columbia;Hamilton;Suwannee;Union,3,bc18ea4d8fcde9b3
718604892290487,no_management,no_management,,0,False,,72.0,24,14551.961782986926,federal;local;private_family;private_industrial;state,Baker;Columbia;Hamilton;Suwannee;Union,3,184b8accc57ab742
718604892290487,pine_plantation_long_rotation,clearcut,2027,1,True,planted_pine_regen,72.0,15,13373.269113388547,private_family;private_industrial;state,Baker;Columbia;Hamilton;Suwannee;Union,3,c8fe70b9c0fffbae
718604892290487,pine_plantation_short_rotation,clearcut,2027,1,True,planted_pine_regen,72.0,5,3431.1076427478843,private_industrial,Baker;Columbia;Hamilton;Suwannee;Union,3,c8fe70b9c0fffbae
718604892290487,public_selection_light,selection_harvest,2032;2042;2052;2062,4,True,,72.0,14,1309.2384426274818,federal;local;state,Baker;Columbia;Hamilton;Suwannee;Union,3,d0a657a14e9e4cd4
718604892290487,public_thin_restore,thin_from_below_repeated,2027;2042;2057,3,True,,72.0,14,1309.2384426274818,federal;local;state,Baker;Columbia;Hamilton;Suwannee;Union,3,2cae69d8976d7cf6
718604898290487,family_light_thin,thin_from_below,2032,1,True,,11.0,3,1.3343690599226927,private_family,Baker;Columbia;Union,3,b9b477684e869ec2
718604898290487,family_uneven_aged_selection,selection_harvest,2037;2052;2067,3,True,,11.0,3,1.3343690599226927,private_family,Baker;Columbia;Union,3,442385d133d59e3c
718604898290487,hardwood_clearcut_regen,clearcut,2062,1,True,hardwood_regen,11.0,2,0.4447896866408976,private_industrial,Baker;Columbia,3,4522fe0feadd1fb6
718604898290487,no_management,no_management,,0,False,,11.0,7,2.223948433204488,local;private_family;private_industrial;state,Baker;Columbia;Union,3,5251617c0536ca53
718604898290487,public_selection_light,selection_harvest,2032;2042;2052;2062,4,True,,11.0,2,0.4447896866408976,local;state,Baker;Union,3,cf2520365410b33b
718604898290487,public_thin_restore,thin_from_below_repeated,2027;2042;2057,3,True,,11.0,2,0.4447896866408976,local;state,Baker;Union,3,5ad97df0d89c5e3a
740826397290487,family_light_thin,thin_from_below,2032,1,True,,70.0,5,581.3401204396531,private_family,Baker;Columbia;Hamilton;Suwannee;Union,3,d412c7a072a77552
740826397290487,family_uneven_aged_selection,selection_harvest,2037;2052;2067,3,True,,70.0,5,581.3401204396531,private_family,Baker;Columbia;Hamilton;Suwannee;Union,3,d9e73b247a96b75b
740826397290487,hardwood_clearcut_regen,clearcut,2027,1,True,hardwood_regen,70.0,4,130.54577302910343,private_industrial,Baker;Columbia;Hamilton;Suwannee,3,d5c98d3cc078a0ae
740826397290487,no_management,no_management,,0,False,,70.0,17,957.4098004945321,federal;local;private_family;private_industrial;state,Baker;Columbia;Hamilton;Suwannee;Union,3,5933ce8ca4730cd3
740826397290487,public_selection_light,selection_harvest,2032;2042;2052;2062,4,True,,70.0,8,245.52390702577546,federal;local;state,Baker;Columbia;Hamilton;Union,3,4b4c56cd14608509
740826397290487,public_thin_restore,thin_from_below_repeated,2027;2042;2057,3,True,,70.0,8,245.52390702577546,federal;local;state,Baker;Columbia;Hamilton;Union,3,33f340f8f74c6187
76812325010478,family_light_thin,thin_from_below,2032,1,True,,23.0,4,74.05748282570944,private_family,Columbia;Hamilton;Suwannee;Union,3,9558c6d00b7f1114
76812325010478,family_uneven_aged_selection,selection_harvest,2037;2052;2067,3,True,,23.0,4,74.05748282570944,private_family,Columbia;Hamilton;Suwannee;Union,3,2c75d0714070ad9f
76812325010478,hardwood_clearcut_regen,clearcut,2052,1,True,hardwood_regen,23.0,4,26.020196668492506,private_industrial,Columbia;Hamilton;Suwannee;Union,3,511563ec2b668055
76812325010478,no_management,no_management,,0,False,,23.0,10,101.6344433974451,local;private_family;private_industrial;state,Columbia;Hamilton;Suwannee;Union,3,f684edc1a16b37bf
76812325010478,public_selection_light,selection_harvest,2032;2042;2052;2062,4,True,,23.0,2,1.5567639032431415,local;state,Columbia;Suwannee,3,a5ba990945eea3ad
76812325010478,public_thin_restore,thin_from_below_repeated,2027;2042;2057,3,True,,23.0,2,1.5567639032431415,local;state,Columbia;Suwannee,3,2bea5fb77b7627e5
85172032010478,family_light_thin,thin_from_below,2032,1,True,,56.0,1,4.225502023088527,private_family,Baker,3,5b7edd777b460ea7
85172032010478,family_uneven_aged_selection,selection_harvest,2037;2052;2067,3,True,,56.0,1,4.225502023088527,private_family,Baker,3,030eee5661e8f17b
85172032010478,hardwood_clearcut_regen,clearcut,2027,1,True,hardwood_regen,56.0,1,19.570746212199495,private_industrial,Baker,3,f91c21512805d667
85172032010478,no_management,no_management,,0,False,,56.0,3,24.01864307860847,local;private_family;private_industrial,Baker,3,ca7b01153442554d
85172032010478,public_selection_light,selection_harvest,2032;2042;2052;2062,4,True,,56.0,1,0.2223948433204488,local,Baker,3,94ee139b0d501fca
85172032010478,public_thin_restore,thin_from_below_repeated,2027;2042;2057,3,True,,56.0,1,0.2223948433204488,local,Baker,3,b192f768bdf3ed37
90822958010478,family_light_thin,thin_from_below,2032,1,True,,33.0,1,0.8895793732817951,private_family,Hamilton,3,118b270eecde2ee1
90822958010478,family_uneven_aged_selection,selection_harvest,2037;2052;2067,3,True,,33.0,1,0.8895793732817951,private_family,Hamilton,3,239b564d354db2db
90822958010478,no_management,no_management,,0,False,,33.0,1,0.8895793732817951,private_family,Hamilton,3,145dcfd549552066
90822958010478,pine_plantation_long_rotation,clearcut,2027,1,True,planted_pine_regen,33.0,1,0.8895793732817951,private_family,Hamilton,3,fe1a9bc400880611
90825681010478,family_light_thin,thin_from_below,2032,1,True,,75.0,3,1174.2447727319695,private_family,Baker;Columbia;Union,3,6648517686a97b36
90825681010478,family_uneven_aged_selection,selection_harvest,2037;2052;2067,3,True,,75.0,3,1174.2447727319695,private_family,Baker;Columbia;Union,3,b00cc054d54044f4
90825681010478,hardwood_clearcut_regen,clearcut,2027,1,True,hardwood_regen,75.0,3,361.83641008237015,private_industrial,Baker;Columbia;Union,3,8e52141639924eb7
90825681010478,no_management,no_management,,0,False,,75.0,10,1659.2879260138684,local;private_family;private_industrial;state,Baker;Columbia;Union,3,6332132b9d689fcc
90825681010478,public_selection_light,selection_harvest,2032;2042;2052;2062,4,True,,75.0,4,123.20674319952863,local;state,Columbia;Union,3,981e39ea9e77b5fa
90825681010478,public_thin_restore,thin_from_below_repeated,2027;2042;2057,3,True,,75.0,4,123.20674319952863,local;state,Columbia;Union,3,3007b9ee256b4277
