fvs_run_id,PLT_CN,prescription,cycles,first_year,last_year,total_removed_merch_cuft_per_ac,harvest_cycles,ending_ba,ending_merch_cuft_per_ac
134677819010854::family_light_thin,134677819010854,family_light_thin,10,2027,2072,40.026485443115234,1,175.701416015625,3343.79052734375
134677819010854::family_uneven_aged_selection,134677819010854,family_uneven_aged_selection,10,2027,2072,832.3439407348633,3,161.48980712890625,3174.81494140625
134677819010854::no_management,134677819010854,no_management,10,2027,2072,0.0,0,179.27923583984375,3749.1103515625
134677819010854::pine_plantation_long_rotation,134677819010854,pine_plantation_long_rotation,10,2027,2072,837.2327136993408,2,177.8238525390625,2618.56005859375
134677819010854::pine_plantation_short_rotation,134677819010854,pine_plantation_short_rotation,10,2027,2072,150.48396062850952,2,193.38388061523438,3878.602294921875
134677819010854::public_selection_light,134677819010854,public_selection_light,10,2027,2072,1028.3024864196777,4,169.08157348632812,3034.92041015625
134677819010854::public_thin_restore,134677819010854,public_thin_restore,10,2027,2072,642.0703563690186,3,170.3143310546875,3033.238037109375
134677831010854::family_light_thin,134677831010854,family_light_thin,10,2027,2072,57.1111946105957,1,73.66596221923828,2384.842529296875
134677831010854::family_uneven_aged_selection,134677831010854,family_uneven_aged_selection,10,2027,2072,584.7361831665039,3,68.08846282958984,2203.69580078125
134677831010854::no_management,134677831010854,no_management,10,2027,2072,0.0,0,104.2358169555664,3372.11083984375
134677831010854::pine_plantation_long_rotation,134677831010854,pine_plantation_long_rotation,10,2027,2072,294.76166105270386,2,189.13621520996094,4440.431640625
134677831010854::pine_plantation_short_rotation,134677831010854,pine_plantation_short_rotation,10,2027,2072,14.990330696105957,1,135.50747680664062,3695.2705078125
134678539010854::family_light_thin,134678539010854,family_light_thin,10,2027,2072,64.5470199584961,1,179.1891326904297,5657.57080078125
134678539010854::family_uneven_aged_selection,134678539010854,family_uneven_aged_selection,10,2027,2072,1816.6887817382812,3,163.8881072998047,4903.17529296875
134678539010854::no_management,134678539010854,no_management,10,2027,2072,0.0,0,179.47015380859375,5693.767578125
134678539010854::pine_plantation_long_rotation,134678539010854,pine_plantation_long_rotation,10,2027,2072,2127.5413360595703,2,212.8965301513672,6830.33837890625
134678539010854::pine_plantation_short_rotation,134678539010854,pine_plantation_short_rotation,10,2027,2072,1339.640380859375,1,182.319580078125,5582.9658203125
134678539010854::public_selection_light,134678539010854,public_selection_light,10,2027,2072,2663.2494201660156,4,172.6034393310547,4813.43603515625
134678539010854::public_thin_restore,134678539010854,public_thin_restore,10,2027,2072,365.8467330932617,3,179.99026489257812,5625.5791015625
140561558010478::no_management,140561558010478,no_management,10,2027,2072,0.0,0,150.5670166015625,5561.19384765625
140561558010478::pine_plantation_long_rotation,140561558010478,pine_plantation_long_rotation,10,2027,2072,573.4197387695312,1,149.52606201171875,5095.59130859375
140561558010478::pine_plantation_short_rotation,140561558010478,pine_plantation_short_rotation,10,2027,2072,573.4197387695312,1,149.52606201171875,5095.59130859375
140564077010478::family_light_thin,140564077010478,family_light_thin,10,2027,2072,109.73379516601562,1,227.169921875,3622.28076171875
140564077010478::family_uneven_aged_selection,140564077010478,family_uneven_aged_selection,10,2027,2072,1123.6112670898438,3,197.9129638671875,2922.444091796875
140564077010478::hardwood_clearcut_regen,140564077010478,hardwood_clearcut_regen,10,2027,2072,948.6118774414062,1,115.02950286865234,22.581676483154297
140564077010478::no_management,140564077010478,no_management,10,2027,2072,0.0,0,226.83360290527344,3714.2373046875
140564077010478::public_selection_light,140564077010478,public_selection_light,10,2027,2072,1477.0235595703125,4,164.38523864746094,2204.685791015625
140564077010478::public_thin_restore,140564077010478,public_thin_restore,10,2027,2072,398.12410736083984,3,213.0205535888672,3376.2529296875
140566167010478::family_light_thin,140566167010478,family_light_thin,10,2027,2072,9.56474494934082,1,183.92376708984375,4529.22705078125
140566167010478::family_uneven_aged_selection,140566167010478,family_uneven_aged_selection,10,2027,2072,1610.5118408203125,3,144.35134887695312,3261.52392578125
140566167010478::no_management,140566167010478,no_management,10,2027,2072,0.0,0,183.22702026367188,4527.9296875
140566167010478::pine_plantation_long_rotation,140566167010478,pine_plantation_long_rotation,10,2027,2072,3257.11767578125,1,164.48175048828125,2768.66015625
140566167010478::pine_plantation_short_rotation,140566167010478,pine_plantation_short_rotation,10,2027,2072,3257.11767578125,1,164.48175048828125,2768.66015625
140566167010478::public_selection_light,140566167010478,public_selection_light,10,2027,2072,2364.9086303710938,4,115.76264953613281,2362.3056640625
140566167010478::public_thin_restore,140566167010478,public_thin_restore,10,2027,2072,130.72461080551147,3,181.04994201660156,4699.82763671875
140568302010478::family_light_thin,140568302010478,family_light_thin,10,2027,2072,40.53814697265625,1,113.46965789794922,1924.7230224609375
140568302010478::family_uneven_aged_selection,140568302010478,family_uneven_aged_selection,10,2027,2072,473.5566940307617,3,91.31468200683594,1478.6649169921875
140568302010478::hardwood_clearcut_regen,140568302010478,hardwood_clearcut_regen,10,2027,2072,1018.0330810546875,1,71.24299621582031,365.4720764160156
140568302010478::no_management,140568302010478,no_management,10,2027,2072,0.0,0,119.28561401367188,2103.486572265625
140568302010478::public_selection_light,140568302010478,public_selection_light,10,2027,2072,576.2251739501953,4,76.81430053710938,1150.9193115234375
140568302010478::public_thin_restore,140568302010478,public_thin_restore,10,2027,2072,179.23340225219727,3,93.50138092041016,1596.937255859375
140582800010478::family_light_thin,140582800010478,family_light_thin,10,2027,2072,331.4609680175781,1,180.134033203125,4018.10888671875
140582800010478::family_uneven_aged_selection,140582800010478,family_uneven_aged_selection,10,2027,2072,1328.0405578613281,3,163.7256317138672,3581.423095703125
140582800010478::no_management,140582800010478,no_management,10,2027,2072,0.0,0,179.61810302734375,4193.38427734375
140582800010478::pine_plantation_long_rotation,140582800010478,pine_plantation_long_rotation,10,2027,2072,1843.6748962402344,2,195.12530517578125,3844.8828125
140582800010478::pine_plantation_short_rotation,140582800010478,pine_plantation_short_rotation,10,2027,2072,987.2550659179688,1,166.55963134765625,3338.2685546875
140582800010478::public_selection_light,140582800010478,public_selection_light,10,2027,2072,1811.5311279296875,4,141.1573028564453,2994.3251953125
140582800010478::public_thin_restore,140582800010478,public_thin_restore,10,2027,2072,972.2091369628906,3,164.99749755859375,3581.52587890625
140593174010478::family_light_thin,140593174010478,family_light_thin,10,2027,2072,12.35423755645752,1,192.24203491210938,2858.273193359375
140593174010478::family_uneven_aged_selection,140593174010478,family_uneven_aged_selection,10,2027,2072,1070.0496826171875,3,175.26547241210938,2405.20263671875
140593174010478::hardwood_clearcut_regen,140593174010478,hardwood_clearcut_regen,10,2027,2072,1591.49951171875,1,59.741539001464844,834.9031982421875
140593174010478::no_management,140593174010478,no_management,10,2027,2072,0.0,0,192.87216186523438,2800.890380859375
140593174010478::public_selection_light,140593174010478,public_selection_light,10,2027,2072,1571.2779541015625,4,148.15957641601562,1988.938232421875
140593174010478::public_thin_restore,140593174010478,public_thin_restore,10,2027,2072,77.14064693450928,3,191.84461975097656,2839.710205078125
140599486010478::family_light_thin,140599486010478,family_light_thin,10,2027,2072,162.63662719726562,1,141.60841369628906,2019.7867431640625
140599486010478::family_uneven_aged_selection,140599486010478,family_uneven_aged_selection,10,2027,2072,640.5982208251953,3,127.8627700805664,1849.45556640625
140599486010478::hardwood_clearcut_regen,140599486010478,hardwood_clearcut_regen,10,2027,2072,655.597412109375,1,110.32142639160156,745.05859375
140599486010478::no_management,140599486010478,no_management,10,2027,2072,0.0,0,143.4446258544922,2146.060546875
153666119010854::family_light_thin,153666119010854,family_light_thin,10,2027,2072,22.26297950744629,1,195.73049926757812,4090.680908203125
153666119010854::family_uneven_aged_selection,153666119010854,family_uneven_aged_selection,10,2027,2072,1133.933822631836,3,190.0410614013672,3981.68798828125
153666119010854::hardwood_clearcut_regen,153666119010854,hardwood_clearcut_regen,10,2027,2072,3856.7294921875,1,9.576334953308105,0.0
153666119010854::no_management,153666119010854,no_management,10,2027,2072,0.0,0,199.15341186523438,4305.076171875
153666119010854::public_selection_light,153666119010854,public_selection_light,10,2027,2072,1412.6577367782593,4,193.00999450683594,3837.767822265625
153666119010854::public_thin_restore,153666119010854,public_thin_restore,10,2027,2072,880.7919616699219,2,193.54983520507812,3756.5087890625
153846474010854::family_light_thin,153846474010854,family_light_thin,10,2027,2072,0.0,0,187.28163146972656,2829.4365234375
153846474010854::family_uneven_aged_selection,153846474010854,family_uneven_aged_selection,10,2027,2072,641.0939025878906,3,148.78564453125,2207.78857421875
153846474010854::no_management,153846474010854,no_management,10,2027,2072,0.0,0,197.19847106933594,3003.386962890625
173002836010854::family_light_thin,173002836010854,family_light_thin,10,2027,2072,207.74594116210938,1,179.35931396484375,7044.515625
173002836010854::family_uneven_aged_selection,173002836010854,family_uneven_aged_selection,10,2027,2072,2247.7340087890625,3,146.2406768798828,5724.21826171875
173002836010854::no_management,173002836010854,no_management,10,2027,2072,0.0,0,179.3367919921875,7039.8955078125
173002836010854::pine_plantation_long_rotation,173002836010854,pine_plantation_long_rotation,10,2027,2072,2058.532470703125,1,180.13934326171875,5933.66650390625
173002836010854::pine_plantation_short_rotation,173002836010854,pine_plantation_short_rotation,10,2027,2072,2058.532470703125,1,180.13934326171875,5933.66650390625
173002836010854::public_selection_light,173002836010854,public_selection_light,10,2027,2072,3227.546630859375,4,121.17755889892578,4722.484375
173002836010854::public_thin_restore,173002836010854,public_thin_restore,10,2027,2072,890.9542846679688,3,166.44793701171875,6546.169921875
173002842010854::family_light_thin,173002842010854,family_light_thin,10,2027,2072,249.29598999023438,1,180.51693725585938,4829.41845703125
173002842010854::family_uneven_aged_selection,173002842010854,family_uneven_aged_selection,10,2027,2072,1607.2390747070312,3,149.9766082763672,3947.888671875
173002842010854::no_management,173002842010854,no_management,10,2027,2072,0.0,0,181.03952026367188,4794.08642578125
173002842010854::pine_plantation_long_rotation,173002842010854,pine_plantation_long_rotation,10,2027,2072,1707.509033203125,1,145.44947814941406,3284.533447265625
173002842010854::pine_plantation_short_rotation,173002842010854,pine_plantation_short_rotation,10,2027,2072,1707.509033203125,1,145.44947814941406,3284.533447265625
173002842010854::public_selection_light,173002842010854,public_selection_light,10,2027,2072,2249.457244873047,4,123.42182159423828,3256.193115234375
173002842010854::public_thin_restore,173002842010854,public_thin_restore,10,2027,2072,946.3477630615234,3,162.7888641357422,4340.185546875
173002845010854::family_light_thin,173002845010854,family_light_thin,10,2027,2072,22.013404846191406,1,126.67662048339844,4007.249755859375
173002845010854::family_uneven_aged_selection,173002845010854,family_uneven_aged_selection,10,2027,2072,1287.2543334960938,3,83.58952331542969,2612.95166015625
173002845010854::no_management,173002845010854,no_management,10,2027,2072,0.0,0,131.6806640625,4112.287109375
173002845010854::pine_plantation_long_rotation,173002845010854,pine_plantation_long_rotation,10,2027,2072,2310.443603515625,1,111.386962890625,2215.970458984375
173002845010854::pine_plantation_short_rotation,173002845010854,pine_plantation_short_rotation,10,2027,2072,2310.443603515625,1,111.386962890625,2215.970458984375
173002845010854::public_selection_light,173002845010854,public_selection_light,10,2027,2072,1838.6563720703125,4,58.62400817871094,1834.99560546875
173002845010854::public_thin_restore,173002845010854,public_thin_restore,10,2027,2072,98.06825160980225,3,120.22430419921875,3864.362060546875
173002897010854::family_light_thin,173002897010854,family_light_thin,10,2027,2072,77.19327545166016,1,153.34422302246094,3895.42041015625
173002897010854::family_uneven_aged_selection,173002897010854,family_uneven_aged_selection,10,2027,2072,1169.2838134765625,3,119.40204620361328,2813.610107421875
173002897010854::no_management,173002897010854,no_management,10,2027,2072,0.0,0,164.26649475097656,4054.909423828125
173002897010854::pine_plantation_long_rotation,173002897010854,pine_plantation_long_rotation,10,2027,2072,1475.305908203125,1,156.3446807861328,3360.64208984375
173002897010854::pine_plantation_short_rotation,173002897010854,pine_plantation_short_rotation,10,2027,2072,1475.305908203125,1,156.3446807861328,3360.64208984375
174758382020004::family_light_thin,174758382020004,family_light_thin,10,2027,2072,40.563690185546875,1,179.6220245361328,2686.260986328125
174758382020004::family_uneven_aged_selection,174758382020004,family_uneven_aged_selection,10,2027,2072,564.7107276916504,3,165.5204315185547,2511.662353515625
174758382020004::no_management,174758382020004,no_management,10,2027,2072,0.0,0,184.54904174804688,2895.434326171875
17498047010478::family_light_thin,17498047010478,family_light_thin,10,2027,2072,207.65187072753906,1,199.7850341796875,5616.23876953125
17498047010478::family_uneven_aged_selection,17498047010478,family_uneven_aged_selection,10,2027,2072,1619.6592712402344,3,188.82998657226562,5281.37255859375
17498047010478::no_management,17498047010478,no_management,10,2027,2072,0.0,0,201.1295623779297,5888.9560546875
17498047010478::pine_plantation_long_rotation,17498047010478,pine_plantation_long_rotation,10,2027,2072,446.3081970214844,1,185.38323974609375,5000.5703125
17498047010478::pine_plantation_short_rotation,17498047010478,pine_plantation_short_rotation,10,2027,2072,446.3081970214844,1,185.38323974609375,5000.5703125
17498047010478::public_selection_light,17498047010478,public_selection_light,10,2027,2072,2304.131072998047,4,194.99720764160156,5210.78515625
17498047010478::public_thin_restore,17498047010478,public_thin_restore,10,2027,2072,872.7651062011719,3,198.3621063232422,5481.9521484375
176548620010854::family_light_thin,176548620010854,family_light_thin,10,2027,2072,85.49703979492188,1,201.65371704101562,4233.6533203125
176548620010854::family_uneven_aged_selection,176548620010854,family_uneven_aged_selection,10,2027,2072,1195.3333892822266,3,176.04241943359375,3487.939697265625
176548620010854::no_management,176548620010854,no_management,10,2027,2072,0.0,0,202.97430419921875,4345.88525390625
176548620010854::pine_plantation_long_rotation,176548620010854,pine_plantation_long_rotation,10,2027,2072,1112.8189697265625,1,182.799072265625,3660.25146484375
176548620010854::pine_plantation_short_rotation,176548620010854,pine_plantation_short_rotation,10,2027,2072,1112.8189697265625,1,182.799072265625,3660.25146484375
176548620010854::public_selection_light,176548620010854,public_selection_light,10,2027,2072,1550.0635986328125,4,151.93716430664062,2880.90576171875
176548620010854::public_thin_restore,176548620010854,public_thin_restore,10,2027,2072,425.3256378173828,3,181.4049835205078,3863.78173828125
176548654010854::family_light_thin,176548654010854,family_light_thin,10,2027,2072,75.19901275634766,1,188.20301818847656,4788.41650390625
176548654010854::family_uneven_aged_selection,176548654010854,family_uneven_aged_selection,10,2027,2072,1988.6658935546875,3,171.4945068359375,4248.35400390625
176548654010854::no_management,176548654010854,no_management,10,2027,2072,0.0,0,189.076904296875,4789.5888671875
176548654010854::pine_plantation_long_rotation,176548654010854,pine_plantation_long_rotation,10,2027,2072,4469.02197265625,2,189.38189697265625,3507.13232421875
176548654010854::pine_plantation_short_rotation,176548654010854,pine_plantation_short_rotation,10,2027,2072,3052.46484375,1,184.41595458984375,3997.974365234375
176548654010854::public_selection_light,176548654010854,public_selection_light,10,2027,2072,3326.2487182617188,4,178.28591918945312,4212.90283203125
176548654010854::public_thin_restore,176548654010854,public_thin_restore,10,2027,2072,513.1017951965332,3,190.43995666503906,5008.7744140625
176548896010854::family_light_thin,176548896010854,family_light_thin,10,2027,2072,34.4548225402832,1,257.3141784667969,8066.7177734375
176548896010854::family_uneven_aged_selection,176548896010854,family_uneven_aged_selection,10,2027,2072,2655.513916015625,3,211.89947509765625,6164.365234375
176548896010854::hardwood_clearcut_regen,176548896010854,hardwood_clearcut_regen,10,2027,2072,3741.376953125,1,166.2698211669922,3271.34033203125
176548896010854::no_management,176548896010854,no_management,10,2027,2072,0.0,0,255.2233123779297,7954.50830078125
176548896010854::public_selection_light,176548896010854,public_selection_light,10,2027,2072,3581.7286376953125,4,159.8957977294922,4393.7431640625
176548896010854::public_thin_restore,176548896010854,public_thin_restore,10,2027,2072,168.90144538879395,3,262.3035583496094,8466.6767578125
176549308010854::family_light_thin,176549308010854,family_light_thin,10,2027,2072,8.814554214477539,1,128.7144775390625,1473.354248046875
176549308010854::family_uneven_aged_selection,176549308010854,family_uneven_aged_selection,10,2027,2072,401.92430114746094,3,105.40113830566406,1092.841796875
176549308010854::hardwood_clearcut_regen,176549308010854,hardwood_clearcut_regen,10,2027,2072,417.7214050292969,1,124.91637420654297,1057.9580078125
176549308010854::no_management,176549308010854,no_management,10,2027,2072,0.0,0,136.3013916015625,1601.579345703125
176859634010854::family_light_thin,176859634010854,family_light_thin,10,2027,2072,131.01409912109375,1,199.1590576171875,5252.2548828125
176859634010854::family_uneven_aged_selection,176859634010854,family_uneven_aged_selection,10,2027,2072,2015.3656005859375,3,159.38351440429688,4011.8037109375
176859634010854::hardwood_clearcut_regen,176859634010854,hardwood_clearcut_regen,10,2027,2072,3933.101318359375,1,130.4733123779297,1949.6812744140625
176859634010854::no_management,176859634010854,no_management,10,2027,2072,0.0,0,200.85842895507812,5115.74267578125
176859634010854::public_selection_light,176859634010854,public_selection_light,10,2027,2072,2984.8585205078125,4,116.79481506347656,2939.093994140625
176859634010854::public_thin_restore,176859634010854,public_thin_restore,10,2027,2072,534.4677734375,3,194.798583984375,5328.14697265625
176859705010854::family_light_thin,176859705010854,family_light_thin,10,2027,2072,310.541259765625,1,180.61172485351562,6854.83154296875
176859705010854::family_uneven_aged_selection,176859705010854,family_uneven_aged_selection,10,2027,2072,2438.3258666992188,3,164.82568359375,6017.79052734375
176859705010854::no_management,176859705010854,no_management,10,2027,2072,0.0,0,181.64251708984375,6877.50732421875
176859705010854::pine_plantation_long_rotation,176859705010854,pine_plantation_long_rotation,10,2027,2072,2736.43701171875,1,173.2626953125,5523.40380859375
176859705010854::pine_plantation_short_rotation,176859705010854,pine_plantation_short_rotation,10,2027,2072,2736.43701171875,1,173.2626953125,5523.40380859375
176859705010854::public_selection_light,176859705010854,public_selection_light,10,2027,2072,3598.0489501953125,4,152.64610290527344,5388.94775390625
176859705010854::public_thin_restore,176859705010854,public_thin_restore,10,2027,2072,1604.68212890625,3,181.0198211669922,6714.35009765625
176859781010854::family_light_thin,176859781010854,family_light_thin,10,2027,2072,257.8672180175781,1,181.028564453125,6006.5078125
176859781010854::family_uneven_aged_selection,176859781010854,family_uneven_aged_selection,10,2027,2072,1856.8842468261719,3,164.1020050048828,5234.9765625
176859781010854::no_management,176859781010854,no_management,10,2027,2072,0.0,0,180.69668579101562,6053.09423828125
176859781010854::pine_plantation_long_rotation,176859781010854,pine_plantation_long_rotation,10,2027,2072,1630.6870422363281,2,221.74063110351562,8448.7197265625
176859781010854::pine_plantation_short_rotation,176859781010854,pine_plantation_short_rotation,10,2027,2072,1094.9749755859375,1,182.88961791992188,6034.42041015625
176859781010854::public_selection_light,176859781010854,public_selection_light,10,2027,2072,2488.1432495117188,4,145.53565979003906,4442.92919921875
176859781010854::public_thin_restore,176859781010854,public_thin_restore,10,2027,2072,837.7464294433594,3,177.162353515625,5851.03369140625
176859785010854::family_light_thin,176859785010854,family_light_thin,10,2027,2072,29.71348762512207,1,175.2034454345703,3425.36328125
176859785010854::family_uneven_aged_selection,176859785010854,family_uneven_aged_selection,10,2027,2072,1277.4735412597656,3,157.01658630371094,2708.705322265625
176859785010854::no_management,176859785010854,no_management,10,2027,2072,0.0,0,175.9998779296875,3517.195556640625
176859834010854::hardwood_clearcut_regen,176859834010854,hardwood_clearcut_regen,10,2027,2072,723.7083129882812,1,64.88715362548828,533.0464477539062
176859834010854::no_management,176859834010854,no_management,10,2027,2072,0.0,0,161.93942260742188,2875.2490234375
176860041010854::family_light_thin,176860041010854,family_light_thin,10,2027,2072,15.089235305786133,1,138.3957061767578,2719.82861328125
176860041010854::family_uneven_aged_selection,176860041010854,family_uneven_aged_selection,10,2027,2072,573.4534111022949,3,122.55833435058594,2482.095947265625
176860041010854::hardwood_clearcut_regen,176860041010854,hardwood_clearcut_regen,10,2027,2072,1999.3746337890625,1,18.286937713623047,0.0
176860041010854::no_management,176860041010854,no_management,10,2027,2072,0.0,0,163.10214233398438,3442.340576171875
176860080010854::family_light_thin,176860080010854,family_light_thin,10,2027,2072,63.47669219970703,1,168.6167449951172,3183.72021484375
176860080010854::family_uneven_aged_selection,176860080010854,family_uneven_aged_selection,10,2027,2072,1302.2774963378906,3,154.45309448242188,2787.946044921875
176860080010854::hardwood_clearcut_regen,176860080010854,hardwood_clearcut_regen,10,2027,2072,2489.605712890625,1,150.57330322265625,2185.43310546875
176860080010854::no_management,176860080010854,no_management,10,2027,2072,0.0,0,168.2286834716797,3208.272216796875
176860080010854::public_selection_light,176860080010854,public_selection_light,10,2027,2072,2072.4637756347656,4,155.1268768310547,2563.51513671875
176860080010854::public_thin_restore,176860080010854,public_thin_restore,10,2027,2072,299.8052062988281,3,174.7034149169922,3469.441650390625
176860101010854::family_light_thin,176860101010854,family_light_thin,10,2027,2072,156.49400329589844,1,179.51100158691406,7128.5458984375
176860101010854::family_uneven_aged_selection,176860101010854,family_uneven_aged_selection,10,2027,2072,2726.0525512695312,3,159.7210693359375,6256.59912109375
176860101010854::no_management,176860101010854,no_management,10,2027,2072,0.0,0,179.4550018310547,7115.83984375
176860101010854::pine_plantation_long_rotation,176860101010854,pine_plantation_long_rotation,10,2027,2072,4355.12890625,2,221.88299560546875,8230.5517578125
176860101010854::pine_plantation_short_rotation,176860101010854,pine_plantation_short_rotation,10,2027,2072,3165.645751953125,1,179.6642608642578,6159.65283203125
176860101010854::public_selection_light,176860101010854,public_selection_light,10,2027,2072,4334.907958984375,4,153.15591430664062,5918.14208984375
176860101010854::public_thin_restore,176860101010854,public_thin_restore,10,2027,2072,753.8313064575195,3,179.43397521972656,7139.388671875
176860109010854::family_light_thin,176860109010854,family_light_thin,10,2027,2072,142.23599243164062,1,211.734130859375,6630.24755859375
176860109010854::family_uneven_aged_selection,176860109010854,family_uneven_aged_selection,10,2027,2072,2752.3960571289062,3,193.2404327392578,5702.00048828125
176860109010854::no_management,176860109010854,no_management,10,2027,2072,0.0,0,212.7530517578125,6695.341796875
176860221010854::family_light_thin,176860221010854,family_light_thin,10,2027,2072,192.8310089111328,1,155.27684020996094,3586.02099609375
176860221010854::family_uneven_aged_selection,176860221010854,family_uneven_aged_selection,10,2027,2072,965.7837219238281,3,141.1013946533203,3238.852783203125
176860221010854::hardwood_clearcut_regen,176860221010854,hardwood_clearcut_regen,10,2027,2072,1909.834228515625,1,71.37090301513672,1012.6017456054688
176860221010854::no_management,176860221010854,no_management,10,2027,2072,0.0,0,158.4508056640625,3862.663330078125
176860221010854::public_selection_light,176860221010854,public_selection_light,10,2027,2072,1299.469612121582,4,136.36361694335938,3067.99169921875
176860221010854::public_thin_restore,176860221010854,public_thin_restore,10,2027,2072,938.6303482055664,3,138.7883758544922,3054.904052734375
176860271010854::family_light_thin,176860271010854,family_light_thin,10,2027,2072,10.42965316772461,1,175.2061309814453,4094.432861328125
176860271010854::family_uneven_aged_selection,176860271010854,family_uneven_aged_selection,10,2027,2072,1587.506103515625,3,161.64016723632812,3042.606689453125
176860271010854::hardwood_clearcut_regen,176860271010854,hardwood_clearcut_regen,10,2027,2072,3362.618408203125,1,107.29737854003906,1600.8359375
176860271010854::no_management,176860271010854,no_management,10,2027,2072,0.0,0,175.86752319335938,3955.97119140625
176860271010854::public_selection_light,176860271010854,public_selection_light,10,2027,2072,2368.4514770507812,4,138.81686401367188,2244.093017578125
176860271010854::public_thin_restore,176860271010854,public_thin_restore,10,2027,2072,50.85976791381836,3,175.04229736328125,4418.16943359375
176860391010854::family_light_thin,176860391010854,family_light_thin,10,2027,2072,148.16455078125,1,166.32809448242188,3146.10302734375
176860391010854::family_uneven_aged_selection,176860391010854,family_uneven_aged_selection,10,2027,2072,865.6583709716797,3,131.58956909179688,2457.941162109375
176860391010854::hardwood_clearcut_regen,176860391010854,hardwood_clearcut_regen,10,2027,2072,2277.655029296875,1,45.11749267578125,0.0
176860391010854::no_management,176860391010854,no_management,10,2027,2072,0.0,0,183.03216552734375,3461.81982421875
176860391010854::public_selection_light,176860391010854,public_selection_light,10,2027,2072,1113.5611877441406,4,111.2601547241211,2025.25537109375
176860391010854::public_thin_restore,176860391010854,public_thin_restore,10,2027,2072,383.39186096191406,3,133.1842803955078,2659.35693359375
176860474010854::family_light_thin,176860474010854,family_light_thin,10,2027,2072,67.52017211914062,1,182.30923461914062,2207.42724609375
176860474010854::family_uneven_aged_selection,176860474010854,family_uneven_aged_selection,10,2027,2072,540.6562881469727,3,173.22323608398438,2028.4986572265625
176860474010854::hardwood_clearcut_regen,176860474010854,hardwood_clearcut_regen,10,2027,2072,1033.5078125,1,73.12152099609375,341.0436096191406
176860474010854::no_management,176860474010854,no_management,10,2027,2072,0.0,0,184.27914428710938,2426.53125
176860474010854::public_selection_light,176860474010854,public_selection_light,10,2027,2072,618.2821731567383,4,157.25152587890625,1683.1429443359375
176860474010854::public_thin_restore,176860474010854,public_thin_restore,10,2027,2072,120.15192031860352,3,173.9866485595703,2173.125732421875
176860601010854::family_light_thin,176860601010854,family_light_thin,10,2027,2072,15.64731216430664,1,181.4185333251953,2572.2587890625
176860601010854::family_uneven_aged_selection,176860601010854,family_uneven_aged_selection,10,2027,2072,626.9991760253906,3,140.4972686767578,1930.7412109375
176860601010854::hardwood_clearcut_regen,176860601010854,hardwood_clearcut_regen,10,2027,2072,1117.625,1,106.07817840576172,30.315685272216797
176860601010854::no_management,176860601010854,no_management,10,2027,2072,0.0,0,187.1824493408203,2618.36181640625
176860601010854::public_selection_light,176860601010854,public_selection_light,10,2027,2072,788.2215423583984,4,130.12484741210938,1868.6812744140625
176860601010854::public_thin_restore,176860601010854,public_thin_restore,10,2027,2072,106.00887107849121,3,149.6707000732422,2394.4482421875
176860754010854::family_light_thin,176860754010854,family_light_thin,10,2027,2072,86.84889221191406,1,186.87042236328125,3902.0419921875
176860754010854::family_uneven_aged_selection,176860754010854,family_uneven_aged_selection,10,2027,2072,919.0330200195312,3,163.42950439453125,3268.730712890625
176860754010854::hardwood_clearcut_regen,176860754010854,hardwood_clearcut_regen,10,2027,2072,1775.540771484375,1,119.5140151977539,841.6223754882812
176860754010854::no_management,176860754010854,no_management,10,2027,2072,0.0,0,186.76507568359375,3900.0595703125
176860754010854::public_selection_light,176860754010854,public_selection_light,10,2027,2072,1186.1339874267578,4,167.9925994873047,3126.77880859375
176860754010854::public_thin_restore,176860754010854,public_thin_restore,10,2027,2072,551.7489547729492,3,175.53018188476562,3416.162109375
20220154010478::family_light_thin,20220154010478,family_light_thin,10,2027,2072,235.6415252685547,1,170.37753295898438,3283.431640625
20220154010478::family_uneven_aged_selection,20220154010478,family_uneven_aged_selection,10,2027,2072,922.6777954101562,3,159.29690551757812,3180.94091796875
20220154010478::hardwood_clearcut_regen,20220154010478,hardwood_clearcut_regen,10,2027,2072,2179.130615234375,1,68.42474365234375,41.678382873535156
20220154010478::no_management,20220154010478,no_management,10,2027,2072,0.0,0,175.15428161621094,3456.55859375
20233712010478::family_light_thin,20233712010478,family_light_thin,10,2027,2072,0.0,0,77.67474365234375,1392.912109375
20233712010478::family_uneven_aged_selection,20233712010478,family_uneven_aged_selection,10,2027,2072,395.63480377197266,3,60.410888671875,956.4066162109375
20233712010478::hardwood_clearcut_regen,20233712010478,hardwood_clearcut_regen,10,2027,2072,801.6720581054688,1,64.52099609375,843.5166015625
20233712010478::no_management,20233712010478,no_management,10,2027,2072,0.0,0,95.10309600830078,1558.3974609375
20233712010478::public_selection_light,20233712010478,public_selection_light,10,2027,2072,551.8374328613281,4,44.34617614746094,695.9999389648438
20233712010478::public_thin_restore,20233712010478,public_thin_restore,10,2027,2072,0.0,0,61.00083541870117,1215.7550048828125
20250670010478::family_light_thin,20250670010478,family_light_thin,10,2027,2072,227.75790405273438,1,196.80572509765625,6315.36865234375
20250670010478::family_uneven_aged_selection,20250670010478,family_uneven_aged_selection,10,2027,2072,1942.0060424804688,3,177.90359497070312,5456.140625
20250670010478::hardwood_clearcut_regen,20250670010478,hardwood_clearcut_regen,10,2027,2072,2021.3468017578125,1,198.5032958984375,5775.66455078125
20250670010478::no_management,20250670010478,no_management,10,2027,2072,0.0,0,195.93209838867188,6419.4521484375
20250670010478::public_selection_light,20250670010478,public_selection_light,10,2027,2072,2562.0335083007812,4,154.90350341796875,4477.55615234375
20250670010478::public_thin_restore,20250670010478,public_thin_restore,10,2027,2072,858.3811492919922,3,197.07208251953125,6177.48828125
20266263010478::family_light_thin,20266263010478,family_light_thin,10,2027,2072,59.980560302734375,1,153.91493225097656,4750.330078125
20266263010478::family_uneven_aged_selection,20266263010478,family_uneven_aged_selection,10,2027,2072,1205.972770690918,3,140.53236389160156,4329.85498046875
20266263010478::no_management,20266263010478,no_management,10,2027,2072,0.0,0,153.91488647460938,4787.18408203125
20266263010478::pine_plantation_long_rotation,20266263010478,pine_plantation_long_rotation,10,2027,2072,1056.6202754974365,2,167.574462890625,3445.079345703125
20266263010478::pine_plantation_short_rotation,20266263010478,pine_plantation_short_rotation,10,2027,2072,148.9713592529297,2,214.26156616210938,5501.08642578125
20266493010478::family_light_thin,20266493010478,family_light_thin,10,2027,2072,22.45962142944336,1,180.3905029296875,3001.316162109375
20266493010478::family_uneven_aged_selection,20266493010478,family_uneven_aged_selection,10,2027,2072,871.4306182861328,3,163.4647216796875,2646.672119140625
20266493010478::hardwood_clearcut_regen,20266493010478,hardwood_clearcut_regen,10,2027,2072,1141.7525634765625,1,168.88429260253906,2905.00048828125
20266493010478::no_management,20266493010478,no_management,10,2027,2072,0.0,0,183.80010986328125,3006.229248046875
20266493010478::public_selection_light,20266493010478,public_selection_light,10,2027,2072,1151.7551879882812,4,141.35252380371094,2109.68994140625
20266493010478::public_thin_restore,20266493010478,public_thin_restore,10,2027,2072,154.8898048400879,3,173.0993194580078,3044.550048828125
20267385010478::family_light_thin,20267385010478,family_light_thin,10,2027,2072,145.5576171875,1,173.44093322753906,4982.47314453125
20267385010478::family_uneven_aged_selection,20267385010478,family_uneven_aged_selection,10,2027,2072,1702.8460083007812,3,156.609130859375,4267.5859375
20267385010478::hardwood_clearcut_regen,20267385010478,hardwood_clearcut_regen,10,2027,2072,1737.322021484375,1,168.2443389892578,4118.63330078125
20267385010478::no_management,20267385010478,no_management,10,2027,2072,0.0,0,171.54849243164062,4971.0146484375
20267385010478::public_selection_light,20267385010478,public_selection_light,10,2027,2072,2327.7252807617188,4,135.74282836914062,3516.011962890625
20267385010478::public_thin_restore,20267385010478,public_thin_restore,10,2027,2072,569.3117980957031,3,177.85186767578125,5181.0205078125
20272447010478::family_light_thin,20272447010478,family_light_thin,10,2027,2072,17.737764358520508,1,168.91029357910156,3529.93603515625
20272447010478::family_uneven_aged_selection,20272447010478,family_uneven_aged_selection,10,2027,2072,851.3335876464844,3,151.33627319335938,3281.577392578125
20272447010478::hardwood_clearcut_regen,20272447010478,hardwood_clearcut_regen,10,2027,2072,1945.4088134765625,1,61.95375061035156,91.38320922851562
20272447010478::no_management,20272447010478,no_management,10,2027,2072,0.0,0,168.84886169433594,3730.1826171875
20272447010478::public_selection_light,20272447010478,public_selection_light,10,2027,2072,1060.9748764038086,4,157.16592407226562,3079.7490234375
20272447010478::public_thin_restore,20272447010478,public_thin_restore,10,2027,2072,605.8592987060547,2,160.76010131835938,3072.0517578125
20282429010478::family_light_thin,20282429010478,family_light_thin,10,2027,2072,120.1668930053711,1,204.8181915283203,5007.1142578125
20282429010478::family_uneven_aged_selection,20282429010478,family_uneven_aged_selection,10,2027,2072,1377.6038055419922,3,185.8652801513672,4422.37353515625
20282429010478::no_management,20282429010478,no_management,10,2027,2072,0.0,0,205.8583526611328,5070.748046875
20282429010478::pine_plantation_long_rotation,20282429010478,pine_plantation_long_rotation,10,2027,2072,1863.1316299438477,2,166.53280639648438,3427.3583984375
20282429010478::pine_plantation_short_rotation,20282429010478,pine_plantation_short_rotation,10,2027,2072,500.19486236572266,2,212.77525329589844,5467.23046875
20282429010478::public_selection_light,20282429010478,public_selection_light,10,2027,2072,1788.0425872802734,4,157.4281768798828,3795.785400390625
20282429010478::public_thin_restore,20282429010478,public_thin_restore,10,2027,2072,948.5887298583984,3,180.0419464111328,4484.96435546875
20303487010478::family_light_thin,20303487010478,family_light_thin,10,2027,2072,481.98748779296875,1,178.7534637451172,6032.55078125
20303487010478::family_uneven_aged_selection,20303487010478,family_uneven_aged_selection,10,2027,2072,2251.3341674804688,3,158.73800659179688,5320.6181640625
20303487010478::no_management,20303487010478,no_management,10,2027,2072,0.0,0,178.8039093017578,6013.73876953125
20303487010478::pine_plantation_long_rotation,20303487010478,pine_plantation_long_rotation,10,2027,2072,2207.395263671875,1,165.17803955078125,4762.1572265625
20303487010478::pine_plantation_short_rotation,20303487010478,pine_plantation_short_rotation,10,2027,2072,2207.395263671875,1,165.17803955078125,4762.1572265625
20303487010478::public_selection_light,20303487010478,public_selection_light,10,2027,2072,3183.1153564453125,4,134.932373046875,4539.1259765625
20303487010478::public_thin_restore,20303487010478,public_thin_restore,10,2027,2072,1384.6148071289062,3,174.4716339111328,5907.53759765625
20304632010478::family_light_thin,20304632010478,family_light_thin,10,2027,2072,6.287825107574463,1,153.05810546875,2783.727294921875
20304632010478::family_uneven_aged_selection,20304632010478,family_uneven_aged_selection,10,2027,2072,753.8882598876953,3,109.18148040771484,1865.0946044921875
20304632010478::hardwood_clearcut_regen,20304632010478,hardwood_clearcut_regen,10,2027,2072,875.2537841796875,1,125.41438293457031,2803.515869140625
20304632010478::no_management,20304632010478,no_management,10,2027,2072,0.0,0,162.98025512695312,2853.994873046875
20304632010478::public_selection_light,20304632010478,public_selection_light,10,2027,2072,1000.2594757080078,4,78.3074951171875,1362.485107421875
20304632010478::public_thin_restore,20304632010478,public_thin_restore,10,2027,2072,49.60901880264282,3,139.7269744873047,2677.53759765625
20305440010478::family_light_thin,20305440010478,family_light_thin,10,2027,2072,79.52696228027344,1,144.50779724121094,2460.927001953125
20305440010478::family_uneven_aged_selection,20305440010478,family_uneven_aged_selection,10,2027,2072,603.2092819213867,3,124.7750244140625,1993.0362548828125
20305440010478::no_management,20305440010478,no_management,10,2027,2072,0.0,0,175.68499755859375,2739.01123046875
20306534010478::family_light_thin,20306534010478,family_light_thin,10,2027,2072,271.4716796875,1,170.38400268554688,3054.733642578125
20306534010478::family_uneven_aged_selection,20306534010478,family_uneven_aged_selection,10,2027,2072,1022.5964965820312,3,151.33909606933594,2616.808349609375
20306534010478::no_management,20306534010478,no_management,10,2027,2072,0.0,0,173.6280975341797,3296.348876953125
20306534010478::pine_plantation_long_rotation,20306534010478,pine_plantation_long_rotation,10,2027,2072,1142.811767578125,1,146.5980224609375,2007.4658203125
20306534010478::pine_plantation_short_rotation,20306534010478,pine_plantation_short_rotation,10,2027,2072,1142.811767578125,1,146.5980224609375,2007.4658203125
20306534010478::public_selection_light,20306534010478,public_selection_light,10,2027,2072,1428.3830261230469,4,132.8600311279297,2081.79541015625
20306534010478::public_thin_restore,20306534010478,public_thin_restore,10,2027,2072,824.9284362792969,3,158.25050354003906,2626.9638671875
20322920010478::family_light_thin,20322920010478,family_light_thin,10,2027,2072,390.2815856933594,1,178.5072021484375,4518.74267578125
20322920010478::family_uneven_aged_selection,20322920010478,family_uneven_aged_selection,10,2027,2072,1477.947998046875,3,161.4966583251953,4083.644775390625
20322920010478::no_management,20322920010478,no_management,10,2027,2072,0.0,0,178.5005340576172,4554.2236328125
20322920010478::pine_plantation_long_rotation,20322920010478,pine_plantation_long_rotation,10,2027,2072,1764.52587890625,2,193.89625549316406,4481.23291015625
20322920010478::pine_plantation_short_rotation,20322920010478,pine_plantation_short_rotation,10,2027,2072,617.2039184570312,1,149.74624633789062,3280.8642578125
20322920010478::public_selection_light,20322920010478,public_selection_light,10,2027,2072,2034.9414367675781,4,141.94300842285156,3570.7529296875
20322920010478::public_thin_restore,20322920010478,public_thin_restore,10,2027,2072,1255.1506042480469,3,157.01113891601562,3991.7919921875
20329200010478::family_light_thin,20329200010478,family_light_thin,10,2027,2072,48.408348083496094,1,142.189453125,1930.2738037109375
20329200010478::family_uneven_aged_selection,20329200010478,family_uneven_aged_selection,10,2027,2072,562.2695770263672,3,125.62173461914062,1560.3590087890625
20329200010478::hardwood_clearcut_regen,20329200010478,hardwood_clearcut_regen,10,2027,2072,853.4939575195312,1,120.885986328125,541.02392578125
20329200010478::no_management,20329200010478,no_management,10,2027,2072,0.0,0,143.37680053710938,2027.770751953125
20331288010478::family_light_thin,20331288010478,family_light_thin,10,2027,2072,277.1312255859375,1,154.90509033203125,3984.70458984375
20331288010478::family_uneven_aged_selection,20331288010478,family_uneven_aged_selection,10,2027,2072,1166.6871337890625,3,123.38135528564453,3139.598388671875
20331288010478::no_management,20331288010478,no_management,10,2027,2072,0.0,0,178.4856414794922,4473.4072265625
20331288010478::pine_plantation_long_rotation,20331288010478,pine_plantation_long_rotation,10,2027,2072,933.5364379882812,1,144.80821228027344,3265.469970703125
20331288010478::pine_plantation_short_rotation,20331288010478,pine_plantation_short_rotation,10,2027,2072,933.5364379882812,1,144.80821228027344,3265.469970703125
20331288010478::public_selection_light,20331288010478,public_selection_light,10,2027,2072,1602.714599609375,4,101.57440948486328,2597.420654296875
20331288010478::public_thin_restore,20331288010478,public_thin_restore,10,2027,2072,856.6407318115234,3,120.61546325683594,3165.18994140625
20333235010478::family_light_thin,20333235010478,family_light_thin,10,2027,2072,235.70849609375,1,153.63040161132812,5874.89892578125
20333235010478::family_uneven_aged_selection,20333235010478,family_uneven_aged_selection,10,2027,2072,1603.4281616210938,3,124.63563537597656,4686.54345703125
20333235010478::no_management,20333235010478,no_management,10,2027,2072,0.0,0,153.91497802734375,5883.8466796875
20333235010478::pine_plantation_long_rotation,20333235010478,pine_plantation_long_rotation,10,2027,2072,844.3665161132812,1,153.91493225097656,5042.95947265625
20333235010478::pine_plantation_short_rotation,20333235010478,pine_plantation_short_rotation,10,2027,2072,844.3665161132812,1,153.91493225097656,5042.95947265625
20333235010478::public_selection_light,20333235010478,public_selection_light,10,2027,2072,2115.134735107422,4,105.47917938232422,3925.58837890625
20333235010478::public_thin_restore,20333235010478,public_thin_restore,10,2027,2072,746.1406707763672,3,127.13185119628906,4926.66259765625
20336120010478::family_light_thin,20336120010478,family_light_thin,10,2027,2072,46.93950271606445,1,177.21221923828125,3697.1142578125
20336120010478::family_uneven_aged_selection,20336120010478,family_uneven_aged_selection,10,2027,2072,1399.4402465820312,3,164.42721557617188,2887.116455078125
20336120010478::hardwood_clearcut_regen,20336120010478,hardwood_clearcut_regen,10,2027,2072,2665.2685546875,1,152.05918884277344,2307.883544921875
20336120010478::no_management,20336120010478,no_management,10,2027,2072,0.0,0,176.870361328125,3752.448486328125
20336120010478::public_selection_light,20336120010478,public_selection_light,10,2027,2072,2066.905792236328,4,145.07643127441406,2320.716796875
20336120010478::public_thin_restore,20336120010478,public_thin_restore,10,2027,2072,136.0611810684204,3,177.36448669433594,3964.34814453125
20342943010478::family_light_thin,20342943010478,family_light_thin,10,2027,2072,0.3132484555244446,1,76.96202087402344,2159.780029296875
20342943010478::family_uneven_aged_selection,20342943010478,family_uneven_aged_selection,10,2027,2072,583.3309326171875,3,58.837066650390625,1576.9053955078125
20342943010478::no_management,20342943010478,no_management,10,2027,2072,0.0,0,84.94276428222656,2259.25341796875
20342943010478::pine_plantation_long_rotation,20342943010478,pine_plantation_long_rotation,10,2027,2072,682.1341552734375,1,148.08462524414062,3564.289794921875
20342943010478::pine_plantation_short_rotation,20342943010478,pine_plantation_short_rotation,10,2027,2072,682.1341552734375,1,148.08462524414062,3564.289794921875
20342943010478::public_selection_light,20342943010478,public_selection_light,10,2027,2072,764.1795043945312,4,43.3987922668457,1160.66162109375
20342943010478::public_thin_restore,20342943010478,public_thin_restore,10,2027,2072,68.75585842132568,3,69.48065948486328,2066.94140625
20342987010478::family_light_thin,20342987010478,family_light_thin,10,2027,2072,30.430583953857422,1,131.2694854736328,2391.708251953125
20342987010478::family_uneven_aged_selection,20342987010478,family_uneven_aged_selection,10,2027,2072,561.6979522705078,3,98.759033203125,1733.7841796875
20342987010478::no_management,20342987010478,no_management,10,2027,2072,0.0,0,140.0174102783203,2434.07373046875
20342987010478::pine_plantation_long_rotation,20342987010478,pine_plantation_long_rotation,10,2027,2072,615.9097900390625,1,171.76991271972656,3170.291748046875
20342987010478::pine_plantation_short_rotation,20342987010478,pine_plantation_short_rotation,10,2027,2072,615.9097900390625,1,171.76991271972656,3170.291748046875
20342987010478::public_selection_light,20342987010478,public_selection_light,10,2027,2072,729.5000305175781,4,75.40512084960938,1262.4010009765625
20342987010478::public_thin_restore,20342987010478,public_thin_restore,10,2027,2072,168.14481353759766,3,103.37674713134766,2006.101806640625
20345516010478::family_light_thin,20345516010478,family_light_thin,10,2027,2072,73.32848358154297,1,140.33473205566406,2748.2978515625
20345516010478::family_uneven_aged_selection,20345516010478,family_uneven_aged_selection,10,2027,2072,670.5354461669922,3,119.0864486694336,2253.7177734375
20345516010478::hardwood_clearcut_regen,20345516010478,hardwood_clearcut_regen,10,2027,2072,519.8545532226562,1,112.78426361083984,1756.915283203125
20345516010478::no_management,20345516010478,no_management,10,2027,2072,0.0,0,163.5145721435547,3082.49853515625
20345516010478::public_selection_light,20345516010478,public_selection_light,10,2027,2072,786.7311630249023,4,93.15866088867188,1789.00537109375
20345516010478::public_thin_restore,20345516010478,public_thin_restore,10,2027,2072,331.67864990234375,3,104.9244613647461,2133.42724609375
216102308010854::family_light_thin,216102308010854,family_light_thin,10,2027,2072,24.357120513916016,1,140.08067321777344,2713.740234375
216102308010854::family_uneven_aged_selection,216102308010854,family_uneven_aged_selection,10,2027,2072,1124.8680114746094,3,128.6455535888672,2206.3876953125
216102308010854::no_management,216102308010854,no_management,10,2027,2072,0.0,0,138.937255859375,2689.986083984375
216102308010854::pine_plantation_long_rotation,216102308010854,pine_plantation_long_rotation,10,2027,2072,2832.826904296875,1,124.79141998291016,1719.9046630859375
216102308010854::pine_plantation_short_rotation,216102308010854,pine_plantation_short_rotation,10,2027,2072,2832.826904296875,1,124.79141998291016,1719.9046630859375
217594399020004::family_light_thin,217594399020004,family_light_thin,10,2027,2072,36.96254348754883,1,181.0148162841797,4634.2763671875
217594399020004::family_uneven_aged_selection,217594399020004,family_uneven_aged_selection,10,2027,2072,1278.9048614501953,3,173.20785522460938,4434.89404296875
217594399020004::hardwood_clearcut_regen,217594399020004,hardwood_clearcut_regen,10,2027,2072,4299.3115234375,1,7.67770528793335,0.0
217594399020004::no_management,217594399020004,no_management,10,2027,2072,0.0,0,182.7489776611328,4810.6884765625
218218104020004::family_light_thin,218218104020004,family_light_thin,10,2027,2072,240.4444580078125,1,219.81089782714844,7981.7294921875
218218104020004::family_uneven_aged_selection,218218104020004,family_uneven_aged_selection,10,2027,2072,3137.5830688476562,3,197.1595458984375,6998.197265625
218218104020004::no_management,218218104020004,no_management,10,2027,2072,0.0,0,219.343017578125,7942.140625
218218104020004::pine_plantation_long_rotation,218218104020004,pine_plantation_long_rotation,10,2027,2072,5610.507232666016,2,206.0129852294922,5419.84375
218218104020004::pine_plantation_short_rotation,218218104020004,pine_plantation_short_rotation,10,2027,2072,4486.1220703125,1,222.25863647460938,6937.4248046875
218218104020004::public_selection_light,218218104020004,public_selection_light,10,2027,2072,4888.0751953125,4,178.73797607421875,6220.59228515625
218218104020004::public_thin_restore,218218104020004,public_thin_restore,10,2027,2072,1063.6577911376953,3,221.26510620117188,8255.8037109375
218218121020004::family_light_thin,218218121020004,family_light_thin,10,2027,2072,93.35328674316406,1,178.87879943847656,3055.145263671875
218218121020004::family_uneven_aged_selection,218218121020004,family_uneven_aged_selection,10,2027,2072,986.6809692382812,3,157.36317443847656,2524.03515625
218218121020004::no_management,218218121020004,no_management,10,2027,2072,0.0,0,180.391357421875,3190.997802734375
218218211020004::family_light_thin,218218211020004,family_light_thin,10,2027,2072,10.783205032348633,1,179.2187957763672,4102.67919921875
218218211020004::family_uneven_aged_selection,218218211020004,family_uneven_aged_selection,10,2027,2072,1319.5320434570312,3,166.72164916992188,3336.3759765625
218218211020004::hardwood_clearcut_regen,218218211020004,hardwood_clearcut_regen,10,2027,2072,2320.258056640625,1,168.97039794921875,3702.34814453125
218218211020004::no_management,218218211020004,no_management,10,2027,2072,0.0,0,179.15647888183594,4059.927490234375
218218211020004::public_selection_light,218218211020004,public_selection_light,10,2027,2072,2003.1601867675781,4,174.8421630859375,3258.9931640625
218218211020004::public_thin_restore,218218211020004,public_thin_restore,10,2027,2072,97.585036277771,3,179.13812255859375,4099.60009765625
218218383020004::hardwood_clearcut_regen,218218383020004,hardwood_clearcut_regen,10,2027,2072,2014.7030029296875,1,124.91413116455078,1104.268798828125
218218383020004::no_management,218218383020004,no_management,10,2027,2072,0.0,0,177.95745849609375,2730.8876953125
218218426020004::family_light_thin,218218426020004,family_light_thin,10,2027,2072,0.0,0,108.69075775146484,3330.38037109375
218218426020004::family_uneven_aged_selection,218218426020004,family_uneven_aged_selection,10,2027,2072,1162.517578125,3,74.24081420898438,2270.840087890625
218218426020004::hardwood_clearcut_regen,218218426020004,hardwood_clearcut_regen,10,2027,2072,2311.440185546875,1,69.29544830322266,1101.2132568359375
218218426020004::no_management,218218426020004,no_management,10,2027,2072,0.0,0,108.69075775146484,3330.38037109375
218218426020004::public_selection_light,218218426020004,public_selection_light,10,2027,2072,1705.0371398925781,4,53.96883773803711,1639.4884033203125
218218426020004::public_thin_restore,218218426020004,public_thin_restore,10,2027,2072,0.0,0,108.69075775146484,3330.38037109375
218218532020004::family_light_thin,218218532020004,family_light_thin,10,2027,2072,181.36624145507812,1,212.3020477294922,6504.89208984375
218218532020004::family_uneven_aged_selection,218218532020004,family_uneven_aged_selection,10,2027,2072,2506.0804443359375,3,189.47415161132812,5703.724609375
218218532020004::no_management,218218532020004,no_management,10,2027,2072,0.0,0,212.2213897705078,6511.9951171875
218218532020004::pine_plantation_long_rotation,218218532020004,pine_plantation_long_rotation,10,2027,2072,4751.641632080078,2,207.72561645507812,4828.97705078125
218218532020004::pine_plantation_short_rotation,218218532020004,pine_plantation_short_rotation,10,2027,2072,3079.596923828125,1,210.6737823486328,5510.17138671875
218218532020004::public_selection_light,218218532020004,public_selection_light,10,2027,2072,3736.0293579101562,4,175.91856384277344,5191.84521484375
218218532020004::public_thin_restore,218218532020004,public_thin_restore,10,2027,2072,887.6239204406738,3,212.38426208496094,6495.0322265625
218218630020004::family_light_thin,218218630020004,family_light_thin,10,2027,2072,184.68014526367188,1,173.1066436767578,3469.0390625
218218630020004::family_uneven_aged_selection,218218630020004,family_uneven_aged_selection,10,2027,2072,1210.2259826660156,3,161.93875122070312,3068.88916015625
218218630020004::hardwood_clearcut_regen,218218630020004,hardwood_clearcut_regen,10,2027,2072,3300.25830078125,1,3.7820916175842285,0.0
218218630020004::no_management,218218630020004,no_management,10,2027,2072,0.0,0,173.3443603515625,3526.01953125
218218630020004::public_selection_light,218218630020004,public_selection_light,10,2027,2072,1801.496826171875,4,163.04200744628906,3011.8349609375
218218630020004::public_thin_restore,218218630020004,public_thin_restore,10,2027,2072,573.1577072143555,3,172.52706909179688,3465.091064453125
218218672020004::family_light_thin,218218672020004,family_light_thin,10,2027,2072,60.10641098022461,1,201.53558349609375,5873.69287109375
218218672020004::family_uneven_aged_selection,218218672020004,family_uneven_aged_selection,10,2027,2072,2043.6992797851562,3,186.02545166015625,4995.09814453125
218218672020004::no_management,218218672020004,no_management,10,2027,2072,0.0,0,202.39370727539062,5885.935546875
218218672020004::pine_plantation_long_rotation,218218672020004,pine_plantation_long_rotation,10,2027,2072,2742.16357421875,1,202.71495056152344,5938.92041015625
218218672020004::pine_plantation_short_rotation,218218672020004,pine_plantation_short_rotation,10,2027,2072,2742.16357421875,1,202.71495056152344,5938.92041015625
218218672020004::public_selection_light,218218672020004,public_selection_light,10,2027,2072,2925.1831665039062,4,168.3513946533203,4277.2119140625
218218672020004::public_thin_restore,218218672020004,public_thin_restore,10,2027,2072,315.3169860839844,3,201.28956604003906,6124.85205078125
218218851020004::family_light_thin,218218851020004,family_light_thin,10,2027,2072,49.03954315185547,1,169.29052734375,2635.814208984375
218218851020004::family_uneven_aged_selection,218218851020004,family_uneven_aged_selection,10,2027,2072,624.8479614257812,3,155.20352172851562,2338.537109375
218218851020004::hardwood_clearcut_regen,218218851020004,hardwood_clearcut_regen,10,2027,2072,1608.7705078125,1,22.193143844604492,0.0
218218851020004::no_management,218218851020004,no_management,10,2027,2072,0.0,0,172.4964141845703,2746.05029296875
218218851020004::public_selection_light,218218851020004,public_selection_light,10,2027,2072,738.5416831970215,4,158.85198974609375,2171.3974609375
218218851020004::public_thin_restore,218218851020004,public_thin_restore,10,2027,2072,462.2058963775635,3,164.11361694335938,2303.626953125
218219125020004::family_light_thin,218219125020004,family_light_thin,10,2027,2072,176.36537170410156,1,178.48556518554688,6818.21142578125
218219125020004::family_uneven_aged_selection,218219125020004,family_uneven_aged_selection,10,2027,2072,2746.421875,3,154.74525451660156,5829.1953125
218219125020004::no_management,218219125020004,no_management,10,2027,2072,0.0,0,178.485595703125,6787.1923828125
218219125020004::pine_plantation_long_rotation,218219125020004,pine_plantation_long_rotation,10,2027,2072,4184.42431640625,1,157.39633178710938,4886.34033203125
218219125020004::pine_plantation_short_rotation,218219125020004,pine_plantation_short_rotation,10,2027,2072,4184.42431640625,1,157.39633178710938,4886.34033203125
218219125020004::public_selection_light,218219125020004,public_selection_light,10,2027,2072,3989.1990356445312,4,126.42903137207031,4758.4970703125
218219125020004::public_thin_restore,218219125020004,public_thin_restore,10,2027,2072,1290.761833190918,3,178.48548889160156,6837.5361328125
218219353020004::family_light_thin,218219353020004,family_light_thin,10,2027,2072,180.0196533203125,1,189.06610107421875,4427.1083984375
218219353020004::family_uneven_aged_selection,218219353020004,family_uneven_aged_selection,10,2027,2072,1331.7693481445312,3,159.81553649902344,3400.575927734375
218219353020004::no_management,218219353020004,no_management,10,2027,2072,0.0,0,189.18614196777344,4633.166015625
218219353020004::pine_plantation_long_rotation,218219353020004,pine_plantation_long_rotation,10,2027,2072,1849.58154296875,1,200.47157287597656,4833.91015625
218219353020004::pine_plantation_short_rotation,218219353020004,pine_plantation_short_rotation,10,2027,2072,1849.58154296875,1,200.47157287597656,4833.91015625
218219353020004::public_selection_light,218219353020004,public_selection_light,10,2027,2072,1889.6012878417969,4,156.33413696289062,2670.129638671875
218219353020004::public_thin_restore,218219353020004,public_thin_restore,10,2027,2072,612.7748260498047,3,182.53659057617188,4104.3681640625
218219354020004::family_light_thin,218219354020004,family_light_thin,10,2027,2072,39.45724868774414,1,168.88485717773438,3004.016845703125
218219354020004::family_uneven_aged_selection,218219354020004,family_uneven_aged_selection,10,2027,2072,788.0708312988281,3,134.473876953125,2177.046630859375
218219354020004::no_management,218219354020004,no_management,10,2027,2072,0.0,0,169.33033752441406,3049.664306640625
218219354020004::pine_plantation_long_rotation,218219354020004,pine_plantation_long_rotation,10,2027,2072,885.3974609375,1,199.54544067382812,4800.54150390625
218219354020004::pine_plantation_short_rotation,218219354020004,pine_plantation_short_rotation,10,2027,2072,885.3974609375,1,199.54544067382812,4800.54150390625
218219354020004::public_selection_light,218219354020004,public_selection_light,10,2027,2072,1026.5704040527344,4,111.71332550048828,1488.9822998046875
218219354020004::public_thin_restore,218219354020004,public_thin_restore,10,2027,2072,159.85598754882812,3,144.92013549804688,2759.09130859375
218219380020004::hardwood_clearcut_regen,218219380020004,hardwood_clearcut_regen,10,2027,2072,305.14703369140625,1,99.61601257324219,1807.9017333984375
218219380020004::no_management,218219380020004,no_management,10,2027,2072,0.0,0,53.04521179199219,826.6353759765625
218219393020004::no_management,218219393020004,no_management,10,2027,2072,0.0,0,53.41785430908203,1341.5343017578125
218219393020004::pine_plantation_long_rotation,218219393020004,pine_plantation_long_rotation,10,2027,2072,669.4064331054688,1,100.6761474609375,1613.4454345703125
218219393020004::pine_plantation_short_rotation,218219393020004,pine_plantation_short_rotation,10,2027,2072,669.4064331054688,1,100.6761474609375,1613.4454345703125
218219393020004::public_selection_light,218219393020004,public_selection_light,10,2027,2072,567.5107116699219,4,23.258432388305664,580.6504516601562
218219393020004::public_thin_restore,218219393020004,public_thin_restore,10,2027,2072,23.17806077003479,3,49.417667388916016,1265.6044921875
236497029010854::family_light_thin,236497029010854,family_light_thin,10,2027,2072,166.7068328857422,1,220.4365234375,7302.59326171875
236497029010854::family_uneven_aged_selection,236497029010854,family_uneven_aged_selection,10,2027,2072,2736.077880859375,3,199.75064086914062,6451.685546875
236497029010854::no_management,236497029010854,no_management,10,2027,2072,0.0,0,220.14869689941406,7331.7275390625
236497029010854::pine_plantation_long_rotation,236497029010854,pine_plantation_long_rotation,10,2027,2072,4221.793792724609,2,222.50465393066406,6240.70166015625
236497029010854::pine_plantation_short_rotation,236497029010854,pine_plantation_short_rotation,10,2027,2072,2933.77587890625,1,222.6953887939453,6351.5830078125
236497171010854::family_light_thin,236497171010854,family_light_thin,10,2027,2072,71.37167358398438,1,176.5496368408203,4633.03662109375
236497171010854::family_uneven_aged_selection,236497171010854,family_uneven_aged_selection,10,2027,2072,1754.066162109375,3,161.31436157226562,4012.3037109375
236497171010854::no_management,236497171010854,no_management,10,2027,2072,0.0,0,176.898193359375,4735.41552734375
236497171010854::pine_plantation_long_rotation,236497171010854,pine_plantation_long_rotation,10,2027,2072,3017.11376953125,1,153.25592041015625,3638.055908203125
236497171010854::pine_plantation_short_rotation,236497171010854,pine_plantation_short_rotation,10,2027,2072,3017.11376953125,1,153.25592041015625,3638.055908203125
236497417010854::family_light_thin,236497417010854,family_light_thin,10,2027,2072,101.08808898925781,1,193.28366088867188,2777.453125
236497417010854::family_uneven_aged_selection,236497417010854,family_uneven_aged_selection,10,2027,2072,747.6136169433594,3,179.77456665039062,2417.70751953125
236497417010854::no_management,236497417010854,no_management,10,2027,2072,0.0,0,198.9090576171875,2842.684326171875
236497515010854::family_light_thin,236497515010854,family_light_thin,10,2027,2072,137.31088256835938,1,248.5700225830078,5297.62255859375
236497515010854::family_uneven_aged_selection,236497515010854,family_uneven_aged_selection,10,2027,2072,2009.3247680664062,3,220.36862182617188,4374.21044921875
236497515010854::hardwood_clearcut_regen,236497515010854,hardwood_clearcut_regen,10,2027,2072,5128.40380859375,1,9.670123100280762,0.0
236497515010854::no_management,236497515010854,no_management,10,2027,2072,0.0,0,246.8184051513672,5376.70849609375
236497515010854::public_selection_light,236497515010854,public_selection_light,10,2027,2072,3101.7317504882812,4,206.64840698242188,3547.353759765625
236497515010854::public_thin_restore,236497515010854,public_thin_restore,10,2027,2072,807.9020080566406,3,252.43666076660156,5280.43017578125
236497707010854::family_light_thin,236497707010854,family_light_thin,10,2027,2072,285.05230712890625,1,213.0427703857422,4528.072265625
236497707010854::family_uneven_aged_selection,236497707010854,family_uneven_aged_selection,10,2027,2072,1541.729736328125,3,194.35279846191406,4021.59814453125
236497707010854::hardwood_clearcut_regen,236497707010854,hardwood_clearcut_regen,10,2027,2072,2167.4345703125,1,183.6739959716797,3501.08251953125
236497707010854::no_management,236497707010854,no_management,10,2027,2072,0.0,0,212.62867736816406,4704.92138671875
236497707010854::public_selection_light,236497707010854,public_selection_light,10,2027,2072,2156.279052734375,4,173.24444580078125,3386.695068359375
236497707010854::public_thin_restore,236497707010854,public_thin_restore,10,2027,2072,1095.3837585449219,3,214.48358154296875,4279.45068359375
249673568010854::family_light_thin,249673568010854,family_light_thin,10,2027,2072,372.4957275390625,1,227.2648468017578,8163.6513671875
249673568010854::family_uneven_aged_selection,249673568010854,family_uneven_aged_selection,10,2027,2072,2816.2520141601562,3,182.51394653320312,6417.53759765625
249673568010854::no_management,249673568010854,no_management,10,2027,2072,0.0,0,227.7241973876953,8169.25048828125
249673568010854::pine_plantation_long_rotation,249673568010854,pine_plantation_long_rotation,10,2027,2072,3548.099609375,1,223.8743896484375,6322.6552734375
249673568010854::pine_plantation_short_rotation,249673568010854,pine_plantation_short_rotation,10,2027,2072,3548.099609375,1,223.8743896484375,6322.6552734375
249673568010854::public_selection_light,249673568010854,public_selection_light,10,2027,2072,4040.2880249023438,4,151.8787841796875,5260.01953125
249673568010854::public_thin_restore,249673568010854,public_thin_restore,10,2027,2072,1666.4175109863281,3,204.94064331054688,7355.57470703125
249673610010854::family_light_thin,249673610010854,family_light_thin,10,2027,2072,43.7119140625,1,124.39338684082031,3224.717529296875
249673610010854::family_uneven_aged_selection,249673610010854,family_uneven_aged_selection,10,2027,2072,823.4845428466797,3,88.9815444946289,2240.199951171875
249673610010854::no_management,249673610010854,no_management,10,2027,2072,0.0,0,130.0721435546875,3328.4287109375
249673610010854::pine_plantation_long_rotation,249673610010854,pine_plantation_long_rotation,10,2027,2072,850.8218536376953,2,212.5926055908203,5634.669921875
249673610010854::pine_plantation_short_rotation,249673610010854,pine_plantation_short_rotation,10,2027,2072,640.6557006835938,1,158.4204864501953,3536.60986328125
249673610010854::public_selection_light,249673610010854,public_selection_light,10,2027,2072,1064.712646484375,4,69.71835327148438,1722.5390625
249673610010854::public_thin_restore,249673610010854,public_thin_restore,10,2027,2072,205.34396982192993,3,98.96226501464844,2614.131591796875
249673656010854::family_light_thin,249673656010854,family_light_thin,10,2027,2072,216.82728576660156,1,181.58468627929688,3758.379150390625
249673656010854::family_uneven_aged_selection,249673656010854,family_uneven_aged_selection,10,2027,2072,1633.7423095703125,3,166.05355834960938,3462.9580078125
249673656010854::hardwood_clearcut_regen,249673656010854,hardwood_clearcut_regen,10,2027,2072,3448.1728515625,1,130.755126953125,1588.6654052734375
249673656010854::no_management,249673656010854,no_management,10,2027,2072,0.0,0,181.42449951171875,3802.442138671875
249673656010854::public_selection_light,249673656010854,public_selection_light,10,2027,2072,2644.7155151367188,4,165.3068389892578,3341.4892578125
249673656010854::public_thin_restore,249673656010854,public_thin_restore,10,2027,2072,1000.4384765625,3,181.56967163085938,3790.322998046875
249673677010854::family_light_thin,249673677010854,family_light_thin,10,2027,2072,67.83753204345703,1,184.8186798095703,4926.14404296875
249673677010854::family_uneven_aged_selection,249673677010854,family_uneven_aged_selection,10,2027,2072,1876.3276977539062,3,158.94886779785156,4117.48583984375
249673677010854::hardwood_clearcut_regen,249673677010854,hardwood_clearcut_regen,10,2027,2072,4856.59228515625,1,5.6739420890808105,0.0
249673677010854::no_management,249673677010854,no_management,10,2027,2072,0.0,0,184.32833862304688,4929.8896484375
249673677010854::public_selection_light,249673677010854,public_selection_light,10,2027,2072,2761.5708618164062,4,131.06495666503906,3303.548095703125
249673677010854::public_thin_restore,249673677010854,public_thin_restore,10,2027,2072,584.3305130004883,3,183.95706176757812,4965.77783203125
249673679010854::family_light_thin,249673679010854,family_light_thin,10,2027,2072,45.298614501953125,1,178.55206298828125,4882.88916015625
249673679010854::family_uneven_aged_selection,249673679010854,family_uneven_aged_selection,10,2027,2072,1613.3275756835938,3,163.53851318359375,4139.05908203125
249673679010854::no_management,249673679010854,no_management,10,2027,2072,0.0,0,178.5645751953125,4861.31103515625
249673679010854::pine_plantation_long_rotation,249673679010854,pine_plantation_long_rotation,10,2027,2072,1970.091552734375,1,172.8900909423828,4872.9990234375
249673679010854::pine_plantation_short_rotation,249673679010854,pine_plantation_short_rotation,10,2027,2072,1970.091552734375,1,172.8900909423828,4872.9990234375
249673679010854::public_selection_light,249673679010854,public_selection_light,10,2027,2072,2364.321044921875,4,162.99607849121094,3676.651611328125
249673679010854::public_thin_restore,249673679010854,public_thin_restore,10,2027,2072,620.8663787841797,3,178.33029174804688,4727.9990234375
249673681010854::family_light_thin,249673681010854,family_light_thin,10,2027,2072,9.85132884979248,1,167.96119689941406,6299.78369140625
249673681010854::family_uneven_aged_selection,249673681010854,family_uneven_aged_selection,10,2027,2072,2250.9100341796875,3,135.98777770996094,4989.5673828125
249673681010854::no_management,249673681010854,no_management,10,2027,2072,0.0,0,167.51365661621094,6278.10498046875
249673681010854::pine_plantation_long_rotation,249673681010854,pine_plantation_long_rotation,10,2027,2072,2933.875,1,161.88534545898438,5248.5263671875
249673681010854::pine_plantation_short_rotation,249673681010854,pine_plantation_short_rotation,10,2027,2072,2933.875,1,161.88534545898438,5248.5263671875
249673681010854::public_selection_light,249673681010854,public_selection_light,10,2027,2072,3370.3477172851562,4,113.09379577636719,4043.113037109375
249673681010854::public_thin_restore,249673681010854,public_thin_restore,10,2027,2072,170.43389582633972,3,169.9656982421875,6586.88671875
249673771010854::family_light_thin,249673771010854,family_light_thin,10,2027,2072,223.5958709716797,1,178.8838348388672,3704.646240234375
249673771010854::family_uneven_aged_selection,249673771010854,family_uneven_aged_selection,10,2027,2072,1412.2108154296875,3,166.12843322753906,3330.9833984375
249673771010854::hardwood_clearcut_regen,249673771010854,hardwood_clearcut_regen,10,2027,2072,2923.18115234375,1,113.40763092041016,1097.7271728515625
249673771010854::no_management,249673771010854,no_management,10,2027,2072,0.0,0,178.8813934326172,3787.940673828125
249673771010854::public_selection_light,249673771010854,public_selection_light,10,2027,2072,2232.7002868652344,4,160.43609619140625,2990.360595703125
249673771010854::public_thin_restore,249673771010854,public_thin_restore,10,2027,2072,951.9363403320312,3,178.88394165039062,3651.49755859375
249673808010854::family_light_thin,249673808010854,family_light_thin,10,2027,2072,8.153100967407227,1,184.1542510986328,2630.53759765625
249673808010854::family_uneven_aged_selection,249673808010854,family_uneven_aged_selection,10,2027,2072,764.61376953125,3,163.17713928222656,2064.10546875
249673808010854::no_management,249673808010854,no_management,10,2027,2072,0.0,0,183.42166137695312,2621.69384765625
249673808010854::pine_plantation_long_rotation,249673808010854,pine_plantation_long_rotation,10,2027,2072,1102.7386474609375,1,164.3035125732422,3343.671142578125
249673808010854::pine_plantation_short_rotation,249673808010854,pine_plantation_short_rotation,10,2027,2072,1102.7386474609375,1,164.3035125732422,3343.671142578125
249674041010854::hardwood_clearcut_regen,249674041010854,hardwood_clearcut_regen,10,2027,2072,1666.1484375,1,35.8264274597168,10.732589721679688
249674041010854::no_management,249674041010854,no_management,10,2027,2072,0.0,0,184.73712158203125,3029.624755859375
258739114010854::family_light_thin,258739114010854,family_light_thin,10,2027,2072,30.524436950683594,1,215.40618896484375,6390.59912109375
258739114010854::family_uneven_aged_selection,258739114010854,family_uneven_aged_selection,10,2027,2072,2399.3453979492188,3,193.15003967285156,5424.91455078125
258739114010854::hardwood_clearcut_regen,258739114010854,hardwood_clearcut_regen,10,2027,2072,5586.98583984375,1,90.38508605957031,370.5743408203125
258739114010854::no_management,258739114010854,no_management,10,2027,2072,0.0,0,215.2732696533203,6418.466796875
259079310010854::family_light_thin,259079310010854,family_light_thin,10,2027,2072,35.619720458984375,1,142.98704528808594,3888.783935546875
259079310010854::family_uneven_aged_selection,259079310010854,family_uneven_aged_selection,10,2027,2072,1181.0396575927734,3,135.4486846923828,3410.741455078125
259079310010854::hardwood_clearcut_regen,259079310010854,hardwood_clearcut_regen,10,2027,2072,1001.6387939453125,1,145.83106994628906,2870.01708984375
259079310010854::no_management,259079310010854,no_management,10,2027,2072,0.0,0,143.39700317382812,3924.98046875
259082814010854::family_light_thin,259082814010854,family_light_thin,10,2027,2072,1.4580943584442139,1,285.11517333984375,7478.64501953125
259082814010854::family_uneven_aged_selection,259082814010854,family_uneven_aged_selection,10,2027,2072,2251.1616821289062,3,256.2754821777344,6213.39697265625
259082814010854::hardwood_clearcut_regen,259082814010854,hardwood_clearcut_regen,10,2027,2072,2247.66015625,1,268.4925537109375,6564.86962890625
259082814010854::no_management,259082814010854,no_management,10,2027,2072,0.0,0,284.5144348144531,7368.5595703125
259083023010854::family_light_thin,259083023010854,family_light_thin,10,2027,2072,53.917076110839844,1,188.70559692382812,4351.60498046875
259083023010854::family_uneven_aged_selection,259083023010854,family_uneven_aged_selection,10,2027,2072,1614.0559692382812,3,173.92811584472656,3758.119873046875
259083023010854::hardwood_clearcut_regen,259083023010854,hardwood_clearcut_regen,10,2027,2072,3309.7099609375,1,144.80201721191406,2304.57275390625
259083023010854::no_management,259083023010854,no_management,10,2027,2072,0.0,0,189.0863037109375,4348.16162109375
259083023010854::public_selection_light,259083023010854,public_selection_light,10,2027,2072,2397.9513244628906,4,158.96792602539062,3292.0986328125
259083023010854::public_thin_restore,259083023010854,public_thin_restore,10,2027,2072,358.74786376953125,3,187.0343017578125,4479.37451171875
259083192010854::family_light_thin,259083192010854,family_light_thin,10,2027,2072,286.3951416015625,1,195.65469360351562,4154.6162109375
259083192010854::family_uneven_aged_selection,259083192010854,family_uneven_aged_selection,10,2027,2072,1271.6301879882812,3,167.83834838867188,3676.166259765625
259083192010854::no_management,259083192010854,no_management,10,2027,2072,0.0,0,193.81390380859375,4373.16748046875
259083192010854::pine_plantation_long_rotation,259083192010854,pine_plantation_long_rotation,10,2027,2072,1529.5276336669922,2,207.39283752441406,4160.63427734375
259083192010854::pine_plantation_short_rotation,259083192010854,pine_plantation_short_rotation,10,2027,2072,660.3991088867188,1,187.30299377441406,3999.52783203125
259083192010854::public_selection_light,259083192010854,public_selection_light,10,2027,2072,1634.5452728271484,4,141.67184448242188,2978.639404296875
259083192010854::public_thin_restore,259083192010854,public_thin_restore,10,2027,2072,770.3427124023438,3,159.44711303710938,3393.605224609375
259083269010854::family_light_thin,259083269010854,family_light_thin,10,2027,2072,29.824899673461914,1,187.89305114746094,3837.80322265625
259083269010854::family_uneven_aged_selection,259083269010854,family_uneven_aged_selection,10,2027,2072,1004.7923278808594,3,170.6923065185547,3463.079345703125
259083269010854::hardwood_clearcut_regen,259083269010854,hardwood_clearcut_regen,10,2027,2072,2406.155517578125,1,105.83629608154297,336.14019775390625
259083269010854::no_management,259083269010854,no_management,10,2027,2072,0.0,0,193.27557373046875,4172.7333984375
259083269010854::public_selection_light,259083269010854,public_selection_light,10,2027,2072,1316.0629348754883,4,174.8183135986328,3241.61083984375
259083269010854::public_thin_restore,259083269010854,public_thin_restore,10,2027,2072,415.76139068603516,3,191.13951110839844,3938.77587890625
259178110010854::family_light_thin,259178110010854,family_light_thin,10,2027,2072,49.149723052978516,1,189.65513610839844,4029.991943359375
259178110010854::family_uneven_aged_selection,259178110010854,family_uneven_aged_selection,10,2027,2072,986.4082946777344,3,171.54278564453125,3646.344970703125
259178110010854::hardwood_clearcut_regen,259178110010854,hardwood_clearcut_regen,10,2027,2072,583.4110717773438,1,104.7434310913086,554.7820434570312
259178110010854::no_management,259178110010854,no_management,10,2027,2072,0.0,0,189.02210998535156,4160.16064453125
259178232010854::family_light_thin,259178232010854,family_light_thin,10,2027,2072,15.543198585510254,1,176.79676818847656,2679.578125
259178232010854::family_uneven_aged_selection,259178232010854,family_uneven_aged_selection,10,2027,2072,722.0693969726562,3,138.07655334472656,1946.333251953125
259178232010854::no_management,259178232010854,no_management,10,2027,2072,0.0,0,192.9766387939453,2732.86328125
259178232010854::pine_plantation_long_rotation,259178232010854,pine_plantation_long_rotation,10,2027,2072,857.4835815429688,1,151.430419921875,1938.65966796875
259178232010854::pine_plantation_short_rotation,259178232010854,pine_plantation_short_rotation,10,2027,2072,857.4835815429688,1,151.430419921875,1938.65966796875
259178232010854::public_selection_light,259178232010854,public_selection_light,10,2027,2072,980.5178833007812,4,113.38703155517578,1596.80908203125
259178232010854::public_thin_restore,259178232010854,public_thin_restore,10,2027,2072,122.83223724365234,3,143.39151000976562,2364.04052734375
259178252010854::family_light_thin,259178252010854,family_light_thin,10,2027,2072,75.63645935058594,1,272.4117126464844,3042.5380859375
259178252010854::family_uneven_aged_selection,259178252010854,family_uneven_aged_selection,10,2027,2072,722.1387786865234,3,236.585205078125,2371.878173828125
259178252010854::hardwood_clearcut_regen,259178252010854,hardwood_clearcut_regen,10,2027,2072,592.6182861328125,1,257.12603759765625,1818.052978515625
259178252010854::no_management,259178252010854,no_management,10,2027,2072,0.0,0,274.15875244140625,3286.362060546875
259178255010854::family_light_thin,259178255010854,family_light_thin,10,2027,2072,87.6365737915039,1,180.27813720703125,7177.51171875
259178255010854::family_uneven_aged_selection,259178255010854,family_uneven_aged_selection,10,2027,2072,2740.2833862304688,3,159.61529541015625,6154.6318359375
259178255010854::no_management,259178255010854,no_management,10,2027,2072,0.0,0,180.1974639892578,7145.5869140625
259178255010854::pine_plantation_long_rotation,259178255010854,pine_plantation_long_rotation,10,2027,2072,4547.38134765625,1,170.0946807861328,5712.025390625
259178255010854::pine_plantation_short_rotation,259178255010854,pine_plantation_short_rotation,10,2027,2072,4547.38134765625,1,170.0946807861328,5712.025390625
259178255010854::public_selection_light,259178255010854,public_selection_light,10,2027,2072,4421.706848144531,4,153.11276245117188,5687.79150390625
259178255010854::public_thin_restore,259178255010854,public_thin_restore,10,2027,2072,558.0942153930664,3,180.72630310058594,7284.23388671875
259178283010854::family_light_thin,259178283010854,family_light_thin,10,2027,2072,15.17752456665039,1,148.4080047607422,3845.116455078125
259178283010854::family_uneven_aged_selection,259178283010854,family_uneven_aged_selection,10,2027,2072,977.5259094238281,3,108.5770034790039,2676.559326171875
259178283010854::no_management,259178283010854,no_management,10,2027,2072,0.0,0,158.41574096679688,3925.47509765625
259178350010854::family_light_thin,259178350010854,family_light_thin,10,2027,2072,107.85574340820312,1,185.29556274414062,4677.98681640625
259178350010854::family_uneven_aged_selection,259178350010854,family_uneven_aged_selection,10,2027,2072,2101.2890014648438,3,173.2467041015625,4549.51220703125
259178350010854::hardwood_clearcut_regen,259178350010854,hardwood_clearcut_regen,10,2027,2072,4801.05029296875,1,4.427870273590088,0.0
259178350010854::no_management,259178350010854,no_management,10,2027,2072,0.0,0,185.98785400390625,4767.84716796875
259178350010854::public_selection_light,259178350010854,public_selection_light,10,2027,2072,3630.7005615234375,4,175.5438995361328,4638.177734375
259178350010854::public_thin_restore,259178350010854,public_thin_restore,10,2027,2072,510.46907806396484,3,185.2599334716797,4677.02490234375
259178355010854::family_light_thin,259178355010854,family_light_thin,10,2027,2072,64.89820861816406,1,174.55624389648438,3059.780029296875
259178355010854::family_uneven_aged_selection,259178355010854,family_uneven_aged_selection,10,2027,2072,860.5859832763672,3,158.6844024658203,2722.558349609375
259178355010854::hardwood_clearcut_regen,259178355010854,hardwood_clearcut_regen,10,2027,2072,1791.9359130859375,1,88.56190490722656,108.40154266357422
259178355010854::no_management,259178355010854,no_management,10,2027,2072,0.0,0,177.91441345214844,3274.74267578125
259178355010854::public_selection_light,259178355010854,public_selection_light,10,2027,2072,1178.380142211914,4,163.7510986328125,2490.890380859375
259178355010854::public_thin_restore,259178355010854,public_thin_restore,10,2027,2072,264.3511199951172,3,171.9530487060547,2955.03466796875
259178358010854::family_light_thin,259178358010854,family_light_thin,10,2027,2072,92.33769989013672,1,171.64613342285156,2754.896728515625
259178358010854::family_uneven_aged_selection,259178358010854,family_uneven_aged_selection,10,2027,2072,894.8786163330078,3,152.7956085205078,2232.603271484375
259178358010854::hardwood_clearcut_regen,259178358010854,hardwood_clearcut_regen,10,2027,2072,1355.2469482421875,1,154.08543395996094,2506.95068359375
259178358010854::no_management,259178358010854,no_management,10,2027,2072,0.0,0,174.26669311523438,2970.489501953125
259178358010854::public_selection_light,259178358010854,public_selection_light,10,2027,2072,1225.9967041015625,4,138.7655029296875,1798.261474609375
259178358010854::public_thin_restore,259178358010854,public_thin_restore,10,2027,2072,370.33079528808594,3,167.83090209960938,2630.05810546875
259178369010854::family_light_thin,259178369010854,family_light_thin,10,2027,2072,318.96905517578125,1,180.54444885253906,4439.73193359375
259178369010854::family_uneven_aged_selection,259178369010854,family_uneven_aged_selection,10,2027,2072,1521.8716430664062,3,162.7104949951172,3951.979248046875
259178369010854::no_management,259178369010854,no_management,10,2027,2072,0.0,0,180.44525146484375,4442.859375
259178369010854::pine_plantation_long_rotation,259178369010854,pine_plantation_long_rotation,10,2027,2072,1660.7715454101562,2,218.65728759765625,5463.82958984375
259178369010854::pine_plantation_short_rotation,259178369010854,pine_plantation_short_rotation,10,2027,2072,1035.124755859375,1,181.2373504638672,4063.5361328125
259178373010854::family_light_thin,259178373010854,family_light_thin,10,2027,2072,23.081562042236328,1,49.5793342590332,1316.9560546875
259178373010854::family_uneven_aged_selection,259178373010854,family_uneven_aged_selection,10,2027,2072,371.5557403564453,3,31.953868865966797,846.8899536132812
259178373010854::no_management,259178373010854,no_management,10,2027,2072,0.0,0,49.0205078125,1311.390380859375
259178373010854::pine_plantation_long_rotation,259178373010854,pine_plantation_long_rotation,10,2027,2072,502.1376953125,1,123.6764144897461,2300.32080078125
259178373010854::pine_plantation_short_rotation,259178373010854,pine_plantation_short_rotation,10,2027,2072,502.1376953125,1,123.6764144897461,2300.32080078125
259178373010854::public_selection_light,259178373010854,public_selection_light,10,2027,2072,507.4212112426758,4,22.954788208007812,603.0287475585938
259178373010854::public_thin_restore,259178373010854,public_thin_restore,10,2027,2072,89.90681838989258,3,43.29883575439453,1146.732421875
259178386010854::family_light_thin,259178386010854,family_light_thin,10,2027,2072,124.54310607910156,1,178.79188537597656,5503.26904296875
259178386010854::family_uneven_aged_selection,259178386010854,family_uneven_aged_selection,10,2027,2072,2154.14599609375,3,160.35958862304688,4800.64599609375
259178386010854::no_management,259178386010854,no_management,10,2027,2072,0.0,0,178.90234375,5457.9482421875
259178386010854::pine_plantation_long_rotation,259178386010854,pine_plantation_long_rotation,10,2027,2072,3237.1611328125,1,178.51177978515625,4729.92578125
259178386010854::pine_plantation_short_rotation,259178386010854,pine_plantation_short_rotation,10,2027,2072,3237.1611328125,1,178.51177978515625,4729.92578125
259178386010854::public_selection_light,259178386010854,public_selection_light,10,2027,2072,3514.8056640625,4,153.55795288085938,4501.912109375
259178386010854::public_thin_restore,259178386010854,public_thin_restore,10,2027,2072,527.5476512908936,3,178.69964599609375,5554.515625
259178425010854::family_light_thin,259178425010854,family_light_thin,10,2027,2072,19.378643035888672,1,151.13339233398438,1951.228271484375
259178425010854::family_uneven_aged_selection,259178425010854,family_uneven_aged_selection,10,2027,2072,545.7932586669922,3,132.85289001464844,1608.0035400390625
259178425010854::hardwood_clearcut_regen,259178425010854,hardwood_clearcut_regen,10,2027,2072,1071.3541259765625,1,119.38177490234375,755.3464965820312
259178425010854::no_management,259178425010854,no_management,10,2027,2072,0.0,0,151.13327026367188,1941.938232421875
259178425010854::public_selection_light,259178425010854,public_selection_light,10,2027,2072,765.4584045410156,4,139.58657836914062,1640.216552734375
259178425010854::public_thin_restore,259178425010854,public_thin_restore,10,2027,2072,109.37331008911133,3,151.13308715820312,2006.3572998046875
259178448010854::family_light_thin,259178448010854,family_light_thin,10,2027,2072,47.3040657043457,1,186.92083740234375,4970.36474609375
259178448010854::family_uneven_aged_selection,259178448010854,family_uneven_aged_selection,10,2027,2072,1859.7749633789062,3,157.725341796875,3939.115478515625
259178448010854::hardwood_clearcut_regen,259178448010854,hardwood_clearcut_regen,10,2027,2072,2934.22607421875,1,183.38734436035156,3880.4873046875
259178448010854::no_management,259178448010854,no_management,10,2027,2072,0.0,0,188.1803741455078,4890.27685546875
259178448010854::public_selection_light,259178448010854,public_selection_light,10,2027,2072,2753.657470703125,4,126.73676300048828,3100.333984375
259178448010854::public_thin_restore,259178448010854,public_thin_restore,10,2027,2072,256.0536231994629,3,184.4217071533203,5103.47021484375
259178502010854::family_light_thin,259178502010854,family_light_thin,10,2027,2072,49.52815628051758,1,160.78009033203125,1815.5863037109375
259178502010854::family_uneven_aged_selection,259178502010854,family_uneven_aged_selection,10,2027,2072,590.3315582275391,3,142.08154296875,1458.94140625
259178502010854::hardwood_clearcut_regen,259178502010854,hardwood_clearcut_regen,10,2027,2072,1118.6710205078125,1,148.2865447998047,1676.294189453125
259178502010854::no_management,259178502010854,no_management,10,2027,2072,0.0,0,161.3948974609375,1981.479736328125
259178502010854::public_selection_light,259178502010854,public_selection_light,10,2027,2072,847.1653137207031,4,141.96070861816406,1153.3380126953125
259178502010854::public_thin_restore,259178502010854,public_thin_restore,10,2027,2072,288.4348602294922,3,155.61961364746094,1782.9615478515625
259179394010854::no_management,259179394010854,no_management,10,2027,2072,0.0,0,42.25495529174805,1133.7796630859375
259179394010854::pine_plantation_long_rotation,259179394010854,pine_plantation_long_rotation,10,2027,2072,560.0384521484375,1,77.78977966308594,1078.01025390625
259179394010854::pine_plantation_short_rotation,259179394010854,pine_plantation_short_rotation,10,2027,2072,560.0384521484375,1,77.78977966308594,1078.01025390625
259179414010854::family_light_thin,259179414010854,family_light_thin,10,2027,2072,127.5124282836914,1,127.9642562866211,3464.06982421875
259179414010854::family_uneven_aged_selection,259179414010854,family_uneven_aged_selection,10,2027,2072,962.5586853027344,3,96.5023193359375,2585.614013671875
259179414010854::no_management,259179414010854,no_management,10,2027,2072,0.0,0,141.2751922607422,3796.651611328125
259179414010854::pine_plantation_long_rotation,259179414010854,pine_plantation_long_rotation,10,2027,2072,797.9221801757812,1,147.0028076171875,3316.83349609375
259179414010854::pine_plantation_short_rotation,259179414010854,pine_plantation_short_rotation,10,2027,2072,797.9221801757812,1,147.0028076171875,3316.83349609375
259179414010854::public_selection_light,259179414010854,public_selection_light,10,2027,2072,1239.5209045410156,4,70.21615600585938,1882.7423095703125
259179414010854::public_thin_restore,259179414010854,public_thin_restore,10,2027,2072,431.0353012084961,3,98.16796112060547,2683.333984375
264159751489998::family_light_thin,264159751489998,family_light_thin,10,2027,2072,73.29938507080078,1,192.51109313964844,4077.0615234375
264159751489998::family_uneven_aged_selection,264159751489998,family_uneven_aged_selection,10,2027,2072,1079.5057525634766,3,175.5073699951172,3617.715576171875
264159751489998::hardwood_clearcut_regen,264159751489998,hardwood_clearcut_regen,10,2027,2072,3110.6748046875,1,40.68012619018555,0.0
264159751489998::no_management,264159751489998,no_management,10,2027,2072,0.0,0,194.38522338867188,4256.59375
286951472489998::family_light_thin,286951472489998,family_light_thin,10,2027,2072,0.0,0,117.97126007080078,2451.866455078125
286951472489998::family_uneven_aged_selection,286951472489998,family_uneven_aged_selection,10,2027,2072,512.2923512458801,3,107.14981079101562,2328.03759765625
286951472489998::no_management,286951472489998,no_management,10,2027,2072,0.0,0,117.29877471923828,2559.5185546875
289514928489998::family_light_thin,289514928489998,family_light_thin,10,2027,2072,74.22856903076172,1,212.22406005859375,4333.5166015625
289514928489998::family_uneven_aged_selection,289514928489998,family_uneven_aged_selection,10,2027,2072,1310.6156921386719,3,197.05908203125,3681.496826171875
289514928489998::no_management,289514928489998,no_management,10,2027,2072,0.0,0,212.03273010253906,4271.9462890625
289514928489998::pine_plantation_long_rotation,289514928489998,pine_plantation_long_rotation,10,2027,2072,1377.517333984375,1,199.89242553710938,3954.345947265625
289514928489998::pine_plantation_short_rotation,289514928489998,pine_plantation_short_rotation,10,2027,2072,1377.517333984375,1,199.89242553710938,3954.345947265625
289514938489998::family_light_thin,289514938489998,family_light_thin,10,2027,2072,29.579586029052734,1,256.32537841796875,7354.08056640625
289514938489998::family_uneven_aged_selection,289514938489998,family_uneven_aged_selection,10,2027,2072,2774.2037963867188,3,223.92701721191406,5979.52001953125
289514938489998::hardwood_clearcut_regen,289514938489998,hardwood_clearcut_regen,10,2027,2072,5141.025390625,1,157.0493927001953,3337.98779296875
289514938489998::no_management,289514938489998,no_management,10,2027,2072,0.0,0,257.662109375,7429.0126953125
289514938489998::public_selection_light,289514938489998,public_selection_light,10,2027,2072,3975.3018188476562,4,173.5858612060547,4349.556640625
289514938489998::public_thin_restore,289514938489998,public_thin_restore,10,2027,2072,140.03559112548828,3,257.323486328125,7484.79541015625
289514941489998::family_light_thin,289514941489998,family_light_thin,10,2027,2072,323.2199401855469,1,179.60711669921875,6123.03076171875
289514941489998::family_uneven_aged_selection,289514941489998,family_uneven_aged_selection,10,2027,2072,2414.8839721679688,3,159.02491760253906,5385.6123046875
289514941489998::no_management,289514941489998,no_management,10,2027,2072,0.0,0,179.7634735107422,6146.72998046875
289514941489998::pine_plantation_long_rotation,289514941489998,pine_plantation_long_rotation,10,2027,2072,3582.70458984375,1,174.92581176757812,4790.03125
289514941489998::pine_plantation_short_rotation,289514941489998,pine_plantation_short_rotation,10,2027,2072,3582.70458984375,1,174.92581176757812,4790.03125
289514941489998::public_selection_light,289514941489998,public_selection_light,10,2027,2072,3738.6788330078125,4,141.9971923828125,4759.56298828125
289514941489998::public_thin_restore,289514941489998,public_thin_restore,10,2027,2072,1482.9092254638672,3,179.40713500976562,6108.09326171875
289514947489998::family_light_thin,289514947489998,family_light_thin,10,2027,2072,118.2127456665039,1,161.4846954345703,4294.443359375
289514947489998::family_uneven_aged_selection,289514947489998,family_uneven_aged_selection,10,2027,2072,1521.0627746582031,3,147.8257293701172,3775.34423828125
289514947489998::no_management,289514947489998,no_management,10,2027,2072,0.0,0,161.8452606201172,4349.06298828125
289514947489998::pine_plantation_long_rotation,289514947489998,pine_plantation_long_rotation,10,2027,2072,1336.496826171875,1,145.71728515625,3160.794921875
289514950489998::family_light_thin,289514950489998,family_light_thin,10,2027,2072,30.560977935791016,1,127.979248046875,3157.75244140625
289514950489998::family_uneven_aged_selection,289514950489998,family_uneven_aged_selection,10,2027,2072,1036.7579040527344,3,85.34635925292969,2085.4677734375
289514950489998::no_management,289514950489998,no_management,10,2027,2072,0.0,0,130.08978271484375,3186.60791015625
289514950489998::pine_plantation_long_rotation,289514950489998,pine_plantation_long_rotation,10,2027,2072,1869.1466064453125,1,110.87742614746094,1716.9869384765625
289514950489998::pine_plantation_short_rotation,289514950489998,pine_plantation_short_rotation,10,2027,2072,1869.1466064453125,1,110.87742614746094,1716.9869384765625
289514953489998::family_light_thin,289514953489998,family_light_thin,10,2027,2072,86.1693115234375,1,178.4857177734375,7481.087890625
289514953489998::family_uneven_aged_selection,289514953489998,family_uneven_aged_selection,10,2027,2072,2885.5328369140625,3,156.82933044433594,6536.28955078125
289514953489998::no_management,289514953489998,no_management,10,2027,2072,0.0,0,178.48582458496094,7473.46044921875
289514953489998::pine_plantation_long_rotation,289514953489998,pine_plantation_long_rotation,10,2027,2072,3672.407470703125,1,178.48573303222656,6317.751953125
289514953489998::pine_plantation_short_rotation,289514953489998,pine_plantation_short_rotation,10,2027,2072,3672.407470703125,1,178.48573303222656,6317.751953125
289515011489998::family_light_thin,289515011489998,family_light_thin,10,2027,2072,148.46656799316406,1,166.3516082763672,3270.422607421875
289515011489998::family_uneven_aged_selection,289515011489998,family_uneven_aged_selection,10,2027,2072,965.4269256591797,3,155.0536346435547,3037.486083984375
289515011489998::hardwood_clearcut_regen,289515011489998,hardwood_clearcut_regen,10,2027,2072,2359.121337890625,1,47.53322219848633,1.2051923274993896
289515011489998::no_management,289515011489998,no_management,10,2027,2072,0.0,0,172.79684448242188,3677.941162109375
289515011489998::public_selection_light,289515011489998,public_selection_light,10,2027,2072,1273.467788696289,4,158.43405151367188,2811.236572265625
289515011489998::public_thin_restore,289515011489998,public_thin_restore,10,2027,2072,777.2519378662109,3,161.56192016601562,2981.195068359375
289515036489998::family_light_thin,289515036489998,family_light_thin,10,2027,2072,16.493675231933594,1,139.65771484375,2415.66845703125
289515036489998::family_uneven_aged_selection,289515036489998,family_uneven_aged_selection,10,2027,2072,504.37921142578125,3,115.52479553222656,2092.8017578125
289515036489998::hardwood_clearcut_regen,289515036489998,hardwood_clearcut_regen,10,2027,2072,1989.8934326171875,1,9.0215425491333,0.0
289515036489998::no_management,289515036489998,no_management,10,2027,2072,0.0,0,141.92176818847656,2716.568603515625
289515060489998::family_light_thin,289515060489998,family_light_thin,10,2027,2072,1.5805950164794922,1,203.6682891845703,5389.1630859375
289515060489998::family_uneven_aged_selection,289515060489998,family_uneven_aged_selection,10,2027,2072,2044.0037841796875,3,180.22059631347656,4208.451171875
289515060489998::no_management,289515060489998,no_management,10,2027,2072,0.0,0,203.09901428222656,5367.8369140625
289515060489998::pine_plantation_long_rotation,289515060489998,pine_plantation_long_rotation,10,2027,2072,3852.873046875,1,202.0978240966797,4588.63671875
289515061489998::family_light_thin,289515061489998,family_light_thin,10,2027,2072,0.0,0,125.42277526855469,2934.02197265625
289515061489998::family_uneven_aged_selection,289515061489998,family_uneven_aged_selection,10,2027,2072,958.7612609863281,3,84.1399917602539,1983.2724609375
289515061489998::hardwood_clearcut_regen,289515061489998,hardwood_clearcut_regen,10,2027,2072,2015.463623046875,1,124.47451782226562,2172.755615234375
289515061489998::no_management,289515061489998,no_management,10,2027,2072,0.0,0,130.33502197265625,3018.577880859375
289515061489998::public_selection_light,289515061489998,public_selection_light,10,2027,2072,1423.5000305175781,4,65.4690170288086,1501.82275390625
289515061489998::public_thin_restore,289515061489998,public_thin_restore,10,2027,2072,0.0,0,119.0452880859375,2916.002685546875
289515115489998::family_light_thin,289515115489998,family_light_thin,10,2027,2072,147.24420166015625,1,203.0382843017578,5391.48486328125
289515115489998::family_uneven_aged_selection,289515115489998,family_uneven_aged_selection,10,2027,2072,2095.6607055664062,3,178.3678436279297,4432.75830078125
289515115489998::no_management,289515115489998,no_management,10,2027,2072,0.0,0,203.1090545654297,5406.12255859375
289515115489998::pine_plantation_long_rotation,289515115489998,pine_plantation_long_rotation,10,2027,2072,3541.041259765625,1,177.18740844726562,3765.542724609375
289515115489998::pine_plantation_short_rotation,289515115489998,pine_plantation_short_rotation,10,2027,2072,3541.041259765625,1,177.18740844726562,3765.542724609375
289515121489998::family_light_thin,289515121489998,family_light_thin,10,2027,2072,251.37478637695312,1,186.5336151123047,5387.1484375
289515121489998::family_uneven_aged_selection,289515121489998,family_uneven_aged_selection,10,2027,2072,1534.1848754882812,3,156.5585174560547,4528.3486328125
289515121489998::no_management,289515121489998,no_management,10,2027,2072,0.0,0,205.28231811523438,6081.14599609375
289515121489998::pine_plantation_long_rotation,289515121489998,pine_plantation_long_rotation,10,2027,2072,2025.2231903076172,2,169.35939025878906,3114.524169921875
289515121489998::pine_plantation_short_rotation,289515121489998,pine_plantation_short_rotation,10,2027,2072,942.4480133056641,2,206.83644104003906,4905.6845703125
289515121489998::public_selection_light,289515121489998,public_selection_light,10,2027,2072,1946.777099609375,4,130.50440979003906,3641.8134765625
289515121489998::public_thin_restore,289515121489998,public_thin_restore,10,2027,2072,720.2949371337891,3,145.4521484375,4262.33642578125
289515123489998::family_light_thin,289515123489998,family_light_thin,10,2027,2072,6.352382659912109,1,134.46597290039062,2817.868408203125
289515123489998::family_uneven_aged_selection,289515123489998,family_uneven_aged_selection,10,2027,2072,651.8724822998047,3,111.61851501464844,2206.38720703125
289515123489998::hardwood_clearcut_regen,289515123489998,hardwood_clearcut_regen,10,2027,2072,988.8257446289062,1,123.33204650878906,1616.1058349609375
289515123489998::no_management,289515123489998,no_management,10,2027,2072,0.0,0,132.51434326171875,2949.34619140625
289515123489998::public_selection_light,289515123489998,public_selection_light,10,2027,2072,782.5238800048828,4,101.05052947998047,1793.8358154296875
289515123489998::public_thin_restore,289515123489998,public_thin_restore,10,2027,2072,107.36282444000244,3,124.61331939697266,2600.47021484375
289515140489998::family_light_thin,289515140489998,family_light_thin,10,2027,2072,72.8913345336914,1,208.1334228515625,6822.01904296875
289515140489998::family_uneven_aged_selection,289515140489998,family_uneven_aged_selection,10,2027,2072,2766.122314453125,3,188.0821990966797,5980.572265625
289515140489998::no_management,289515140489998,no_management,10,2027,2072,0.0,0,209.023193359375,6890.20849609375
289515140489998::pine_plantation_long_rotation,289515140489998,pine_plantation_long_rotation,10,2027,2072,5555.5755615234375,2,209.0838165283203,5611.7431640625
289515140489998::pine_plantation_short_rotation,289515140489998,pine_plantation_short_rotation,10,2027,2072,4602.158203125,1,206.04200744628906,5736.72119140625
289515140489998::public_selection_light,289515140489998,public_selection_light,10,2027,2072,4636.3524169921875,4,193.187255859375,5787.533203125
289515140489998::public_thin_restore,289515140489998,public_thin_restore,10,2027,2072,486.2303009033203,3,212.0525360107422,7105.947265625
289515149489998::family_light_thin,289515149489998,family_light_thin,10,2027,2072,134.92144775390625,1,181.46836853027344,3956.7158203125
289515149489998::family_uneven_aged_selection,289515149489998,family_uneven_aged_selection,10,2027,2072,1404.8238220214844,3,158.3312225341797,3046.9267578125
289515149489998::no_management,289515149489998,no_management,10,2027,2072,0.0,0,179.99497985839844,3945.72802734375
289515149489998::pine_plantation_long_rotation,289515149489998,pine_plantation_long_rotation,10,2027,2072,2600.550048828125,1,164.97396850585938,3007.203369140625
289515149489998::pine_plantation_short_rotation,289515149489998,pine_plantation_short_rotation,10,2027,2072,2600.550048828125,1,164.97396850585938,3007.203369140625
289515149489998::public_selection_light,289515149489998,public_selection_light,10,2027,2072,2012.9621276855469,4,126.84651947021484,2239.05322265625
289515149489998::public_thin_restore,289515149489998,public_thin_restore,10,2027,2072,615.1389541625977,3,171.7980499267578,3858.37109375
289515157489998::family_light_thin,289515157489998,family_light_thin,10,2027,2072,9.378613471984863,1,158.06544494628906,4018.382080078125
289515157489998::family_uneven_aged_selection,289515157489998,family_uneven_aged_selection,10,2027,2072,1223.0470275878906,3,127.24346160888672,3063.787841796875
289515157489998::hardwood_clearcut_regen,289515157489998,hardwood_clearcut_regen,10,2027,2072,1864.4671630859375,1,144.32872009277344,3023.75244140625
289515157489998::no_management,289515157489998,no_management,10,2027,2072,0.0,0,157.60166931152344,4054.910400390625
289515157489998::public_selection_light,289515157489998,public_selection_light,10,2027,2072,1703.2793884277344,4,109.04183197021484,2443.36865234375
289515157489998::public_thin_restore,289515157489998,public_thin_restore,10,2027,2072,151.10630989074707,3,152.9794158935547,3972.489990234375
289515176489998::hardwood_clearcut_regen,289515176489998,hardwood_clearcut_regen,10,2027,2072,4462.7705078125,1,152.163818359375,2030.2506103515625
289515176489998::no_management,289515176489998,no_management,10,2027,2072,0.0,0,185.01766967773438,4340.9365234375
289515179489998::family_light_thin,289515179489998,family_light_thin,10,2027,2072,54.26675796508789,1,126.87052917480469,2307.305908203125
289515179489998::family_uneven_aged_selection,289515179489998,family_uneven_aged_selection,10,2027,2072,938.2806701660156,3,114.89765930175781,2020.95556640625
289515179489998::no_management,289515179489998,no_management,10,2027,2072,0.0,0,127.61553192138672,2376.408203125
289515192489998::family_light_thin,289515192489998,family_light_thin,10,2027,2072,13.16781997680664,1,192.27198791503906,5707.0244140625
289515192489998::family_uneven_aged_selection,289515192489998,family_uneven_aged_selection,10,2027,2072,1621.95654296875,3,181.29481506347656,5007.9462890625
289515192489998::no_management,289515192489998,no_management,10,2027,2072,0.0,0,194.43663024902344,5719.994140625
289515192489998::pine_plantation_long_rotation,289515192489998,pine_plantation_long_rotation,10,2027,2072,1967.896484375,1,181.932861328125,5968.47998046875
289515192489998::pine_plantation_short_rotation,289515192489998,pine_plantation_short_rotation,10,2027,2072,1967.896484375,1,181.932861328125,5968.47998046875
289515192489998::public_selection_light,289515192489998,public_selection_light,10,2027,2072,2239.8885192871094,4,183.48167419433594,4902.21826171875
289515192489998::public_thin_restore,289515192489998,public_thin_restore,10,2027,2072,469.1514263153076,3,191.5029754638672,5547.29248046875
289515321489998::family_light_thin,289515321489998,family_light_thin,10,2027,2072,5.597286224365234,1,195.09469604492188,2002.1656494140625
289515321489998::family_uneven_aged_selection,289515321489998,family_uneven_aged_selection,10,2027,2072,611.3319702148438,3,179.84144592285156,1866.5074462890625
289515321489998::hardwood_clearcut_regen,289515321489998,hardwood_clearcut_regen,10,2027,2072,1550.2789306640625,1,38.297454833984375,0.0
289515321489998::no_management,289515321489998,no_management,10,2027,2072,0.0,0,195.07737731933594,2006.010986328125
289515321489998::public_selection_light,289515321489998,public_selection_light,10,2027,2072,838.9411926269531,4,147.69140625,1580.615234375
289515321489998::public_thin_restore,289515321489998,public_thin_restore,10,2027,2072,19.785049200057983,3,195.11349487304688,2134.65234375
289515324489998::family_light_thin,289515324489998,family_light_thin,10,2027,2072,247.8232421875,1,267.0308837890625,4923.2451171875
289515324489998::family_uneven_aged_selection,289515324489998,family_uneven_aged_selection,10,2027,2072,1518.7976989746094,3,218.25389099121094,3730.35302734375
289515324489998::hardwood_clearcut_regen,289515324489998,hardwood_clearcut_regen,10,2027,2072,2778.75634765625,1,199.08316040039062,845.2982788085938
289515324489998::no_management,289515324489998,no_management,10,2027,2072,0.0,0,271.7270812988281,5499.15966796875
289515324489998::public_selection_light,289515324489998,public_selection_light,10,2027,2072,2067.8235778808594,4,184.98629760742188,2749.1982421875
289515324489998::public_thin_restore,289515324489998,public_thin_restore,10,2027,2072,788.4010314941406,3,231.15892028808594,4120.2197265625
289515325489998::family_light_thin,289515325489998,family_light_thin,10,2027,2072,178.61068725585938,1,177.13780212402344,4136.48046875
289515325489998::family_uneven_aged_selection,289515325489998,family_uneven_aged_selection,10,2027,2072,1055.3573303222656,3,149.5824737548828,3494.60986328125
289515325489998::no_management,289515325489998,no_management,10,2027,2072,0.0,0,178.48574829101562,4203.18896484375
289515325489998::pine_plantation_long_rotation,289515325489998,pine_plantation_long_rotation,10,2027,2072,1679.6353302001953,2,139.10702514648438,2188.065185546875
289515325489998::pine_plantation_short_rotation,289515325489998,pine_plantation_short_rotation,10,2027,2072,789.7058639526367,2,193.35769653320312,4555.82373046875
289515325489998::public_selection_light,289515325489998,public_selection_light,10,2027,2072,1281.933364868164,4,123.67630767822266,2898.173583984375
289515325489998::public_thin_restore,289515325489998,public_thin_restore,10,2027,2072,768.7729911804199,3,131.39657592773438,3132.41259765625
289515326489998::family_light_thin,289515326489998,family_light_thin,10,2027,2072,73.5655288696289,1,146.09381103515625,3153.257568359375
289515326489998::family_uneven_aged_selection,289515326489998,family_uneven_aged_selection,10,2027,2072,1089.7185668945312,3,124.38810729980469,2253.717529296875
289515326489998::no_management,289515326489998,no_management,10,2027,2072,0.0,0,144.9819793701172,3257.019775390625
289515326489998::pine_plantation_long_rotation,289515326489998,pine_plantation_long_rotation,10,2027,2072,2069.949462890625,1,128.879638671875,2427.82080078125
289515326489998::pine_plantation_short_rotation,289515326489998,pine_plantation_short_rotation,10,2027,2072,2069.949462890625,1,128.879638671875,2427.82080078125
289515326489998::public_selection_light,289515326489998,public_selection_light,10,2027,2072,1573.8414001464844,4,105.7591552734375,1667.986572265625
289515326489998::public_thin_restore,289515326489998,public_thin_restore,10,2027,2072,208.41129302978516,3,141.03831481933594,3052.3154296875
289515327489998::family_light_thin,289515327489998,family_light_thin,10,2027,2072,132.60324096679688,1,198.2942657470703,2112.496826171875
289515327489998::family_uneven_aged_selection,289515327489998,family_uneven_aged_selection,10,2027,2072,648.1541442871094,3,158.42138671875,1699.7017822265625
289515327489998::hardwood_clearcut_regen,289515327489998,hardwood_clearcut_regen,10,2027,2072,1003.5894775390625,1,157.9674530029297,324.1708679199219
289515327489998::no_management,289515327489998,no_management,10,2027,2072,0.0,0,219.5956268310547,2556.802734375
289515327489998::public_selection_light,289515327489998,public_selection_light,10,2027,2072,812.6594543457031,4,140.66896057128906,1218.3795166015625
289515327489998::public_thin_restore,289515327489998,public_thin_restore,10,2027,2072,433.17960357666016,3,154.7204132080078,1659.9896240234375
289515330489998::family_light_thin,289515330489998,family_light_thin,10,2027,2072,147.8638458251953,1,172.3876190185547,3378.832275390625
289515330489998::family_uneven_aged_selection,289515330489998,family_uneven_aged_selection,10,2027,2072,1139.7381286621094,3,143.8583221435547,2613.53955078125
289515330489998::no_management,289515330489998,no_management,10,2027,2072,0.0,0,171.86123657226562,3355.013427734375
289515330489998::pine_plantation_long_rotation,289515330489998,pine_plantation_long_rotation,10,2027,2072,1762.676025390625,1,150.09136962890625,2388.48583984375
289515330489998::pine_plantation_short_rotation,289515330489998,pine_plantation_short_rotation,10,2027,2072,1762.676025390625,1,150.09136962890625,2388.48583984375
289515330489998::public_selection_light,289515330489998,public_selection_light,10,2027,2072,1649.8597717285156,4,121.2208480834961,2105.446533203125
289515330489998::public_thin_restore,289515330489998,public_thin_restore,10,2027,2072,507.160888671875,3,153.43238830566406,3142.84326171875
289515345489998::family_light_thin,289515345489998,family_light_thin,10,2027,2072,182.0083465576172,1,265.46337890625,6875.81103515625
289515345489998::family_uneven_aged_selection,289515345489998,family_uneven_aged_selection,10,2027,2072,2713.0491943359375,3,235.759521484375,5889.8193359375
289515345489998::hardwood_clearcut_regen,289515345489998,hardwood_clearcut_regen,10,2027,2072,4761.359375,1,183.69595336914062,2915.2041015625
289515345489998::no_management,289515345489998,no_management,10,2027,2072,0.0,0,263.4530029296875,6906.5986328125
289515345489998::public_selection_light,289515345489998,public_selection_light,10,2027,2072,3905.69775390625,4,186.95333862304688,4480.80078125
289515345489998::public_thin_restore,289515345489998,public_thin_restore,10,2027,2072,719.3335571289062,3,271.0069274902344,7041.3125
289515362489998::family_light_thin,289515362489998,family_light_thin,10,2027,2072,103.45240020751953,1,149.78257751464844,2592.2626953125
289515362489998::family_uneven_aged_selection,289515362489998,family_uneven_aged_selection,10,2027,2072,794.7253265380859,3,115.43330383300781,1902.6046142578125
289515362489998::hardwood_clearcut_regen,289515362489998,hardwood_clearcut_regen,10,2027,2072,1062.3795166015625,1,110.50904083251953,1529.618896484375
289515362489998::no_management,289515362489998,no_management,10,2027,2072,0.0,0,162.02105712890625,2759.802734375
289515362489998::public_selection_light,289515362489998,public_selection_light,10,2027,2072,1091.9258575439453,4,90.40526580810547,1410.606689453125
289515362489998::public_thin_restore,289515362489998,public_thin_restore,10,2027,2072,309.50462341308594,3,127.26699829101562,2366.70263671875
289515364489998::family_light_thin,289515364489998,family_light_thin,10,2027,2072,81.81681823730469,1,164.580078125,5260.61181640625
289515364489998::family_uneven_aged_selection,289515364489998,family_uneven_aged_selection,10,2027,2072,1718.7952270507812,3,115.87568664550781,3658.565673828125
289515364489998::no_management,289515364489998,no_management,10,2027,2072,0.0,0,170.27099609375,5375.96875
289515364489998::pine_plantation_long_rotation,289515364489998,pine_plantation_long_rotation,10,2027,2072,3042.056884765625,1,117.4906997680664,2927.310302734375
289515364489998::pine_plantation_short_rotation,289515364489998,pine_plantation_short_rotation,10,2027,2072,3042.056884765625,1,117.4906997680664,2927.310302734375
289515366489998::family_light_thin,289515366489998,family_light_thin,10,2027,2072,31.649572372436523,1,175.02479553222656,2031.845458984375
289515366489998::family_uneven_aged_selection,289515366489998,family_uneven_aged_selection,10,2027,2072,699.4716186523438,3,156.16326904296875,1662.414306640625
289515366489998::hardwood_clearcut_regen,289515366489998,hardwood_clearcut_regen,10,2027,2072,1194.694580078125,1,130.81558227539062,550.7159423828125
289515366489998::no_management,289515366489998,no_management,10,2027,2072,0.0,0,177.33587646484375,2162.00146484375
289515366489998::public_selection_light,289515366489998,public_selection_light,10,2027,2072,1018.9967956542969,4,152.26356506347656,1295.6533203125
289515366489998::public_thin_restore,289515366489998,public_thin_restore,10,2027,2072,174.05733108520508,3,172.65711975097656,2025.7325439453125
289515419489998::family_light_thin,289515419489998,family_light_thin,10,2027,2072,17.55996322631836,1,180.34490966796875,2937.674072265625
289515419489998::family_uneven_aged_selection,289515419489998,family_uneven_aged_selection,10,2027,2072,1026.8501892089844,3,159.83160400390625,2346.200927734375
289515419489998::hardwood_clearcut_regen,289515419489998,hardwood_clearcut_regen,10,2027,2072,1909.08203125,1,154.7119903564453,2140.3671875
289515419489998::no_management,289515419489998,no_management,10,2027,2072,0.0,0,180.92529296875,2938.1787109375
289515421489998::family_light_thin,289515421489998,family_light_thin,10,2027,2072,117.809326171875,1,254.1238250732422,4402.67529296875
289515421489998::family_uneven_aged_selection,289515421489998,family_uneven_aged_selection,10,2027,2072,1140.497802734375,3,203.6482696533203,3482.232666015625
289515421489998::hardwood_clearcut_regen,289515421489998,hardwood_clearcut_regen,10,2027,2072,1372.34619140625,1,141.6573944091797,962.3726196289062
289515421489998::no_management,289515421489998,no_management,10,2027,2072,0.0,0,287.23736572265625,5188.36865234375
289515421489998::public_selection_light,289515421489998,public_selection_light,10,2027,2072,1307.6519317626953,4,160.9040069580078,2525.928466796875
289515421489998::public_thin_restore,289515421489998,public_thin_restore,10,2027,2072,442.318115234375,3,209.21121215820312,3758.130859375
289515425489998::hardwood_clearcut_regen,289515425489998,hardwood_clearcut_regen,10,2027,2072,1386.977294921875,1,124.7928695678711,785.1689453125
289515425489998::no_management,289515425489998,no_management,10,2027,2072,0.0,0,168.5497589111328,1983.037353515625
289515430489998::family_light_thin,289515430489998,family_light_thin,10,2027,2072,7.069859981536865,1,207.99607849121094,5811.00146484375
289515430489998::family_uneven_aged_selection,289515430489998,family_uneven_aged_selection,10,2027,2072,1461.307632446289,3,193.18003845214844,5372.611328125
289515430489998::no_management,289515430489998,no_management,10,2027,2072,0.0,0,211.66558837890625,6031.560546875
289515430489998::pine_plantation_long_rotation,289515430489998,pine_plantation_long_rotation,10,2027,2072,381.76287841796875,1,156.530029296875,4157.7265625
289515430489998::pine_plantation_short_rotation,289515430489998,pine_plantation_short_rotation,10,2027,2072,381.76287841796875,1,156.530029296875,4157.7265625
289515430489998::public_selection_light,289515430489998,public_selection_light,10,2027,2072,1750.3130798339844,4,175.69180297851562,4760.73291015625
289515430489998::public_thin_restore,289515430489998,public_thin_restore,10,2027,2072,599.1387615203857,3,189.5889434814453,5161.48486328125
289515437489998::family_light_thin,289515437489998,family_light_thin,10,2027,2072,64.71894073486328,1,161.81553649902344,2963.04150390625
289515437489998::family_uneven_aged_selection,289515437489998,family_uneven_aged_selection,10,2027,2072,1010.2598266601562,3,147.798095703125,2445.98095703125
289515437489998::hardwood_clearcut_regen,289515437489998,hardwood_clearcut_regen,10,2027,2072,1768.2919921875,1,125.993408203125,1422.1971435546875
289515437489998::no_management,289515437489998,no_management,10,2027,2072,0.0,0,161.557373046875,3006.330322265625
289515438489998::family_light_thin,289515438489998,family_light_thin,10,2027,2072,2.425286293029785,1,222.5277099609375,8015.89111328125
289515438489998::family_uneven_aged_selection,289515438489998,family_uneven_aged_selection,10,2027,2072,2297.4031982421875,3,179.62628173828125,6122.568359375
289515438489998::no_management,289515438489998,no_management,10,2027,2072,0.0,0,222.52761840820312,7840.1259765625
289515438489998::pine_plantation_long_rotation,289515438489998,pine_plantation_long_rotation,10,2027,2072,4337.268842697144,2,186.52308654785156,4853.6298828125
289515438489998::pine_plantation_short_rotation,289515438489998,pine_plantation_short_rotation,10,2027,2072,2544.187849998474,2,222.5277099609375,7081.3603515625
289515438489998::public_selection_light,289515438489998,public_selection_light,10,2027,2072,3196.6504516601562,4,158.17747497558594,5209.50634765625
289515438489998::public_thin_restore,289515438489998,public_thin_restore,10,2027,2072,298.3152084350586,3,213.99021911621094,7929.0732421875
289515455489998::no_management,289515455489998,no_management,10,2027,2072,0.0,0,123.45296478271484,4059.32958984375
289515455489998::public_selection_light,289515455489998,public_selection_light,10,2027,2072,1101.196548461914,4,60.10334777832031,1987.5670166015625
289515455489998::public_thin_restore,289515455489998,public_thin_restore,10,2027,2072,440.8390808105469,3,74.75961303710938,2485.379150390625
289515485489998::family_light_thin,289515485489998,family_light_thin,10,2027,2072,110.6594467163086,1,192.37655639648438,5213.95068359375
289515485489998::family_uneven_aged_selection,289515485489998,family_uneven_aged_selection,10,2027,2072,1959.4512329101562,3,178.568359375,4748.86376953125
289515485489998::hardwood_clearcut_regen,289515485489998,hardwood_clearcut_regen,10,2027,2072,4513.1220703125,1,60.55436325073242,166.35206604003906
289515485489998::no_management,289515485489998,no_management,10,2027,2072,0.0,0,191.76846313476562,5169.32421875
289515485489998::public_selection_light,289515485489998,public_selection_light,10,2027,2072,3220.261474609375,4,188.51385498046875,4814.8623046875
289515485489998::public_thin_restore,289515485489998,public_thin_restore,10,2027,2072,339.92518615722656,3,194.035400390625,5314.86962890625
289515496489998::family_light_thin,289515496489998,family_light_thin,10,2027,2072,476.0887756347656,1,170.51638793945312,5351.4931640625
289515496489998::family_uneven_aged_selection,289515496489998,family_uneven_aged_selection,10,2027,2072,1683.5270385742188,3,138.99876403808594,4337.66650390625
289515496489998::no_management,289515496489998,no_management,10,2027,2072,0.0,0,178.48574829101562,5548.013671875
289515496489998::pine_plantation_long_rotation,289515496489998,pine_plantation_long_rotation,10,2027,2072,2372.5750732421875,2,209.91351318359375,5897.10009765625
289515496489998::pine_plantation_short_rotation,289515496489998,pine_plantation_short_rotation,10,2027,2072,1344.69970703125,1,131.18270874023438,3477.5361328125
289515496489998::public_selection_light,289515496489998,public_selection_light,10,2027,2072,2281.5840454101562,4,113.18045043945312,3559.43310546875
289515496489998::public_thin_restore,289515496489998,public_thin_restore,10,2027,2072,1448.396484375,3,131.46949768066406,4168.33642578125
289515526489998::family_light_thin,289515526489998,family_light_thin,10,2027,2072,18.958757400512695,1,200.7459259033203,4487.72998046875
289515526489998::family_uneven_aged_selection,289515526489998,family_uneven_aged_selection,10,2027,2072,1349.0487060546875,3,187.91827392578125,3870.56103515625
289515526489998::no_management,289515526489998,no_management,10,2027,2072,0.0,0,201.78732299804688,4584.6748046875
289515526489998::pine_plantation_long_rotation,289515526489998,pine_plantation_long_rotation,10,2027,2072,1412.1412353515625,1,193.69607543945312,4442.7392578125
289515526489998::pine_plantation_short_rotation,289515526489998,pine_plantation_short_rotation,10,2027,2072,1412.1412353515625,1,193.69607543945312,4442.7392578125
289515533489998::family_light_thin,289515533489998,family_light_thin,10,2027,2072,159.1862030029297,1,288.8224182128906,7731.5048828125
289515533489998::family_uneven_aged_selection,289515533489998,family_uneven_aged_selection,10,2027,2072,2586.5957641601562,3,270.7046813964844,7054.8251953125
289515533489998::hardwood_clearcut_regen,289515533489998,hardwood_clearcut_regen,10,2027,2072,6832.517578125,1,40.7790412902832,0.0
289515533489998::no_management,289515533489998,no_management,10,2027,2072,0.0,0,288.82232666015625,7815.20263671875
289515533489998::public_selection_light,289515533489998,public_selection_light,10,2027,2072,3835.7232360839844,4,288.8210754394531,6986.73779296875
289515533489998::public_thin_restore,289515533489998,public_thin_restore,10,2027,2072,772.0558929443359,3,288.8225402832031,7595.88720703125
289515538489998::family_light_thin,289515538489998,family_light_thin,10,2027,2072,0.0,0,156.007568359375,2401.70458984375
289515538489998::family_uneven_aged_selection,289515538489998,family_uneven_aged_selection,10,2027,2072,854.6858825683594,3,140.0334930419922,1898.036376953125
289515538489998::no_management,289515538489998,no_management,10,2027,2072,0.0,0,155.7013702392578,2328.76904296875
289515538489998::pine_plantation_long_rotation,289515538489998,pine_plantation_long_rotation,10,2027,2072,1723.2132568359375,1,150.10845947265625,2574.236328125
289515538489998::pine_plantation_short_rotation,289515538489998,pine_plantation_short_rotation,10,2027,2072,1723.2132568359375,1,150.10845947265625,2574.236328125
289515540489998::family_light_thin,289515540489998,family_light_thin,10,2027,2072,205.56539916992188,1,228.61373901367188,7344.37255859375
289515540489998::family_uneven_aged_selection,289515540489998,family_uneven_aged_selection,10,2027,2072,2474.206787109375,3,212.4130096435547,6490.74365234375
289515540489998::hardwood_clearcut_regen,289515540489998,hardwood_clearcut_regen,10,2027,2072,2752.7958984375,1,205.6429443359375,5561.56494140625
289515540489998::no_management,289515540489998,no_management,10,2027,2072,0.0,0,227.43748474121094,7463.80810546875
289515540489998::public_selection_light,289515540489998,public_selection_light,10,2027,2072,3453.7849731445312,4,193.6500244140625,5487.494140625
289515540489998::public_thin_restore,289515540489998,public_thin_restore,10,2027,2072,1138.4923706054688,3,230.65924072265625,7290.5556640625
289515543489998::family_light_thin,289515543489998,family_light_thin,10,2027,2072,71.1658706665039,1,220.74673461914062,6830.314453125
289515543489998::family_uneven_aged_selection,289515543489998,family_uneven_aged_selection,10,2027,2072,2901.43408203125,3,204.7078094482422,6014.7626953125
289515543489998::no_management,289515543489998,no_management,10,2027,2072,0.0,0,222.78587341308594,6892.64404296875
289515552489998::family_light_thin,289515552489998,family_light_thin,10,2027,2072,209.07655334472656,1,172.05856323242188,4092.134765625
289515552489998::family_uneven_aged_selection,289515552489998,family_uneven_aged_selection,10,2027,2072,1128.9156036376953,3,141.4258575439453,3356.981201171875
289515552489998::no_management,289515552489998,no_management,10,2027,2072,0.0,0,178.4857177734375,4242.7705078125
289515552489998::pine_plantation_long_rotation,289515552489998,pine_plantation_long_rotation,10,2027,2072,2059.199378967285,2,138.16273498535156,2112.8828125
289515552489998::pine_plantation_short_rotation,289515552489998,pine_plantation_short_rotation,10,2027,2072,989.917594909668,2,192.22628784179688,4527.43994140625
289515552489998::public_selection_light,289515552489998,public_selection_light,10,2027,2072,1467.7506713867188,4,122.42860412597656,2906.850830078125
289515552489998::public_thin_restore,289515552489998,public_thin_restore,10,2027,2072,796.8308029174805,3,134.28558349609375,3251.88232421875
289515560489998::family_light_thin,289515560489998,family_light_thin,10,2027,2072,61.92700958251953,1,189.1063690185547,4564.3134765625
289515560489998::family_uneven_aged_selection,289515560489998,family_uneven_aged_selection,10,2027,2072,1458.1936950683594,3,145.13868713378906,3442.45849609375
289515560489998::hardwood_clearcut_regen,289515560489998,hardwood_clearcut_regen,10,2027,2072,2372.59423828125,1,118.17488861083984,1754.943359375
289515560489998::no_management,289515560489998,no_management,10,2027,2072,0.0,0,186.00753784179688,4532.48486328125
289515560489998::public_selection_light,289515560489998,public_selection_light,10,2027,2072,2082.3238525390625,4,114.1744155883789,2560.4423828125
289515560489998::public_thin_restore,289515560489998,public_thin_restore,10,2027,2072,312.6895751953125,3,179.5103759765625,4345.22509765625
289515563489998::family_light_thin,289515563489998,family_light_thin,10,2027,2072,411.33453369140625,1,222.5276641845703,6580.24169921875
289515563489998::family_uneven_aged_selection,289515563489998,family_uneven_aged_selection,10,2027,2072,2202.6631774902344,3,201.79043579101562,5849.3076171875
289515563489998::no_management,289515563489998,no_management,10,2027,2072,0.0,0,222.52755737304688,6575.2958984375
289515563489998::pine_plantation_long_rotation,289515563489998,pine_plantation_long_rotation,10,2027,2072,4741.4996337890625,2,136.6827850341797,1983.9002685546875
289515563489998::pine_plantation_short_rotation,289515563489998,pine_plantation_short_rotation,10,2027,2072,2841.2178955078125,2,189.45567321777344,4445.5439453125
289515563489998::public_selection_light,289515563489998,public_selection_light,10,2027,2072,3086.937225341797,4,182.98512268066406,5275.92578125
289515563489998::public_thin_restore,289515563489998,public_thin_restore,10,2027,2072,1198.7591552734375,3,222.5277862548828,6555.24609375
289515568489998::family_light_thin,289515568489998,family_light_thin,10,2027,2072,294.3244934082031,1,173.20838928222656,4433.26806640625
289515568489998::family_uneven_aged_selection,289515568489998,family_uneven_aged_selection,10,2027,2072,1246.026840209961,3,142.2970428466797,3630.7666015625
289515568489998::no_management,289515568489998,no_management,10,2027,2072,0.0,0,178.4857940673828,4541.3291015625
289515568489998::pine_plantation_long_rotation,289515568489998,pine_plantation_long_rotation,10,2027,2072,2471.94482421875,2,140.8466339111328,2144.856201171875
289515568489998::pine_plantation_short_rotation,289515568489998,pine_plantation_short_rotation,10,2027,2072,1112.1621398925781,2,191.4827423095703,4509.76806640625
289515568489998::public_selection_light,289515568489998,public_selection_light,10,2027,2072,1642.4552001953125,4,124.88056945800781,3199.0869140625
289515568489998::public_thin_restore,289515568489998,public_thin_restore,10,2027,2072,835.8850402832031,3,140.94606018066406,3631.368408203125
289515570489998::family_light_thin,289515570489998,family_light_thin,10,2027,2072,124.1918716430664,1,177.8008575439453,4865.24658203125
289515570489998::family_uneven_aged_selection,289515570489998,family_uneven_aged_selection,10,2027,2072,1958.9496459960938,3,157.50006103515625,4318.67578125
289515570489998::no_management,289515570489998,no_management,10,2027,2072,0.0,0,177.8015594482422,4861.98876953125
289515570489998::pine_plantation_long_rotation,289515570489998,pine_plantation_long_rotation,10,2027,2072,4542.177215576172,2,166.96827697753906,3390.319091796875
289515570489998::pine_plantation_short_rotation,289515570489998,pine_plantation_short_rotation,10,2027,2072,4055.6279296875,2,212.51092529296875,5444.55029296875
289515570489998::public_selection_light,289515570489998,public_selection_light,10,2027,2072,3244.8920288085938,4,150.0482635498047,4123.22412109375
289515570489998::public_thin_restore,289515570489998,public_thin_restore,10,2027,2072,626.5665311813354,3,177.79588317871094,4867.53759765625
289515602489998::family_light_thin,289515602489998,family_light_thin,10,2027,2072,2.363847255706787,1,170.8360137939453,2858.255126953125
289515602489998::family_uneven_aged_selection,289515602489998,family_uneven_aged_selection,10,2027,2072,1059.8394470214844,3,154.8994903564453,2210.115966796875
289515602489998::no_management,289515602489998,no_management,10,2027,2072,0.0,0,172.85328674316406,2949.8740234375
289515602489998::pine_plantation_long_rotation,289515602489998,pine_plantation_long_rotation,10,2027,2072,1946.53955078125,1,136.2224578857422,1332.6015625
289515602489998::pine_plantation_short_rotation,289515602489998,pine_plantation_short_rotation,10,2027,2072,1946.53955078125,1,136.2224578857422,1332.6015625
289515625489998::family_light_thin,289515625489998,family_light_thin,10,2027,2072,218.78086853027344,1,182.53578186035156,4171.2939453125
289515625489998::family_uneven_aged_selection,289515625489998,family_uneven_aged_selection,10,2027,2072,1538.1152954101562,3,167.8906707763672,4022.711669921875
289515625489998::no_management,289515625489998,no_management,10,2027,2072,0.0,0,182.47059631347656,4231.80859375
289515625489998::pine_plantation_long_rotation,289515625489998,pine_plantation_long_rotation,10,2027,2072,1383.6239013671875,1,176.07484436035156,4170.2333984375
289515625489998::pine_plantation_short_rotation,289515625489998,pine_plantation_short_rotation,10,2027,2072,1383.6239013671875,1,176.07484436035156,4170.2333984375
289515723489998::family_light_thin,289515723489998,family_light_thin,10,2027,2072,92.45541381835938,1,163.38534545898438,3556.160888671875
289515723489998::family_uneven_aged_selection,289515723489998,family_uneven_aged_selection,10,2027,2072,902.2060165405273,3,147.80332946777344,3222.372314453125
289515723489998::hardwood_clearcut_regen,289515723489998,hardwood_clearcut_regen,10,2027,2072,2653.316162109375,1,28.142093658447266,0.0
289515723489998::no_management,289515723489998,no_management,10,2027,2072,0.0,0,166.2899932861328,3817.494140625
289515723489998::public_selection_light,289515723489998,public_selection_light,10,2027,2072,1162.5267715454102,4,155.43505859375,3030.15673828125
289515723489998::public_thin_restore,289515723489998,public_thin_restore,10,2027,2072,828.7036437988281,3,163.84262084960938,3304.542724609375
289515725489998::family_light_thin,289515725489998,family_light_thin,10,2027,2072,69.93730163574219,1,186.28175354003906,4517.9375
289515725489998::family_uneven_aged_selection,289515725489998,family_uneven_aged_selection,10,2027,2072,1411.0116882324219,3,171.44529724121094,3846.09228515625
289515725489998::hardwood_clearcut_regen,289515725489998,hardwood_clearcut_regen,10,2027,2072,2151.099609375,1,161.7921600341797,3151.434326171875
289515725489998::no_management,289515725489998,no_management,10,2027,2072,0.0,0,186.6882781982422,4507.90673828125
289515725489998::public_selection_light,289515725489998,public_selection_light,10,2027,2072,1917.3384704589844,4,148.59060668945312,3196.867919921875
289515725489998::public_thin_restore,289515725489998,public_thin_restore,10,2027,2072,438.3011474609375,3,186.9835205078125,4516.19189453125
289515730489998::family_light_thin,289515730489998,family_light_thin,10,2027,2072,24.640043258666992,1,185.238525390625,7966.37548828125
289515730489998::family_uneven_aged_selection,289515730489998,family_uneven_aged_selection,10,2027,2072,3147.6204833984375,3,162.93690490722656,6837.4501953125
289515730489998::no_management,289515730489998,no_management,10,2027,2072,0.0,0,185.7085723876953,7970.93798828125
289515730489998::pine_plantation_long_rotation,289515730489998,pine_plantation_long_rotation,10,2027,2072,6446.749099731445,2,221.25242614746094,8505.5693359375
289515746489998::family_light_thin,289515746489998,family_light_thin,10,2027,2072,229.71334838867188,1,159.51690673828125,3951.964111328125
289515746489998::family_uneven_aged_selection,289515746489998,family_uneven_aged_selection,10,2027,2072,1503.8367614746094,3,135.0254669189453,3303.46533203125
289515746489998::no_management,289515746489998,no_management,10,2027,2072,0.0,0,159.360107421875,3931.5537109375
289515746489998::pine_plantation_long_rotation,289515746489998,pine_plantation_long_rotation,10,2027,2072,2807.4925231933594,2,132.8181915283203,1415.7760009765625
289515746489998::pine_plantation_short_rotation,289515746489998,pine_plantation_short_rotation,10,2027,2072,1971.60693359375,1,113.30410766601562,1908.73095703125
289515763489998::family_light_thin,289515763489998,family_light_thin,10,2027,2072,2.384809970855713,1,178.4857940673828,3804.669677734375
289515763489998::family_uneven_aged_selection,289515763489998,family_uneven_aged_selection,10,2027,2072,1151.4559631347656,3,163.2899627685547,3179.805419921875
289515763489998::no_management,289515763489998,no_management,10,2027,2072,0.0,0,178.48568725585938,3748.885986328125
289515763489998::pine_plantation_long_rotation,289515763489998,pine_plantation_long_rotation,10,2027,2072,2532.82763671875,2,136.52366638183594,2065.479248046875
289515763489998::pine_plantation_short_rotation,289515763489998,pine_plantation_short_rotation,10,2027,2072,1845.114278793335,2,188.08383178710938,4424.7685546875
289515763489998::public_selection_light,289515763489998,public_selection_light,10,2027,2072,1703.9442138671875,4,158.03639221191406,2982.498779296875
289515763489998::public_thin_restore,289515763489998,public_thin_restore,10,2027,2072,426.33795166015625,3,178.4856719970703,3856.463134765625
289515771489998::family_light_thin,289515771489998,family_light_thin,10,2027,2072,29.728281021118164,1,167.4246826171875,2309.730224609375
289515771489998::family_uneven_aged_selection,289515771489998,family_uneven_aged_selection,10,2027,2072,574.6431045532227,3,136.63343811035156,1861.6861572265625
289515771489998::hardwood_clearcut_regen,289515771489998,hardwood_clearcut_regen,10,2027,2072,564.8717041015625,1,129.95640563964844,1013.874267578125
289515771489998::no_management,289515771489998,no_management,10,2027,2072,0.0,0,168.8000946044922,2404.8388671875
289515771489998::public_selection_light,289515771489998,public_selection_light,10,2027,2072,725.3003311157227,4,119.01914978027344,1568.3170166015625
289515771489998::public_thin_restore,289515771489998,public_thin_restore,10,2027,2072,262.57234954833984,3,136.57455444335938,1925.6270751953125
289515773489998::family_light_thin,289515773489998,family_light_thin,10,2027,2072,93.66219329833984,1,179.09249877929688,7501.10791015625
289515773489998::family_uneven_aged_selection,289515773489998,family_uneven_aged_selection,10,2027,2072,2865.8423461914062,3,157.5506134033203,6576.06884765625
289515773489998::no_management,289515773489998,no_management,10,2027,2072,0.0,0,179.24136352539062,7499.80517578125
289515773489998::pine_plantation_long_rotation,289515773489998,pine_plantation_long_rotation,10,2027,2072,5306.542907714844,2,222.78408813476562,8015.37255859375
289515773489998::pine_plantation_short_rotation,289515773489998,pine_plantation_short_rotation,10,2027,2072,3331.91064453125,1,179.3051300048828,6368.1494140625
289515773489998::public_selection_light,289515773489998,public_selection_light,10,2027,2072,4206.19873046875,4,135.51300048828125,5649.50927734375
289515773489998::public_thin_restore,289515773489998,public_thin_restore,10,2027,2072,756.5004501342773,3,179.0155029296875,7495.787109375
289515776489998::family_light_thin,289515776489998,family_light_thin,10,2027,2072,64.22637939453125,1,138.25694274902344,1754.6856689453125
289515776489998::family_uneven_aged_selection,289515776489998,family_uneven_aged_selection,10,2027,2072,488.6458740234375,3,121.62985229492188,1431.547607421875
289515776489998::hardwood_clearcut_regen,289515776489998,hardwood_clearcut_regen,10,2027,2072,423.54595947265625,1,136.26368713378906,2394.9267578125
289515776489998::no_management,289515776489998,no_management,10,2027,2072,0.0,0,138.16531372070312,1941.3369140625
289515776489998::public_selection_light,289515776489998,public_selection_light,10,2027,2072,648.4422378540039,4,122.28788757324219,1115.85791015625
289515776489998::public_thin_restore,289515776489998,public_thin_restore,10,2027,2072,291.86438751220703,3,131.78573608398438,1466.3427734375
289515792489998::family_light_thin,289515792489998,family_light_thin,10,2027,2072,102.24427032470703,1,162.1996612548828,2165.099365234375
289515792489998::family_uneven_aged_selection,289515792489998,family_uneven_aged_selection,10,2027,2072,566.3713836669922,3,139.64720153808594,1699.9888916015625
289515792489998::hardwood_clearcut_regen,289515792489998,hardwood_clearcut_regen,10,2027,2072,814.4840087890625,1,140.62326049804688,2121.48779296875
289515792489998::no_management,289515792489998,no_management,10,2027,2072,0.0,0,162.17091369628906,2145.57958984375
289515792489998::public_selection_light,289515792489998,public_selection_light,10,2027,2072,762.7827453613281,4,141.72537231445312,1362.0389404296875
289515792489998::public_thin_restore,289515792489998,public_thin_restore,10,2027,2072,348.41541290283203,3,158.95596313476562,2038.47265625
289515793489998::family_light_thin,289515793489998,family_light_thin,10,2027,2072,55.7960090637207,1,150.36814880371094,3029.10302734375
289515793489998::family_uneven_aged_selection,289515793489998,family_uneven_aged_selection,10,2027,2072,805.2135467529297,3,118.22870635986328,2334.64111328125
289515793489998::hardwood_clearcut_regen,289515793489998,hardwood_clearcut_regen,10,2027,2072,1144.04833984375,1,108.75019073486328,1007.0521850585938
289515793489998::no_management,289515793489998,no_management,10,2027,2072,0.0,0,155.89988708496094,3237.741455078125
289515793489998::public_selection_light,289515793489998,public_selection_light,10,2027,2072,1045.258316040039,4,98.51142883300781,1779.5728759765625
289515793489998::public_thin_restore,289515793489998,public_thin_restore,10,2027,2072,308.5092086791992,3,117.96268463134766,2349.27392578125
289515810489998::family_light_thin,289515810489998,family_light_thin,10,2027,2072,47.721126556396484,1,156.986328125,3340.702880859375
289515810489998::family_uneven_aged_selection,289515810489998,family_uneven_aged_selection,10,2027,2072,1027.8419494628906,3,137.77783203125,2621.88037109375
289515810489998::hardwood_clearcut_regen,289515810489998,hardwood_clearcut_regen,10,2027,2072,1430.6689453125,1,138.8231201171875,2719.3994140625
289515810489998::no_management,289515810489998,no_management,10,2027,2072,0.0,0,157.55169677734375,3497.68115234375
289515810489998::public_selection_light,289515810489998,public_selection_light,10,2027,2072,1483.5191955566406,4,135.48060607910156,2160.723388671875
289515810489998::public_thin_restore,289515810489998,public_thin_restore,10,2027,2072,312.9943618774414,3,155.45501708984375,3262.3935546875
289515849489998::family_light_thin,289515849489998,family_light_thin,10,2027,2072,0.0,0,195.17527770996094,2308.457275390625
289515849489998::family_uneven_aged_selection,289515849489998,family_uneven_aged_selection,10,2027,2072,827.0932769775391,3,177.9664306640625,2123.46875
289515849489998::no_management,289515849489998,no_management,10,2027,2072,0.0,0,195.17523193359375,2331.00830078125
289515931489998::family_light_thin,289515931489998,family_light_thin,10,2027,2072,238.01870727539062,1,290.397705078125,8785.03125
289515931489998::family_uneven_aged_selection,289515931489998,family_uneven_aged_selection,10,2027,2072,3069.6939086914062,3,271.4865417480469,7866.77587890625
289515931489998::hardwood_clearcut_regen,289515931489998,hardwood_clearcut_regen,10,2027,2072,3564.238037109375,1,298.2098693847656,7591.80615234375
289515931489998::no_management,289515931489998,no_management,10,2027,2072,0.0,0,292.6271057128906,8937.0888671875
289515931489998::public_selection_light,289515931489998,public_selection_light,10,2027,2072,4792.5811767578125,4,281.2254333496094,7567.21728515625
289515931489998::public_thin_restore,289515931489998,public_thin_restore,10,2027,2072,748.8422546386719,3,294.5210876464844,8926.1630859375
289515933489998::family_light_thin,289515933489998,family_light_thin,10,2027,2072,55.69291687011719,1,220.68666076660156,4690.61767578125
289515933489998::family_uneven_aged_selection,289515933489998,family_uneven_aged_selection,10,2027,2072,1528.2934265136719,3,184.6906280517578,3158.221923828125
289515933489998::hardwood_clearcut_regen,289515933489998,hardwood_clearcut_regen,10,2027,2072,2874.302001953125,1,104.92137908935547,2005.1453857421875
289515933489998::no_management,289515933489998,no_management,10,2027,2072,0.0,0,217.8151092529297,4417.31005859375
289515933489998::public_selection_light,289515933489998,public_selection_light,10,2027,2072,2240.0971069335938,4,137.4211883544922,2359.198974609375
289515933489998::public_thin_restore,289515933489998,public_thin_restore,10,2027,2072,201.44030380249023,3,203.46505737304688,4763.244140625
289515934489998::family_light_thin,289515934489998,family_light_thin,10,2027,2072,32.13434982299805,1,159.58387756347656,2182.9013671875
289515934489998::family_uneven_aged_selection,289515934489998,family_uneven_aged_selection,10,2027,2072,497.6775093078613,3,132.02056884765625,1951.0704345703125
289515934489998::hardwood_clearcut_regen,289515934489998,hardwood_clearcut_regen,10,2027,2072,1827.1959228515625,1,6.246790409088135,0.0
289515934489998::no_management,289515934489998,no_management,10,2027,2072,0.0,0,171.2666473388672,2576.685302734375
289515934489998::public_selection_light,289515934489998,public_selection_light,10,2027,2072,527.1322631835938,4,119.37953186035156,1626.267333984375
289515934489998::public_thin_restore,289515934489998,public_thin_restore,10,2027,2072,272.3686828613281,3,124.09867858886719,1648.532470703125
289515944489998::family_light_thin,289515944489998,family_light_thin,10,2027,2072,277.77435302734375,1,233.7571258544922,7658.134765625
289515944489998::family_uneven_aged_selection,289515944489998,family_uneven_aged_selection,10,2027,2072,2649.5037231445312,3,216.5074005126953,6260.07861328125
289515944489998::hardwood_clearcut_regen,289515944489998,hardwood_clearcut_regen,10,2027,2072,3968.16357421875,1,231.19644165039062,6182.8046875
289515944489998::no_management,289515944489998,no_management,10,2027,2072,0.0,0,234.33872985839844,7680.99609375
289515944489998::public_selection_light,289515944489998,public_selection_light,10,2027,2072,3886.4534912109375,4,195.63389587402344,4992.91455078125
289515944489998::public_thin_restore,289515944489998,public_thin_restore,10,2027,2072,977.1274719238281,3,231.00108337402344,7335.478515625
289515945489998::family_light_thin,289515945489998,family_light_thin,10,2027,2072,0.0,0,249.8358612060547,4253.814453125
289515945489998::family_uneven_aged_selection,289515945489998,family_uneven_aged_selection,10,2027,2072,1073.9710388183594,3,179.6626434326172,2775.31689453125
289515945489998::hardwood_clearcut_regen,289515945489998,hardwood_clearcut_regen,10,2027,2072,1778.058837890625,1,210.16651916503906,3216.415771484375
289515945489998::no_management,289515945489998,no_management,10,2027,2072,0.0,0,248.2420196533203,4312.169921875
289515945489998::public_selection_light,289515945489998,public_selection_light,10,2027,2072,1491.6724243164062,4,156.010986328125,1998.482421875
289515945489998::public_thin_restore,289515945489998,public_thin_restore,10,2027,2072,88.31294631958008,3,206.82447814941406,3655.950439453125
289515946489998::family_light_thin,289515946489998,family_light_thin,10,2027,2072,26.21371078491211,1,211.4764404296875,3128.845703125
289515946489998::family_uneven_aged_selection,289515946489998,family_uneven_aged_selection,10,2027,2072,712.1322937011719,3,168.5937957763672,2607.106689453125
289515946489998::hardwood_clearcut_regen,289515946489998,hardwood_clearcut_regen,10,2027,2072,670.6123657226562,1,199.03399658203125,1614.6456298828125
289515946489998::no_management,289515946489998,no_management,10,2027,2072,0.0,0,229.01113891601562,3877.7470703125
289515946489998::public_selection_light,289515946489998,public_selection_light,10,2027,2072,820.8728179931641,4,154.8440399169922,2110.935302734375
289515946489998::public_thin_restore,289515946489998,public_thin_restore,10,2027,2072,316.8941445350647,3,160.23214721679688,2301.49951171875
289515947489998::family_light_thin,289515947489998,family_light_thin,10,2027,2072,87.92495727539062,1,178.48565673828125,4869.974609375
289515947489998::family_uneven_aged_selection,289515947489998,family_uneven_aged_selection,10,2027,2072,1830.5414428710938,3,158.0506591796875,4152.884765625
289515947489998::no_management,289515947489998,no_management,10,2027,2072,0.0,0,178.4857635498047,4812.18798828125
289515947489998::pine_plantation_long_rotation,289515947489998,pine_plantation_long_rotation,10,2027,2072,3473.3631286621094,2,189.8905792236328,4474.23291015625
289515947489998::pine_plantation_short_rotation,289515947489998,pine_plantation_short_rotation,10,2027,2072,2106.555908203125,1,178.48574829101562,4152.02978515625
289515947489998::public_selection_light,289515947489998,public_selection_light,10,2027,2072,2764.9638671875,4,144.11058044433594,3718.79345703125
289515947489998::public_thin_restore,289515947489998,public_thin_restore,10,2027,2072,505.333309173584,3,178.48562622070312,4902.3037109375
289515956489998::family_light_thin,289515956489998,family_light_thin,10,2027,2072,245.1925811767578,1,179.10055541992188,4498.037109375
289515956489998::family_uneven_aged_selection,289515956489998,family_uneven_aged_selection,10,2027,2072,1196.0064239501953,3,145.50607299804688,3655.94482421875
289515956489998::no_management,289515956489998,no_management,10,2027,2072,0.0,0,178.48573303222656,4476.314453125
289515956489998::pine_plantation_long_rotation,289515956489998,pine_plantation_long_rotation,10,2027,2072,1628.9332885742188,2,168.10693359375,3437.17529296875
289515956489998::pine_plantation_short_rotation,289515956489998,pine_plantation_short_rotation,10,2027,2072,596.9033355712891,2,212.3393096923828,5456.4140625
289515957489998::family_light_thin,289515957489998,family_light_thin,10,2027,2072,79.15850067138672,1,271.4541931152344,7577.78955078125
289515957489998::family_uneven_aged_selection,289515957489998,family_uneven_aged_selection,10,2027,2072,2991.2936401367188,3,240.1591796875,6537.99609375
289515957489998::hardwood_clearcut_regen,289515957489998,hardwood_clearcut_regen,10,2027,2072,5868.88916015625,1,196.70042419433594,3599.5400390625
289515957489998::no_management,289515957489998,no_management,10,2027,2072,0.0,0,267.9729309082031,7529.3974609375
289515961489998::family_light_thin,289515961489998,family_light_thin,10,2027,2072,208.75938415527344,1,225.8778839111328,3296.40283203125
289515961489998::family_uneven_aged_selection,289515961489998,family_uneven_aged_selection,10,2027,2072,1378.7341613769531,3,212.10690307617188,2985.200927734375
289515961489998::hardwood_clearcut_regen,289515961489998,hardwood_clearcut_regen,10,2027,2072,2739.068603515625,1,94.02729797363281,270.8420104980469
289515961489998::no_management,289515961489998,no_management,10,2027,2072,0.0,0,224.69142150878906,3407.384765625
289515961489998::public_selection_light,289515961489998,public_selection_light,10,2027,2072,2239.5851135253906,4,232.46075439453125,2997.009033203125
289515961489998::public_thin_restore,289515961489998,public_thin_restore,10,2027,2072,545.5695419311523,3,225.8369140625,3246.197021484375
289515962489998::family_light_thin,289515962489998,family_light_thin,10,2027,2072,152.06869506835938,1,182.7323455810547,4529.1689453125
289515962489998::family_uneven_aged_selection,289515962489998,family_uneven_aged_selection,10,2027,2072,1566.9845886230469,3,147.2677459716797,3438.9677734375
289515962489998::no_management,289515962489998,no_management,10,2027,2072,0.0,0,183.38275146484375,4432.4921875
289515962489998::pine_plantation_long_rotation,289515962489998,pine_plantation_long_rotation,10,2027,2072,2884.6708984375,1,137.5725555419922,2771.21533203125
289515962489998::pine_plantation_short_rotation,289515962489998,pine_plantation_short_rotation,10,2027,2072,2884.6708984375,1,137.5725555419922,2771.21533203125
289515962489998::public_selection_light,289515962489998,public_selection_light,10,2027,2072,2270.5148315429688,4,118.65441131591797,2655.771728515625
289515962489998::public_thin_restore,289515962489998,public_thin_restore,10,2027,2072,538.5139312744141,3,162.13658142089844,4238.39990234375
289515963489998::family_light_thin,289515963489998,family_light_thin,10,2027,2072,109.06416320800781,1,165.38636779785156,3249.364990234375
289515963489998::family_uneven_aged_selection,289515963489998,family_uneven_aged_selection,10,2027,2072,986.2785339355469,3,134.2471466064453,2508.131591796875
289515963489998::no_management,289515963489998,no_management,10,2027,2072,0.0,0,176.09457397460938,3473.287353515625
289515963489998::pine_plantation_long_rotation,289515963489998,pine_plantation_long_rotation,10,2027,2072,1434.738525390625,1,151.66427612304688,2804.167236328125
289515963489998::pine_plantation_short_rotation,289515963489998,pine_plantation_short_rotation,10,2027,2072,1434.738525390625,1,151.66427612304688,2804.167236328125
289515963489998::public_selection_light,289515963489998,public_selection_light,10,2027,2072,1376.9449462890625,4,114.00634765625,2017.21728515625
289515963489998::public_thin_restore,289515963489998,public_thin_restore,10,2027,2072,426.4280090332031,3,128.50514221191406,2725.7734375
289515964489998::family_light_thin,289515964489998,family_light_thin,10,2027,2072,26.1938533782959,1,192.4855194091797,3360.393310546875
289515964489998::family_uneven_aged_selection,289515964489998,family_uneven_aged_selection,10,2027,2072,931.7548065185547,3,175.17677307128906,2957.36865234375
289515964489998::hardwood_clearcut_regen,289515964489998,hardwood_clearcut_regen,10,2027,2072,803.3779907226562,1,187.66818237304688,3200.43798828125
289515964489998::no_management,289515964489998,no_management,10,2027,2072,0.0,0,194.8856201171875,3580.332763671875
289515964489998::public_selection_light,289515964489998,public_selection_light,10,2027,2072,1284.7158203125,4,178.483154296875,2795.087890625
289515964489998::public_thin_restore,289515964489998,public_thin_restore,10,2027,2072,256.15475845336914,3,192.98536682128906,3161.72119140625
289515970489998::family_light_thin,289515970489998,family_light_thin,10,2027,2072,63.49540710449219,1,176.95028686523438,5125.64501953125
289515970489998::family_uneven_aged_selection,289515970489998,family_uneven_aged_selection,10,2027,2072,2072.4312133789062,3,160.0335693359375,4642.0869140625
289515970489998::hardwood_clearcut_regen,289515970489998,hardwood_clearcut_regen,10,2027,2072,3522.2333984375,1,122.28713989257812,2562.619140625
289515970489998::no_management,289515970489998,no_management,10,2027,2072,0.0,0,175.58688354492188,5129.1494140625
289515970489998::public_selection_light,289515970489998,public_selection_light,10,2027,2072,3027.4682006835938,4,126.42082214355469,3566.150390625
289515970489998::public_thin_restore,289515970489998,public_thin_restore,10,2027,2072,222.69091796875,3,179.47938537597656,5225.091796875
289515972489998::family_light_thin,289515972489998,family_light_thin,10,2027,2072,360.7222900390625,1,179.40682983398438,4840.4560546875
289515972489998::family_uneven_aged_selection,289515972489998,family_uneven_aged_selection,10,2027,2072,1817.3834838867188,3,154.2537078857422,4114.33935546875
289515972489998::no_management,289515972489998,no_management,10,2027,2072,0.0,0,179.5858154296875,4815.2822265625
289515972489998::pine_plantation_long_rotation,289515972489998,pine_plantation_long_rotation,10,2027,2072,3361.2916259765625,2,193.3070831298828,4454.8759765625
289516188489998::family_light_thin,289516188489998,family_light_thin,10,2027,2072,223.56919860839844,1,241.48704528808594,4662.40673828125
289516188489998::family_uneven_aged_selection,289516188489998,family_uneven_aged_selection,10,2027,2072,2008.1637573242188,3,225.62574768066406,4144.23681640625
289516188489998::hardwood_clearcut_regen,289516188489998,hardwood_clearcut_regen,10,2027,2072,3095.137939453125,1,246.55300903320312,2938.369140625
289516188489998::no_management,289516188489998,no_management,10,2027,2072,0.0,0,239.29603576660156,4492.4609375
289516188489998::public_selection_light,289516188489998,public_selection_light,10,2027,2072,3385.8229370117188,4,234.14999389648438,4082.9130859375
289516188489998::public_thin_restore,289516188489998,public_thin_restore,10,2027,2072,482.06535720825195,3,240.49795532226562,4574.10205078125
289516222489998::family_light_thin,289516222489998,family_light_thin,10,2027,2072,17.238433837890625,1,162.54510498046875,3831.6181640625
289516222489998::family_uneven_aged_selection,289516222489998,family_uneven_aged_selection,10,2027,2072,1008.1658782958984,3,138.1771697998047,3046.317138671875
289516222489998::no_management,289516222489998,no_management,10,2027,2072,0.0,0,183.09024047851562,4016.746826171875
289516222489998::pine_plantation_long_rotation,289516222489998,pine_plantation_long_rotation,10,2027,2072,904.9252319335938,1,155.010498046875,3567.88330078125
289516222489998::pine_plantation_short_rotation,289516222489998,pine_plantation_short_rotation,10,2027,2072,904.9252319335938,1,155.010498046875,3567.88330078125
289516222489998::public_selection_light,289516222489998,public_selection_light,10,2027,2072,1276.1919250488281,4,103.80065155029297,2403.1591796875
289516222489998::public_thin_restore,289516222489998,public_thin_restore,10,2027,2072,210.2854824066162,3,129.98728942871094,3270.38720703125
289516223489998::family_light_thin,289516223489998,family_light_thin,10,2027,2072,0.0,0,183.11557006835938,3418.2109375
289516223489998::family_uneven_aged_selection,289516223489998,family_uneven_aged_selection,10,2027,2072,1219.9680786132812,3,172.09104919433594,3132.042236328125
289516223489998::hardwood_clearcut_regen,289516223489998,hardwood_clearcut_regen,10,2027,2072,2361.449951171875,1,153.29690551757812,2746.2666015625
289516223489998::no_management,289516223489998,no_management,10,2027,2072,0.0,0,183.19117736816406,3558.416748046875
289516223489998::public_selection_light,289516223489998,public_selection_light,10,2027,2072,1867.0856628417969,4,177.69061279296875,2815.174072265625
289516223489998::public_thin_restore,289516223489998,public_thin_restore,10,2027,2072,86.08918046951294,2,183.69984436035156,3523.36279296875
289516224489998::family_light_thin,289516224489998,family_light_thin,10,2027,2072,97.13534545898438,1,161.9739227294922,3165.36669921875
289516224489998::family_uneven_aged_selection,289516224489998,family_uneven_aged_selection,10,2027,2072,1303.0189514160156,3,144.1178436279297,2712.81005859375
289516224489998::no_management,289516224489998,no_management,10,2027,2072,0.0,0,161.60159301757812,3134.7490234375
289516224489998::pine_plantation_long_rotation,289516224489998,pine_plantation_long_rotation,10,2027,2072,3140.193634033203,2,168.1056671142578,2839.078369140625
289516224489998::pine_plantation_short_rotation,289516224489998,pine_plantation_short_rotation,10,2027,2072,2215.508056640625,1,153.05784606933594,2593.442138671875
289516224489998::public_selection_light,289516224489998,public_selection_light,10,2027,2072,2181.8909301757812,4,141.87979125976562,2454.77880859375
289516224489998::public_thin_restore,289516224489998,public_thin_restore,10,2027,2072,489.335657119751,3,168.36952209472656,3452.7138671875
289516229489998::family_light_thin,289516229489998,family_light_thin,10,2027,2072,6.945102691650391,1,158.99681091308594,2106.14794921875
289516229489998::family_uneven_aged_selection,289516229489998,family_uneven_aged_selection,10,2027,2072,699.255126953125,3,140.0372314453125,1539.359619140625
289516229489998::hardwood_clearcut_regen,289516229489998,hardwood_clearcut_regen,10,2027,2072,1325.0804443359375,1,147.10009765625,1615.9326171875
289516229489998::no_management,289516229489998,no_management,10,2027,2072,0.0,0,158.73036193847656,2135.5185546875
289516229489998::public_selection_light,289516229489998,public_selection_light,10,2027,2072,1061.1209411621094,4,142.86708068847656,1245.61767578125
289516229489998::public_thin_restore,289516229489998,public_thin_restore,10,2027,2072,126.676513671875,3,159.68162536621094,2199.072021484375
289516230489998::family_light_thin,289516230489998,family_light_thin,10,2027,2072,112.84474182128906,1,199.1287841796875,7066.693359375
289516230489998::family_uneven_aged_selection,289516230489998,family_uneven_aged_selection,10,2027,2072,2444.8594360351562,3,184.07701110839844,6433.79931640625
289516230489998::hardwood_clearcut_regen,289516230489998,hardwood_clearcut_regen,10,2027,2072,4642.28076171875,1,146.66897583007812,3614.11767578125
289516230489998::no_management,289516230489998,no_management,10,2027,2072,0.0,0,200.4352569580078,7024.3642578125
289516230489998::public_selection_light,289516230489998,public_selection_light,10,2027,2072,3562.8734130859375,4,176.9947509765625,6140.31884765625
289516230489998::public_thin_restore,289516230489998,public_thin_restore,10,2027,2072,582.9155120849609,3,198.74363708496094,7145.44677734375
289516233489998::family_light_thin,289516233489998,family_light_thin,10,2027,2072,345.77569580078125,1,180.57395935058594,4078.258544921875
289516233489998::family_uneven_aged_selection,289516233489998,family_uneven_aged_selection,10,2027,2072,1383.3153076171875,3,165.2615966796875,3713.788818359375
289516233489998::no_management,289516233489998,no_management,10,2027,2072,0.0,0,179.9604034423828,4312.9013671875
289516233489998::pine_plantation_long_rotation,289516233489998,pine_plantation_long_rotation,10,2027,2072,2885.1893005371094,2,157.2090606689453,1704.064453125
289516233489998::pine_plantation_short_rotation,289516233489998,pine_plantation_short_rotation,10,2027,2072,1873.6571350097656,2,195.62997436523438,3840.218994140625
289516233489998::public_selection_light,289516233489998,public_selection_light,10,2027,2072,1865.2339172363281,4,142.25440979003906,3031.929443359375
289516233489998::public_thin_restore,289516233489998,public_thin_restore,10,2027,2072,961.8844757080078,3,172.23422241210938,3808.004638671875
289516234489998::family_light_thin,289516234489998,family_light_thin,10,2027,2072,148.40853881835938,1,178.8035430908203,5190.4658203125
289516234489998::family_uneven_aged_selection,289516234489998,family_uneven_aged_selection,10,2027,2072,2029.7469482421875,3,161.54849243164062,4553.64599609375
289516234489998::no_management,289516234489998,no_management,10,2027,2072,0.0,0,178.7987518310547,5226.57421875
289516234489998::pine_plantation_long_rotation,289516234489998,pine_plantation_long_rotation,10,2027,2072,3083.34375,1,170.91014099121094,4003.7890625
289516234489998::pine_plantation_short_rotation,289516234489998,pine_plantation_short_rotation,10,2027,2072,3083.34375,1,170.91014099121094,4003.7890625
289516234489998::public_selection_light,289516234489998,public_selection_light,10,2027,2072,2875.4132080078125,4,131.2774658203125,3545.647216796875
289516234489998::public_thin_restore,289516234489998,public_thin_restore,10,2027,2072,908.5563354492188,3,178.76553344726562,5282.87939453125
289516340489998::family_light_thin,289516340489998,family_light_thin,10,2027,2072,27.139474868774414,1,147.79345703125,3958.4306640625
289516340489998::family_uneven_aged_selection,289516340489998,family_uneven_aged_selection,10,2027,2072,1133.2471923828125,3,116.09724426269531,2885.188720703125
289516340489998::no_management,289516340489998,no_management,10,2027,2072,0.0,0,158.63624572753906,4024.917724609375
289516340489998::pine_plantation_long_rotation,289516340489998,pine_plantation_long_rotation,10,2027,2072,1548.1981201171875,1,132.92379760742188,2989.7041015625
289516340489998::pine_plantation_short_rotation,289516340489998,pine_plantation_short_rotation,10,2027,2072,1548.1981201171875,1,132.92379760742188,2989.7041015625
289516340489998::public_selection_light,289516340489998,public_selection_light,10,2027,2072,1541.5257263183594,4,85.97264099121094,2142.060791015625
289516340489998::public_thin_restore,289516340489998,public_thin_restore,10,2027,2072,99.94625902175903,3,129.07144165039062,3723.28076171875
289516349489998::family_light_thin,289516349489998,family_light_thin,10,2027,2072,16.090147018432617,1,56.049076080322266,1052.059326171875
289516349489998::family_uneven_aged_selection,289516349489998,family_uneven_aged_selection,10,2027,2072,321.0665969848633,3,37.13819122314453,696.6347045898438
289516349489998::hardwood_clearcut_regen,289516349489998,hardwood_clearcut_regen,10,2027,2072,521.384521484375,1,37.76435470581055,99.19793701171875
289516349489998::no_management,289516349489998,no_management,10,2027,2072,0.0,0,57.42778015136719,1081.2237548828125
289516357489998::family_light_thin,289516357489998,family_light_thin,10,2027,2072,417.274169921875,1,282.8692321777344,7639.55908203125
289516357489998::family_uneven_aged_selection,289516357489998,family_uneven_aged_selection,10,2027,2072,2880.017578125,3,235.78277587890625,6167.9267578125
289516357489998::no_management,289516357489998,no_management,10,2027,2072,0.0,0,282.8697814941406,7864.0419921875
289516357489998::pine_plantation_long_rotation,289516357489998,pine_plantation_long_rotation,10,2027,2072,5305.671875,1,204.55177307128906,2977.954833984375
289516357489998::pine_plantation_short_rotation,289516357489998,pine_plantation_short_rotation,10,2027,2072,5305.671875,1,204.55177307128906,2977.954833984375
289516357489998::public_selection_light,289516357489998,public_selection_light,10,2027,2072,4262.95703125,4,190.43234252929688,4658.359375
289516357489998::public_thin_restore,289516357489998,public_thin_restore,10,2027,2072,1559.8233032226562,3,267.41888427734375,6949.15869140625
289516362489998::family_light_thin,289516362489998,family_light_thin,10,2027,2072,126.01202392578125,1,178.6361541748047,3840.863037109375
289516362489998::family_uneven_aged_selection,289516362489998,family_uneven_aged_selection,10,2027,2072,1091.9395904541016,3,140.08448791503906,3064.13671875
289516362489998::no_management,289516362489998,no_management,10,2027,2072,0.0,0,197.2059783935547,4345.20458984375
289516362489998::pine_plantation_long_rotation,289516362489998,pine_plantation_long_rotation,10,2027,2072,932.45556640625,1,162.7590789794922,3121.82177734375
289516378489998::family_light_thin,289516378489998,family_light_thin,10,2027,2072,56.1016960144043,1,116.50244140625,1668.6712646484375
289516378489998::family_uneven_aged_selection,289516378489998,family_uneven_aged_selection,10,2027,2072,413.67539978027344,3,102.56761932373047,1390.41015625
289516378489998::hardwood_clearcut_regen,289516378489998,hardwood_clearcut_regen,10,2027,2072,1357.387939453125,1,8.077563285827637,0.0
289516378489998::no_management,289516378489998,no_management,10,2027,2072,0.0,0,116.9024429321289,1752.16552734375
289516378489998::public_selection_light,289516378489998,public_selection_light,10,2027,2072,499.5029754638672,4,88.39695739746094,1154.6180419921875
289516378489998::public_thin_restore,289516378489998,public_thin_restore,10,2027,2072,174.15177154541016,3,100.57386016845703,1485.9830322265625
347395060489998::family_light_thin,347395060489998,family_light_thin,10,2027,2072,27.674654006958008,1,181.48532104492188,4947.236328125
347395060489998::family_uneven_aged_selection,347395060489998,family_uneven_aged_selection,10,2027,2072,1531.3783264160156,3,169.1255645751953,4069.656005859375
347395060489998::no_management,347395060489998,no_management,10,2027,2072,0.0,0,182.292236328125,5008.49169921875
351508220489998::family_light_thin,351508220489998,family_light_thin,10,2027,2072,131.08949279785156,1,195.11366271972656,4265.3466796875
351508220489998::family_uneven_aged_selection,351508220489998,family_uneven_aged_selection,10,2027,2072,1623.4974975585938,3,182.16018676757812,3476.95458984375
351508220489998::hardwood_clearcut_regen,351508220489998,hardwood_clearcut_regen,10,2027,2072,2833.622314453125,1,146.4863739013672,2689.1259765625
351508220489998::no_management,351508220489998,no_management,10,2027,2072,0.0,0,195.2917022705078,4141.84130859375
351508220489998::public_selection_light,351508220489998,public_selection_light,10,2027,2072,2372.1155395507812,4,147.56431579589844,2675.672119140625
351508220489998::public_thin_restore,351508220489998,public_thin_restore,10,2027,2072,501.3914337158203,3,197.55050659179688,4451.982421875
374860898489998::family_light_thin,374860898489998,family_light_thin,10,2027,2072,61.66084671020508,1,204.21083068847656,5883.51416015625
374860898489998::family_uneven_aged_selection,374860898489998,family_uneven_aged_selection,10,2027,2072,1941.1057739257812,3,187.1737518310547,5187.7607421875
374860898489998::hardwood_clearcut_regen,374860898489998,hardwood_clearcut_regen,10,2027,2072,5497.79638671875,1,16.184053421020508,0.0
374860898489998::no_management,374860898489998,no_management,10,2027,2072,0.0,0,204.4931640625,5975.109375
374860898489998::public_selection_light,374860898489998,public_selection_light,10,2027,2072,2705.809356689453,4,175.00613403320312,4657.291015625
374860898489998::public_thin_restore,374860898489998,public_thin_restore,10,2027,2072,699.3454284667969,3,206.00372314453125,6026.28955078125
374860902489998::family_light_thin,374860902489998,family_light_thin,10,2027,2072,193.3477783203125,1,176.1075439453125,5195.998046875
374860902489998::family_uneven_aged_selection,374860902489998,family_uneven_aged_selection,10,2027,2072,1485.3583679199219,3,165.4125213623047,4803.6318359375
374860902489998::hardwood_clearcut_regen,374860902489998,hardwood_clearcut_regen,10,2027,2072,3843.243896484375,1,48.156166076660156,179.0896759033203
374860902489998::no_management,374860902489998,no_management,10,2027,2072,0.0,0,173.35813903808594,5066.52783203125
374860902489998::public_selection_light,374860902489998,public_selection_light,10,2027,2072,2156.043258666992,4,169.243408203125,4860.78369140625
374860902489998::public_thin_restore,374860902489998,public_thin_restore,10,2027,2072,921.6759338378906,3,176.04827880859375,5145.9970703125
374860909489998::no_management,374860909489998,no_management,10,2027,2072,0.0,0,178.48556518554688,6059.3388671875
374860909489998::public_selection_light,374860909489998,public_selection_light,10,2027,2072,3498.7144775390625,4,154.10592651367188,4825.11181640625
374860909489998::public_thin_restore,374860909489998,public_thin_restore,10,2027,2072,951.1123123168945,3,178.48556518554688,6141.91943359375
374860913489998::family_light_thin,374860913489998,family_light_thin,10,2027,2072,68.52018737792969,1,199.60182189941406,4115.85595703125
374860913489998::family_uneven_aged_selection,374860913489998,family_uneven_aged_selection,10,2027,2072,1483.4436340332031,3,173.42881774902344,3247.99560546875
374860913489998::hardwood_clearcut_regen,374860913489998,hardwood_clearcut_regen,10,2027,2072,2824.658447265625,1,182.70950317382812,3096.534912109375
374860913489998::no_management,374860913489998,no_management,10,2027,2072,0.0,0,199.58843994140625,4148.724609375
374860913489998::public_selection_light,374860913489998,public_selection_light,10,2027,2072,2168.0939331054688,4,143.10858154296875,2487.900146484375
374860913489998::public_thin_restore,374860913489998,public_thin_restore,10,2027,2072,223.1011962890625,3,200.9936981201172,4282.666015625
374860959489998::family_light_thin,374860959489998,family_light_thin,10,2027,2072,140.46482849121094,1,170.79644775390625,2892.980224609375
374860959489998::family_uneven_aged_selection,374860959489998,family_uneven_aged_selection,10,2027,2072,890.2267913818359,3,150.31143188476562,2258.17138671875
374860959489998::hardwood_clearcut_regen,374860959489998,hardwood_clearcut_regen,10,2027,2072,928.1414184570312,1,183.4822235107422,4042.152099609375
374860959489998::no_management,374860959489998,no_management,10,2027,2072,0.0,0,171.12278747558594,3050.39794921875
374860959489998::public_selection_light,374860959489998,public_selection_light,10,2027,2072,1210.311752319336,4,125.65603637695312,1834.4666748046875
374860959489998::public_thin_restore,374860959489998,public_thin_restore,10,2027,2072,575.4615173339844,3,157.35154724121094,2626.059814453125
374860961489998::family_light_thin,374860961489998,family_light_thin,10,2027,2072,42.27155685424805,1,143.53102111816406,2829.320068359375
374860961489998::family_uneven_aged_selection,374860961489998,family_uneven_aged_selection,10,2027,2072,660.6858825683594,3,129.0041961669922,2529.584716796875
374860961489998::hardwood_clearcut_regen,374860961489998,hardwood_clearcut_regen,10,2027,2072,2159.18115234375,1,36.71879577636719,0.0
374860961489998::no_management,374860961489998,no_management,10,2027,2072,0.0,0,149.653564453125,3470.1279296875
374860961489998::public_selection_light,374860961489998,public_selection_light,10,2027,2072,716.6022186279297,4,131.28224182128906,1990.1680908203125
374860961489998::public_thin_restore,374860961489998,public_thin_restore,10,2027,2072,394.768027305603,3,135.4857635498047,2216.477783203125
374860976489998::family_light_thin,374860976489998,family_light_thin,10,2027,2072,50.32307434082031,1,297.1059265136719,9483.83984375
374860976489998::family_uneven_aged_selection,374860976489998,family_uneven_aged_selection,10,2027,2072,3754.570556640625,3,248.2738800048828,7782.87451171875
374860976489998::no_management,374860976489998,no_management,10,2027,2072,0.0,0,295.39813232421875,9429.37109375
374860995489998::family_light_thin,374860995489998,family_light_thin,10,2027,2072,0.0,0,148.37295532226562,1750.7041015625
374860995489998::family_uneven_aged_selection,374860995489998,family_uneven_aged_selection,10,2027,2072,479.26356506347656,3,100.81027221679688,1182.461669921875
374860995489998::hardwood_clearcut_regen,374860995489998,hardwood_clearcut_regen,10,2027,2072,759.24853515625,1,175.8833770751953,4539.0244140625
374860995489998::no_management,374860995489998,no_management,10,2027,2072,0.0,0,158.01663208007812,1836.6307373046875
374860995489998::public_selection_light,374860995489998,public_selection_light,10,2027,2072,642.8070220947266,4,70.41932678222656,829.1952514648438
374860995489998::public_thin_restore,374860995489998,public_thin_restore,10,2027,2072,0.0,0,139.6935577392578,1665.5849609375
374860996489998::family_light_thin,374860996489998,family_light_thin,10,2027,2072,49.974815368652344,1,210.14569091796875,5684.201171875
374860996489998::family_uneven_aged_selection,374860996489998,family_uneven_aged_selection,10,2027,2072,1723.9511413574219,3,155.10610961914062,4113.6044921875
374860996489998::no_management,374860996489998,no_management,10,2027,2072,0.0,0,213.59228515625,5771.6279296875
374860997489998::family_light_thin,374860997489998,family_light_thin,10,2027,2072,69.10242462158203,1,107.39018249511719,1637.1649169921875
374860997489998::family_uneven_aged_selection,374860997489998,family_uneven_aged_selection,10,2027,2072,480.8168258666992,3,83.09367370605469,1298.8087158203125
374860997489998::hardwood_clearcut_regen,374860997489998,hardwood_clearcut_regen,10,2027,2072,457.7581787109375,1,127.25756072998047,1327.790283203125
374860997489998::no_management,374860997489998,no_management,10,2027,2072,0.0,0,122.75826263427734,1999.4814453125
374861003489998::family_light_thin,374861003489998,family_light_thin,10,2027,2072,6.025540828704834,1,149.7272186279297,2508.92578125
374861003489998::family_uneven_aged_selection,374861003489998,family_uneven_aged_selection,10,2027,2072,953.7759704589844,3,128.92239379882812,1727.4415283203125
374861003489998::no_management,374861003489998,no_management,10,2027,2072,0.0,0,148.84295654296875,2519.59716796875
374861003489998::pine_plantation_long_rotation,374861003489998,pine_plantation_long_rotation,10,2027,2072,2230.402587890625,1,118.0814208984375,548.1370849609375
374861003489998::pine_plantation_short_rotation,374861003489998,pine_plantation_short_rotation,10,2027,2072,2230.402587890625,1,118.0814208984375,548.1370849609375
374861013489998::family_light_thin,374861013489998,family_light_thin,10,2027,2072,160.451171875,1,166.2117462158203,4195.810546875
374861013489998::family_uneven_aged_selection,374861013489998,family_uneven_aged_selection,10,2027,2072,1283.1300048828125,3,125.97673797607422,3134.893310546875
374861013489998::hardwood_clearcut_regen,374861013489998,hardwood_clearcut_regen,10,2027,2072,1667.5716552734375,1,144.35072326660156,2723.0732421875
374861013489998::no_management,374861013489998,no_management,10,2027,2072,0.0,0,174.65728759765625,4342.95166015625
374861013489998::public_selection_light,374861013489998,public_selection_light,10,2027,2072,1758.6946716308594,4,95.38684844970703,2339.3017578125
374861013489998::public_thin_restore,374861013489998,public_thin_restore,10,2027,2072,534.6292266845703,3,135.55152893066406,3504.28857421875
374861032489998::family_light_thin,374861032489998,family_light_thin,10,2027,2072,174.49037170410156,1,183.9129180908203,3735.309814453125
374861032489998::family_uneven_aged_selection,374861032489998,family_uneven_aged_selection,10,2027,2072,1306.4745178222656,3,165.54644775390625,3251.3828125
374861032489998::hardwood_clearcut_regen,374861032489998,hardwood_clearcut_regen,10,2027,2072,3761.603759765625,1,0.2289140671491623,0.0
374861032489998::no_management,374861032489998,no_management,10,2027,2072,0.0,0,188.28765869140625,3979.135498046875
374861032489998::public_selection_light,374861032489998,public_selection_light,10,2027,2072,1902.2547302246094,4,171.9618682861328,2773.200439453125
374861032489998::public_thin_restore,374861032489998,public_thin_restore,10,2027,2072,499.1305618286133,3,182.92279052734375,3684.0419921875
374861039489998::hardwood_clearcut_regen,374861039489998,hardwood_clearcut_regen,10,2027,2072,1408.654541015625,1,155.3328094482422,4059.855712890625
374861039489998::no_management,374861039489998,no_management,10,2027,2072,0.0,0,170.8018798828125,4280.07666015625
374861074489998::no_management,374861074489998,no_management,10,2027,2072,0.0,0,153.5735321044922,6978.43359375
374861074489998::pine_plantation_long_rotation,374861074489998,pine_plantation_long_rotation,10,2027,2072,5111.908599853516,2,202.57553100585938,6310.62890625
374861074489998::pine_plantation_short_rotation,374861074489998,pine_plantation_short_rotation,10,2027,2072,3145.146530151367,2,210.97003173828125,7997.9951171875
374861121489998::family_light_thin,374861121489998,family_light_thin,10,2027,2072,300.4266052246094,1,167.95974731445312,5442.86572265625
374861121489998::family_uneven_aged_selection,374861121489998,family_uneven_aged_selection,10,2027,2072,1845.1384887695312,3,123.78482818603516,3983.68017578125
374861121489998::no_management,374861121489998,no_management,10,2027,2072,0.0,0,178.48565673828125,5727.40625
374861121489998::pine_plantation_long_rotation,374861121489998,pine_plantation_long_rotation,10,2027,2072,3150.9892578125,1,109.33965301513672,2717.737548828125
374861121489998::pine_plantation_short_rotation,374861121489998,pine_plantation_short_rotation,10,2027,2072,3150.9892578125,1,109.33965301513672,2717.737548828125
374861121489998::public_selection_light,374861121489998,public_selection_light,10,2027,2072,2633.0107421875,4,90.80472564697266,2933.89990234375
374861121489998::public_thin_restore,374861121489998,public_thin_restore,10,2027,2072,1332.4035339355469,3,129.59906005859375,4248.43212890625
374861136489998::family_light_thin,374861136489998,family_light_thin,10,2027,2072,0.0,0,177.76014709472656,3624.56298828125
374861136489998::family_uneven_aged_selection,374861136489998,family_uneven_aged_selection,10,2027,2072,1089.4180145263672,3,166.6905517578125,3319.32421875
374861136489998::no_management,374861136489998,no_management,10,2027,2072,0.0,0,177.6221160888672,3674.48681640625
374861136489998::public_selection_light,374861136489998,public_selection_light,10,2027,2072,1330.0693664550781,4,136.96400451660156,2566.740966796875
374861136489998::public_thin_restore,374861136489998,public_thin_restore,10,2027,2072,67.68976593017578,1,177.9393310546875,3625.47705078125
374861259489998::hardwood_clearcut_regen,374861259489998,hardwood_clearcut_regen,10,2027,2072,480.5391845703125,1,190.0854034423828,4156.236328125
374861259489998::no_management,374861259489998,no_management,10,2027,2072,0.0,0,179.0117950439453,3189.869140625
374861298489998::family_light_thin,374861298489998,family_light_thin,10,2027,2072,45.2858772277832,1,80.21916961669922,3136.69189453125
374861298489998::family_uneven_aged_selection,374861298489998,family_uneven_aged_selection,10,2027,2072,1053.2356262207031,3,52.279296875,2032.7904052734375
374861298489998::no_management,374861298489998,no_management,10,2027,2072,0.0,0,82.92278289794922,3226.091796875
374861298489998::pine_plantation_long_rotation,374861298489998,pine_plantation_long_rotation,10,2027,2072,2148.0029296875,1,73.82771301269531,1791.778564453125
374861298489998::pine_plantation_short_rotation,374861298489998,pine_plantation_short_rotation,10,2027,2072,2148.0029296875,1,73.82771301269531,1791.778564453125
374861298489998::public_selection_light,374861298489998,public_selection_light,10,2027,2072,1528.6846618652344,4,35.87541198730469,1395.53857421875
374861298489998::public_thin_restore,374861298489998,public_thin_restore,10,2027,2072,289.39885330200195,3,70.03379821777344,2786.8623046875
374861300489998::family_light_thin,374861300489998,family_light_thin,10,2027,2072,297.2264404296875,1,222.5275421142578,7053.23828125
374861300489998::family_uneven_aged_selection,374861300489998,family_uneven_aged_selection,10,2027,2072,2682.0111694335938,3,199.205078125,6273.46337890625
374861300489998::no_management,374861300489998,no_management,10,2027,2072,0.0,0,222.5276641845703,7040.2529296875
374861300489998::pine_plantation_long_rotation,374861300489998,pine_plantation_long_rotation,10,2027,2072,5711.802795410156,2,197.39393615722656,4274.97509765625
374861300489998::pine_plantation_short_rotation,374861300489998,pine_plantation_short_rotation,10,2027,2072,3723.6458435058594,2,222.5277099609375,5820.1552734375
374861300489998::public_selection_light,374861300489998,public_selection_light,10,2027,2072,4137.8890380859375,4,190.01239013671875,5971.14208984375
374861300489998::public_thin_restore,374861300489998,public_thin_restore,10,2027,2072,886.6048431396484,3,222.52757263183594,7034.01416015625
374861302489998::family_light_thin,374861302489998,family_light_thin,10,2027,2072,131.2550048828125,1,193.56495666503906,4549.54296875
374861302489998::family_uneven_aged_selection,374861302489998,family_uneven_aged_selection,10,2027,2072,1395.8530578613281,3,175.1489715576172,3762.379150390625
374861302489998::hardwood_clearcut_regen,374861302489998,hardwood_clearcut_regen,10,2027,2072,2322.238037109375,1,147.71914672851562,2380.818359375
374861302489998::no_management,374861302489998,no_management,10,2027,2072,0.0,0,195.2148895263672,4651.7109375
374861302489998::public_selection_light,374861302489998,public_selection_light,10,2027,2072,1977.2018127441406,4,174.06410217285156,3212.98974609375
374861302489998::public_thin_restore,374861302489998,public_thin_restore,10,2027,2072,639.7152709960938,3,193.5535888671875,4579.22265625
374861328489998::family_light_thin,374861328489998,family_light_thin,10,2027,2072,99.10385131835938,1,222.5276336669922,6365.5625
374861328489998::family_uneven_aged_selection,374861328489998,family_uneven_aged_selection,10,2027,2072,1713.6795501708984,3,198.16795349121094,5642.853515625
374861328489998::no_management,374861328489998,no_management,10,2027,2072,0.0,0,222.52760314941406,6334.43359375
374861328489998::pine_plantation_long_rotation,374861328489998,pine_plantation_long_rotation,10,2027,2072,2973.654867172241,2,141.12191772460938,2166.152099609375
374861328489998::pine_plantation_short_rotation,374861328489998,pine_plantation_short_rotation,10,2027,2072,1112.9120864868164,2,190.3558349609375,4485.4697265625
374861329489998::family_light_thin,374861329489998,family_light_thin,10,2027,2072,62.98457717895508,1,222.5574493408203,6650.314453125
374861329489998::family_uneven_aged_selection,374861329489998,family_uneven_aged_selection,10,2027,2072,2579.1983032226562,3,200.01144409179688,5944.357421875
374861329489998::no_management,374861329489998,no_management,10,2027,2072,0.0,0,222.5728302001953,6628.26953125
374861329489998::pine_plantation_long_rotation,374861329489998,pine_plantation_long_rotation,10,2027,2072,2903.49755859375,1,222.52755737304688,5733.8037109375
374861329489998::pine_plantation_short_rotation,374861329489998,pine_plantation_short_rotation,10,2027,2072,2903.49755859375,1,222.52755737304688,5733.8037109375
374861329489998::public_selection_light,374861329489998,public_selection_light,10,2027,2072,3800.7420043945312,4,173.30445861816406,5165.9208984375
374861329489998::public_thin_restore,374861329489998,public_thin_restore,10,2027,2072,628.5130796432495,3,222.54635620117188,6673.41162109375
374861333489998::family_light_thin,374861333489998,family_light_thin,10,2027,2072,0.0,0,220.10179138183594,3356.529541015625
374861333489998::family_uneven_aged_selection,374861333489998,family_uneven_aged_selection,10,2027,2072,480.1653289794922,2,180.3606414794922,2794.748046875
374861333489998::hardwood_clearcut_regen,374861333489998,hardwood_clearcut_regen,10,2027,2072,0.0,0,215.57989501953125,680.8217163085938
374861333489998::no_management,374861333489998,no_management,10,2027,2072,0.0,0,225.1314239501953,3886.69091796875
374861333489998::public_selection_light,374861333489998,public_selection_light,10,2027,2072,439.98075580596924,3,162.13401794433594,2092.542236328125
374861333489998::public_thin_restore,374861333489998,public_thin_restore,10,2027,2072,275.1351661682129,2,161.0478515625,1809.7841796875
374861334489998::family_light_thin,374861334489998,family_light_thin,10,2027,2072,100.77043151855469,1,146.64866638183594,3460.506103515625
374861334489998::family_uneven_aged_selection,374861334489998,family_uneven_aged_selection,10,2027,2072,931.9410247802734,3,132.76173400878906,3115.104736328125
374861334489998::no_management,374861334489998,no_management,10,2027,2072,0.0,0,151.42041015625,3993.578125
374861334489998::pine_plantation_long_rotation,374861334489998,pine_plantation_long_rotation,10,2027,2072,184.1669158935547,1,143.83323669433594,3238.025390625
374861334489998::pine_plantation_short_rotation,374861334489998,pine_plantation_short_rotation,10,2027,2072,184.1669158935547,1,143.83323669433594,3238.025390625
374861334489998::public_selection_light,374861334489998,public_selection_light,10,2027,2072,1128.8834075927734,4,118.54838562011719,2521.83447265625
374861334489998::public_thin_restore,374861334489998,public_thin_restore,10,2027,2072,572.0060081481934,3,132.47158813476562,2798.68115234375
374861337489998::no_management,374861337489998,no_management,10,2027,2072,0.0,0,178.48558044433594,4545.01904296875
374861337489998::pine_plantation_long_rotation,374861337489998,pine_plantation_long_rotation,10,2027,2072,2042.2776794433594,2,139.4478302001953,2040.067138671875
374861337489998::pine_plantation_short_rotation,374861337489998,pine_plantation_short_rotation,10,2027,2072,1086.4073181152344,2,192.97879028320312,4549.41796875
374861341489998::family_light_thin,374861341489998,family_light_thin,10,2027,2072,72.90042114257812,1,153.4110107421875,2587.967041015625
374861341489998::family_uneven_aged_selection,374861341489998,family_uneven_aged_selection,10,2027,2072,751.0045471191406,3,124.76261901855469,2211.19970703125
374861341489998::hardwood_clearcut_regen,374861341489998,hardwood_clearcut_regen,10,2027,2072,725.513916015625,1,153.1160125732422,2032.7347412109375
374861341489998::no_management,374861341489998,no_management,10,2027,2072,0.0,0,166.8390655517578,3059.499267578125
374861341489998::public_selection_light,374861341489998,public_selection_light,10,2027,2072,961.7584533691406,4,110.74899291992188,1846.7689208984375
374861341489998::public_thin_restore,374861341489998,public_thin_restore,10,2027,2072,462.96715545654297,3,122.71769714355469,2119.532958984375
374861344489998::family_light_thin,374861344489998,family_light_thin,10,2027,2072,45.86515808105469,1,147.3244171142578,1915.2991943359375
374861344489998::family_uneven_aged_selection,374861344489998,family_uneven_aged_selection,10,2027,2072,626.3963775634766,3,120.88355255126953,1360.8328857421875
374861344489998::hardwood_clearcut_regen,374861344489998,hardwood_clearcut_regen,10,2027,2072,932.03271484375,1,121.31494903564453,566.3670654296875
374861344489998::no_management,374861344489998,no_management,10,2027,2072,0.0,0,150.49066162109375,2001.6199951171875
374861344489998::public_selection_light,374861344489998,public_selection_light,10,2027,2072,890.1858367919922,4,104.28670501708984,1033.2647705078125
374861344489998::public_thin_restore,374861344489998,public_thin_restore,10,2027,2072,150.39023971557617,3,135.60321044921875,1782.9473876953125
374861365489998::family_light_thin,374861365489998,family_light_thin,10,2027,2072,0.0,0,38.66501998901367,976.9284057617188
374861365489998::family_uneven_aged_selection,374861365489998,family_uneven_aged_selection,10,2027,2072,392.3870315551758,3,24.576324462890625,620.614013671875
374861365489998::hardwood_clearcut_regen,374861365489998,hardwood_clearcut_regen,10,2027,2072,984.4500732421875,1,90.74272918701172,1628.6177978515625
374861365489998::no_management,374861365489998,no_management,10,2027,2072,0.0,0,38.66501998901367,976.9284057617188
374861365489998::public_selection_light,374861365489998,public_selection_light,10,2027,2072,609.0204010009766,4,17.527549743652344,442.360107421875
374861365489998::public_thin_restore,374861365489998,public_thin_restore,10,2027,2072,0.0,0,38.66501998901367,976.9284057617188
374861391489998::family_light_thin,374861391489998,family_light_thin,10,2027,2072,93.76384735107422,1,184.16226196289062,4034.50830078125
374861391489998::family_uneven_aged_selection,374861391489998,family_uneven_aged_selection,10,2027,2072,1580.7996826171875,3,166.64613342285156,3572.26708984375
374861391489998::no_management,374861391489998,no_management,10,2027,2072,0.0,0,184.20706176757812,4033.26953125
374861391489998::pine_plantation_long_rotation,374861391489998,pine_plantation_long_rotation,10,2027,2072,1863.023681640625,1,182.2612762451172,3455.98046875
374861391489998::pine_plantation_short_rotation,374861391489998,pine_plantation_short_rotation,10,2027,2072,1863.023681640625,1,182.2612762451172,3455.98046875
374861391489998::public_selection_light,374861391489998,public_selection_light,10,2027,2072,2355.782745361328,4,151.15597534179688,3150.037841796875
374861391489998::public_thin_restore,374861391489998,public_thin_restore,10,2027,2072,372.8739471435547,3,184.29103088378906,4035.021240234375
374861395489998::hardwood_clearcut_regen,374861395489998,hardwood_clearcut_regen,10,2027,2072,1863.5572509765625,1,34.768699645996094,10.499833106994629
374861395489998::no_management,374861395489998,no_management,10,2027,2072,0.0,0,210.1409454345703,3408.91796875
374861410489998::family_light_thin,374861410489998,family_light_thin,10,2027,2072,92.85335540771484,1,277.9065246582031,7210.87890625
374861410489998::family_uneven_aged_selection,374861410489998,family_uneven_aged_selection,10,2027,2072,3038.80908203125,3,245.9762420654297,5975.23046875
374861410489998::hardwood_clearcut_regen,374861410489998,hardwood_clearcut_regen,10,2027,2072,6530.53369140625,1,175.2602081298828,3201.121337890625
374861410489998::no_management,374861410489998,no_management,10,2027,2072,0.0,0,277.31573486328125,7182.66455078125
374861410489998::public_selection_light,374861410489998,public_selection_light,10,2027,2072,4791.99169921875,4,206.451904296875,4747.1845703125
374861410489998::public_thin_restore,374861410489998,public_thin_restore,10,2027,2072,478.5587043762207,3,278.802978515625,7322.32177734375
374861459489998::family_light_thin,374861459489998,family_light_thin,10,2027,2072,185.88369750976562,1,197.5093231201172,6740.8271484375
374861459489998::family_uneven_aged_selection,374861459489998,family_uneven_aged_selection,10,2027,2072,2797.7734375,3,175.46295166015625,5999.29296875
374861459489998::hardwood_clearcut_regen,374861459489998,hardwood_clearcut_regen,10,2027,2072,4763.75244140625,1,196.0399932861328,6040.53564453125
374861459489998::no_management,374861459489998,no_management,10,2027,2072,0.0,0,197.1322784423828,6709.70849609375
374861459489998::public_selection_light,374861459489998,public_selection_light,10,2027,2072,4287.2994384765625,4,151.9024200439453,5115.62353515625
374861459489998::public_thin_restore,374861459489998,public_thin_restore,10,2027,2072,695.9722595214844,3,198.6759033203125,6800.35498046875
374861464489998::family_light_thin,374861464489998,family_light_thin,10,2027,2072,55.70853805541992,1,179.54200744628906,7528.00927734375
374861464489998::family_uneven_aged_selection,374861464489998,family_uneven_aged_selection,10,2027,2072,2437.8399658203125,3,134.67938232421875,5566.93603515625
374861464489998::no_management,374861464489998,no_management,10,2027,2072,0.0,0,179.9338836669922,7491.51171875
374861464489998::pine_plantation_long_rotation,374861464489998,pine_plantation_long_rotation,10,2027,2072,2929.86962890625,1,178.64602661132812,6305.24853515625
374861464489998::pine_plantation_short_rotation,374861464489998,pine_plantation_short_rotation,10,2027,2072,2929.86962890625,1,178.64602661132812,6305.24853515625
374861464489998::public_selection_light,374861464489998,public_selection_light,10,2027,2072,3489.1849975585938,4,104.77192687988281,4339.16357421875
374861464489998::public_thin_restore,374861464489998,public_thin_restore,10,2027,2072,361.1025848388672,3,173.968994140625,7374.892578125
374861493489998::family_light_thin,374861493489998,family_light_thin,10,2027,2072,319.55145263671875,1,285.04962158203125,7662.18505859375
374861493489998::family_uneven_aged_selection,374861493489998,family_uneven_aged_selection,10,2027,2072,3170.751708984375,3,258.9542541503906,6429.61865234375
374861493489998::hardwood_clearcut_regen,374861493489998,hardwood_clearcut_regen,10,2027,2072,6872.1826171875,1,114.38126373291016,205.25987243652344
374861493489998::no_management,374861493489998,no_management,10,2027,2072,0.0,0,285.45098876953125,7711.75634765625
374861493489998::public_selection_light,374861493489998,public_selection_light,10,2027,2072,4723.9847412109375,4,207.4269561767578,4837.46923828125
374861493489998::public_thin_restore,374861493489998,public_thin_restore,10,2027,2072,1307.1907806396484,3,286.86212158203125,7592.42138671875
374861495489998::family_light_thin,374861495489998,family_light_thin,10,2027,2072,34.172767639160156,1,233.36276245117188,3539.894287109375
374861495489998::family_uneven_aged_selection,374861495489998,family_uneven_aged_selection,10,2027,2072,1030.793701171875,3,179.78872680664062,2564.7470703125
374861495489998::hardwood_clearcut_regen,374861495489998,hardwood_clearcut_regen,10,2027,2072,1309.1724853515625,1,94.66903686523438,984.8696899414062
374861495489998::no_management,374861495489998,no_management,10,2027,2072,0.0,0,233.803466796875,3530.307861328125
374861495489998::public_selection_light,374861495489998,public_selection_light,10,2027,2072,1368.1168212890625,4,134.6580047607422,1874.5721435546875
374861495489998::public_thin_restore,374861495489998,public_thin_restore,10,2027,2072,143.29546880722046,3,205.98411560058594,3376.010986328125
374861498489998::family_light_thin,374861498489998,family_light_thin,10,2027,2072,117.34525299072266,1,227.501220703125,3017.37646484375
374861498489998::family_uneven_aged_selection,374861498489998,family_uneven_aged_selection,10,2027,2072,942.4433288574219,3,219.43218994140625,2846.877197265625
374861498489998::hardwood_clearcut_regen,374861498489998,hardwood_clearcut_regen,10,2027,2072,784.96484375,1,152.4951629638672,200.42271423339844
374861498489998::no_management,374861498489998,no_management,10,2027,2072,0.0,0,227.693115234375,3208.50439453125
374861498489998::public_selection_light,374861498489998,public_selection_light,10,2027,2072,1274.9037628173828,4,227.239501953125,2613.439208984375
374861498489998::public_thin_restore,374861498489998,public_thin_restore,10,2027,2072,489.5735855102539,3,227.45973205566406,2972.989013671875
374861500489998::family_light_thin,374861500489998,family_light_thin,10,2027,2072,45.90346908569336,1,152.96095275878906,3425.743896484375
374861500489998::family_uneven_aged_selection,374861500489998,family_uneven_aged_selection,10,2027,2072,891.8568649291992,3,141.62249755859375,3137.71044921875
374861500489998::hardwood_clearcut_regen,374861500489998,hardwood_clearcut_regen,10,2027,2072,2268.012939453125,1,70.8125991821289,187.90658569335938
374861500489998::no_management,374861500489998,no_management,10,2027,2072,0.0,0,151.0257110595703,3421.467529296875
374861503489998::family_light_thin,374861503489998,family_light_thin,10,2027,2072,62.95896911621094,1,187.05160522460938,4574.935546875
374861503489998::family_uneven_aged_selection,374861503489998,family_uneven_aged_selection,10,2027,2072,1556.9689636230469,3,158.08822631835938,3693.823486328125
374861503489998::hardwood_clearcut_regen,374861503489998,hardwood_clearcut_regen,10,2027,2072,2320.0830078125,1,168.26429748535156,3344.91650390625
374861503489998::no_management,374861503489998,no_management,10,2027,2072,0.0,0,186.2067108154297,4535.1025390625
374861503489998::public_selection_light,374861503489998,public_selection_light,10,2027,2072,2254.1309814453125,4,131.4449005126953,2932.17236328125
374861503489998::public_thin_restore,374861503489998,public_thin_restore,10,2027,2072,382.1674270629883,3,187.69837951660156,4683.89990234375
374861504489998::family_light_thin,374861504489998,family_light_thin,10,2027,2072,201.09194946289062,1,178.73008728027344,4902.3955078125
374861504489998::family_uneven_aged_selection,374861504489998,family_uneven_aged_selection,10,2027,2072,1899.6802978515625,3,158.31863403320312,4318.6396484375
374861504489998::no_management,374861504489998,no_management,10,2027,2072,0.0,0,178.7246856689453,4912.18310546875
374861504489998::pine_plantation_long_rotation,374861504489998,pine_plantation_long_rotation,10,2027,2072,4243.9163818359375,2,168.74945068359375,3337.809814453125
374861504489998::pine_plantation_short_rotation,374861504489998,pine_plantation_short_rotation,10,2027,2072,2789.7576293945312,2,218.8018341064453,5443.5869140625
374861504489998::public_selection_light,374861504489998,public_selection_light,10,2027,2072,2952.2698364257812,4,151.1499481201172,4067.8818359375
374861504489998::public_thin_restore,374861504489998,public_thin_restore,10,2027,2072,819.6386413574219,3,178.72581481933594,4897.8701171875
374861516489998::family_light_thin,374861516489998,family_light_thin,10,2027,2072,29.434953689575195,1,202.0778045654297,4219.94287109375
374861516489998::family_uneven_aged_selection,374861516489998,family_uneven_aged_selection,10,2027,2072,1585.1026916503906,3,182.88844299316406,3272.677490234375
374861516489998::hardwood_clearcut_regen,374861516489998,hardwood_clearcut_regen,10,2027,2072,2789.5810546875,1,153.924072265625,3749.673095703125
374861516489998::no_management,374861516489998,no_management,10,2027,2072,0.0,0,201.83200073242188,4118.044921875
374861516489998::public_selection_light,374861516489998,public_selection_light,10,2027,2072,2362.211669921875,4,158.62603759765625,2632.97509765625
374861516489998::public_thin_restore,374861516489998,public_thin_restore,10,2027,2072,148.8977565765381,3,204.50364685058594,4376.75146484375
374861518489998::family_light_thin,374861518489998,family_light_thin,10,2027,2072,168.93292236328125,1,235.67315673828125,5558.47216796875
374861518489998::family_uneven_aged_selection,374861518489998,family_uneven_aged_selection,10,2027,2072,1915.9555053710938,3,196.51991271972656,4239.59228515625
374861518489998::hardwood_clearcut_regen,374861518489998,hardwood_clearcut_regen,10,2027,2072,3179.33447265625,1,200.53976440429688,3785.20654296875
374861518489998::no_management,374861518489998,no_management,10,2027,2072,0.0,0,234.59544372558594,5556.85595703125
374861518489998::public_selection_light,374861518489998,public_selection_light,10,2027,2072,2766.423583984375,4,167.12841796875,3306.154541015625
374861518489998::public_thin_restore,374861518489998,public_thin_restore,10,2027,2072,594.8691940307617,3,233.2489776611328,5588.99462890625
374861522489998::family_light_thin,374861522489998,family_light_thin,10,2027,2072,76.36256408691406,1,211.7307891845703,4347.22265625
374861522489998::family_uneven_aged_selection,374861522489998,family_uneven_aged_selection,10,2027,2072,1514.9504089355469,3,189.92140197753906,3535.289306640625
374861522489998::hardwood_clearcut_regen,374861522489998,hardwood_clearcut_regen,10,2027,2072,2533.22509765625,1,176.9815216064453,1873.3306884765625
374861522489998::no_management,374861522489998,no_management,10,2027,2072,0.0,0,212.2727813720703,4386.03466796875
374861522489998::public_selection_light,374861522489998,public_selection_light,10,2027,2072,2147.4779052734375,4,161.44410705566406,2745.197998046875
374861522489998::public_thin_restore,374861522489998,public_thin_restore,10,2027,2072,539.8075866699219,3,214.4912872314453,4351.7392578125
374861529489998::family_light_thin,374861529489998,family_light_thin,10,2027,2072,127.79076385498047,1,215.58901977539062,5057.01513671875
374861529489998::family_uneven_aged_selection,374861529489998,family_uneven_aged_selection,10,2027,2072,1949.0228881835938,3,192.58839416503906,4079.666748046875
374861529489998::no_management,374861529489998,no_management,10,2027,2072,0.0,0,217.60354614257812,4978.34521484375
374861529489998::pine_plantation_long_rotation,374861529489998,pine_plantation_long_rotation,10,2027,2072,3457.1904296875,1,176.30047607421875,2239.026611328125
374861529489998::pine_plantation_short_rotation,374861529489998,pine_plantation_short_rotation,10,2027,2072,3457.1904296875,1,176.30047607421875,2239.026611328125
374861529489998::public_selection_light,374861529489998,public_selection_light,10,2027,2072,2871.5136108398438,4,153.10984802246094,3097.5029296875
374861529489998::public_thin_restore,374861529489998,public_thin_restore,10,2027,2072,673.4561462402344,3,212.6302490234375,5036.5322265625
374861532489998::family_light_thin,374861532489998,family_light_thin,10,2027,2072,0.27691033482551575,1,178.52322387695312,7432.04736328125
374861532489998::family_uneven_aged_selection,374861532489998,family_uneven_aged_selection,10,2027,2072,2863.1942749023438,3,155.10183715820312,6438.7783203125
374861532489998::no_management,374861532489998,no_management,10,2027,2072,0.0,0,178.52420043945312,7438.21630859375
374861532489998::pine_plantation_long_rotation,374861532489998,pine_plantation_long_rotation,10,2027,2072,5861.0777587890625,2,206.36468505859375,6665.20703125
374861532489998::pine_plantation_short_rotation,374861532489998,pine_plantation_short_rotation,10,2027,2072,5057.108389854431,2,221.23651123046875,8522.927734375
374861532489998::public_selection_light,374861532489998,public_selection_light,10,2027,2072,4710.293762207031,4,142.46363830566406,5882.88671875
374861532489998::public_thin_restore,374861532489998,public_thin_restore,10,2027,2072,69.16340382397175,3,178.53277587890625,7432.130859375
374861537489998::family_light_thin,374861537489998,family_light_thin,10,2027,2072,64.13209533691406,1,179.3074188232422,6161.6982421875
374861537489998::family_uneven_aged_selection,374861537489998,family_uneven_aged_selection,10,2027,2072,2253.3519897460938,3,160.50392150878906,5224.7158203125
374861537489998::no_management,374861537489998,no_management,10,2027,2072,0.0,0,179.2825927734375,6111.880859375
374861537489998::pine_plantation_long_rotation,374861537489998,pine_plantation_long_rotation,10,2027,2072,4041.5645141601562,2,217.15621948242188,6522.3046875
374861537489998::pine_plantation_short_rotation,374861537489998,pine_plantation_short_rotation,10,2027,2072,2530.087158203125,1,180.08212280273438,5390.94677734375
374861537489998::public_selection_light,374861537489998,public_selection_light,10,2027,2072,3178.9806518554688,4,135.73001098632812,4328.3056640625
374861537489998::public_thin_restore,374861537489998,public_thin_restore,10,2027,2072,492.0271453857422,3,179.0773162841797,6256.0625
374861540489998::family_light_thin,374861540489998,family_light_thin,10,2027,2072,753.6158447265625,1,222.41627502441406,8712.130859375
374861540489998::family_uneven_aged_selection,374861540489998,family_uneven_aged_selection,10,2027,2072,2589.8341064453125,3,193.0152587890625,7506.39306640625
374861540489998::no_management,374861540489998,no_management,10,2027,2072,0.0,0,220.49411010742188,8738.8720703125
374861540489998::pine_plantation_long_rotation,374861540489998,pine_plantation_long_rotation,10,2027,2072,4014.6180725097656,2,183.8779296875,4615.7646484375
374861540489998::pine_plantation_short_rotation,374861540489998,pine_plantation_short_rotation,10,2027,2072,1905.0234069824219,2,222.52764892578125,6786.0390625
374861540489998::public_selection_light,374861540489998,public_selection_light,10,2027,2072,3515.7584533691406,4,160.9046630859375,6323.86376953125
374861540489998::public_thin_restore,374861540489998,public_thin_restore,10,2027,2072,2573.815216064453,3,162.90335083007812,6529.4990234375
374861541489998::family_light_thin,374861541489998,family_light_thin,10,2027,2072,57.010318756103516,1,181.87220764160156,5800.74072265625
374861541489998::family_uneven_aged_selection,374861541489998,family_uneven_aged_selection,10,2027,2072,2237.1610107421875,3,161.3541717529297,5038.37353515625
374861541489998::no_management,374861541489998,no_management,10,2027,2072,0.0,0,181.95285034179688,5784.2490234375
374861541489998::pine_plantation_long_rotation,374861541489998,pine_plantation_long_rotation,10,2027,2072,4229.855224609375,2,208.6792449951172,5759.154296875
374861541489998::pine_plantation_short_rotation,374861541489998,pine_plantation_short_rotation,10,2027,2072,2402.066162109375,1,181.8885040283203,4999.095703125
374861541489998::public_selection_light,374861541489998,public_selection_light,10,2027,2072,3364.9610595703125,4,150.74551391601562,4618.83251953125
374861541489998::public_thin_restore,374861541489998,public_thin_restore,10,2027,2072,563.6061477661133,3,182.25982666015625,5848.693359375
374861554489998::family_light_thin,374861554489998,family_light_thin,10,2027,2072,31.203676223754883,1,190.0188751220703,5265.4111328125
374861554489998::family_uneven_aged_selection,374861554489998,family_uneven_aged_selection,10,2027,2072,1833.4962158203125,3,175.30674743652344,4606.4482421875
374861554489998::no_management,374861554489998,no_management,10,2027,2072,0.0,0,190.58944702148438,5357.427734375
374861554489998::pine_plantation_long_rotation,374861554489998,pine_plantation_long_rotation,10,2027,2072,3227.40234375,1,182.61260986328125,5723.349609375
374861554489998::pine_plantation_short_rotation,374861554489998,pine_plantation_short_rotation,10,2027,2072,3227.40234375,1,182.61260986328125,5723.349609375
374861554489998::public_selection_light,374861554489998,public_selection_light,10,2027,2072,2787.35595703125,4,179.93113708496094,4252.3447265625
374861554489998::public_thin_restore,374861554489998,public_thin_restore,10,2027,2072,275.2686080932617,3,189.06594848632812,5349.62548828125
374861563489998::family_light_thin,374861563489998,family_light_thin,10,2027,2072,155.0960693359375,1,179.80804443359375,4552.91015625
374861563489998::family_uneven_aged_selection,374861563489998,family_uneven_aged_selection,10,2027,2072,1363.0838623046875,3,146.2985382080078,3554.765869140625
374861563489998::no_management,374861563489998,no_management,10,2027,2072,0.0,0,179.23788452148438,4484.92236328125
374861563489998::pine_plantation_long_rotation,374861563489998,pine_plantation_long_rotation,10,2027,2072,1310.205078125,1,164.09347534179688,3807.025390625
374861563489998::pine_plantation_short_rotation,374861563489998,pine_plantation_short_rotation,10,2027,2072,1310.205078125,1,164.09347534179688,3807.025390625
374861563489998::public_selection_light,374861563489998,public_selection_light,10,2027,2072,1889.6161804199219,4,122.46521759033203,2939.7060546875
374861563489998::public_thin_restore,374861563489998,public_thin_restore,10,2027,2072,481.3063049316406,3,158.66116333007812,4172.90185546875
374861569489998::family_light_thin,374861569489998,family_light_thin,10,2027,2072,71.2701187133789,1,222.52783203125,7154.70947265625
374861569489998::family_uneven_aged_selection,374861569489998,family_uneven_aged_selection,10,2027,2072,2738.6442260742188,3,204.5468292236328,6518.96484375
374861569489998::no_management,374861569489998,no_management,10,2027,2072,0.0,0,222.52781677246094,7142.31884765625
374861569489998::pine_plantation_long_rotation,374861569489998,pine_plantation_long_rotation,10,2027,2072,5907.711364746094,2,222.99322509765625,4916.5537109375
374861569489998::pine_plantation_short_rotation,374861569489998,pine_plantation_short_rotation,10,2027,2072,3957.2437438964844,2,222.52769470214844,5876.080078125
374861569489998::public_selection_light,374861569489998,public_selection_light,10,2027,2072,4223.688903808594,4,191.7001190185547,6084.5458984375
374861569489998::public_thin_restore,374861569489998,public_thin_restore,10,2027,2072,557.3381042480469,3,222.52755737304688,7158.0947265625
374861575489998::family_light_thin,374861575489998,family_light_thin,10,2027,2072,64.02886199951172,1,162.61070251464844,3506.050048828125
374861575489998::family_uneven_aged_selection,374861575489998,family_uneven_aged_selection,10,2027,2072,1173.1102905273438,3,144.39918518066406,2756.22900390625
374861575489998::no_management,374861575489998,no_management,10,2027,2072,0.0,0,162.1033172607422,3604.978271484375
374861575489998::pine_plantation_long_rotation,374861575489998,pine_plantation_long_rotation,10,2027,2072,1733.1090087890625,1,136.27499389648438,2253.3505859375
374861587489998::family_light_thin,374861587489998,family_light_thin,10,2027,2072,22.250818252563477,1,163.2678985595703,2606.718017578125
374861587489998::family_uneven_aged_selection,374861587489998,family_uneven_aged_selection,10,2027,2072,870.2241516113281,3,122.57868194580078,1742.733642578125
374861587489998::hardwood_clearcut_regen,374861587489998,hardwood_clearcut_regen,10,2027,2072,1767.083740234375,1,111.09935760498047,1070.7943115234375
374861587489998::no_management,374861587489998,no_management,10,2027,2072,0.0,0,167.1502227783203,2519.10205078125
374861587489998::public_selection_light,374861587489998,public_selection_light,10,2027,2072,1329.5360412597656,4,100.39044952392578,1357.1837158203125
374861587489998::public_thin_restore,374861587489998,public_thin_restore,10,2027,2072,123.72995376586914,3,148.75392150878906,2627.181640625
374861589489998::family_light_thin,374861589489998,family_light_thin,10,2027,2072,21.729536056518555,1,220.1280059814453,3398.376708984375
374861589489998::family_uneven_aged_selection,374861589489998,family_uneven_aged_selection,10,2027,2072,855.7465667724609,3,211.8380889892578,3513.03076171875
374861589489998::hardwood_clearcut_regen,374861589489998,hardwood_clearcut_regen,10,2027,2072,2401.797119140625,1,16.090959548950195,0.0
374861589489998::no_management,374861589489998,no_management,10,2027,2072,0.0,0,221.18679809570312,3696.40234375
374861589489998::public_selection_light,374861589489998,public_selection_light,10,2027,2072,1043.7861080169678,4,217.14828491210938,3463.685546875
374861589489998::public_thin_restore,374861589489998,public_thin_restore,10,2027,2072,327.5491485595703,2,213.00796508789062,3290.52880859375
374861608489998::family_light_thin,374861608489998,family_light_thin,10,2027,2072,28.688003540039062,1,167.3929901123047,2404.0576171875
374861608489998::family_uneven_aged_selection,374861608489998,family_uneven_aged_selection,10,2027,2072,691.5889434814453,3,149.67054748535156,1980.0072021484375
374861608489998::hardwood_clearcut_regen,374861608489998,hardwood_clearcut_regen,10,2027,2072,882.7265625,1,149.31944274902344,2540.21533203125
374861608489998::no_management,374861608489998,no_management,10,2027,2072,0.0,0,167.9700927734375,2489.947265625
374861608489998::public_selection_light,374861608489998,public_selection_light,10,2027,2072,956.2288970947266,4,135.2215576171875,1694.837890625
374861608489998::public_thin_restore,374861608489998,public_thin_restore,10,2027,2072,218.2325897216797,3,165.0370330810547,2363.5244140625
374861672489998::family_light_thin,374861672489998,family_light_thin,10,2027,2072,225.8475341796875,1,176.39317321777344,3829.428955078125
374861672489998::family_uneven_aged_selection,374861672489998,family_uneven_aged_selection,10,2027,2072,1225.945068359375,3,161.71595764160156,3406.298828125
374861672489998::no_management,374861672489998,no_management,10,2027,2072,0.0,0,176.35292053222656,4011.40576171875
374861672489998::pine_plantation_long_rotation,374861672489998,pine_plantation_long_rotation,10,2027,2072,2227.794403076172,2,178.13853454589844,2639.00244140625
374861672489998::pine_plantation_short_rotation,374861672489998,pine_plantation_short_rotation,10,2027,2072,1461.1507873535156,2,193.71194458007812,4086.97607421875
374861672489998::public_selection_light,374861672489998,public_selection_light,10,2027,2072,1797.3051147460938,4,163.41233825683594,3138.91552734375
374861672489998::public_thin_restore,374861672489998,public_thin_restore,10,2027,2072,802.5775299072266,3,178.75062561035156,3665.761474609375
374861676489998::family_light_thin,374861676489998,family_light_thin,10,2027,2072,181.59268188476562,1,178.4857177734375,6300.26953125
374861676489998::family_uneven_aged_selection,374861676489998,family_uneven_aged_selection,10,2027,2072,2399.966796875,3,162.70008850097656,5705.224609375
374861676489998::no_management,374861676489998,no_management,10,2027,2072,0.0,0,178.48556518554688,6296.65283203125
374861676489998::pine_plantation_long_rotation,374861676489998,pine_plantation_long_rotation,10,2027,2072,5454.948486328125,2,188.7744903564453,5190.81298828125
374861676489998::pine_plantation_short_rotation,374861676489998,pine_plantation_short_rotation,10,2027,2072,4523.807678222656,2,222.52761840820312,7405.89501953125
374861676489998::public_selection_light,374861676489998,public_selection_light,10,2027,2072,3876.7987670898438,4,148.0364990234375,5173.89013671875
374861676489998::public_thin_restore,374861676489998,public_thin_restore,10,2027,2072,854.4317531585693,3,178.48548889160156,6299.9892578125
374861678489998::family_light_thin,374861678489998,family_light_thin,10,2027,2072,99.66326141357422,1,161.143310546875,3801.164306640625
374861678489998::family_uneven_aged_selection,374861678489998,family_uneven_aged_selection,10,2027,2072,989.5205078125,3,146.70289611816406,3488.1552734375
374861678489998::hardwood_clearcut_regen,374861678489998,hardwood_clearcut_regen,10,2027,2072,3429.142333984375,1,4.1562957763671875,0.0
374861678489998::no_management,374861678489998,no_management,10,2027,2072,0.0,0,162.6190643310547,4126.66064453125
374861678489998::public_selection_light,374861678489998,public_selection_light,10,2027,2072,1223.4185256958008,4,137.77108764648438,3065.875
374861678489998::public_thin_restore,374861678489998,public_thin_restore,10,2027,2072,569.4436645507812,2,143.17385864257812,3297.473876953125
374861690489998::family_light_thin,374861690489998,family_light_thin,10,2027,2072,151.97296142578125,1,202.76889038085938,5347.927734375
374861690489998::family_uneven_aged_selection,374861690489998,family_uneven_aged_selection,10,2027,2072,2270.22900390625,3,194.24371337890625,4801.21875
374861690489998::hardwood_clearcut_regen,374861690489998,hardwood_clearcut_regen,10,2027,2072,3767.292236328125,1,136.38470458984375,1911.2420654296875
374861690489998::no_management,374861690489998,no_management,10,2027,2072,0.0,0,202.1893768310547,5287.19970703125
374861690489998::public_selection_light,374861690489998,public_selection_light,10,2027,2072,3494.0531005859375,4,177.49215698242188,4177.71044921875
374861690489998::public_thin_restore,374861690489998,public_thin_restore,10,2027,2072,625.2753601074219,3,205.3638458251953,5491.08544921875
374861703489998::family_light_thin,374861703489998,family_light_thin,10,2027,2072,26.181720733642578,1,170.72799682617188,4413.10546875
374861703489998::family_uneven_aged_selection,374861703489998,family_uneven_aged_selection,10,2027,2072,1530.6487121582031,3,109.97504425048828,2809.336669921875
374861703489998::hardwood_clearcut_regen,374861703489998,hardwood_clearcut_regen,10,2027,2072,3314.250244140625,1,77.59953308105469,982.8788452148438
374861703489998::no_management,374861703489998,no_management,10,2027,2072,0.0,0,174.45953369140625,4492.5634765625
374861703489998::public_selection_light,374861703489998,public_selection_light,10,2027,2072,2307.1607971191406,4,81.68119049072266,2037.5289306640625
374861703489998::public_thin_restore,374861703489998,public_thin_restore,10,2027,2072,101.53401947021484,3,155.9595184326172,4205.0205078125
374861704489998::family_light_thin,374861704489998,family_light_thin,10,2027,2072,128.10044860839844,1,178.4857177734375,5117.69873046875
374861704489998::family_uneven_aged_selection,374861704489998,family_uneven_aged_selection,10,2027,2072,2080.5296020507812,3,161.86004638671875,4624.2900390625
374861704489998::no_management,374861704489998,no_management,10,2027,2072,0.0,0,178.48597717285156,5115.9541015625
374861704489998::pine_plantation_long_rotation,374861704489998,pine_plantation_long_rotation,10,2027,2072,4961.941955566406,2,168.17701721191406,3456.3544921875
374861704489998::pine_plantation_short_rotation,374861704489998,pine_plantation_short_rotation,10,2027,2072,4402.440368652344,2,210.67539978027344,5407.4873046875
374861704489998::public_selection_light,374861704489998,public_selection_light,10,2027,2072,3424.6653442382812,4,145.57142639160156,4152.4609375
374861704489998::public_thin_restore,374861704489998,public_thin_restore,10,2027,2072,807.617091178894,3,178.48541259765625,5119.3037109375
374861794489998::family_light_thin,374861794489998,family_light_thin,10,2027,2072,180.3638458251953,1,102.94860076904297,2011.147705078125
374861794489998::family_uneven_aged_selection,374861794489998,family_uneven_aged_selection,10,2027,2072,658.0007019042969,3,82.45997619628906,1551.8482666015625
374861794489998::no_management,374861794489998,no_management,10,2027,2072,0.0,0,128.8652801513672,2425.85107421875
374861794489998::pine_plantation_long_rotation,374861794489998,pine_plantation_long_rotation,10,2027,2072,933.103271484375,1,55.392459869384766,913.2462158203125
374861794489998::pine_plantation_short_rotation,374861794489998,pine_plantation_short_rotation,10,2027,2072,933.103271484375,1,55.392459869384766,913.2462158203125
374861796489998::family_light_thin,374861796489998,family_light_thin,10,2027,2072,0.0,0,138.73443603515625,2198.142822265625
374861796489998::family_uneven_aged_selection,374861796489998,family_uneven_aged_selection,10,2027,2072,629.9928741455078,3,114.64273071289062,1819.29833984375
374861796489998::hardwood_clearcut_regen,374861796489998,hardwood_clearcut_regen,10,2027,2072,933.07861328125,1,169.14865112304688,2848.121337890625
374861796489998::no_management,374861796489998,no_management,10,2027,2072,0.0,0,137.24835205078125,2049.1123046875
374861796489998::public_selection_light,374861796489998,public_selection_light,10,2027,2072,859.1045227050781,4,105.57954406738281,1605.9649658203125
374861796489998::public_thin_restore,374861796489998,public_thin_restore,10,2027,2072,1.1758403778076172,1,120.65282440185547,2104.59228515625
374861876489998::family_light_thin,374861876489998,family_light_thin,10,2027,2072,52.42015838623047,1,153.91488647460938,4496.51318359375
374861876489998::family_uneven_aged_selection,374861876489998,family_uneven_aged_selection,10,2027,2072,1103.9657516479492,3,134.50051879882812,3922.60546875
374861876489998::no_management,374861876489998,no_management,10,2027,2072,0.0,0,153.91493225097656,4531.4736328125
374861876489998::pine_plantation_long_rotation,374861876489998,pine_plantation_long_rotation,10,2027,2072,1727.9577560424805,2,138.9668426513672,2099.0283203125
374861876489998::pine_plantation_short_rotation,374861876489998,pine_plantation_short_rotation,10,2027,2072,425.6338806152344,1,193.8315887451172,4539.72021484375
374861921489998::family_light_thin,374861921489998,family_light_thin,10,2027,2072,15.538284301757812,1,83.78353118896484,3048.95654296875
374861921489998::family_uneven_aged_selection,374861921489998,family_uneven_aged_selection,10,2027,2072,1028.0216369628906,3,53.244712829589844,1937.859375
374861921489998::no_management,374861921489998,no_management,10,2027,2072,0.0,0,84.76802062988281,3083.9345703125
374861921489998::pine_plantation_long_rotation,374861921489998,pine_plantation_long_rotation,10,2027,2072,2092.670654296875,1,103.13806915283203,2059.93994140625
374861921489998::pine_plantation_short_rotation,374861921489998,pine_plantation_short_rotation,10,2027,2072,2092.670654296875,1,103.13806915283203,2059.93994140625
374861921489998::public_selection_light,374861921489998,public_selection_light,10,2027,2072,1495.2578430175781,4,36.32949447631836,1322.6478271484375
374861921489998::public_thin_restore,374861921489998,public_thin_restore,10,2027,2072,32.670273780822754,3,82.98464965820312,3020.251953125
374861925489998::family_light_thin,374861925489998,family_light_thin,10,2027,2072,0.0,0,99.18873596191406,2331.89404296875
374861925489998::family_uneven_aged_selection,374861925489998,family_uneven_aged_selection,10,2027,2072,550.3504028320312,3,85.40022277832031,1948.471435546875
374861925489998::no_management,374861925489998,no_management,10,2027,2072,0.0,0,119.89490509033203,2740.4013671875
374861925489998::pine_plantation_long_rotation,374861925489998,pine_plantation_long_rotation,10,2027,2072,390.3122863769531,1,121.78058624267578,2636.728271484375
374861925489998::public_selection_light,374861925489998,public_selection_light,10,2027,2072,659.587028503418,4,67.85214233398438,1549.05078125
374861925489998::public_thin_restore,374861925489998,public_thin_restore,10,2027,2072,194.50141143798828,2,70.00846862792969,1730.512451171875
374861932489998::family_light_thin,374861932489998,family_light_thin,10,2027,2072,82.66686248779297,1,205.33416748046875,4539.12890625
374861932489998::family_uneven_aged_selection,374861932489998,family_uneven_aged_selection,10,2027,2072,1459.3128051757812,3,162.2798614501953,3452.42578125
374861932489998::no_management,374861932489998,no_management,10,2027,2072,0.0,0,206.0259246826172,4639.8681640625
374861932489998::pine_plantation_long_rotation,374861932489998,pine_plantation_long_rotation,10,2027,2072,2014.6763916015625,1,188.0496368408203,3318.58056640625
374861932489998::pine_plantation_short_rotation,374861932489998,pine_plantation_short_rotation,10,2027,2072,2014.6763916015625,1,188.0496368408203,3318.58056640625
374861932489998::public_selection_light,374861932489998,public_selection_light,10,2027,2072,2071.4110107421875,4,139.89947509765625,2740.7509765625
374861932489998::public_thin_restore,374861932489998,public_thin_restore,10,2027,2072,321.19510650634766,3,186.65902709960938,4313.11865234375
374861934489998::family_light_thin,374861934489998,family_light_thin,10,2027,2072,369.1681213378906,1,221.6479949951172,9181.8779296875
374861934489998::family_uneven_aged_selection,374861934489998,family_uneven_aged_selection,10,2027,2072,2893.9635620117188,3,197.88577270507812,8165.8046875
374861934489998::no_management,374861934489998,no_management,10,2027,2072,0.0,0,221.7802276611328,9176.2021484375
374861934489998::pine_plantation_long_rotation,374861934489998,pine_plantation_long_rotation,10,2027,2072,5952.261077880859,2,166.87127685546875,4005.184326171875
374861934489998::pine_plantation_short_rotation,374861934489998,pine_plantation_short_rotation,10,2027,2072,2926.89013671875,2,219.7571563720703,7283.51171875
374861934489998::public_selection_light,374861934489998,public_selection_light,10,2027,2072,3776.0631103515625,4,176.82215881347656,7297.29931640625
374861934489998::public_thin_restore,374861934489998,public_thin_restore,10,2027,2072,1132.4867248535156,3,220.34341430664062,9163.7822265625
374861936489998::family_light_thin,374861936489998,family_light_thin,10,2027,2072,4.466843128204346,1,191.21177673339844,3385.421142578125
374861936489998::family_uneven_aged_selection,374861936489998,family_uneven_aged_selection,10,2027,2072,711.8408050537109,3,152.39920043945312,2859.604736328125
374861936489998::hardwood_clearcut_regen,374861936489998,hardwood_clearcut_regen,10,2027,2072,2506.523193359375,1,16.569580078125,0.0
374861936489998::no_management,374861936489998,no_management,10,2027,2072,0.0,0,193.0037841796875,3640.052734375
374861936489998::public_selection_light,374861936489998,public_selection_light,10,2027,2072,875.5107650756836,4,140.6017303466797,2601.931640625
374861936489998::public_thin_restore,374861936489998,public_thin_restore,10,2027,2072,167.2943115234375,3,159.46795654296875,3000.92724609375
374861937489998::family_light_thin,374861937489998,family_light_thin,10,2027,2072,142.76815795898438,1,182.44979858398438,4111.87646484375
374861937489998::family_uneven_aged_selection,374861937489998,family_uneven_aged_selection,10,2027,2072,1665.5101318359375,3,167.53750610351562,3622.976806640625
374861937489998::no_management,374861937489998,no_management,10,2027,2072,0.0,0,182.20623779296875,4150.14208984375
374861937489998::pine_plantation_long_rotation,374861937489998,pine_plantation_long_rotation,10,2027,2072,3731.0819396972656,2,196.7368927001953,3482.84912109375
374861937489998::pine_plantation_short_rotation,374861937489998,pine_plantation_short_rotation,10,2027,2072,3144.366943359375,1,172.94874572753906,2700.916748046875
374861937489998::public_selection_light,374861937489998,public_selection_light,10,2027,2072,2752.0955810546875,4,163.20150756835938,3302.0693359375
374861937489998::public_thin_restore,374861937489998,public_thin_restore,10,2027,2072,739.1367416381836,3,181.9053497314453,4092.59033203125
374861938489998::family_light_thin,374861938489998,family_light_thin,10,2027,2072,219.8987274169922,1,185.28973388671875,4799.34130859375
374861938489998::family_uneven_aged_selection,374861938489998,family_uneven_aged_selection,10,2027,2072,1513.3624572753906,3,147.62266540527344,3873.64990234375
374861938489998::no_management,374861938489998,no_management,10,2027,2072,0.0,0,186.88223266601562,4918.83349609375
374861938489998::pine_plantation_long_rotation,374861938489998,pine_plantation_long_rotation,10,2027,2072,2501.126495361328,2,201.21038818359375,4536.263671875
374861938489998::pine_plantation_short_rotation,374861938489998,pine_plantation_short_rotation,10,2027,2072,1654.529296875,1,177.31362915039062,3886.8310546875
374861938489998::public_selection_light,374861938489998,public_selection_light,10,2027,2072,2115.859649658203,4,122.15913391113281,3073.912109375
374861938489998::public_thin_restore,374861938489998,public_thin_restore,10,2027,2072,753.767822265625,3,156.56161499023438,4150.88623046875
374861939489998::family_light_thin,374861939489998,family_light_thin,10,2027,2072,46.15207290649414,1,191.3124237060547,5699.00830078125
374861939489998::family_uneven_aged_selection,374861939489998,family_uneven_aged_selection,10,2027,2072,2111.1658325195312,3,155.48513793945312,4467.435546875
374861939489998::no_management,374861939489998,no_management,10,2027,2072,0.0,0,191.04986572265625,5694.6943359375
374861939489998::public_selection_light,374861939489998,public_selection_light,10,2027,2072,3104.4020385742188,4,123.72491455078125,3385.490478515625
374861939489998::public_thin_restore,374861939489998,public_thin_restore,10,2027,2072,235.6694221496582,3,192.6143035888672,5839.26416015625
374861940489998::family_light_thin,374861940489998,family_light_thin,10,2027,2072,33.14171600341797,1,203.39036560058594,6781.61181640625
374861940489998::family_uneven_aged_selection,374861940489998,family_uneven_aged_selection,10,2027,2072,2025.5029602050781,3,187.44752502441406,5920.220703125
374861940489998::hardwood_clearcut_regen,374861940489998,hardwood_clearcut_regen,10,2027,2072,2769.75927734375,1,206.1541290283203,6020.58447265625
374861940489998::no_management,374861940489998,no_management,10,2027,2072,0.0,0,203.93350219726562,6883.1396484375
374861940489998::public_selection_light,374861940489998,public_selection_light,10,2027,2072,2910.9810180664062,4,196.95968627929688,5577.2451171875
374861940489998::public_thin_restore,374861940489998,public_thin_restore,10,2027,2072,667.3761367797852,3,201.31472778320312,6476.12451171875
374862210489998::family_light_thin,374862210489998,family_light_thin,10,2027,2072,84.4034423828125,1,185.7144775390625,5124.79296875
374862210489998::family_uneven_aged_selection,374862210489998,family_uneven_aged_selection,10,2027,2072,1967.5117797851562,3,168.58448791503906,4410.7578125
374862210489998::hardwood_clearcut_regen,374862210489998,hardwood_clearcut_regen,10,2027,2072,3387.1181640625,1,181.68162536621094,4172.01318359375
374862210489998::no_management,374862210489998,no_management,10,2027,2072,0.0,0,186.4821014404297,5077.94287109375
374862210489998::public_selection_light,374862210489998,public_selection_light,10,2027,2072,2902.2234497070312,4,147.82473754882812,3707.63427734375
374862210489998::public_thin_restore,374862210489998,public_thin_restore,10,2027,2072,415.73708724975586,3,184.93284606933594,5175.40478515625
374862323489998::family_light_thin,374862323489998,family_light_thin,10,2027,2072,81.20170593261719,1,92.91281127929688,3375.791748046875
374862323489998::family_uneven_aged_selection,374862323489998,family_uneven_aged_selection,10,2027,2072,1024.392578125,3,61.53520202636719,2234.92431640625
374862323489998::no_management,374862323489998,no_management,10,2027,2072,0.0,0,97.03520202636719,3523.533203125
374862323489998::pine_plantation_long_rotation,374862323489998,pine_plantation_long_rotation,10,2027,2072,1706.81884765625,1,80.81314086914062,1858.1124267578125
374862323489998::pine_plantation_short_rotation,374862323489998,pine_plantation_short_rotation,10,2027,2072,1706.81884765625,1,80.81314086914062,1858.1124267578125
374862323489998::public_selection_light,374862323489998,public_selection_light,10,2027,2072,1425.7819519042969,4,42.376007080078125,1539.4951171875
374862323489998::public_thin_restore,374862323489998,public_thin_restore,10,2027,2072,599.8671493530273,3,70.19087219238281,2545.161376953125
374862325489998::family_light_thin,374862325489998,family_light_thin,10,2027,2072,20.067049026489258,1,101.91371154785156,1679.5655517578125
374862325489998::family_uneven_aged_selection,374862325489998,family_uneven_aged_selection,10,2027,2072,439.32418060302734,3,83.78443908691406,1249.6563720703125
374862325489998::no_management,374862325489998,no_management,10,2027,2072,0.0,0,116.52401733398438,1782.6121826171875
374862325489998::pine_plantation_long_rotation,374862325489998,pine_plantation_long_rotation,10,2027,2072,615.6482543945312,1,87.24127960205078,1265.5167236328125
374862325489998::pine_plantation_short_rotation,374862325489998,pine_plantation_short_rotation,10,2027,2072,615.6482543945312,1,87.24127960205078,1265.5167236328125
374862325489998::public_selection_light,374862325489998,public_selection_light,10,2027,2072,590.6413726806641,4,64.44664764404297,1085.4652099609375
374862325489998::public_thin_restore,374862325489998,public_thin_restore,10,2027,2072,164.21625137329102,3,69.8730697631836,1308.447998046875
374862329489998::family_light_thin,374862329489998,family_light_thin,10,2027,2072,107.71782684326172,1,50.020328521728516,1635.8299560546875
374862329489998::family_uneven_aged_selection,374862329489998,family_uneven_aged_selection,10,2027,2072,526.3883361816406,3,36.66798782348633,1193.767822265625
374862329489998::no_management,374862329489998,no_management,10,2027,2072,0.0,0,57.98564910888672,1886.2279052734375
374862329489998::pine_plantation_long_rotation,374862329489998,pine_plantation_long_rotation,10,2027,2072,832.978759765625,1,76.56681060791016,1786.580322265625
374862329489998::pine_plantation_short_rotation,374862329489998,pine_plantation_short_rotation,10,2027,2072,832.978759765625,1,76.56681060791016,1786.580322265625
374862331489998::family_light_thin,374862331489998,family_light_thin,10,2027,2072,0.0,0,138.85447692871094,2248.654296875
374862331489998::family_uneven_aged_selection,374862331489998,family_uneven_aged_selection,10,2027,2072,743.5190734863281,3,119.27513885498047,1515.226318359375
374862331489998::no_management,374862331489998,no_management,10,2027,2072,0.0,0,137.48983764648438,2214.111572265625
374862331489998::pine_plantation_long_rotation,374862331489998,pine_plantation_long_rotation,10,2027,2072,1725.2081298828125,1,123.42440032958984,1582.336669921875
374862331489998::pine_plantation_short_rotation,374862331489998,pine_plantation_short_rotation,10,2027,2072,1725.2081298828125,1,123.42440032958984,1582.336669921875
374862340489998::family_light_thin,374862340489998,family_light_thin,10,2027,2072,106.7508544921875,1,224.32591247558594,3653.043212890625
374862340489998::family_uneven_aged_selection,374862340489998,family_uneven_aged_selection,10,2027,2072,1143.5679931640625,3,206.02407836914062,3049.646728515625
374862340489998::hardwood_clearcut_regen,374862340489998,hardwood_clearcut_regen,10,2027,2072,876.6583251953125,1,142.529296875,1998.62158203125
374862340489998::no_management,374862340489998,no_management,10,2027,2072,0.0,0,224.28790283203125,3721.48974609375
374862340489998::public_selection_light,374862340489998,public_selection_light,10,2027,2072,1582.6727600097656,4,176.32711791992188,2531.497314453125
374862340489998::public_thin_restore,374862340489998,public_thin_restore,10,2027,2072,420.64354705810547,3,203.96961975097656,3392.703857421875
374862361489998::family_light_thin,374862361489998,family_light_thin,10,2027,2072,121.86905670166016,1,171.9037322998047,4215.40625
374862361489998::family_uneven_aged_selection,374862361489998,family_uneven_aged_selection,10,2027,2072,1596.4808959960938,3,136.38558959960938,3188.225341796875
374862361489998::no_management,374862361489998,no_management,10,2027,2072,0.0,0,173.73313903808594,4213.5
374862361489998::pine_plantation_long_rotation,374862361489998,pine_plantation_long_rotation,10,2027,2072,3179.345703125,1,111.55506134033203,1415.5283203125
374862361489998::pine_plantation_short_rotation,374862361489998,pine_plantation_short_rotation,10,2027,2072,3179.345703125,1,111.55506134033203,1415.5283203125
374862361489998::public_selection_light,374862361489998,public_selection_light,10,2027,2072,2365.0345458984375,4,104.19656372070312,2370.269775390625
374862361489998::public_thin_restore,374862361489998,public_thin_restore,10,2027,2072,447.41234588623047,3,167.26951599121094,4260.59765625
385730105489998::family_light_thin,385730105489998,family_light_thin,10,2027,2072,0.0,0,171.6324462890625,3283.66845703125
385730105489998::family_uneven_aged_selection,385730105489998,family_uneven_aged_selection,10,2027,2072,1127.3628845214844,3,157.7286834716797,2811.361083984375
385730105489998::hardwood_clearcut_regen,385730105489998,hardwood_clearcut_regen,10,2027,2072,1818.2445068359375,1,147.58279418945312,2876.364013671875
385730105489998::no_management,385730105489998,no_management,10,2027,2072,0.0,0,169.93577575683594,3245.80517578125
385730105489998::public_selection_light,385730105489998,public_selection_light,10,2027,2072,1745.1037902832031,4,167.43980407714844,2744.41552734375
385730105489998::public_thin_restore,385730105489998,public_thin_restore,10,2027,2072,59.85203170776367,1,175.04275512695312,3459.410888671875
385730126489998::family_light_thin,385730126489998,family_light_thin,10,2027,2072,30.51673698425293,1,208.37057495117188,7164.7958984375
385730126489998::family_uneven_aged_selection,385730126489998,family_uneven_aged_selection,10,2027,2072,2396.2500610351562,3,192.7953338623047,6063.873046875
385730126489998::hardwood_clearcut_regen,385730126489998,hardwood_clearcut_regen,10,2027,2072,6891.701171875,1,0.4943283200263977,0.0
385730126489998::no_management,385730126489998,no_management,10,2027,2072,0.0,0,209.07823181152344,7099.4892578125
385730126489998::public_selection_light,385730126489998,public_selection_light,10,2027,2072,3688.741455078125,4,188.5418701171875,5532.71435546875
385730126489998::public_thin_restore,385730126489998,public_thin_restore,10,2027,2072,524.3143310546875,3,208.21408081054688,7472.37353515625
386107026489998::family_light_thin,386107026489998,family_light_thin,10,2027,2072,144.30169677734375,1,189.37481689453125,3891.098876953125
386107026489998::family_uneven_aged_selection,386107026489998,family_uneven_aged_selection,10,2027,2072,991.7079620361328,3,170.79371643066406,3431.070068359375
386107026489998::hardwood_clearcut_regen,386107026489998,hardwood_clearcut_regen,10,2027,2072,2273.82177734375,1,67.67882537841797,5.949847221374512
386107026489998::no_management,386107026489998,no_management,10,2027,2072,0.0,0,196.38250732421875,4263.0703125
386107026489998::public_selection_light,386107026489998,public_selection_light,10,2027,2072,1263.8618927001953,4,167.3104248046875,3137.71240234375
386107026489998::public_thin_restore,386107026489998,public_thin_restore,10,2027,2072,546.8362655639648,3,182.78256225585938,3454.27587890625
386113727489998::family_light_thin,386113727489998,family_light_thin,10,2027,2072,55.16187286376953,1,204.35934448242188,5542.20654296875
386113727489998::family_uneven_aged_selection,386113727489998,family_uneven_aged_selection,10,2027,2072,1837.477783203125,3,184.2656707763672,4413.646484375
386113727489998::hardwood_clearcut_regen,386113727489998,hardwood_clearcut_regen,10,2027,2072,2946.441650390625,1,208.07366943359375,5585.45068359375
386113727489998::no_management,386113727489998,no_management,10,2027,2072,0.0,0,204.00662231445312,5467.42138671875
386113727489998::public_selection_light,386113727489998,public_selection_light,10,2027,2072,2730.602783203125,4,171.26547241210938,3702.284912109375
386113727489998::public_thin_restore,386113727489998,public_thin_restore,10,2027,2072,271.22541427612305,3,205.06466674804688,5715.51708984375
43265882020004::no_management,43265882020004,no_management,10,2027,2072,0.0,0,222.0578155517578,6894.72509765625
43265882020004::pine_plantation_long_rotation,43265882020004,pine_plantation_long_rotation,10,2027,2072,4486.396575927734,2,137.44427490234375,2061.6826171875
43265882020004::pine_plantation_short_rotation,43265882020004,pine_plantation_short_rotation,10,2027,2072,2833.750701904297,2,192.83062744140625,4478.18603515625
43266266020004::family_light_thin,43266266020004,family_light_thin,10,2027,2072,70.85608673095703,1,143.6285858154297,2151.32080078125
43266266020004::family_uneven_aged_selection,43266266020004,family_uneven_aged_selection,10,2027,2072,575.8212738037109,3,102.57874298095703,1430.7872314453125
43266266020004::hardwood_clearcut_regen,43266266020004,hardwood_clearcut_regen,10,2027,2072,914.2531127929688,1,149.3323211669922,1079.5238037109375
43266266020004::no_management,43266266020004,no_management,10,2027,2072,0.0,0,139.9615478515625,2142.98388671875
43266266020004::public_selection_light,43266266020004,public_selection_light,10,2027,2072,786.3054809570312,4,81.98043060302734,961.3743896484375
43266266020004::public_thin_restore,43266266020004,public_thin_restore,10,2027,2072,398.4981231689453,3,101.77559661865234,1423.7266845703125
43266302020004::hardwood_clearcut_regen,43266302020004,hardwood_clearcut_regen,10,2027,2072,1349.930908203125,1,153.71800231933594,2328.106689453125
43266302020004::no_management,43266302020004,no_management,10,2027,2072,0.0,0,179.04354858398438,3444.71337890625
43266306020004::family_light_thin,43266306020004,family_light_thin,10,2027,2072,95.34532928466797,1,188.30856323242188,5336.421875
43266306020004::family_uneven_aged_selection,43266306020004,family_uneven_aged_selection,10,2027,2072,2027.8057861328125,3,170.33270263671875,4432.4072265625
43266306020004::no_management,43266306020004,no_management,10,2027,2072,0.0,0,189.98670959472656,5344.279296875
43266306020004::pine_plantation_long_rotation,43266306020004,pine_plantation_long_rotation,10,2027,2072,4224.2158203125,1,175.904052734375,4732.00439453125
43266306020004::pine_plantation_short_rotation,43266306020004,pine_plantation_short_rotation,10,2027,2072,4224.2158203125,1,175.904052734375,4732.00439453125
433062557489998::family_light_thin,433062557489998,family_light_thin,10,2027,2072,125.69732666015625,1,200.00999450683594,5391.34619140625
433062557489998::family_uneven_aged_selection,433062557489998,family_uneven_aged_selection,10,2027,2072,1736.8272094726562,3,184.17550659179688,4313.009765625
433062557489998::hardwood_clearcut_regen,433062557489998,hardwood_clearcut_regen,10,2027,2072,4310.9736328125,1,50.69285583496094,158.77392578125
433062557489998::no_management,433062557489998,no_management,10,2027,2072,0.0,0,201.3314971923828,5386.26904296875
433062557489998::public_selection_light,433062557489998,public_selection_light,10,2027,2072,2573.1319580078125,4,181.95489501953125,3820.777099609375
433062557489998::public_thin_restore,433062557489998,public_thin_restore,10,2027,2072,581.7563018798828,3,198.1747589111328,5049.3359375
43393151010478::family_light_thin,43393151010478,family_light_thin,10,2027,2072,112.22203826904297,1,158.93896484375,3704.096435546875
43393151010478::family_uneven_aged_selection,43393151010478,family_uneven_aged_selection,10,2027,2072,1421.1192321777344,3,144.79335021972656,3148.043212890625
43393151010478::hardwood_clearcut_regen,43393151010478,hardwood_clearcut_regen,10,2027,2072,2231.93359375,1,117.98261260986328,2188.66943359375
43393151010478::no_management,43393151010478,no_management,10,2027,2072,0.0,0,159.26792907714844,3681.3154296875
43393151010478::public_selection_light,43393151010478,public_selection_light,10,2027,2072,2093.5439453125,4,132.030517578125,2624.4208984375
43393151010478::public_thin_restore,43393151010478,public_thin_restore,10,2027,2072,412.0212936401367,3,164.2250518798828,3824.98193359375
43441517010478::family_light_thin,43441517010478,family_light_thin,10,2027,2072,115.61968231201172,1,178.8134307861328,5911.119140625
43441517010478::family_uneven_aged_selection,43441517010478,family_uneven_aged_selection,10,2027,2072,2078.5949096679688,3,163.541259765625,4974.92919921875
43441517010478::no_management,43441517010478,no_management,10,2027,2072,0.0,0,178.5955047607422,5900.3798828125
43441517010478::pine_plantation_long_rotation,43441517010478,pine_plantation_long_rotation,10,2027,2072,2913.407470703125,1,178.24899291992188,4964.4072265625
43441517010478::pine_plantation_short_rotation,43441517010478,pine_plantation_short_rotation,10,2027,2072,2913.407470703125,1,178.24899291992188,4964.4072265625
43441517010478::public_selection_light,43441517010478,public_selection_light,10,2027,2072,3033.7617797851562,4,158.06634521484375,4376.74267578125
43441517010478::public_thin_restore,43441517010478,public_thin_restore,10,2027,2072,573.4873046875,3,178.3949432373047,5884.3466796875
43854353020004::family_light_thin,43854353020004,family_light_thin,10,2027,2072,27.17873191833496,1,187.6447296142578,3795.251220703125
43854353020004::family_uneven_aged_selection,43854353020004,family_uneven_aged_selection,10,2027,2072,1013.4434204101562,3,159.4036865234375,2956.807861328125
43854353020004::hardwood_clearcut_regen,43854353020004,hardwood_clearcut_regen,10,2027,2072,3482.455810546875,1,0.4982300400733948,0.0
43854353020004::no_management,43854353020004,no_management,10,2027,2072,0.0,0,187.4351043701172,3839.83154296875
43854450020004::family_light_thin,43854450020004,family_light_thin,10,2027,2072,178.92173767089844,1,170.6786346435547,4384.693359375
43854450020004::family_uneven_aged_selection,43854450020004,family_uneven_aged_selection,10,2027,2072,1813.7005004882812,3,150.55078125,3826.5361328125
43854450020004::no_management,43854450020004,no_management,10,2027,2072,0.0,0,170.4053497314453,4376.59814453125
43854450020004::pine_plantation_long_rotation,43854450020004,pine_plantation_long_rotation,10,2027,2072,3700.0556640625,2,188.88803100585938,4077.414306640625
43854450020004::pine_plantation_short_rotation,43854450020004,pine_plantation_short_rotation,10,2027,2072,2472.66845703125,1,166.89341735839844,3402.30322265625
43854450020004::public_selection_light,43854450020004,public_selection_light,10,2027,2072,2689.634033203125,4,126.04116821289062,3172.098388671875
43854450020004::public_thin_restore,43854450020004,public_thin_restore,10,2027,2072,785.193546295166,3,173.02464294433594,4563.31787109375
43854857020004::family_light_thin,43854857020004,family_light_thin,10,2027,2072,257.9346618652344,1,180.07139587402344,7149.5146484375
43854857020004::family_uneven_aged_selection,43854857020004,family_uneven_aged_selection,10,2027,2072,2703.2177734375,3,159.92364501953125,6236.53076171875
43854857020004::no_management,43854857020004,no_management,10,2027,2072,0.0,0,180.6743621826172,7072.51513671875
43854857020004::pine_plantation_long_rotation,43854857020004,pine_plantation_long_rotation,10,2027,2072,5273.360595703125,2,222.5276336669922,8021.271484375
43854884020004::family_light_thin,43854884020004,family_light_thin,10,2027,2072,79.9458999633789,1,276.1432800292969,6792.93212890625
43854884020004::family_uneven_aged_selection,43854884020004,family_uneven_aged_selection,10,2027,2072,2047.0809020996094,3,254.01622009277344,5927.66552734375
43854884020004::hardwood_clearcut_regen,43854884020004,hardwood_clearcut_regen,10,2027,2072,1219.1944580078125,1,274.0716247558594,6460.9716796875
43854884020004::no_management,43854884020004,no_management,10,2027,2072,0.0,0,276.0562438964844,6787.41796875
43854936020004::family_light_thin,43854936020004,family_light_thin,10,2027,2072,28.187103271484375,1,204.27195739746094,3724.13427734375
43854936020004::family_uneven_aged_selection,43854936020004,family_uneven_aged_selection,10,2027,2072,1131.30517578125,3,158.86717224121094,2659.166259765625
43854936020004::hardwood_clearcut_regen,43854936020004,hardwood_clearcut_regen,10,2027,2072,1829.1424560546875,1,138.08236694335938,2451.24658203125
43854936020004::no_management,43854936020004,no_management,10,2027,2072,0.0,0,200.9984130859375,3582.364990234375
43854936020004::public_selection_light,43854936020004,public_selection_light,10,2027,2072,1596.5592956542969,4,134.44778442382812,2095.366943359375
43854936020004::public_thin_restore,43854936020004,public_thin_restore,10,2027,2072,198.3255271911621,3,178.60523986816406,3646.756103515625
43855081020004::family_light_thin,43855081020004,family_light_thin,10,2027,2072,474.3041687011719,1,178.4856719970703,4666.419921875
43855081020004::family_uneven_aged_selection,43855081020004,family_uneven_aged_selection,10,2027,2072,1580.9791259765625,3,160.55923461914062,4163.9423828125
43855081020004::no_management,43855081020004,no_management,10,2027,2072,0.0,0,178.48573303222656,4667.09912109375
43855081020004::pine_plantation_long_rotation,43855081020004,pine_plantation_long_rotation,10,2027,2072,3228.193145751953,2,137.46266174316406,2059.54248046875
43855081020004::pine_plantation_short_rotation,43855081020004,pine_plantation_short_rotation,10,2027,2072,2196.8616638183594,2,191.3264923095703,4524.8388671875
43855081020004::public_selection_light,43855081020004,public_selection_light,10,2027,2072,2088.5971069335938,4,127.37263488769531,3319.426513671875
43855081020004::public_thin_restore,43855081020004,public_thin_restore,10,2027,2072,1267.1595153808594,3,149.0504608154297,3926.8681640625
43855099020004::family_light_thin,43855099020004,family_light_thin,10,2027,2072,88.7090072631836,1,172.1400604248047,2585.34326171875
43855099020004::family_uneven_aged_selection,43855099020004,family_uneven_aged_selection,10,2027,2072,819.4215240478516,3,150.2069854736328,1962.74462890625
43855099020004::hardwood_clearcut_regen,43855099020004,hardwood_clearcut_regen,10,2027,2072,1315.470947265625,1,139.66419982910156,1152.3876953125
43855099020004::no_management,43855099020004,no_management,10,2027,2072,0.0,0,174.3142852783203,2678.136474609375
43855099020004::public_selection_light,43855099020004,public_selection_light,10,2027,2072,1201.911376953125,4,154.975830078125,1853.8115234375
43855099020004::public_thin_restore,43855099020004,public_thin_restore,10,2027,2072,306.73702239990234,3,171.9922637939453,2688.553466796875
43855124020004::family_light_thin,43855124020004,family_light_thin,10,2027,2072,140.002685546875,1,164.12754821777344,4131.5146484375
43855124020004::family_uneven_aged_selection,43855124020004,family_uneven_aged_selection,10,2027,2072,1645.6808166503906,3,152.00173950195312,3651.54833984375
43855124020004::no_management,43855124020004,no_management,10,2027,2072,0.0,0,164.35919189453125,4235.13720703125
43855124020004::pine_plantation_long_rotation,43855124020004,pine_plantation_long_rotation,10,2027,2072,3148.113525390625,1,154.24952697753906,3983.72021484375
43855124020004::pine_plantation_short_rotation,43855124020004,pine_plantation_short_rotation,10,2027,2072,3148.113525390625,1,154.24952697753906,3983.72021484375
43855124020004::public_selection_light,43855124020004,public_selection_light,10,2027,2072,2724.83837890625,4,161.67835998535156,3567.582763671875
43855124020004::public_thin_restore,43855124020004,public_thin_restore,10,2027,2072,567.2076721191406,3,166.74781799316406,4371.544921875
43855199020004::family_light_thin,43855199020004,family_light_thin,10,2027,2072,0.0,0,143.95468139648438,3313.282958984375
43855199020004::family_uneven_aged_selection,43855199020004,family_uneven_aged_selection,10,2027,2072,763.693603515625,3,122.14480590820312,2827.302001953125
43855199020004::no_management,43855199020004,no_management,10,2027,2072,0.0,0,166.2806854248047,3692.61328125
43855199020004::pine_plantation_long_rotation,43855199020004,pine_plantation_long_rotation,10,2027,2072,419.6033020019531,1,150.60459899902344,3462.3193359375
43855199020004::pine_plantation_short_rotation,43855199020004,pine_plantation_short_rotation,10,2027,2072,419.6033020019531,1,150.60459899902344,3462.3193359375
43855291020004::family_light_thin,43855291020004,family_light_thin,10,2027,2072,197.24530029296875,1,249.28607177734375,4571.2646484375
43855291020004::family_uneven_aged_selection,43855291020004,family_uneven_aged_selection,10,2027,2072,1551.7823486328125,3,205.0062713623047,3318.376708984375
43855291020004::hardwood_clearcut_regen,43855291020004,hardwood_clearcut_regen,10,2027,2072,2798.122802734375,1,109.58030700683594,1519.4205322265625
43855291020004::no_management,43855291020004,no_management,10,2027,2072,0.0,0,244.4393768310547,4386.86669921875
43855291020004::public_selection_light,43855291020004,public_selection_light,10,2027,2072,2221.1610107421875,4,163.5191650390625,2444.920166015625
43855291020004::public_thin_restore,43855291020004,public_thin_restore,10,2027,2072,771.6526336669922,3,219.2847137451172,4195.494140625
43855313020004::family_light_thin,43855313020004,family_light_thin,10,2027,2072,203.7760467529297,1,149.94775390625,3577.080322265625
43855313020004::family_uneven_aged_selection,43855313020004,family_uneven_aged_selection,10,2027,2072,990.3837432861328,3,126.29724884033203,2968.3095703125
43855313020004::no_management,43855313020004,no_management,10,2027,2072,0.0,0,174.23123168945312,4069.488037109375
43855313020004::pine_plantation_long_rotation,43855313020004,pine_plantation_long_rotation,10,2027,2072,1503.0105438232422,2,166.322021484375,3379.73974609375
43855313020004::pine_plantation_short_rotation,43855313020004,pine_plantation_short_rotation,10,2027,2072,934.6917877197266,2,212.58287048339844,5437.3291015625
43855313020004::public_selection_light,43855313020004,public_selection_light,10,2027,2072,1250.1839294433594,4,98.3324203491211,2307.830322265625
43855313020004::public_thin_restore,43855313020004,public_thin_restore,10,2027,2072,541.5924835205078,3,115.39303588867188,2861.571533203125
43855325020004::family_light_thin,43855325020004,family_light_thin,10,2027,2072,80.67494201660156,1,181.58554077148438,4763.29345703125
43855325020004::family_uneven_aged_selection,43855325020004,family_uneven_aged_selection,10,2027,2072,1450.6121520996094,3,168.44444274902344,4092.04931640625
43855325020004::no_management,43855325020004,no_management,10,2027,2072,0.0,0,181.9332275390625,4820.59912109375
43855325020004::pine_plantation_long_rotation,43855325020004,pine_plantation_long_rotation,10,2027,2072,1483.3741455078125,1,175.86529541015625,4294.9423828125
43855325020004::pine_plantation_short_rotation,43855325020004,pine_plantation_short_rotation,10,2027,2072,1483.3741455078125,1,175.86529541015625,4294.9423828125
43855332020004::family_light_thin,43855332020004,family_light_thin,10,2027,2072,24.026702880859375,1,184.6649169921875,5167.5888671875
43855332020004::family_uneven_aged_selection,43855332020004,family_uneven_aged_selection,10,2027,2072,2038.1475830078125,3,167.68215942382812,4380.599609375
43855332020004::no_management,43855332020004,no_management,10,2027,2072,0.0,0,185.4049530029297,5084.17919921875
43855332020004::pine_plantation_long_rotation,43855332020004,pine_plantation_long_rotation,10,2027,2072,3732.5712890625,1,180.40570068359375,4277.75439453125
43855332020004::pine_plantation_short_rotation,43855332020004,pine_plantation_short_rotation,10,2027,2072,3732.5712890625,1,180.40570068359375,4277.75439453125
43855332020004::public_selection_light,43855332020004,public_selection_light,10,2027,2072,3353.9932250976562,4,164.78558349609375,4079.747802734375
43855332020004::public_thin_restore,43855332020004,public_thin_restore,10,2027,2072,246.00999069213867,3,183.9231719970703,5253.4951171875
443866042489998::hardwood_clearcut_regen,443866042489998,hardwood_clearcut_regen,10,2027,2072,1364.3824462890625,1,122.86730194091797,2244.864990234375
443866042489998::no_management,443866042489998,no_management,10,2027,2072,0.0,0,188.8041534423828,2671.1376953125
443867435489998::family_light_thin,443867435489998,family_light_thin,10,2027,2072,34.03148651123047,1,186.99151611328125,5506.919921875
443867435489998::family_uneven_aged_selection,443867435489998,family_uneven_aged_selection,10,2027,2072,1694.641357421875,3,171.99932861328125,4731.86865234375
443867435489998::hardwood_clearcut_regen,443867435489998,hardwood_clearcut_regen,10,2027,2072,1773.684814453125,1,203.50863647460938,6213.47509765625
443867435489998::no_management,443867435489998,no_management,10,2027,2072,0.0,0,186.71929931640625,5507.93505859375
443867435489998::public_selection_light,443867435489998,public_selection_light,10,2027,2072,2328.9393310546875,4,155.69691467285156,4097.6162109375
443867435489998::public_thin_restore,443867435489998,public_thin_restore,10,2027,2072,383.82718658447266,3,188.24920654296875,5562.06494140625
443867517489998::family_light_thin,443867517489998,family_light_thin,10,2027,2072,61.89545440673828,1,196.88624572753906,5351.23779296875
443867517489998::family_uneven_aged_selection,443867517489998,family_uneven_aged_selection,10,2027,2072,1947.833984375,3,183.383544921875,4845.39453125
443867517489998::hardwood_clearcut_regen,443867517489998,hardwood_clearcut_regen,10,2027,2072,4267.8740234375,1,128.18971252441406,1600.76806640625
443867517489998::no_management,443867517489998,no_management,10,2027,2072,0.0,0,196.81114196777344,5346.11865234375
448938249489998::family_light_thin,448938249489998,family_light_thin,10,2027,2072,89.59305572509766,1,172.13734436035156,3316.37158203125
448938249489998::family_uneven_aged_selection,448938249489998,family_uneven_aged_selection,10,2027,2072,1143.4555053710938,3,162.472412109375,3059.525634765625
448938249489998::hardwood_clearcut_regen,448938249489998,hardwood_clearcut_regen,10,2027,2072,2244.007080078125,1,139.63641357421875,1698.345458984375
448938249489998::no_management,448938249489998,no_management,10,2027,2072,0.0,0,172.20729064941406,3360.885986328125
448939593489998::family_light_thin,448939593489998,family_light_thin,10,2027,2072,27.662796020507812,1,207.5563507080078,4602.88427734375
448939593489998::family_uneven_aged_selection,448939593489998,family_uneven_aged_selection,10,2027,2072,1398.0098571777344,3,136.68560791015625,2958.923583984375
448939593489998::hardwood_clearcut_regen,448939593489998,hardwood_clearcut_regen,10,2027,2072,2203.24365234375,1,92.34513854980469,1161.5301513671875
448939593489998::no_management,448939593489998,no_management,10,2027,2072,0.0,0,209.95924377441406,4614.46435546875
448939593489998::public_selection_light,448939593489998,public_selection_light,10,2027,2072,1939.6560974121094,4,99.2381820678711,2071.94970703125
448939593489998::public_thin_restore,448939593489998,public_thin_restore,10,2027,2072,146.03387689590454,3,183.1902313232422,4209.591796875
448939594489998::family_light_thin,448939594489998,family_light_thin,10,2027,2072,21.51584815979004,1,130.68875122070312,2596.06005859375
448939594489998::family_uneven_aged_selection,448939594489998,family_uneven_aged_selection,10,2027,2072,753.2845458984375,3,89.78812408447266,1690.2567138671875
448939594489998::no_management,448939594489998,no_management,10,2027,2072,0.0,0,137.7592010498047,2637.695068359375
448939594489998::public_selection_light,448939594489998,public_selection_light,10,2027,2072,1012.7904968261719,4,63.667694091796875,1175.7025146484375
448939594489998::public_thin_restore,448939594489998,public_thin_restore,10,2027,2072,150.45608615875244,3,110.40581512451172,2296.16650390625
448939595489998::family_light_thin,448939595489998,family_light_thin,10,2027,2072,51.12077331542969,1,206.57144165039062,6731.240234375
448939595489998::family_uneven_aged_selection,448939595489998,family_uneven_aged_selection,10,2027,2072,2375.09814453125,3,179.7152099609375,5459.654296875
448939595489998::no_management,448939595489998,no_management,10,2027,2072,0.0,0,206.20132446289062,6688.5234375
448939595489998::pine_plantation_long_rotation,448939595489998,pine_plantation_long_rotation,10,2027,2072,3605.9931640625,1,207.2117919921875,5940.99951171875
448939642489998::family_light_thin,448939642489998,family_light_thin,10,2027,2072,93.21680450439453,1,184.51368713378906,5804.9111328125
448939642489998::family_uneven_aged_selection,448939642489998,family_uneven_aged_selection,10,2027,2072,1838.3569946289062,3,135.9256591796875,4157.65771484375
448939642489998::no_management,448939642489998,no_management,10,2027,2072,0.0,0,192.5123748779297,6032.4169921875
448939642489998::pine_plantation_long_rotation,448939642489998,pine_plantation_long_rotation,10,2027,2072,2507.62158203125,1,152.89529418945312,3394.927490234375
448939642489998::pine_plantation_short_rotation,448939642489998,pine_plantation_short_rotation,10,2027,2072,2507.62158203125,1,152.89529418945312,3394.927490234375
448939642489998::public_selection_light,448939642489998,public_selection_light,10,2027,2072,2587.8818359375,4,108.63964080810547,3275.037353515625
448939642489998::public_thin_restore,448939642489998,public_thin_restore,10,2027,2072,599.8279113769531,3,158.1042022705078,5100.1474609375
448939649489998::family_light_thin,448939649489998,family_light_thin,10,2027,2072,53.10420608520508,1,290.5587463378906,7488.462890625
448939649489998::family_uneven_aged_selection,448939649489998,family_uneven_aged_selection,10,2027,2072,2498.611572265625,3,236.17825317382812,5677.16845703125
448939649489998::no_management,448939649489998,no_management,10,2027,2072,0.0,0,290.47369384765625,7578.0029296875
448939649489998::public_selection_light,448939649489998,public_selection_light,10,2027,2072,3430.6514282226562,4,184.2296142578125,4096.18212890625
448939649489998::public_thin_restore,448939649489998,public_thin_restore,10,2027,2072,309.97618865966797,3,290.4817810058594,7416.19873046875
448939667489998::family_light_thin,448939667489998,family_light_thin,10,2027,2072,0.0,0,122.5442886352539,3822.495361328125
448939667489998::family_uneven_aged_selection,448939667489998,family_uneven_aged_selection,10,2027,2072,1029.1865844726562,3,93.19159698486328,2815.522216796875
448939667489998::no_management,448939667489998,no_management,10,2027,2072,0.0,0,135.9109344482422,4021.953857421875
448939667489998::pine_plantation_long_rotation,448939667489998,pine_plantation_long_rotation,10,2027,2072,1079.133544921875,1,166.57278442382812,4916.12890625
448939667489998::pine_plantation_short_rotation,448939667489998,pine_plantation_short_rotation,10,2027,2072,1079.133544921875,1,166.57278442382812,4916.12890625
448939667489998::public_selection_light,448939667489998,public_selection_light,10,2027,2072,1349.35693359375,4,68.93025970458984,2176.325439453125
448939667489998::public_thin_restore,448939667489998,public_thin_restore,10,2027,2072,75.30395221710205,2,106.86962127685547,3548.540283203125
448939744489998::family_light_thin,448939744489998,family_light_thin,10,2027,2072,84.92652893066406,1,170.9332733154297,3988.8056640625
448939744489998::family_uneven_aged_selection,448939744489998,family_uneven_aged_selection,10,2027,2072,1253.0314636230469,3,160.93687438964844,3502.786865234375
448939744489998::hardwood_clearcut_regen,448939744489998,hardwood_clearcut_regen,10,2027,2072,1920.0721435546875,1,129.270751953125,2146.8544921875
448939744489998::no_management,448939744489998,no_management,10,2027,2072,0.0,0,173.76832580566406,4015.75439453125
448939744489998::public_selection_light,448939744489998,public_selection_light,10,2027,2072,1879.2752990722656,4,169.01841735839844,3441.22265625
448939744489998::public_thin_restore,448939744489998,public_thin_restore,10,2027,2072,461.83643341064453,3,169.67152404785156,3999.291259765625
448939747489998::family_light_thin,448939747489998,family_light_thin,10,2027,2072,6.450619220733643,1,158.8612518310547,1913.5115966796875
448939747489998::family_uneven_aged_selection,448939747489998,family_uneven_aged_selection,10,2027,2072,364.14577865600586,3,141.17489624023438,1780.67919921875
448939747489998::hardwood_clearcut_regen,448939747489998,hardwood_clearcut_regen,10,2027,2072,617.5703735351562,1,70.63911437988281,0.0
448939747489998::no_management,448939747489998,no_management,10,2027,2072,0.0,0,160.0633544921875,2257.535888671875
448939747489998::public_selection_light,448939747489998,public_selection_light,10,2027,2072,398.44676971435547,4,144.56687927246094,1714.571044921875
448939747489998::public_thin_restore,448939747489998,public_thin_restore,10,2027,2072,39.953269958496094,3,153.64308166503906,1842.4605712890625
448939748489998::family_light_thin,448939748489998,family_light_thin,10,2027,2072,37.19633483886719,1,163.25218200683594,2900.025390625
448939748489998::family_uneven_aged_selection,448939748489998,family_uneven_aged_selection,10,2027,2072,466.8266143798828,3,144.36936950683594,2466.32861328125
448939748489998::hardwood_clearcut_regen,448939748489998,hardwood_clearcut_regen,10,2027,2072,285.4279479980469,1,100.54679870605469,0.0
448939748489998::no_management,448939748489998,no_management,10,2027,2072,0.0,0,154.2535400390625,2443.826416015625
448939748489998::public_selection_light,448939748489998,public_selection_light,10,2027,2072,488.7929096221924,4,127.25985717773438,2193.54736328125
448939748489998::public_thin_restore,448939748489998,public_thin_restore,10,2027,2072,326.7256832122803,3,128.6404571533203,2046.971923828125
448939789489998::family_light_thin,448939789489998,family_light_thin,10,2027,2072,68.998779296875,1,194.60545349121094,5909.9560546875
448939789489998::family_uneven_aged_selection,448939789489998,family_uneven_aged_selection,10,2027,2072,2470.7587280273438,3,173.01197814941406,5140.87646484375
448939789489998::hardwood_clearcut_regen,448939789489998,hardwood_clearcut_regen,10,2027,2072,4997.1337890625,1,204.74868774414062,5023.7568359375
448939789489998::no_management,448939789489998,no_management,10,2027,2072,0.0,0,192.42369079589844,5864.0390625
448939790489998::family_light_thin,448939790489998,family_light_thin,10,2027,2072,143.9765625,1,119.4125747680664,3017.905517578125
448939790489998::family_uneven_aged_selection,448939790489998,family_uneven_aged_selection,10,2027,2072,833.9359130859375,3,93.73575592041016,2329.240478515625
448939790489998::no_management,448939790489998,no_management,10,2027,2072,0.0,0,129.807861328125,3210.505859375
448939790489998::pine_plantation_long_rotation,448939790489998,pine_plantation_long_rotation,10,2027,2072,609.3579711914062,1,147.03843688964844,3396.305419921875
448939790489998::pine_plantation_short_rotation,448939790489998,pine_plantation_short_rotation,10,2027,2072,609.3579711914062,1,147.03843688964844,3396.305419921875
448939790489998::public_selection_light,448939790489998,public_selection_light,10,2027,2072,1043.8646087646484,4,67.66297912597656,1676.3582763671875
448939790489998::public_thin_restore,448939790489998,public_thin_restore,10,2027,2072,381.29097747802734,3,91.96827697753906,2352.2646484375
448939819489998::no_management,448939819489998,no_management,10,2027,2072,0.0,0,178.5581512451172,6969.53271484375
448939819489998::pine_plantation_long_rotation,448939819489998,pine_plantation_long_rotation,10,2027,2072,6566.189697265625,2,95.47139739990234,366.2830505371094
448939819489998::pine_plantation_short_rotation,448939819489998,pine_plantation_short_rotation,10,2027,2072,4927.964782714844,2,180.1564178466797,4916.6552734375
448939819489998::public_selection_light,448939819489998,public_selection_light,10,2027,2072,3163.7112884521484,4,159.4485626220703,6140.9609375
448939819489998::public_thin_restore,448939819489998,public_thin_restore,10,2027,2072,1404.7243614196777,3,178.6374053955078,6928.4931640625
448939827489998::family_light_thin,448939827489998,family_light_thin,10,2027,2072,170.84967041015625,1,294.1540222167969,8874.826171875
448939827489998::family_uneven_aged_selection,448939827489998,family_uneven_aged_selection,10,2027,2072,2895.9220581054688,3,201.37135314941406,5972.49609375
448939827489998::hardwood_clearcut_regen,448939827489998,hardwood_clearcut_regen,10,2027,2072,5445.453125,1,99.48538208007812,1846.5994873046875
448939827489998::no_management,448939827489998,no_management,10,2027,2072,0.0,0,296.0849609375,8976.5068359375
448939827489998::public_selection_light,448939827489998,public_selection_light,10,2027,2072,4162.874816894531,4,144.88307189941406,4147.83740234375
448939827489998::public_thin_restore,448939827489998,public_thin_restore,10,2027,2072,978.2474517822266,3,267.4036560058594,8058.33203125
448939911489998::family_light_thin,448939911489998,family_light_thin,10,2027,2072,22.90888023376465,1,119.84016418457031,1616.078369140625
448939911489998::family_uneven_aged_selection,448939911489998,family_uneven_aged_selection,10,2027,2072,332.49087142944336,3,109.55104064941406,1452.10791015625
448939911489998::no_management,448939911489998,no_management,10,2027,2072,0.0,0,143.12164306640625,1736.9432373046875
448939911489998::pine_plantation_long_rotation,448939911489998,pine_plantation_long_rotation,10,2027,2072,452.0484848022461,2,76.79056549072266,11.33737850189209
448939911489998::pine_plantation_short_rotation,448939911489998,pine_plantation_short_rotation,10,2027,2072,237.488130569458,2,141.3099365234375,1750.8314208984375
448939974489998::family_light_thin,448939974489998,family_light_thin,10,2027,2072,46.50196838378906,1,217.5296173095703,6652.25439453125
448939974489998::family_uneven_aged_selection,448939974489998,family_uneven_aged_selection,10,2027,2072,1883.7874450683594,3,200.289306640625,6168.994140625
448939974489998::no_management,448939974489998,no_management,10,2027,2072,0.0,0,217.9764404296875,6640.16455078125
448939974489998::pine_plantation_long_rotation,448939974489998,pine_plantation_long_rotation,10,2027,2072,4447.44592666626,2,133.7169647216797,1717.021484375
448939974489998::public_selection_light,448939974489998,public_selection_light,10,2027,2072,2469.379379272461,4,176.51219177246094,5516.4443359375
448939974489998::public_thin_restore,448939974489998,public_thin_restore,10,2027,2072,977.5135765075684,3,204.1393280029297,6416.76904296875
448939977489998::family_light_thin,448939977489998,family_light_thin,10,2027,2072,350.6992492675781,1,291.4539489746094,6681.77978515625
448939977489998::family_uneven_aged_selection,448939977489998,family_uneven_aged_selection,10,2027,2072,2076.5330200195312,3,224.64036560058594,5105.09130859375
448939977489998::hardwood_clearcut_regen,448939977489998,hardwood_clearcut_regen,10,2027,2072,2234.72216796875,1,213.2447509765625,3909.027099609375
448939977489998::no_management,448939977489998,no_management,10,2027,2072,0.0,0,309.6513366699219,7263.1845703125
448939977489998::public_selection_light,448939977489998,public_selection_light,10,2027,2072,2784.9534912109375,4,186.6016845703125,3929.08642578125
448939977489998::public_thin_restore,448939977489998,public_thin_restore,10,2027,2072,909.8347930908203,3,243.7021026611328,5494.9697265625
448940000489998::hardwood_clearcut_regen,448940000489998,hardwood_clearcut_regen,10,2027,2072,4565.70947265625,1,182.04725646972656,3378.697509765625
448940000489998::no_management,448940000489998,no_management,10,2027,2072,0.0,0,229.39407348632812,6115.5205078125
448940007489998::family_light_thin,448940007489998,family_light_thin,10,2027,2072,76.51367950439453,1,168.90823364257812,2508.011962890625
448940007489998::family_uneven_aged_selection,448940007489998,family_uneven_aged_selection,10,2027,2072,707.7754974365234,3,152.39413452148438,2139.472900390625
448940007489998::hardwood_clearcut_regen,448940007489998,hardwood_clearcut_regen,10,2027,2072,1766.269287109375,1,49.12844467163086,0.0
448940007489998::no_management,448940007489998,no_management,10,2027,2072,0.0,0,171.5686492919922,2743.60205078125
448940007489998::public_selection_light,448940007489998,public_selection_light,10,2027,2072,973.056640625,4,158.23255920410156,2071.41943359375
448940007489998::public_thin_restore,448940007489998,public_thin_restore,10,2027,2072,411.06758880615234,3,162.58505249023438,2340.03173828125
448940009489998::no_management,448940009489998,no_management,10,2027,2072,0.0,0,178.4857177734375,5833.4169921875
448940009489998::pine_plantation_long_rotation,448940009489998,pine_plantation_long_rotation,10,2027,2072,3114.6149291992188,2,222.52761840820312,7571.3349609375
448940009489998::pine_plantation_short_rotation,448940009489998,pine_plantation_short_rotation,10,2027,2072,2320.01416015625,1,178.48568725585938,5569.63623046875
448940015489998::family_light_thin,448940015489998,family_light_thin,10,2027,2072,97.77583312988281,1,162.26239013671875,1837.0010986328125
448940015489998::family_uneven_aged_selection,448940015489998,family_uneven_aged_selection,10,2027,2072,652.3175964355469,3,145.8505401611328,1450.3587646484375
448940015489998::hardwood_clearcut_regen,448940015489998,hardwood_clearcut_regen,10,2027,2072,1368.4444580078125,1,93.9169921875,0.0
448940015489998::no_management,448940015489998,no_management,10,2027,2072,0.0,0,168.24378967285156,2013.463134765625
448940015489998::public_selection_light,448940015489998,public_selection_light,10,2027,2072,969.9298858642578,4,145.7677459716797,1171.3748779296875
448940015489998::public_thin_restore,448940015489998,public_thin_restore,10,2027,2072,350.4154739379883,3,159.34091186523438,1672.6903076171875
448940016489998::family_light_thin,448940016489998,family_light_thin,10,2027,2072,54.693172454833984,1,136.51107788085938,3223.29931640625
448940016489998::family_uneven_aged_selection,448940016489998,family_uneven_aged_selection,10,2027,2072,885.8344573974609,3,104.09225463867188,2301.332275390625
448940016489998::no_management,448940016489998,no_management,10,2027,2072,0.0,0,138.60443115234375,3248.775390625
448940016489998::pine_plantation_long_rotation,448940016489998,pine_plantation_long_rotation,10,2027,2072,1140.8052368164062,2,185.66397094726562,4034.431396484375
448940016489998::pine_plantation_short_rotation,448940016489998,pine_plantation_short_rotation,10,2027,2072,914.5361938476562,1,121.76021575927734,2389.158935546875
448940016489998::public_selection_light,448940016489998,public_selection_light,10,2027,2072,1212.5854797363281,4,94.25359344482422,1903.2911376953125
448940016489998::public_thin_restore,448940016489998,public_thin_restore,10,2027,2072,268.2745590209961,3,112.24443054199219,2716.892822265625
448940076489998::family_light_thin,448940076489998,family_light_thin,10,2027,2072,102.33670806884766,1,188.8458251953125,3583.80322265625
448940076489998::family_uneven_aged_selection,448940076489998,family_uneven_aged_selection,10,2027,2072,1220.7209777832031,3,173.7155303955078,3005.551025390625
448940076489998::hardwood_clearcut_regen,448940076489998,hardwood_clearcut_regen,10,2027,2072,1286.5909423828125,1,85.04144287109375,1012.591064453125
448940076489998::no_management,448940076489998,no_management,10,2027,2072,0.0,0,188.5335235595703,3609.601806640625
448940076489998::public_selection_light,448940076489998,public_selection_light,10,2027,2072,1667.6516418457031,4,145.38674926757812,2420.39453125
448940076489998::public_thin_restore,448940076489998,public_thin_restore,10,2027,2072,472.4296112060547,3,188.91880798339844,3485.872314453125
448940102489998::family_light_thin,448940102489998,family_light_thin,10,2027,2072,230.54946899414062,1,180.0856170654297,6739.9677734375
448940102489998::family_uneven_aged_selection,448940102489998,family_uneven_aged_selection,10,2027,2072,2542.7654418945312,3,161.01100158691406,5857.93359375
448940102489998::no_management,448940102489998,no_management,10,2027,2072,0.0,0,180.6823272705078,6651.38720703125
448940102489998::pine_plantation_long_rotation,448940102489998,pine_plantation_long_rotation,10,2027,2072,5658.608245849609,2,197.6375274658203,6050.71044921875
448940102489998::pine_plantation_short_rotation,448940102489998,pine_plantation_short_rotation,10,2027,2072,4619.050384521484,2,222.52767944335938,8230.412109375
448940134489998::family_light_thin,448940134489998,family_light_thin,10,2027,2072,106.95342254638672,1,178.822998046875,4723.3291015625
448940134489998::family_uneven_aged_selection,448940134489998,family_uneven_aged_selection,10,2027,2072,1817.4391784667969,3,159.9134979248047,4178.91015625
448940134489998::no_management,448940134489998,no_management,10,2027,2072,0.0,0,178.8202667236328,4740.9462890625
448940134489998::pine_plantation_long_rotation,448940134489998,pine_plantation_long_rotation,10,2027,2072,4389.6844482421875,2,136.6136932373047,1958.112060546875
448940134489998::pine_plantation_short_rotation,448940134489998,pine_plantation_short_rotation,10,2027,2072,3295.9957427978516,2,192.27206420898438,4417.48193359375
448940134489998::public_selection_light,448940134489998,public_selection_light,10,2027,2072,2678.4644775390625,4,141.39190673828125,3658.72314453125
448940134489998::public_thin_restore,448940134489998,public_thin_restore,10,2027,2072,558.2772979736328,3,178.7246551513672,4784.83447265625
448940136489998::family_light_thin,448940136489998,family_light_thin,10,2027,2072,79.751708984375,1,126.97187042236328,2570.781982421875
448940136489998::family_uneven_aged_selection,448940136489998,family_uneven_aged_selection,10,2027,2072,778.5015563964844,3,91.31730651855469,1793.206787109375
448940136489998::hardwood_clearcut_regen,448940136489998,hardwood_clearcut_regen,10,2027,2072,1053.618408203125,1,130.82107543945312,1328.592529296875
448940136489998::no_management,448940136489998,no_management,10,2027,2072,0.0,0,132.56866455078125,2755.856689453125
448940136489998::public_selection_light,448940136489998,public_selection_light,10,2027,2072,1056.2815551757812,4,69.08770751953125,1258.7357177734375
448940136489998::public_thin_restore,448940136489998,public_thin_restore,10,2027,2072,375.1585693359375,3,97.50652313232422,2015.024658203125
448940142489998::family_light_thin,448940142489998,family_light_thin,10,2027,2072,113.59029388427734,1,184.65338134765625,4629.076171875
448940142489998::family_uneven_aged_selection,448940142489998,family_uneven_aged_selection,10,2027,2072,1424.9518127441406,3,145.42074584960938,3584.537353515625
448940142489998::no_management,448940142489998,no_management,10,2027,2072,0.0,0,201.07958984375,4961.60498046875
448940142489998::pine_plantation_long_rotation,448940142489998,pine_plantation_long_rotation,10,2027,2072,2212.401786804199,2,156.5183563232422,2441.05224609375
448940142489998::pine_plantation_short_rotation,448940142489998,pine_plantation_short_rotation,10,2027,2072,1319.9095458984375,1,160.32376098632812,3298.804931640625
448940142489998::public_selection_light,448940142489998,public_selection_light,10,2027,2072,1936.0130310058594,4,112.9197769165039,2774.8486328125
448940142489998::public_thin_restore,448940142489998,public_thin_restore,10,2027,2072,577.5119018554688,3,156.84274291992188,4010.5234375
448940165489998::family_light_thin,448940165489998,family_light_thin,10,2027,2072,71.99021911621094,1,78.00503540039062,1202.5684814453125
448940165489998::family_uneven_aged_selection,448940165489998,family_uneven_aged_selection,10,2027,2072,358.12166595458984,3,62.978336334228516,1016.1940307617188
448940165489998::hardwood_clearcut_regen,448940165489998,hardwood_clearcut_regen,10,2027,2072,932.4659423828125,1,32.15187454223633,0.0
448940165489998::no_management,448940165489998,no_management,10,2027,2072,0.0,0,93.51443481445312,1497.3743896484375
448940165489998::public_selection_light,448940165489998,public_selection_light,10,2027,2072,462.5327682495117,4,49.449954986572266,743.6458129882812
448940165489998::public_thin_restore,448940165489998,public_thin_restore,10,2027,2072,244.41744232177734,3,54.195274353027344,828.942138671875
448940171489998::family_light_thin,448940171489998,family_light_thin,10,2027,2072,20.719257354736328,1,178.3994903564453,6838.5791015625
448940171489998::family_uneven_aged_selection,448940171489998,family_uneven_aged_selection,10,2027,2072,2047.6752319335938,3,129.48500061035156,4870.68798828125
448940171489998::no_management,448940171489998,no_management,10,2027,2072,0.0,0,181.529052734375,6818.9365234375
448940171489998::pine_plantation_long_rotation,448940171489998,pine_plantation_long_rotation,10,2027,2072,3394.5131607055664,2,217.78846740722656,7382.23583984375
448940171489998::pine_plantation_short_rotation,448940171489998,pine_plantation_short_rotation,10,2027,2072,1885.5201416015625,1,178.48570251464844,5974.08935546875
448940171489998::public_selection_light,448940171489998,public_selection_light,10,2027,2072,2747.1951904296875,4,93.26150512695312,3523.80517578125
448940171489998::public_thin_restore,448940171489998,public_thin_restore,10,2027,2072,154.34978103637695,3,169.5094757080078,6625.5859375
448940172489998::family_light_thin,448940172489998,family_light_thin,10,2027,2072,131.90432739257812,1,162.8180694580078,4494.2080078125
448940172489998::family_uneven_aged_selection,448940172489998,family_uneven_aged_selection,10,2027,2072,1338.9705200195312,3,126.01283264160156,3469.356689453125
448940172489998::no_management,448940172489998,no_management,10,2027,2072,0.0,0,171.6859588623047,4730.9072265625
448940172489998::pine_plantation_long_rotation,448940172489998,pine_plantation_long_rotation,10,2027,2072,2912.1654052734375,2,137.46151733398438,2026.1407470703125
448940172489998::pine_plantation_short_rotation,448940172489998,pine_plantation_short_rotation,10,2027,2072,1920.404769897461,2,193.8013916015625,4546.95263671875
448940172489998::public_selection_light,448940172489998,public_selection_light,10,2027,2072,1757.7022705078125,4,95.34010314941406,2630.38525390625
448940172489998::public_thin_restore,448940172489998,public_thin_restore,10,2027,2072,474.8610305786133,3,140.4297332763672,3883.488037109375
448940174489998::family_light_thin,448940174489998,family_light_thin,10,2027,2072,71.96849822998047,1,205.3197784423828,4553.22900390625
448940174489998::family_uneven_aged_selection,448940174489998,family_uneven_aged_selection,10,2027,2072,1230.7479858398438,3,160.21401977539062,3337.880859375
448940174489998::hardwood_clearcut_regen,448940174489998,hardwood_clearcut_regen,10,2027,2072,1845.5103759765625,1,138.8411407470703,2255.148193359375
448940174489998::no_management,448940174489998,no_management,10,2027,2072,0.0,0,213.86300659179688,4614.22998046875
448940174489998::public_selection_light,448940174489998,public_selection_light,10,2027,2072,1595.8199768066406,4,129.5660858154297,2643.710205078125
448940174489998::public_thin_restore,448940174489998,public_thin_restore,10,2027,2072,321.7054443359375,3,182.6715545654297,4096.03564453125
448940175489998::family_light_thin,448940175489998,family_light_thin,10,2027,2072,82.8086929321289,1,176.69784545898438,4395.99755859375
448940175489998::family_uneven_aged_selection,448940175489998,family_uneven_aged_selection,10,2027,2072,1209.6560974121094,3,130.9499053955078,3218.109375
448940175489998::hardwood_clearcut_regen,448940175489998,hardwood_clearcut_regen,10,2027,2072,1650.0167236328125,1,110.9862060546875,1770.620849609375
448940175489998::no_management,448940175489998,no_management,10,2027,2072,0.0,0,182.70387268066406,4567.7158203125
448940175489998::public_selection_light,448940175489998,public_selection_light,10,2027,2072,1584.2988891601562,4,100.53341674804688,2366.785888671875
448940175489998::public_thin_restore,448940175489998,public_thin_restore,10,2027,2072,431.91089630126953,3,153.9857635498047,3787.041748046875
448940178489998::family_light_thin,448940178489998,family_light_thin,10,2027,2072,186.89430236816406,1,145.7705078125,2489.9384765625
448940178489998::family_uneven_aged_selection,448940178489998,family_uneven_aged_selection,10,2027,2072,793.9145660400391,3,123.93280029296875,2258.958740234375
448940178489998::hardwood_clearcut_regen,448940178489998,hardwood_clearcut_regen,10,2027,2072,575.8947143554688,1,126.49945068359375,1710.6328125
448940178489998::no_management,448940178489998,no_management,10,2027,2072,0.0,0,151.98045349121094,3043.830810546875
448940184489998::family_light_thin,448940184489998,family_light_thin,10,2027,2072,173.5646209716797,1,247.04104614257812,5465.625
448940184489998::family_uneven_aged_selection,448940184489998,family_uneven_aged_selection,10,2027,2072,2229.8688354492188,3,226.6093292236328,4647.6005859375
448940184489998::hardwood_clearcut_regen,448940184489998,hardwood_clearcut_regen,10,2027,2072,4067.514892578125,1,124.97394561767578,968.6182250976562
448940184489998::no_management,448940184489998,no_management,10,2027,2072,0.0,0,247.57691955566406,5469.2744140625
448940184489998::public_selection_light,448940184489998,public_selection_light,10,2027,2072,3726.8440551757812,4,236.71788024902344,4311.5625
448940184489998::public_thin_restore,448940184489998,public_thin_restore,10,2027,2072,479.6538619995117,3,247.8003692626953,5569.3984375
448940190489998::family_light_thin,448940190489998,family_light_thin,10,2027,2072,240.42662048339844,1,288.8225402832031,8333.5947265625
448940190489998::family_uneven_aged_selection,448940190489998,family_uneven_aged_selection,10,2027,2072,3365.60302734375,3,258.0677490234375,7225.89501953125
448940190489998::hardwood_clearcut_regen,448940190489998,hardwood_clearcut_regen,10,2027,2072,5757.8603515625,1,188.10816955566406,4852.25830078125
448940190489998::no_management,448940190489998,no_management,10,2027,2072,0.0,0,288.8222351074219,8402.275390625
448940190489998::public_selection_light,448940190489998,public_selection_light,10,2027,2072,5155.4210205078125,4,225.84365844726562,5930.62841796875
448940190489998::public_thin_restore,448940190489998,public_thin_restore,10,2027,2072,1181.7930908203125,3,288.8221130371094,8258.4873046875
448940202489998::family_light_thin,448940202489998,family_light_thin,10,2027,2072,227.51988220214844,1,178.4857635498047,4917.1220703125
448940202489998::family_uneven_aged_selection,448940202489998,family_uneven_aged_selection,10,2027,2072,1458.8157348632812,3,134.989501953125,3711.93408203125
448940202489998::no_management,448940202489998,no_management,10,2027,2072,0.0,0,178.4857177734375,4906.42529296875
448940202489998::pine_plantation_long_rotation,448940202489998,pine_plantation_long_rotation,10,2027,2072,3323.2215270996094,2,138.93243408203125,2083.255615234375
448940202489998::pine_plantation_short_rotation,448940202489998,pine_plantation_short_rotation,10,2027,2072,2174.56005859375,2,190.7521514892578,4478.2958984375
448940202489998::public_selection_light,448940202489998,public_selection_light,10,2027,2072,2097.9332275390625,4,115.52884674072266,3176.52392578125
448940202489998::public_thin_restore,448940202489998,public_thin_restore,10,2027,2072,730.0031280517578,3,155.36746215820312,4290.02734375
448940205489998::family_light_thin,448940205489998,family_light_thin,10,2027,2072,111.1978988647461,1,176.4949951171875,4219.54052734375
448940205489998::family_uneven_aged_selection,448940205489998,family_uneven_aged_selection,10,2027,2072,1179.0272064208984,3,164.1138458251953,3896.714599609375
448940205489998::no_management,448940205489998,no_management,10,2027,2072,0.0,0,177.3864288330078,4365.88134765625
448940205489998::pine_plantation_long_rotation,448940205489998,pine_plantation_long_rotation,10,2027,2072,2941.0386962890625,2,112.77942657470703,400.7121887207031
448940205489998::pine_plantation_short_rotation,448940205489998,pine_plantation_short_rotation,10,2027,2072,1431.3521041870117,2,175.14414978027344,3209.361083984375
448940205489998::public_selection_light,448940205489998,public_selection_light,10,2027,2072,1577.6552391052246,4,162.46884155273438,3758.3046875
448940205489998::public_thin_restore,448940205489998,public_thin_restore,10,2027,2072,820.8942565917969,2,175.97732543945312,4095.271240234375
448940206489998::family_light_thin,448940206489998,family_light_thin,10,2027,2072,43.817100524902344,1,180.435546875,6678.3955078125
448940206489998::family_uneven_aged_selection,448940206489998,family_uneven_aged_selection,10,2027,2072,2630.9458618164062,3,161.5367889404297,5726.92333984375
448940206489998::no_management,448940206489998,no_management,10,2027,2072,0.0,0,180.25765991210938,6695.5625
448940206489998::pine_plantation_long_rotation,448940206489998,pine_plantation_long_rotation,10,2027,2072,4391.1259841918945,2,217.86582946777344,7882.0849609375
448940206489998::pine_plantation_short_rotation,448940206489998,pine_plantation_short_rotation,10,2027,2072,3607.0185546875,1,180.50759887695312,5985.083984375
448940206489998::public_selection_light,448940206489998,public_selection_light,10,2027,2072,3872.03173828125,4,146.18106079101562,4879.72607421875
448940206489998::public_thin_restore,448940206489998,public_thin_restore,10,2027,2072,358.58139419555664,3,180.39053344726562,6684.04345703125
448940207489998::family_light_thin,448940207489998,family_light_thin,10,2027,2072,3.787079095840454,1,89.87089538574219,2293.6064453125
448940207489998::family_uneven_aged_selection,448940207489998,family_uneven_aged_selection,10,2027,2072,815.9042205810547,3,58.65495681762695,1470.3096923828125
448940207489998::hardwood_clearcut_regen,448940207489998,hardwood_clearcut_regen,10,2027,2072,1752.3079833984375,1,31.41463851928711,43.4334831237793
448940207489998::no_management,448940207489998,no_management,10,2027,2072,0.0,0,90.52433776855469,2279.961181640625
448940207489998::public_selection_light,448940207489998,public_selection_light,10,2027,2072,1203.7761840820312,4,40.813655853271484,1007.7686767578125
448940207489998::public_thin_restore,448940207489998,public_thin_restore,10,2027,2072,20.726398587226868,3,84.59586334228516,2181.05029296875
448940209489998::family_light_thin,448940209489998,family_light_thin,10,2027,2072,180.0478973388672,1,178.4857635498047,5464.3857421875
448940209489998::family_uneven_aged_selection,448940209489998,family_uneven_aged_selection,10,2027,2072,2033.0347900390625,3,155.92893981933594,4747.11962890625
448940209489998::no_management,448940209489998,no_management,10,2027,2072,0.0,0,178.48565673828125,5458.93212890625
448940209489998::pine_plantation_long_rotation,448940209489998,pine_plantation_long_rotation,10,2027,2072,4178.958679199219,2,178.1962127685547,4145.865234375
448940209489998::pine_plantation_short_rotation,448940209489998,pine_plantation_short_rotation,10,2027,2072,2940.013427734375,2,222.57977294921875,6346.0625
448940209489998::public_selection_light,448940209489998,public_selection_light,10,2027,2072,2886.4793701171875,4,130.48663330078125,3978.66455078125
448940209489998::public_thin_restore,448940209489998,public_thin_restore,10,2027,2072,660.111083984375,3,178.48550415039062,5474.95458984375
448940210489998::family_light_thin,448940210489998,family_light_thin,10,2027,2072,8.055399894714355,1,183.31417846679688,3629.838134765625
448940210489998::family_uneven_aged_selection,448940210489998,family_uneven_aged_selection,10,2027,2072,1416.5393981933594,3,137.0421600341797,2679.93115234375
448940210489998::hardwood_clearcut_regen,448940210489998,hardwood_clearcut_regen,10,2027,2072,2993.096923828125,1,90.1375732421875,1113.44384765625
448940210489998::no_management,448940210489998,no_management,10,2027,2072,0.0,0,181.6475067138672,3568.841552734375
448940210489998::public_selection_light,448940210489998,public_selection_light,10,2027,2072,2079.1473999023438,4,95.74176788330078,1845.4344482421875
448940210489998::public_thin_restore,448940210489998,public_thin_restore,10,2027,2072,44.659515380859375,3,181.21701049804688,3656.606201171875
448940337489998::family_light_thin,448940337489998,family_light_thin,10,2027,2072,121.30908966064453,1,181.1727752685547,4000.321533203125
448940337489998::family_uneven_aged_selection,448940337489998,family_uneven_aged_selection,10,2027,2072,1240.7673950195312,3,165.122314453125,3517.0283203125
448940337489998::hardwood_clearcut_regen,448940337489998,hardwood_clearcut_regen,10,2027,2072,2908.8984375,1,71.90554809570312,204.5139617919922
448940337489998::no_management,448940337489998,no_management,10,2027,2072,0.0,0,181.49745178222656,4144.017578125
448940337489998::public_selection_light,448940337489998,public_selection_light,10,2027,2072,1748.0997314453125,4,164.88783264160156,3228.695068359375
448940337489998::public_thin_restore,448940337489998,public_thin_restore,10,2027,2072,535.4356842041016,3,181.3570556640625,3888.81396484375
448940340489998::family_light_thin,448940340489998,family_light_thin,10,2027,2072,365.1653137207031,1,178.44606018066406,6436.21875
448940340489998::family_uneven_aged_selection,448940340489998,family_uneven_aged_selection,10,2027,2072,2404.5145874023438,3,158.46670532226562,5661.88525390625
448940340489998::no_management,448940340489998,no_management,10,2027,2072,0.0,0,178.45843505859375,6426.11376953125
448940340489998::pine_plantation_long_rotation,448940340489998,pine_plantation_long_rotation,10,2027,2072,4950.215881347656,2,218.14111328125,6900.46337890625
448940340489998::pine_plantation_short_rotation,448940340489998,pine_plantation_short_rotation,10,2027,2072,2624.84130859375,1,178.18283081054688,5430.47119140625
448940340489998::public_selection_light,448940340489998,public_selection_light,10,2027,2072,3813.9982299804688,4,153.82078552246094,5436.44384765625
448940340489998::public_thin_restore,448940340489998,public_thin_restore,10,2027,2072,1210.410400390625,3,178.4321746826172,6419.6064453125
448940341489998::family_light_thin,448940341489998,family_light_thin,10,2027,2072,143.04397583007812,1,191.0714874267578,5977.97119140625
448940341489998::family_uneven_aged_selection,448940341489998,family_uneven_aged_selection,10,2027,2072,2090.8450317382812,3,173.63587951660156,4990.75146484375
448940341489998::hardwood_clearcut_regen,448940341489998,hardwood_clearcut_regen,10,2027,2072,3128.14453125,1,174.25662231445312,4557.2060546875
448940341489998::no_management,448940341489998,no_management,10,2027,2072,0.0,0,192.894287109375,6219.36669921875
448940346489998::family_light_thin,448940346489998,family_light_thin,10,2027,2072,227.56253051757812,1,178.4857177734375,4633.52294921875
448940346489998::family_uneven_aged_selection,448940346489998,family_uneven_aged_selection,10,2027,2072,1416.51904296875,3,162.7527618408203,4214.45166015625
448940346489998::no_management,448940346489998,no_management,10,2027,2072,0.0,0,178.48574829101562,4644.31787109375
448940346489998::pine_plantation_long_rotation,448940346489998,pine_plantation_long_rotation,10,2027,2072,4349.30859375,2,58.394447326660156,0.0
448940346489998::pine_plantation_short_rotation,448940346489998,pine_plantation_short_rotation,10,2027,2072,2934.63232421875,2,137.599365234375,2026.7921142578125
448940346489998::public_selection_light,448940346489998,public_selection_light,10,2027,2072,1870.0682830810547,4,146.81727600097656,3802.572998046875
448940346489998::public_thin_restore,448940346489998,public_thin_restore,10,2027,2072,974.9388427734375,3,168.8031463623047,4383.33447265625
448940348489998::family_light_thin,448940348489998,family_light_thin,10,2027,2072,59.338645935058594,1,176.1240234375,3912.91748046875
448940348489998::family_uneven_aged_selection,448940348489998,family_uneven_aged_selection,10,2027,2072,1264.2032165527344,3,163.6233673095703,3476.017578125
448940348489998::hardwood_clearcut_regen,448940348489998,hardwood_clearcut_regen,10,2027,2072,1701.149658203125,1,169.51791381835938,3801.92333984375
448940348489998::no_management,448940348489998,no_management,10,2027,2072,0.0,0,179.1043243408203,4142.83984375
448940348489998::public_selection_light,448940348489998,public_selection_light,10,2027,2072,1886.9923706054688,4,169.75401306152344,3280.574951171875
448940348489998::public_thin_restore,448940348489998,public_thin_restore,10,2027,2072,330.6962356567383,3,175.809814453125,3806.97802734375
448940350489998::family_light_thin,448940350489998,family_light_thin,10,2027,2072,31.0920352935791,1,178.42234802246094,3107.53125
448940350489998::family_uneven_aged_selection,448940350489998,family_uneven_aged_selection,10,2027,2072,1059.8088684082031,3,155.36614990234375,2362.2197265625
448940350489998::hardwood_clearcut_regen,448940350489998,hardwood_clearcut_regen,10,2027,2072,2170.815185546875,1,137.25146484375,1078.9552001953125
448940350489998::no_management,448940350489998,no_management,10,2027,2072,0.0,0,179.20045471191406,3246.4853515625
448940350489998::public_selection_light,448940350489998,public_selection_light,10,2027,2072,1608.1140441894531,4,157.12271118164062,1926.1651611328125
448940350489998::public_thin_restore,448940350489998,public_thin_restore,10,2027,2072,204.7554702758789,3,178.72657775878906,3138.037109375
448940352489998::family_light_thin,448940352489998,family_light_thin,10,2027,2072,62.30745315551758,1,222.63479614257812,4980.8134765625
448940352489998::family_uneven_aged_selection,448940352489998,family_uneven_aged_selection,10,2027,2072,1488.1069946289062,3,201.5121612548828,4414.60791015625
448940352489998::hardwood_clearcut_regen,448940352489998,hardwood_clearcut_regen,10,2027,2072,1348.1163330078125,1,180.69808959960938,2918.2333984375
448940352489998::no_management,448940352489998,no_management,10,2027,2072,0.0,0,222.2805633544922,5203.3759765625
448940352489998::public_selection_light,448940352489998,public_selection_light,10,2027,2072,1976.2830505371094,4,168.9756317138672,3599.262939453125
448940352489998::public_thin_restore,448940352489998,public_thin_restore,10,2027,2072,476.2599067687988,3,206.18495178222656,4525.5380859375
448940355489998::family_light_thin,448940355489998,family_light_thin,10,2027,2072,55.56739807128906,1,184.91714477539062,4232.51904296875
448940355489998::family_uneven_aged_selection,448940355489998,family_uneven_aged_selection,10,2027,2072,1598.4147338867188,3,172.507080078125,3376.80712890625
448940355489998::hardwood_clearcut_regen,448940355489998,hardwood_clearcut_regen,10,2027,2072,2996.337890625,1,171.93504333496094,3374.911865234375
448940355489998::no_management,448940355489998,no_management,10,2027,2072,0.0,0,185.2726287841797,4239.57568359375
448940355489998::public_selection_light,448940355489998,public_selection_light,10,2027,2072,2409.5323486328125,4,161.5307159423828,2755.939453125
448940355489998::public_thin_restore,448940355489998,public_thin_restore,10,2027,2072,204.6515884399414,3,185.8798828125,4362.0361328125
448940360489998::family_light_thin,448940360489998,family_light_thin,10,2027,2072,0.0,0,137.6620330810547,2446.65380859375
448940360489998::family_uneven_aged_selection,448940360489998,family_uneven_aged_selection,10,2027,2072,624.6559143066406,3,92.75379943847656,1631.037841796875
448940360489998::hardwood_clearcut_regen,448940360489998,hardwood_clearcut_regen,10,2027,2072,1082.7811279296875,1,84.21044921875,492.2117004394531
448940360489998::no_management,448940360489998,no_management,10,2027,2072,0.0,0,133.11019897460938,2386.18408203125
448940360489998::public_selection_light,448940360489998,public_selection_light,10,2027,2072,870.9315643310547,4,78.17301940917969,1320.04248046875
448940360489998::public_thin_restore,448940360489998,public_thin_restore,10,2027,2072,10.5972318649292,1,116.70466613769531,2193.4365234375
448940363489998::family_light_thin,448940363489998,family_light_thin,10,2027,2072,76.05316925048828,1,172.26708984375,3812.8876953125
448940363489998::family_uneven_aged_selection,448940363489998,family_uneven_aged_selection,10,2027,2072,1471.4771728515625,3,156.7506103515625,3147.632080078125
448940363489998::hardwood_clearcut_regen,448940363489998,hardwood_clearcut_regen,10,2027,2072,2873.0810546875,1,140.31536865234375,1726.572021484375
448940363489998::no_management,448940363489998,no_management,10,2027,2072,0.0,0,170.61988830566406,3804.6240234375
448940363489998::public_selection_light,448940363489998,public_selection_light,10,2027,2072,2268.816162109375,4,140.06378173828125,2551.558349609375
448940363489998::public_thin_restore,448940363489998,public_thin_restore,10,2027,2072,362.13897705078125,3,175.23910522460938,3948.6728515625
448940366489998::no_management,448940366489998,no_management,10,2027,2072,0.0,0,169.9935302734375,4815.818359375
448940366489998::public_selection_light,448940366489998,public_selection_light,10,2027,2072,1805.9702453613281,4,95.2574462890625,2613.764404296875
448940366489998::public_thin_restore,448940366489998,public_thin_restore,10,2027,2072,102.46649360656738,3,159.82470703125,4613.25390625
448940372489998::family_light_thin,448940372489998,family_light_thin,10,2027,2072,6.978599548339844,1,149.33633422851562,1312.3128662109375
448940372489998::family_uneven_aged_selection,448940372489998,family_uneven_aged_selection,10,2027,2072,220.97476863861084,3,130.22872924804688,1240.23681640625
448940372489998::no_management,448940372489998,no_management,10,2027,2072,0.0,0,144.07626342773438,1015.1312866210938
448940372489998::public_selection_light,448940372489998,public_selection_light,10,2027,2072,200.75657558441162,4,114.42279052734375,1036.9691162109375
448940372489998::public_thin_restore,448940372489998,public_thin_restore,10,2027,2072,106.83850383758545,3,120.80510711669922,1198.587890625
448940384489998::family_light_thin,448940384489998,family_light_thin,10,2027,2072,62.489288330078125,1,189.2896270751953,4275.13427734375
448940384489998::family_uneven_aged_selection,448940384489998,family_uneven_aged_selection,10,2027,2072,1481.3103637695312,3,172.10260009765625,3637.704833984375
448940384489998::hardwood_clearcut_regen,448940384489998,hardwood_clearcut_regen,10,2027,2072,2636.82666015625,1,165.54673767089844,3783.094970703125
448940384489998::no_management,448940384489998,no_management,10,2027,2072,0.0,0,189.82289123535156,4390.68798828125
448940384489998::public_selection_light,448940384489998,public_selection_light,10,2027,2072,2227.2188110351562,4,170.54632568359375,3197.1513671875
448940384489998::public_thin_restore,448940384489998,public_thin_restore,10,2027,2072,374.0390853881836,3,187.79132080078125,4248.8779296875
448940387489998::family_light_thin,448940387489998,family_light_thin,10,2027,2072,36.34777069091797,1,164.95860290527344,4358.87158203125
448940387489998::family_uneven_aged_selection,448940387489998,family_uneven_aged_selection,10,2027,2072,1264.893798828125,3,114.82952880859375,2945.521240234375
448940387489998::hardwood_clearcut_regen,448940387489998,hardwood_clearcut_regen,10,2027,2072,2060.447021484375,1,102.8069839477539,1716.2032470703125
448940387489998::no_management,448940387489998,no_management,10,2027,2072,0.0,0,167.4679718017578,4322.1279296875
448940387489998::public_selection_light,448940387489998,public_selection_light,10,2027,2072,1768.7820129394531,4,88.85969543457031,2201.909912109375
448940387489998::public_thin_restore,448940387489998,public_thin_restore,10,2027,2072,204.9099006652832,3,145.655029296875,3863.784423828125
448940391489998::family_light_thin,448940391489998,family_light_thin,10,2027,2072,91.23793029785156,1,176.53573608398438,3151.90087890625
448940391489998::family_uneven_aged_selection,448940391489998,family_uneven_aged_selection,10,2027,2072,926.6027221679688,3,160.98854064941406,2865.3486328125
448940391489998::hardwood_clearcut_regen,448940391489998,hardwood_clearcut_regen,10,2027,2072,2512.090576171875,1,25.47003746032715,0.0
448940391489998::no_management,448940391489998,no_management,10,2027,2072,0.0,0,181.4551239013672,3457.786376953125
448940391489998::public_selection_light,448940391489998,public_selection_light,10,2027,2072,1300.0777587890625,4,166.1976776123047,2622.323974609375
448940391489998::public_thin_restore,448940391489998,public_thin_restore,10,2027,2072,397.9431457519531,3,174.70654296875,3051.142578125
448940396489998::family_light_thin,448940396489998,family_light_thin,10,2027,2072,142.83958435058594,1,285.6888427734375,8069.48046875
448940396489998::family_uneven_aged_selection,448940396489998,family_uneven_aged_selection,10,2027,2072,2761.6168212890625,3,219.6885528564453,5979.6220703125
448940396489998::no_management,448940396489998,no_management,10,2027,2072,0.0,0,285.8321838378906,8222.771484375
448940428489998::family_light_thin,448940428489998,family_light_thin,10,2027,2072,7.865670680999756,1,195.0337371826172,2306.017822265625
448940428489998::family_uneven_aged_selection,448940428489998,family_uneven_aged_selection,10,2027,2072,753.7489776611328,3,156.97781372070312,1801.6485595703125
448940428489998::no_management,448940428489998,no_management,10,2027,2072,0.0,0,194.98341369628906,2271.7470703125
448940541489998::family_light_thin,448940541489998,family_light_thin,10,2027,2072,20.99001121520996,1,198.82452392578125,5701.97216796875
448940541489998::family_uneven_aged_selection,448940541489998,family_uneven_aged_selection,10,2027,2072,1315.0961303710938,3,181.72775268554688,5175.9609375
448940541489998::hardwood_clearcut_regen,448940541489998,hardwood_clearcut_regen,10,2027,2072,5235.935546875,1,0.2443063110113144,0.0
448940541489998::no_management,448940541489998,no_management,10,2027,2072,0.0,0,202.26873779296875,5810.77880859375
448940541489998::public_selection_light,448940541489998,public_selection_light,10,2027,2072,1728.817081451416,4,184.3131103515625,5351.36181640625
448940541489998::public_thin_restore,448940541489998,public_thin_restore,10,2027,2072,1200.4900665283203,3,191.51072692871094,5489.41162109375
448940560489998::family_light_thin,448940560489998,family_light_thin,10,2027,2072,103.33763122558594,1,168.69566345214844,4099.2890625
448940560489998::family_uneven_aged_selection,448940560489998,family_uneven_aged_selection,10,2027,2072,1871.28369140625,3,151.8318328857422,3609.57666015625
448940560489998::no_management,448940560489998,no_management,10,2027,2072,0.0,0,168.56396484375,4108.3740234375
448940560489998::pine_plantation_long_rotation,448940560489998,pine_plantation_long_rotation,10,2027,2072,4800.083740234375,2,180.66358947753906,3405.5322265625
448940560489998::pine_plantation_short_rotation,448940560489998,pine_plantation_short_rotation,10,2027,2072,4267.5244140625,1,156.67877197265625,2857.721435546875
448940560489998::public_selection_light,448940560489998,public_selection_light,10,2027,2072,3170.7225341796875,4,135.58180236816406,3125.3310546875
448940560489998::public_thin_restore,448940560489998,public_thin_restore,10,2027,2072,745.1106986999512,3,172.13377380371094,4371.515625
448940577489998::family_light_thin,448940577489998,family_light_thin,10,2027,2072,516.939453125,1,178.4857635498047,7307.85009765625
448940577489998::family_uneven_aged_selection,448940577489998,family_uneven_aged_selection,10,2027,2072,2743.213623046875,3,158.10150146484375,6431.18994140625
448940577489998::no_management,448940577489998,no_management,10,2027,2072,0.0,0,178.48568725585938,7290.8525390625
448940577489998::pine_plantation_long_rotation,448940577489998,pine_plantation_long_rotation,10,2027,2072,3865.5234375,2,222.5275115966797,8642.9287109375
448940577489998::pine_plantation_short_rotation,448940577489998,pine_plantation_short_rotation,10,2027,2072,3059.8076171875,1,171.20602416992188,5971.318359375
448940577489998::public_selection_light,448940577489998,public_selection_light,10,2027,2072,3817.3880004882812,4,132.60858154296875,5404.95556640625
448940577489998::public_thin_restore,448940577489998,public_thin_restore,10,2027,2072,1657.915023803711,3,167.82611083984375,6890.2626953125
448940579489998::family_light_thin,448940579489998,family_light_thin,10,2027,2072,208.96726989746094,1,179.76739501953125,4779.53955078125
448940579489998::family_uneven_aged_selection,448940579489998,family_uneven_aged_selection,10,2027,2072,1549.1544494628906,3,142.9892578125,3741.715576171875
448940579489998::no_management,448940579489998,no_management,10,2027,2072,0.0,0,180.23974609375,4714.62451171875
448940579489998::pine_plantation_long_rotation,448940579489998,pine_plantation_long_rotation,10,2027,2072,3074.5635681152344,2,163.30018615722656,3274.587890625
448940579489998::pine_plantation_short_rotation,448940579489998,pine_plantation_short_rotation,10,2027,2072,2232.2530822753906,2,211.15341186523438,5343.34765625
448940579489998::public_selection_light,448940579489998,public_selection_light,10,2027,2072,2161.284912109375,4,112.50880432128906,2958.992431640625
448940579489998::public_thin_restore,448940579489998,public_thin_restore,10,2027,2072,939.2958526611328,3,152.00030517578125,4097.6611328125
448940584489998::family_light_thin,448940584489998,family_light_thin,10,2027,2072,247.36370849609375,1,176.4462432861328,6760.9794921875
448940584489998::family_uneven_aged_selection,448940584489998,family_uneven_aged_selection,10,2027,2072,2167.899658203125,3,127.60578918457031,4867.74462890625
448940584489998::no_management,448940584489998,no_management,10,2027,2072,0.0,0,178.4858856201172,6798.166015625
448940584489998::pine_plantation_long_rotation,448940584489998,pine_plantation_long_rotation,10,2027,2072,3328.146240234375,1,109.59247589111328,3325.85791015625
448940584489998::pine_plantation_short_rotation,448940584489998,pine_plantation_short_rotation,10,2027,2072,3328.146240234375,1,109.59247589111328,3325.85791015625
448940584489998::public_selection_light,448940584489998,public_selection_light,10,2027,2072,3064.3258666992188,4,95.2616195678711,3643.845947265625
448940584489998::public_thin_restore,448940584489998,public_thin_restore,10,2027,2072,1312.0589904785156,3,138.86355590820312,5372.3515625
448940596489998::family_light_thin,448940596489998,family_light_thin,10,2027,2072,81.50727844238281,1,239.12937927246094,4047.258056640625
448940596489998::family_uneven_aged_selection,448940596489998,family_uneven_aged_selection,10,2027,2072,1204.78662109375,3,194.69044494628906,3060.127197265625
448940596489998::hardwood_clearcut_regen,448940596489998,hardwood_clearcut_regen,10,2027,2072,1576.7740478515625,1,64.1566162109375,547.8582763671875
448940596489998::no_management,448940596489998,no_management,10,2027,2072,0.0,0,237.54745483398438,4061.845947265625
448940596489998::public_selection_light,448940596489998,public_selection_light,10,2027,2072,1609.25927734375,4,148.96917724609375,2270.952392578125
448940596489998::public_thin_restore,448940596489998,public_thin_restore,10,2027,2072,191.61194801330566,3,205.9503936767578,3821.173828125
448940864489998::family_light_thin,448940864489998,family_light_thin,10,2027,2072,63.404640197753906,1,171.6317138671875,7343.93408203125
448940864489998::family_uneven_aged_selection,448940864489998,family_uneven_aged_selection,10,2027,2072,2584.356201171875,3,150.1063995361328,6248.43994140625
448940864489998::no_management,448940864489998,no_management,10,2027,2072,0.0,0,171.9716796875,7242.13330078125
448940864489998::pine_plantation_long_rotation,448940864489998,pine_plantation_long_rotation,10,2027,2072,3687.2794799804688,2,222.5276641845703,8644.345703125
448940864489998::pine_plantation_short_rotation,448940864489998,pine_plantation_short_rotation,10,2027,2072,2776.36328125,1,172.58084106445312,6251.57763671875
448940864489998::public_selection_light,448940864489998,public_selection_light,10,2027,2072,3632.6023559570312,4,122.97212982177734,5049.44775390625
448940864489998::public_thin_restore,448940864489998,public_thin_restore,10,2027,2072,388.23236083984375,3,171.41796875,7423.24951171875
448940876489998::family_light_thin,448940876489998,family_light_thin,10,2027,2072,0.0,0,32.19864273071289,1099.6781005859375
448940876489998::family_uneven_aged_selection,448940876489998,family_uneven_aged_selection,10,2027,2072,276.9593276977539,3,21.28068733215332,722.6763916015625
448940876489998::hardwood_clearcut_regen,448940876489998,hardwood_clearcut_regen,10,2027,2072,0.0,0,32.19864273071289,1099.6781005859375
448940876489998::no_management,448940876489998,no_management,10,2027,2072,0.0,0,32.19864273071289,1099.6781005859375
448940876489998::public_selection_light,448940876489998,public_selection_light,10,2027,2072,372.0199661254883,4,15.647940635681152,526.091064453125
448940876489998::public_thin_restore,448940876489998,public_thin_restore,10,2027,2072,0.0,0,32.19864273071289,1099.6781005859375
448940879489998::family_light_thin,448940879489998,family_light_thin,10,2027,2072,89.59712982177734,1,110.9083480834961,2562.923583984375
448940879489998::family_uneven_aged_selection,448940879489998,family_uneven_aged_selection,10,2027,2072,577.3646926879883,3,95.6551513671875,2013.6591796875
448940879489998::hardwood_clearcut_regen,448940879489998,hardwood_clearcut_regen,10,2027,2072,1079.0079345703125,1,57.26885986328125,47.32175827026367
448940879489998::no_management,448940879489998,no_management,10,2027,2072,0.0,0,126.29876708984375,2980.559814453125
448940879489998::public_selection_light,448940879489998,public_selection_light,10,2027,2072,644.9858589172363,4,78.20893096923828,1631.9005126953125
448940879489998::public_thin_restore,448940879489998,public_thin_restore,10,2027,2072,469.3381767272949,3,70.33216857910156,1428.454345703125
448940990489998::family_light_thin,448940990489998,family_light_thin,10,2027,2072,135.19210815429688,1,233.0496826171875,4906.779296875
448940990489998::family_uneven_aged_selection,448940990489998,family_uneven_aged_selection,10,2027,2072,1228.5897216796875,3,210.45420837402344,4106.15625
448940990489998::hardwood_clearcut_regen,448940990489998,hardwood_clearcut_regen,10,2027,2072,860.3985595703125,1,190.7175750732422,4197.271484375
448940990489998::no_management,448940990489998,no_management,10,2027,2072,0.0,0,238.22499084472656,5292.78125
448940993489998::family_light_thin,448940993489998,family_light_thin,10,2027,2072,20.34380531311035,1,168.56109619140625,4536.447265625
448940993489998::family_uneven_aged_selection,448940993489998,family_uneven_aged_selection,10,2027,2072,1384.5053405761719,3,154.9753875732422,3728.522705078125
448940993489998::no_management,448940993489998,no_management,10,2027,2072,0.0,0,168.43157958984375,4525.615234375
448940993489998::pine_plantation_long_rotation,448940993489998,pine_plantation_long_rotation,10,2027,2072,1937.2376708984375,1,157.93504333496094,4219.431640625
448940993489998::pine_plantation_short_rotation,448940993489998,pine_plantation_short_rotation,10,2027,2072,1937.2376708984375,1,157.93504333496094,4219.431640625
448940993489998::public_selection_light,448940993489998,public_selection_light,10,2027,2072,1917.2016296386719,4,142.24642944335938,3240.9091796875
448940993489998::public_thin_restore,448940993489998,public_thin_restore,10,2027,2072,228.91996383666992,3,168.7280731201172,4612.27490234375
448940999489998::family_light_thin,448940999489998,family_light_thin,10,2027,2072,171.55409240722656,1,235.93894958496094,4920.5478515625
448940999489998::family_uneven_aged_selection,448940999489998,family_uneven_aged_selection,10,2027,2072,1992.765625,3,207.7020721435547,4245.84619140625
448940999489998::hardwood_clearcut_regen,448940999489998,hardwood_clearcut_regen,10,2027,2072,3388.627197265625,1,62.91865539550781,189.1754150390625
448940999489998::no_management,448940999489998,no_management,10,2027,2072,0.0,0,235.28237915039062,4862.87060546875
448940999489998::public_selection_light,448940999489998,public_selection_light,10,2027,2072,2922.8826293945312,4,161.95590209960938,3233.84765625
448940999489998::public_thin_restore,448940999489998,public_thin_restore,10,2027,2072,753.5917663574219,3,237.82623291015625,4974.65673828125
448941000489998::family_light_thin,448941000489998,family_light_thin,10,2027,2072,7.166119575500488,1,248.65087890625,5827.33447265625
448941000489998::family_uneven_aged_selection,448941000489998,family_uneven_aged_selection,10,2027,2072,1931.7556762695312,3,194.97964477539062,4095.10107421875
448941000489998::hardwood_clearcut_regen,448941000489998,hardwood_clearcut_regen,10,2027,2072,3392.3544921875,1,198.36090087890625,3964.3701171875
448941000489998::no_management,448941000489998,no_management,10,2027,2072,0.0,0,246.36776733398438,5573.07763671875
448941000489998::public_selection_light,448941000489998,public_selection_light,10,2027,2072,2812.7682495117188,4,160.9018096923828,3081.749267578125
448941000489998::public_thin_restore,448941000489998,public_thin_restore,10,2027,2072,87.34857940673828,3,249.53318786621094,6162.8017578125
448941001489998::family_light_thin,448941001489998,family_light_thin,10,2027,2072,8.33686637878418,1,119.28199768066406,3293.57373046875
448941001489998::family_uneven_aged_selection,448941001489998,family_uneven_aged_selection,10,2027,2072,900.2398223876953,3,90.255859375,2309.142822265625
448941001489998::no_management,448941001489998,no_management,10,2027,2072,0.0,0,131.3551025390625,3385.2265625
448941001489998::pine_plantation_long_rotation,448941001489998,pine_plantation_long_rotation,10,2027,2072,1135.7275390625,1,154.4430389404297,3999.967041015625
448941001489998::pine_plantation_short_rotation,448941001489998,pine_plantation_short_rotation,10,2027,2072,1135.7275390625,1,154.4430389404297,3999.967041015625
448941001489998::public_selection_light,448941001489998,public_selection_light,10,2027,2072,1224.0444641113281,4,66.12596893310547,1708.7559814453125
448941001489998::public_thin_restore,448941001489998,public_thin_restore,10,2027,2072,88.88838386535645,3,101.73478698730469,3020.79296875
448941002489998::family_light_thin,448941002489998,family_light_thin,10,2027,2072,134.39752197265625,1,126.25923919677734,1297.9979248046875
448941002489998::family_uneven_aged_selection,448941002489998,family_uneven_aged_selection,10,2027,2072,386.53173065185547,3,103.7418441772461,1047.126708984375
448941002489998::hardwood_clearcut_regen,448941002489998,hardwood_clearcut_regen,10,2027,2072,570.1443481445312,1,109.53418731689453,139.62338256835938
448941002489998::no_management,448941002489998,no_management,10,2027,2072,0.0,0,136.57211303710938,1548.5811767578125
448941011489998::family_light_thin,448941011489998,family_light_thin,10,2027,2072,271.53717041015625,1,81.37686157226562,2522.14208984375
448941011489998::family_uneven_aged_selection,448941011489998,family_uneven_aged_selection,10,2027,2072,852.4831390380859,3,65.90155029296875,2026.6925048828125
448941011489998::no_management,448941011489998,no_management,10,2027,2072,0.0,0,103.4579086303711,3174.91748046875
448941011489998::pine_plantation_long_rotation,448941011489998,pine_plantation_long_rotation,10,2027,2072,1181.626953125,1,62.22945022583008,1214.56103515625
448941011489998::pine_plantation_short_rotation,448941011489998,pine_plantation_short_rotation,10,2027,2072,1181.626953125,1,62.22945022583008,1214.56103515625
448941011489998::public_selection_light,448941011489998,public_selection_light,10,2027,2072,1142.6070861816406,4,45.523189544677734,1404.08544921875
448941011489998::public_thin_restore,448941011489998,public_thin_restore,10,2027,2072,954.6731567382812,3,45.58887481689453,1422.4434814453125
448941017489998::no_management,448941017489998,no_management,10,2027,2072,0.0,0,73.95374298095703,2139.73681640625
448941017489998::pine_plantation_long_rotation,448941017489998,pine_plantation_long_rotation,10,2027,2072,1289.928955078125,1,86.70149230957031,1559.804931640625
448941017489998::pine_plantation_short_rotation,448941017489998,pine_plantation_short_rotation,10,2027,2072,1289.928955078125,1,86.70149230957031,1559.804931640625
448941022489998::family_light_thin,448941022489998,family_light_thin,10,2027,2072,60.95932388305664,1,165.34300231933594,3010.025146484375
448941022489998::family_uneven_aged_selection,448941022489998,family_uneven_aged_selection,10,2027,2072,832.3286437988281,3,145.5238800048828,2485.013671875
448941022489998::no_management,448941022489998,no_management,10,2027,2072,0.0,0,172.81784057617188,3452.59375
448941029489998::hardwood_clearcut_regen,448941029489998,hardwood_clearcut_regen,10,2027,2072,487.46783447265625,1,88.32173919677734,674.6406860351562
448941029489998::no_management,448941029489998,no_management,10,2027,2072,0.0,0,147.23011779785156,1668.796630859375
451136155489998::family_light_thin,451136155489998,family_light_thin,10,2027,2072,51.90496063232422,1,169.12942504882812,3664.781005859375
451136155489998::family_uneven_aged_selection,451136155489998,family_uneven_aged_selection,10,2027,2072,1537.2667541503906,3,154.6326141357422,3201.093505859375
451136155489998::hardwood_clearcut_regen,451136155489998,hardwood_clearcut_regen,10,2027,2072,3006.009033203125,1,137.92147827148438,2318.493896484375
451136155489998::no_management,451136155489998,no_management,10,2027,2072,0.0,0,168.27560424804688,3661.8271484375
451136155489998::public_selection_light,451136155489998,public_selection_light,10,2027,2072,2447.364013671875,4,160.08412170410156,3030.9423828125
451136155489998::public_thin_restore,451136155489998,public_thin_restore,10,2027,2072,148.4177360534668,3,174.56784057617188,3964.159423828125
451136176489998::family_light_thin,451136176489998,family_light_thin,10,2027,2072,8.08328914642334,1,188.51478576660156,5292.359375
451136176489998::family_uneven_aged_selection,451136176489998,family_uneven_aged_selection,10,2027,2072,1674.2260131835938,3,134.28904724121094,3663.97021484375
451136176489998::no_management,451136176489998,no_management,10,2027,2072,0.0,0,187.31631469726562,5207.3994140625
451136176489998::pine_plantation_long_rotation,451136176489998,pine_plantation_long_rotation,10,2027,2072,3370.000467300415,2,205.263916015625,4586.73095703125
451136176489998::public_selection_light,451136176489998,public_selection_light,10,2027,2072,2376.7611083984375,4,103.91419219970703,2788.102294921875
451136176489998::public_thin_restore,451136176489998,public_thin_restore,10,2027,2072,96.92956161499023,3,177.72645568847656,5089.7255859375
451136281489998::family_light_thin,451136281489998,family_light_thin,10,2027,2072,64.37267303466797,1,177.8944854736328,6687.77197265625
451136281489998::family_uneven_aged_selection,451136281489998,family_uneven_aged_selection,10,2027,2072,2414.0719604492188,3,162.29283142089844,5775.6962890625
451136281489998::no_management,451136281489998,no_management,10,2027,2072,0.0,0,178.4276123046875,6685.86572265625
451136281489998::pine_plantation_long_rotation,451136281489998,pine_plantation_long_rotation,10,2027,2072,4599.944610595703,2,202.3836212158203,6786.5537109375
451136281489998::pine_plantation_short_rotation,451136281489998,pine_plantation_short_rotation,10,2027,2072,2896.716552734375,1,170.57275390625,5882.63232421875
451136380489998::family_light_thin,451136380489998,family_light_thin,10,2027,2072,55.9842529296875,1,180.60057067871094,4219.97802734375
451136380489998::family_uneven_aged_selection,451136380489998,family_uneven_aged_selection,10,2027,2072,1301.0639953613281,3,142.73301696777344,3263.82373046875
451136380489998::hardwood_clearcut_regen,451136380489998,hardwood_clearcut_regen,10,2027,2072,1784.2640380859375,1,131.8314208984375,2700.45849609375
451136380489998::no_management,451136380489998,no_management,10,2027,2072,0.0,0,181.49884033203125,4286.29833984375
451136472489998::family_light_thin,451136472489998,family_light_thin,10,2027,2072,40.922645568847656,1,182.5361785888672,6084.875
451136472489998::family_uneven_aged_selection,451136472489998,family_uneven_aged_selection,10,2027,2072,2020.319091796875,3,168.3328399658203,5118.39599609375
451136472489998::no_management,451136472489998,no_management,10,2027,2072,0.0,0,183.00193786621094,6098.048828125
451136472489998::pine_plantation_long_rotation,451136472489998,pine_plantation_long_rotation,10,2027,2072,2938.967559814453,2,215.12135314941406,7524.333984375
451136472489998::pine_plantation_short_rotation,451136472489998,pine_plantation_short_rotation,10,2027,2072,2168.5244140625,1,179.20785522460938,5676.9892578125
451136472489998::public_selection_light,451136472489998,public_selection_light,10,2027,2072,2834.786865234375,4,155.0695037841797,4362.54296875
451136472489998::public_thin_restore,451136472489998,public_thin_restore,10,2027,2072,526.3954734802246,3,182.22174072265625,6026.822265625
451136579489998::family_light_thin,451136579489998,family_light_thin,10,2027,2072,268.9596252441406,1,266.5968017578125,8667.640625
451136579489998::family_uneven_aged_selection,451136579489998,family_uneven_aged_selection,10,2027,2072,3191.889404296875,3,245.2255096435547,7392.2724609375
451136579489998::no_management,451136579489998,no_management,10,2027,2072,0.0,0,265.44683837890625,8697.6513671875
451136581489998::family_light_thin,451136581489998,family_light_thin,10,2027,2072,11.956974029541016,1,190.9762420654297,2212.627197265625
451136581489998::family_uneven_aged_selection,451136581489998,family_uneven_aged_selection,10,2027,2072,352.94630432128906,3,171.7091522216797,1667.728759765625
451136581489998::hardwood_clearcut_regen,451136581489998,hardwood_clearcut_regen,10,2027,2072,1274.44873046875,1,5.897335529327393,0.0
451136581489998::no_management,451136581489998,no_management,10,2027,2072,0.0,0,187.8291473388672,1982.0426025390625
451136581489998::public_selection_light,451136581489998,public_selection_light,10,2027,2072,404.2575798034668,4,146.5696563720703,1586.3460693359375
451136581489998::public_thin_restore,451136581489998,public_thin_restore,10,2027,2072,104.93238067626953,3,152.27047729492188,1846.5738525390625
451136592489998::family_light_thin,451136592489998,family_light_thin,10,2027,2072,233.09866333007812,1,195.73199462890625,4389.17626953125
451136592489998::family_uneven_aged_selection,451136592489998,family_uneven_aged_selection,10,2027,2072,1375.4837646484375,3,184.3009033203125,4093.955810546875
451136592489998::hardwood_clearcut_regen,451136592489998,hardwood_clearcut_regen,10,2027,2072,2798.83935546875,1,80.187744140625,48.735477447509766
451136592489998::no_management,451136592489998,no_management,10,2027,2072,0.0,0,196.06019592285156,4525.67431640625
451136592489998::public_selection_light,451136592489998,public_selection_light,10,2027,2072,1951.0812072753906,4,192.312744140625,3949.31884765625
451136592489998::public_thin_restore,451136592489998,public_thin_restore,10,2027,2072,1046.580551147461,3,197.40927124023438,4171.21142578125
451136596489998::family_light_thin,451136596489998,family_light_thin,10,2027,2072,69.10881042480469,1,197.53155517578125,4019.989990234375
451136596489998::family_uneven_aged_selection,451136596489998,family_uneven_aged_selection,10,2027,2072,1186.5663757324219,3,176.54502868652344,3410.617431640625
451136596489998::hardwood_clearcut_regen,451136596489998,hardwood_clearcut_regen,10,2027,2072,1164.3037109375,1,177.97927856445312,3563.91943359375
451136596489998::no_management,451136596489998,no_management,10,2027,2072,0.0,0,197.67794799804688,4034.738037109375
451136596489998::public_selection_light,451136596489998,public_selection_light,10,2027,2072,1563.8038940429688,4,149.6255340576172,2643.207275390625
451136596489998::public_thin_restore,451136596489998,public_thin_restore,10,2027,2072,349.4335403442383,3,182.2392120361328,3801.6484375
451136597489998::family_light_thin,451136597489998,family_light_thin,10,2027,2072,58.05119705200195,1,203.6584014892578,6657.1767578125
451136597489998::family_uneven_aged_selection,451136597489998,family_uneven_aged_selection,10,2027,2072,1686.8120422363281,3,187.3936767578125,6028.501953125
451136597489998::no_management,451136597489998,no_management,10,2027,2072,0.0,0,206.2276153564453,7012.3642578125
451136597489998::pine_plantation_long_rotation,451136597489998,pine_plantation_long_rotation,10,2027,2072,4936.6871337890625,2,96.84707641601562,390.1605224609375
451136597489998::pine_plantation_short_rotation,451136597489998,pine_plantation_short_rotation,10,2027,2072,3198.0655517578125,2,187.70021057128906,4704.611328125
451136641489998::family_light_thin,451136641489998,family_light_thin,10,2027,2072,21.552087783813477,1,119.2134017944336,1990.6168212890625
451136641489998::family_uneven_aged_selection,451136641489998,family_uneven_aged_selection,10,2027,2072,364.7839756011963,3,102.5145492553711,1709.1658935546875
451136641489998::hardwood_clearcut_regen,451136641489998,hardwood_clearcut_regen,10,2027,2072,662.21337890625,1,26.352449417114258,0.0
451136641489998::no_management,451136641489998,no_management,10,2027,2072,0.0,0,130.2914276123047,2130.798095703125
451136641489998::public_selection_light,451136641489998,public_selection_light,10,2027,2072,351.84717178344727,4,75.50528717041016,1146.01708984375
451136641489998::public_thin_restore,451136641489998,public_thin_restore,10,2027,2072,196.9999656677246,3,80.0778579711914,1310.7249755859375
451136772489998::family_light_thin,451136772489998,family_light_thin,10,2027,2072,24.158891677856445,1,178.88925170898438,7313.7607421875
451136772489998::family_uneven_aged_selection,451136772489998,family_uneven_aged_selection,10,2027,2072,2739.9702758789062,3,161.97174072265625,6600.77978515625
451136772489998::no_management,451136772489998,no_management,10,2027,2072,0.0,0,178.86166381835938,7320.25634765625
451136772489998::pine_plantation_long_rotation,451136772489998,pine_plantation_long_rotation,10,2027,2072,5621.393142700195,2,205.23594665527344,6547.6220703125
451136772489998::pine_plantation_short_rotation,451136772489998,pine_plantation_short_rotation,10,2027,2072,4492.163764953613,2,222.07809448242188,8499.47265625
451136772489998::public_selection_light,451136772489998,public_selection_light,10,2027,2072,4382.531188964844,4,145.90386962890625,5918.58984375
451136772489998::public_thin_restore,451136772489998,public_thin_restore,10,2027,2072,321.25129199028015,3,178.83335876464844,7327.65869140625
451136773489998::family_light_thin,451136773489998,family_light_thin,10,2027,2072,142.09164428710938,1,239.8065185546875,4368.501953125
451136773489998::family_uneven_aged_selection,451136773489998,family_uneven_aged_selection,10,2027,2072,1270.4105529785156,3,186.1228790283203,3171.25390625
451136773489998::hardwood_clearcut_regen,451136773489998,hardwood_clearcut_regen,10,2027,2072,1602.967041015625,1,139.50706481933594,1033.2177734375
451136773489998::no_management,451136773489998,no_management,10,2027,2072,0.0,0,264.3421936035156,4645.31884765625
451136773489998::public_selection_light,451136773489998,public_selection_light,10,2027,2072,1746.0502319335938,4,151.6865997314453,2416.423095703125
451136773489998::public_thin_restore,451136773489998,public_thin_restore,10,2027,2072,647.4294281005859,3,197.97030639648438,3667.29833984375
451136790489998::family_light_thin,451136790489998,family_light_thin,10,2027,2072,199.9479522705078,1,242.1795654296875,3789.095703125
451136790489998::family_uneven_aged_selection,451136790489998,family_uneven_aged_selection,10,2027,2072,1148.2073974609375,3,211.01577758789062,3015.84912109375
451136790489998::hardwood_clearcut_regen,451136790489998,hardwood_clearcut_regen,10,2027,2072,1252.7481689453125,1,217.3609619140625,1627.6710205078125
451136790489998::no_management,451136790489998,no_management,10,2027,2072,0.0,0,234.18801879882812,3946.74853515625
451136792489998::family_light_thin,451136792489998,family_light_thin,10,2027,2072,74.86150360107422,1,176.358154296875,3940.72802734375
451136792489998::family_uneven_aged_selection,451136792489998,family_uneven_aged_selection,10,2027,2072,1093.3439483642578,3,139.12933349609375,3090.53271484375
451136792489998::hardwood_clearcut_regen,451136792489998,hardwood_clearcut_regen,10,2027,2072,1085.755126953125,1,184.778564453125,3568.07763671875
451136792489998::no_management,451136792489998,no_management,10,2027,2072,0.0,0,185.87387084960938,4231.3955078125
451136792489998::public_selection_light,451136792489998,public_selection_light,10,2027,2072,1448.1615600585938,4,118.03328704833984,2472.05517578125
451136792489998::public_thin_restore,451136792489998,public_thin_restore,10,2027,2072,348.9964065551758,3,150.9508056640625,3497.65283203125
451136797489998::family_light_thin,451136797489998,family_light_thin,10,2027,2072,162.45729064941406,1,184.8925018310547,6663.95703125
451136797489998::family_uneven_aged_selection,451136797489998,family_uneven_aged_selection,10,2027,2072,2079.6348266601562,3,151.93914794921875,5193.94287109375
451136797489998::no_management,451136797489998,no_management,10,2027,2072,0.0,0,187.13059997558594,6395.515625
451136797489998::pine_plantation_long_rotation,451136797489998,pine_plantation_long_rotation,10,2027,2072,2823.9694213867188,2,222.527587890625,8601.923828125
451136797489998::pine_plantation_short_rotation,451136797489998,pine_plantation_short_rotation,10,2027,2072,2158.52392578125,1,174.8270721435547,6169.2880859375
451136801489998::family_light_thin,451136801489998,family_light_thin,10,2027,2072,753.877197265625,1,192.67759704589844,6790.80078125
451136801489998::family_uneven_aged_selection,451136801489998,family_uneven_aged_selection,10,2027,2072,2284.076416015625,3,170.97067260742188,5929.2880859375
451136801489998::no_management,451136801489998,no_management,10,2027,2072,0.0,0,191.3896484375,6895.45068359375
451136801489998::pine_plantation_long_rotation,451136801489998,pine_plantation_long_rotation,10,2027,2072,3909.0838012695312,2,215.72021484375,7145.98046875
451136801489998::pine_plantation_short_rotation,451136801489998,pine_plantation_short_rotation,10,2027,2072,2530.10986328125,1,186.49330139160156,4784.1875
451136801489998::public_selection_light,451136801489998,public_selection_light,10,2027,2072,3323.9021606445312,4,148.59190368652344,4977.2958984375
451136801489998::public_thin_restore,451136801489998,public_thin_restore,10,2027,2072,2301.697998046875,3,175.24855041503906,6034.45703125
451136803489998::family_light_thin,451136803489998,family_light_thin,10,2027,2072,146.28089904785156,1,104.2262954711914,2165.961669921875
451136803489998::family_uneven_aged_selection,451136803489998,family_uneven_aged_selection,10,2027,2072,560.7905960083008,3,84.57562255859375,1682.5115966796875
451136803489998::hardwood_clearcut_regen,451136803489998,hardwood_clearcut_regen,10,2027,2072,485.9039001464844,1,74.45802307128906,956.8472290039062
451136803489998::no_management,451136803489998,no_management,10,2027,2072,0.0,0,124.33415985107422,2563.57958984375
451136803489998::public_selection_light,451136803489998,public_selection_light,10,2027,2072,710.5226135253906,4,62.682945251464844,1184.021728515625
451136803489998::public_thin_restore,451136803489998,public_thin_restore,10,2027,2072,360.89331817626953,3,74.67733001708984,1594.4986572265625
451136805489998::family_light_thin,451136805489998,family_light_thin,10,2027,2072,136.91464233398438,1,209.2075653076172,6386.35693359375
451136805489998::family_uneven_aged_selection,451136805489998,family_uneven_aged_selection,10,2027,2072,1799.6980895996094,3,193.61280822753906,5925.65380859375
451136805489998::hardwood_clearcut_regen,451136805489998,hardwood_clearcut_regen,10,2027,2072,5669.94287109375,1,26.421913146972656,0.0
451136805489998::no_management,451136805489998,no_management,10,2027,2072,0.0,0,209.04486083984375,6703.830078125
451136805489998::public_selection_light,451136805489998,public_selection_light,10,2027,2072,2379.4156036376953,4,195.56968688964844,5374.7607421875
451136805489998::public_thin_restore,451136805489998,public_thin_restore,10,2027,2072,877.0319976806641,3,209.91769409179688,6023.861328125
451136876489998::family_light_thin,451136876489998,family_light_thin,10,2027,2072,151.63230895996094,1,245.01962280273438,6339.7392578125
451136876489998::family_uneven_aged_selection,451136876489998,family_uneven_aged_selection,10,2027,2072,2218.093505859375,3,180.05242919921875,4502.037109375
451136876489998::hardwood_clearcut_regen,451136876489998,hardwood_clearcut_regen,10,2027,2072,4301.2412109375,1,85.59983825683594,264.690673828125
451136876489998::no_management,451136876489998,no_management,10,2027,2072,0.0,0,244.18751525878906,6279.79833984375
451136876489998::public_selection_light,451136876489998,public_selection_light,10,2027,2072,3243.1864624023438,4,135.1668243408203,3242.308837890625
451136876489998::public_thin_restore,451136876489998,public_thin_restore,10,2027,2072,611.6559448242188,3,231.41314697265625,6102.00048828125
451136888489998::family_light_thin,451136888489998,family_light_thin,10,2027,2072,122.87989044189453,1,209.78955078125,5212.6640625
451136888489998::family_uneven_aged_selection,451136888489998,family_uneven_aged_selection,10,2027,2072,1597.2124328613281,3,181.33889770507812,4382.50634765625
451136888489998::hardwood_clearcut_regen,451136888489998,hardwood_clearcut_regen,10,2027,2072,2099.809814453125,1,160.9459228515625,4251.666015625
451136888489998::no_management,451136888489998,no_management,10,2027,2072,0.0,0,209.54571533203125,5312.37646484375
451136888489998::public_selection_light,451136888489998,public_selection_light,10,2027,2072,2272.257598876953,4,179.7886199951172,3865.65087890625
451136888489998::public_thin_restore,451136888489998,public_thin_restore,10,2027,2072,605.665771484375,3,210.39450073242188,5083.5244140625
451136915489998::family_light_thin,451136915489998,family_light_thin,10,2027,2072,96.513916015625,1,189.65634155273438,3590.51708984375
451136915489998::family_uneven_aged_selection,451136915489998,family_uneven_aged_selection,10,2027,2072,985.5755615234375,3,147.655029296875,2557.2646484375
451136915489998::hardwood_clearcut_regen,451136915489998,hardwood_clearcut_regen,10,2027,2072,2154.433837890625,1,52.132083892822266,355.8576354980469
451136915489998::no_management,451136915489998,no_management,10,2027,2072,0.0,0,185.7196807861328,3338.7412109375
451136915489998::public_selection_light,451136915489998,public_selection_light,10,2027,2072,1374.5598449707031,4,130.4980926513672,2141.375732421875
451136915489998::public_thin_restore,451136915489998,public_thin_restore,10,2027,2072,294.6842498779297,3,162.96719360351562,3416.615478515625
451136925489998::family_light_thin,451136925489998,family_light_thin,10,2027,2072,79.26993560791016,1,200.41131591796875,5549.79638671875
451136925489998::family_uneven_aged_selection,451136925489998,family_uneven_aged_selection,10,2027,2072,1927.4969482421875,3,154.65896606445312,4200.68017578125
451136925489998::hardwood_clearcut_regen,451136925489998,hardwood_clearcut_regen,10,2027,2072,3204.240234375,1,113.74774169921875,2084.968017578125
451136925489998::no_management,451136925489998,no_management,10,2027,2072,0.0,0,198.99794006347656,5482.0126953125
451136946489998::family_light_thin,451136946489998,family_light_thin,10,2027,2072,56.70246505737305,1,178.48580932617188,7444.48974609375
451136946489998::family_uneven_aged_selection,451136946489998,family_uneven_aged_selection,10,2027,2072,2839.0090942382812,3,160.19056701660156,6601.716796875
451136946489998::no_management,451136946489998,no_management,10,2027,2072,0.0,0,178.4856719970703,7435.67578125
451136946489998::pine_plantation_long_rotation,451136946489998,pine_plantation_long_rotation,10,2027,2072,4526.480499267578,2,222.5275115966797,8609.6298828125
451136963489998::family_light_thin,451136963489998,family_light_thin,10,2027,2072,28.14078140258789,1,248.07115173339844,1636.874267578125
451136963489998::family_uneven_aged_selection,451136963489998,family_uneven_aged_selection,10,2027,2072,339.9772834777832,3,222.55661010742188,1397.7586669921875
451136963489998::hardwood_clearcut_regen,451136963489998,hardwood_clearcut_regen,10,2027,2072,738.4041748046875,1,121.05313873291016,0.0
451136963489998::no_management,451136963489998,no_management,10,2027,2072,0.0,0,252.91644287109375,2031.5245361328125
451136963489998::public_selection_light,451136963489998,public_selection_light,10,2027,2072,400.7681999206543,4,193.39425659179688,1085.107177734375
451136963489998::public_thin_restore,451136963489998,public_thin_restore,10,2027,2072,239.38808822631836,3,199.78399658203125,1194.9820556640625
451136968489998::family_light_thin,451136968489998,family_light_thin,10,2027,2072,95.60601043701172,1,259.9751892089844,4079.4814453125
451136968489998::family_uneven_aged_selection,451136968489998,family_uneven_aged_selection,10,2027,2072,1262.5476989746094,3,226.39096069335938,2996.8388671875
451136968489998::hardwood_clearcut_regen,451136968489998,hardwood_clearcut_regen,10,2027,2072,1747.865234375,1,240.4893798828125,5938.740234375
451136968489998::no_management,451136968489998,no_management,10,2027,2072,0.0,0,259.74822998046875,4286.4150390625
451136968489998::public_selection_light,451136968489998,public_selection_light,10,2027,2072,1729.198974609375,4,218.6316680908203,2334.736572265625
451136968489998::public_thin_restore,451136968489998,public_thin_restore,10,2027,2072,641.8341979980469,3,253.57704162597656,4007.071044921875
451136976489998::family_light_thin,451136976489998,family_light_thin,10,2027,2072,229.29148864746094,1,177.56370544433594,4378.56982421875
451136976489998::family_uneven_aged_selection,451136976489998,family_uneven_aged_selection,10,2027,2072,1248.4890594482422,3,148.318603515625,3631.828369140625
451136976489998::no_management,451136976489998,no_management,10,2027,2072,0.0,0,181.86654663085938,4462.21240234375
451136976489998::pine_plantation_long_rotation,451136976489998,pine_plantation_long_rotation,10,2027,2072,2394.9879150390625,2,139.62586975097656,2147.121337890625
451136976489998::pine_plantation_short_rotation,451136976489998,pine_plantation_short_rotation,10,2027,2072,1143.8398132324219,2,194.6134490966797,4649.28857421875
451136981489998::family_light_thin,451136981489998,family_light_thin,10,2027,2072,217.15325927734375,1,263.14764404296875,6608.1484375
451136981489998::family_uneven_aged_selection,451136981489998,family_uneven_aged_selection,10,2027,2072,2408.030029296875,3,250.66165161132812,6217.4189453125
451136981489998::hardwood_clearcut_regen,451136981489998,hardwood_clearcut_regen,10,2027,2072,2365.749267578125,1,240.14401245117188,4564.65283203125
451136981489998::no_management,451136981489998,no_management,10,2027,2072,0.0,0,262.403076171875,6902.904296875
451136981489998::public_selection_light,451136981489998,public_selection_light,10,2027,2072,3305.1514282226562,4,241.72506713867188,5325.7431640625
451136981489998::public_thin_restore,451136981489998,public_thin_restore,10,2027,2072,1238.6672058105469,3,261.76361083984375,6078.234375
451136996489998::family_light_thin,451136996489998,family_light_thin,10,2027,2072,276.7560119628906,1,201.517333984375,7108.04541015625
451136996489998::family_uneven_aged_selection,451136996489998,family_uneven_aged_selection,10,2027,2072,2674.833740234375,3,184.3518829345703,6440.2216796875
451136996489998::no_management,451136996489998,no_management,10,2027,2072,0.0,0,200.73239135742188,7076.138671875
451136996489998::pine_plantation_long_rotation,451136996489998,pine_plantation_long_rotation,10,2027,2072,4941.558410644531,2,196.29884338378906,6073.251953125
451136996489998::pine_plantation_short_rotation,451136996489998,pine_plantation_short_rotation,10,2027,2072,2939.1005859375,1,202.18775939941406,7079.6298828125
451136998489998::family_light_thin,451136998489998,family_light_thin,10,2027,2072,64.6539306640625,1,132.56201171875,3509.279296875
451136998489998::family_uneven_aged_selection,451136998489998,family_uneven_aged_selection,10,2027,2072,842.2458648681641,3,99.08364868164062,2527.73583984375
451136998489998::hardwood_clearcut_regen,451136998489998,hardwood_clearcut_regen,10,2027,2072,1762.7786865234375,1,59.623504638671875,406.12628173828125
451136998489998::no_management,451136998489998,no_management,10,2027,2072,0.0,0,141.46791076660156,3642.898681640625
451136999489998::family_light_thin,451136999489998,family_light_thin,10,2027,2072,100.23812866210938,1,154.67958068847656,7346.453125
451136999489998::family_uneven_aged_selection,451136999489998,family_uneven_aged_selection,10,2027,2072,2674.2940063476562,3,142.18577575683594,6603.328125
451136999489998::no_management,451136999489998,no_management,10,2027,2072,0.0,0,154.7944793701172,7359.7294921875
451136999489998::pine_plantation_long_rotation,451136999489998,pine_plantation_long_rotation,10,2027,2072,2861.765380859375,1,154.4027557373047,6027.306640625
451136999489998::pine_plantation_short_rotation,451136999489998,pine_plantation_short_rotation,10,2027,2072,2861.765380859375,1,154.4027557373047,6027.306640625
451136999489998::public_selection_light,451136999489998,public_selection_light,10,2027,2072,4221.2415771484375,4,134.71180725097656,6037.9931640625
451136999489998::public_thin_restore,451136999489998,public_thin_restore,10,2027,2072,296.7754135131836,3,154.6290283203125,7371.74609375
451137000489998::family_light_thin,451137000489998,family_light_thin,10,2027,2072,0.0,0,182.1162872314453,5344.1416015625
451137000489998::family_uneven_aged_selection,451137000489998,family_uneven_aged_selection,10,2027,2072,1590.5263366699219,3,166.4129638671875,4665.69384765625
451137000489998::no_management,451137000489998,no_management,10,2027,2072,0.0,0,182.63986206054688,5316.1640625
451137000489998::pine_plantation_long_rotation,451137000489998,pine_plantation_long_rotation,10,2027,2072,1720.734209060669,2,216.6016845703125,8105.7392578125
451407447489998::family_light_thin,451407447489998,family_light_thin,10,2027,2072,35.98215866088867,1,175.95436096191406,2917.667724609375
451407447489998::family_uneven_aged_selection,451407447489998,family_uneven_aged_selection,10,2027,2072,593.280632019043,3,148.08624267578125,2518.6171875
451407447489998::hardwood_clearcut_regen,451407447489998,hardwood_clearcut_regen,10,2027,2072,126.90866088867188,1,136.8544158935547,2015.6168212890625
451407447489998::no_management,451407447489998,no_management,10,2027,2072,0.0,0,176.5222930908203,3060.951171875
451407785489998::family_light_thin,451407785489998,family_light_thin,10,2027,2072,92.06958770751953,1,151.7201385498047,3867.96533203125
451407785489998::family_uneven_aged_selection,451407785489998,family_uneven_aged_selection,10,2027,2072,1417.0641479492188,3,133.83914184570312,3291.89306640625
451407785489998::no_management,451407785489998,no_management,10,2027,2072,0.0,0,149.99720764160156,3933.89794921875
451408039489998::family_light_thin,451408039489998,family_light_thin,10,2027,2072,73.52700805664062,1,145.05975341796875,3090.5078125
451408039489998::family_uneven_aged_selection,451408039489998,family_uneven_aged_selection,10,2027,2072,735.484977722168,3,133.7281951904297,2904.034423828125
451408039489998::no_management,451408039489998,no_management,10,2027,2072,0.0,0,145.5032501220703,3271.40185546875
451408064489998::family_light_thin,451408064489998,family_light_thin,10,2027,2072,64.71501159667969,1,185.6168212890625,5437.4990234375
451408064489998::family_uneven_aged_selection,451408064489998,family_uneven_aged_selection,10,2027,2072,1359.0737762451172,3,168.67630004882812,4815.67919921875
451408064489998::hardwood_clearcut_regen,451408064489998,hardwood_clearcut_regen,10,2027,2072,3185.34326171875,1,125.01634979248047,1588.360595703125
451408064489998::no_management,451408064489998,no_management,10,2027,2072,0.0,0,185.1715087890625,5468.10400390625
451408239489998::family_light_thin,451408239489998,family_light_thin,10,2027,2072,145.9633026123047,1,194.33145141601562,5637.29541015625
451408239489998::family_uneven_aged_selection,451408239489998,family_uneven_aged_selection,10,2027,2072,2009.276611328125,3,172.65231323242188,4818.4599609375
451408239489998::hardwood_clearcut_regen,451408239489998,hardwood_clearcut_regen,10,2027,2072,4020.77734375,1,161.2893829345703,2669.74462890625
451408239489998::no_management,451408239489998,no_management,10,2027,2072,0.0,0,191.6417236328125,5655.1240234375
451408239489998::public_selection_light,451408239489998,public_selection_light,10,2027,2072,3024.1098022460938,4,167.42771911621094,4260.2353515625
451408239489998::public_thin_restore,451408239489998,public_thin_restore,10,2027,2072,617.6337890625,3,198.902099609375,5773.66162109375
461362822489998::family_light_thin,461362822489998,family_light_thin,10,2027,2072,55.79548645019531,1,214.53106689453125,5022.87353515625
461362822489998::family_uneven_aged_selection,461362822489998,family_uneven_aged_selection,10,2027,2072,1678.141357421875,3,194.27003479003906,3803.155517578125
461362822489998::no_management,461362822489998,no_management,10,2027,2072,0.0,0,215.1141815185547,4832.935546875
461362822489998::pine_plantation_long_rotation,461362822489998,pine_plantation_long_rotation,10,2027,2072,3022.61376953125,1,157.18397521972656,4027.934814453125
461362822489998::pine_plantation_short_rotation,461362822489998,pine_plantation_short_rotation,10,2027,2072,3022.61376953125,1,157.18397521972656,4027.934814453125
46158741020004::family_light_thin,46158741020004,family_light_thin,10,2027,2072,45.42884063720703,1,192.65164184570312,2565.202392578125
46158741020004::family_uneven_aged_selection,46158741020004,family_uneven_aged_selection,10,2027,2072,759.9038391113281,3,179.00978088378906,2231.02685546875
46158741020004::no_management,46158741020004,no_management,10,2027,2072,0.0,0,193.13507080078125,2561.93115234375
473803917489998::no_management,473803917489998,no_management,10,2027,2072,0.0,0,158.31600952148438,3808.617431640625
484311003489998::family_light_thin,484311003489998,family_light_thin,10,2027,2072,65.60308074951172,1,175.5760955810547,4337.7275390625
484311003489998::family_uneven_aged_selection,484311003489998,family_uneven_aged_selection,10,2027,2072,1178.9974822998047,3,158.52059936523438,3901.196044921875
484311003489998::hardwood_clearcut_regen,484311003489998,hardwood_clearcut_regen,10,2027,2072,1727.25830078125,1,140.9080810546875,2610.361328125
484311003489998::no_management,484311003489998,no_management,10,2027,2072,0.0,0,177.8599853515625,4283.74462890625
484311003489998::public_selection_light,484311003489998,public_selection_light,10,2027,2072,1671.8968963623047,4,168.5110321044922,4087.806884765625
484311003489998::public_thin_restore,484311003489998,public_thin_restore,10,2027,2072,919.9865264892578,3,171.4853515625,4101.68212890625
495147823126144::family_light_thin,495147823126144,family_light_thin,10,2027,2072,60.93336868286133,1,171.90736389160156,4973.54296875
495147823126144::family_uneven_aged_selection,495147823126144,family_uneven_aged_selection,10,2027,2072,2009.5025634765625,3,150.30435180664062,4248.154296875
495147823126144::no_management,495147823126144,no_management,10,2027,2072,0.0,0,171.86451721191406,4951.546875
495147823126144::pine_plantation_long_rotation,495147823126144,pine_plantation_long_rotation,10,2027,2072,3463.00634765625,1,173.75628662109375,3987.4404296875
495147823126144::pine_plantation_short_rotation,495147823126144,pine_plantation_short_rotation,10,2027,2072,3463.00634765625,1,173.75628662109375,3987.4404296875
495147823126144::public_selection_light,495147823126144,public_selection_light,10,2027,2072,3037.9158935546875,4,123.99010467529297,3409.391357421875
495147823126144::public_thin_restore,495147823126144,public_thin_restore,10,2027,2072,325.6044921875,3,172.86354064941406,5119.21337890625
495147975126144::family_light_thin,495147975126144,family_light_thin,10,2027,2072,78.22782135009766,1,160.87521362304688,2919.0126953125
495147975126144::family_uneven_aged_selection,495147975126144,family_uneven_aged_selection,10,2027,2072,775.998405456543,3,145.5211181640625,2604.320068359375
495147975126144::hardwood_clearcut_regen,495147975126144,hardwood_clearcut_regen,10,2027,2072,2580.5908203125,1,4.849538326263428,0.0
495147975126144::no_management,495147975126144,no_management,10,2027,2072,0.0,0,166.3557891845703,3170.9052734375
495147975126144::public_selection_light,495147975126144,public_selection_light,10,2027,2072,1077.3170776367188,4,152.7641143798828,2505.718994140625
495147975126144::public_thin_restore,495147975126144,public_thin_restore,10,2027,2072,564.4172973632812,3,162.01968383789062,2773.637939453125
495148091126144::family_light_thin,495148091126144,family_light_thin,10,2027,2072,111.17720794677734,1,203.89028930664062,5045.1728515625
495148091126144::family_uneven_aged_selection,495148091126144,family_uneven_aged_selection,10,2027,2072,1386.2117614746094,3,186.9380340576172,4649.25146484375
495148091126144::no_management,495148091126144,no_management,10,2027,2072,0.0,0,203.7257537841797,5162.07958984375
495148091126144::pine_plantation_long_rotation,495148091126144,pine_plantation_long_rotation,10,2027,2072,3610.3575134277344,2,85.16775512695312,0.0
495148091126144::pine_plantation_short_rotation,495148091126144,pine_plantation_short_rotation,10,2027,2072,1873.5907974243164,2,160.2944793701172,2373.47607421875
495148223126144::family_light_thin,495148223126144,family_light_thin,10,2027,2072,31.72125244140625,1,195.36874389648438,7611.24462890625
495148223126144::family_uneven_aged_selection,495148223126144,family_uneven_aged_selection,10,2027,2072,2849.2398071289062,3,177.1171875,6491.30859375
495148223126144::no_management,495148223126144,no_management,10,2027,2072,0.0,0,194.4193572998047,7526.86083984375
495148223126144::public_selection_light,495148223126144,public_selection_light,10,2027,2072,4621.8756103515625,4,180.76385498046875,6016.8330078125
495148223126144::public_thin_restore,495148223126144,public_thin_restore,10,2027,2072,135.37407684326172,3,197.6497802734375,7795.44091796875
495148390126144::family_light_thin,495148390126144,family_light_thin,10,2027,2072,131.1060028076172,1,173.0508575439453,3593.755859375
495148390126144::family_uneven_aged_selection,495148390126144,family_uneven_aged_selection,10,2027,2072,1557.7672729492188,3,160.04666137695312,3259.69482421875
495148390126144::no_management,495148390126144,no_management,10,2027,2072,0.0,0,173.1798858642578,3610.928955078125
533664232126144::family_light_thin,533664232126144,family_light_thin,10,2027,2072,5.185144424438477,1,180.14932250976562,3219.5888671875
533664232126144::family_uneven_aged_selection,533664232126144,family_uneven_aged_selection,10,2027,2072,1193.812255859375,3,171.42356872558594,2731.7265625
533664232126144::no_management,533664232126144,no_management,10,2027,2072,0.0,0,179.85191345214844,3314.274658203125
533664258126144::family_light_thin,533664258126144,family_light_thin,10,2027,2072,0.0,0,72.08160400390625,686.7357177734375
533664258126144::family_uneven_aged_selection,533664258126144,family_uneven_aged_selection,10,2027,2072,68.54092717170715,3,66.4481201171875,443.4869079589844
533664258126144::hardwood_clearcut_regen,533664258126144,hardwood_clearcut_regen,10,2027,2072,419.9413757324219,1,0.04691518843173981,0.0
533664258126144::no_management,533664258126144,no_management,10,2027,2072,0.0,0,72.99615478515625,626.4305419921875
533664258126144::public_selection_light,533664258126144,public_selection_light,10,2027,2072,88.70708847045898,3,69.11888122558594,607.63232421875
533664258126144::public_thin_restore,533664258126144,public_thin_restore,10,2027,2072,78.32810401916504,2,70.23638916015625,536.7314453125
533664592126144::family_light_thin,533664592126144,family_light_thin,10,2027,2072,0.0,0,180.6771240234375,4738.9716796875
533664592126144::family_uneven_aged_selection,533664592126144,family_uneven_aged_selection,10,2027,2072,1571.369384765625,3,166.6093292236328,4252.162109375
533664592126144::hardwood_clearcut_regen,533664592126144,hardwood_clearcut_regen,10,2027,2072,2704.4248046875,1,174.3930206298828,5575.08984375
533664592126144::no_management,533664592126144,no_management,10,2027,2072,0.0,0,180.49720764160156,4677.65087890625
533664592126144::public_selection_light,533664592126144,public_selection_light,10,2027,2072,2435.2579956054688,4,176.37002563476562,4574.8486328125
533664592126144::public_thin_restore,533664592126144,public_thin_restore,10,2027,2072,217.48753547668457,3,181.18846130371094,4836.63037109375
533664615126144::no_management,533664615126144,no_management,10,2027,2072,0.0,0,183.2841339111328,7856.81201171875
533664615126144::public_selection_light,533664615126144,public_selection_light,10,2027,2072,3446.3080444335938,4,98.62324523925781,4013.969482421875
533664615126144::public_thin_restore,533664615126144,public_thin_restore,10,2027,2072,117.74598503112793,3,179.10618591308594,7838.025390625
533664724126144::family_light_thin,533664724126144,family_light_thin,10,2027,2072,22.4234619140625,1,182.41943359375,4415.220703125
533664724126144::family_uneven_aged_selection,533664724126144,family_uneven_aged_selection,10,2027,2072,1594.3242797851562,3,161.08262634277344,3513.5908203125
533664724126144::no_management,533664724126144,no_management,10,2027,2072,0.0,0,181.7374725341797,4438.0400390625
533664724126144::pine_plantation_long_rotation,533664724126144,pine_plantation_long_rotation,10,2027,2072,3092.050048828125,1,178.63473510742188,4046.875
533664906126144::family_light_thin,533664906126144,family_light_thin,10,2027,2072,106.69970703125,1,185.88247680664062,5577.04248046875
533664906126144::family_uneven_aged_selection,533664906126144,family_uneven_aged_selection,10,2027,2072,2170.7269897460938,3,171.09677124023438,5079.8466796875
533664906126144::hardwood_clearcut_regen,533664906126144,hardwood_clearcut_regen,10,2027,2072,3403.36376953125,1,151.0809326171875,3534.437255859375
533664906126144::no_management,533664906126144,no_management,10,2027,2072,0.0,0,186.9582977294922,5630.54248046875
533664906126144::public_selection_light,533664906126144,public_selection_light,10,2027,2072,3055.7395629882812,4,132.07550048828125,3851.3505859375
533664906126144::public_thin_restore,533664906126144,public_thin_restore,10,2027,2072,409.59415435791016,3,184.62600708007812,5634.15380859375
533664907126144::family_light_thin,533664907126144,family_light_thin,10,2027,2072,735.15966796875,1,178.48580932617188,7485.36474609375
533664907126144::family_uneven_aged_selection,533664907126144,family_uneven_aged_selection,10,2027,2072,2890.9450073242188,3,158.27871704101562,6603.8017578125
533664907126144::no_management,533664907126144,no_management,10,2027,2072,0.0,0,178.48570251464844,7471.54638671875
533664907126144::pine_plantation_long_rotation,533664907126144,pine_plantation_long_rotation,10,2027,2072,5161.26416015625,2,222.52767944335938,7992.05712890625
533664907126144::pine_plantation_short_rotation,533664907126144,pine_plantation_short_rotation,10,2027,2072,3647.3876953125,1,165.89373779296875,5843.66357421875
533664907126144::public_selection_light,533664907126144,public_selection_light,10,2027,2072,4266.356201171875,4,136.11534118652344,5690.54638671875
533664907126144::public_thin_restore,533664907126144,public_thin_restore,10,2027,2072,2166.9750366210938,3,172.06565856933594,7239.0009765625
533664908126144::family_light_thin,533664908126144,family_light_thin,10,2027,2072,124.2115478515625,1,261.42742919921875,6909.0068359375
533664908126144::family_uneven_aged_selection,533664908126144,family_uneven_aged_selection,10,2027,2072,2644.1361083984375,3,240.23081970214844,5757.22802734375
533664908126144::hardwood_clearcut_regen,533664908126144,hardwood_clearcut_regen,10,2027,2072,4665.25830078125,1,187.02874755859375,2744.156494140625
533664908126144::no_management,533664908126144,no_management,10,2027,2072,0.0,0,260.3399963378906,6925.2724609375
533664908126144::public_selection_light,533664908126144,public_selection_light,10,2027,2072,3782.20556640625,4,192.04051208496094,4331.44091796875
533664908126144::public_thin_restore,533664908126144,public_thin_restore,10,2027,2072,589.3672790527344,3,263.1341247558594,6999.0126953125
533664995126144::family_light_thin,533664995126144,family_light_thin,10,2027,2072,65.9056167602539,1,206.301025390625,6214.2109375
533664995126144::family_uneven_aged_selection,533664995126144,family_uneven_aged_selection,10,2027,2072,1712.06591796875,3,185.00735473632812,5061.46240234375
533664995126144::no_management,533664995126144,no_management,10,2027,2072,0.0,0,205.33006286621094,6040.47998046875
533664995126144::pine_plantation_long_rotation,533664995126144,pine_plantation_long_rotation,10,2027,2072,1404.5780029296875,1,211.80368041992188,7484.48046875
533664995126144::pine_plantation_short_rotation,533664995126144,pine_plantation_short_rotation,10,2027,2072,1404.5780029296875,1,211.80368041992188,7484.48046875
533664995126144::public_selection_light,533664995126144,public_selection_light,10,2027,2072,2231.09521484375,4,158.6959228515625,4202.04638671875
533664995126144::public_thin_restore,533664995126144,public_thin_restore,10,2027,2072,408.72279357910156,3,202.1516876220703,6244.8115234375
533665053126144::family_light_thin,533665053126144,family_light_thin,10,2027,2072,6.822845458984375,1,200.11376953125,5387.52392578125
533665053126144::family_uneven_aged_selection,533665053126144,family_uneven_aged_selection,10,2027,2072,1393.6307983398438,3,183.9626922607422,4864.63671875
533665053126144::no_management,533665053126144,no_management,10,2027,2072,0.0,0,201.61489868164062,5450.86328125
533665053126144::pine_plantation_long_rotation,533665053126144,pine_plantation_long_rotation,10,2027,2072,1431.1763916015625,1,186.8733367919922,5195.39306640625
533665053126144::pine_plantation_short_rotation,533665053126144,pine_plantation_short_rotation,10,2027,2072,1431.1763916015625,1,186.8733367919922,5195.39306640625
533665053126144::public_selection_light,533665053126144,public_selection_light,10,2027,2072,2006.5024719238281,4,189.92237854003906,4801.16064453125
533665053126144::public_thin_restore,533665053126144,public_thin_restore,10,2027,2072,429.8401908874512,3,194.8249053955078,5076.25244140625
533665078126144::family_light_thin,533665078126144,family_light_thin,10,2027,2072,94.551025390625,1,212.17527770996094,5876.04248046875
533665078126144::family_uneven_aged_selection,533665078126144,family_uneven_aged_selection,10,2027,2072,2408.5741577148438,3,197.784912109375,5126.99169921875
533665078126144::hardwood_clearcut_regen,533665078126144,hardwood_clearcut_regen,10,2027,2072,4231.705078125,1,210.71836853027344,4299.91162109375
533665078126144::no_management,533665078126144,no_management,10,2027,2072,0.0,0,212.78045654296875,5932.90673828125
533665078126144::public_selection_light,533665078126144,public_selection_light,10,2027,2072,3754.8408813476562,4,182.6105499267578,4288.01611328125
533665078126144::public_thin_restore,533665078126144,public_thin_restore,10,2027,2072,295.0510559082031,3,211.4468994140625,5933.767578125
533665216126144::family_light_thin,533665216126144,family_light_thin,10,2027,2072,135.17654418945312,1,258.521484375,5645.34130859375
533665216126144::family_uneven_aged_selection,533665216126144,family_uneven_aged_selection,10,2027,2072,1746.4854125976562,3,179.9827117919922,3851.200927734375
533665216126144::hardwood_clearcut_regen,533665216126144,hardwood_clearcut_regen,10,2027,2072,2849.1171875,1,120.38406372070312,1499.7601318359375
533665216126144::no_management,533665216126144,no_management,10,2027,2072,0.0,0,266.9012451171875,5906.8720703125
533665227126144::family_light_thin,533665227126144,family_light_thin,10,2027,2072,2.3662824630737305,1,199.95973205566406,5929.26806640625
533665227126144::family_uneven_aged_selection,533665227126144,family_uneven_aged_selection,10,2027,2072,1626.5798034667969,3,154.65054321289062,4249.640625
533665227126144::no_management,533665227126144,no_management,10,2027,2072,0.0,0,202.87550354003906,5693.65380859375
533665227126144::pine_plantation_long_rotation,533665227126144,pine_plantation_long_rotation,10,2027,2072,2279.9056282043457,2,224.50302124023438,8447.2490234375
533665227126144::pine_plantation_short_rotation,533665227126144,pine_plantation_short_rotation,10,2027,2072,1733.46435546875,1,184.04248046875,6137.86181640625
533665229126144::no_management,533665229126144,no_management,10,2027,2072,0.0,0,181.52122497558594,6907.22802734375
533665229126144::pine_plantation_long_rotation,533665229126144,pine_plantation_long_rotation,10,2027,2072,6542.390197753906,2,142.42074584960938,2504.742919921875
533665229126144::pine_plantation_short_rotation,533665229126144,pine_plantation_short_rotation,10,2027,2072,5014.9732666015625,2,212.86605834960938,6594.81298828125
533665229126144::public_selection_light,533665229126144,public_selection_light,10,2027,2072,3632.5615844726562,4,150.34231567382812,5604.4638671875
533665229126144::public_thin_restore,533665229126144,public_thin_restore,10,2027,2072,1342.955810546875,3,181.96432495117188,6925.927734375
533665230126144::family_light_thin,533665230126144,family_light_thin,10,2027,2072,19.618228912353516,1,82.23562622070312,690.0853271484375
533665230126144::family_uneven_aged_selection,533665230126144,family_uneven_aged_selection,10,2027,2072,103.95499038696289,3,68.82601928710938,644.4634399414062
533665230126144::no_management,533665230126144,no_management,10,2027,2072,0.0,0,98.5244140625,1144.337158203125
533665361126144::family_light_thin,533665361126144,family_light_thin,10,2027,2072,3.136251449584961,1,130.46974182128906,4999.26806640625
533665361126144::family_uneven_aged_selection,533665361126144,family_uneven_aged_selection,10,2027,2072,1328.3008728027344,3,90.21961975097656,3310.092041015625
533665361126144::no_management,533665361126144,no_management,10,2027,2072,0.0,0,139.22076416015625,5062.8564453125
533665361126144::pine_plantation_long_rotation,533665361126144,pine_plantation_long_rotation,10,2027,2072,2118.0991744995117,2,222.5275421142578,7995.33447265625
533665365126144::no_management,533665365126144,no_management,10,2027,2072,0.0,0,250.93934631347656,5632.01806640625
533665365126144::pine_plantation_long_rotation,533665365126144,pine_plantation_long_rotation,10,2027,2072,2217.741455078125,1,199.68017578125,2757.999267578125
533665365126144::pine_plantation_short_rotation,533665365126144,pine_plantation_short_rotation,10,2027,2072,2217.741455078125,1,199.68017578125,2757.999267578125
533665369126144::family_light_thin,533665369126144,family_light_thin,10,2027,2072,22.71980094909668,1,199.17967224121094,3743.212158203125
533665369126144::family_uneven_aged_selection,533665369126144,family_uneven_aged_selection,10,2027,2072,922.0504760742188,3,181.32835388183594,3239.197509765625
533665369126144::hardwood_clearcut_regen,533665369126144,hardwood_clearcut_regen,10,2027,2072,2650.655517578125,1,33.89097213745117,1.264945387840271
533665369126144::no_management,533665369126144,no_management,10,2027,2072,0.0,0,198.528076171875,3682.325439453125
533665369126144::public_selection_light,533665369126144,public_selection_light,10,2027,2072,1188.1262664794922,4,158.5792999267578,2842.934814453125
533665369126144::public_thin_restore,533665369126144,public_thin_restore,10,2027,2072,298.815486907959,3,178.9008026123047,3493.412109375
533665372126144::family_light_thin,533665372126144,family_light_thin,10,2027,2072,3.7975053787231445,1,178.4856414794922,5339.3017578125
533665372126144::family_uneven_aged_selection,533665372126144,family_uneven_aged_selection,10,2027,2072,1887.8182983398438,3,139.93368530273438,4142.34912109375
533665372126144::no_management,533665372126144,no_management,10,2027,2072,0.0,0,178.4857940673828,5310.36328125
533665372126144::pine_plantation_long_rotation,533665372126144,pine_plantation_long_rotation,10,2027,2072,3756.188835144043,2,191.84323120117188,4556.4189453125
533665395126144::family_light_thin,533665395126144,family_light_thin,10,2027,2072,191.9587860107422,1,223.15826416015625,4539.640625
533665395126144::family_uneven_aged_selection,533665395126144,family_uneven_aged_selection,10,2027,2072,1550.5006103515625,3,187.60108947753906,3523.191650390625
533665395126144::no_management,533665395126144,no_management,10,2027,2072,0.0,0,222.08624267578125,4509.6787109375
533665395126144::pine_plantation_long_rotation,533665395126144,pine_plantation_long_rotation,10,2027,2072,2502.6484375,1,188.56292724609375,3588.855224609375
533665395126144::pine_plantation_short_rotation,533665395126144,pine_plantation_short_rotation,10,2027,2072,2502.6484375,1,188.56292724609375,3588.855224609375
533665395126144::public_selection_light,533665395126144,public_selection_light,10,2027,2072,2190.575927734375,4,149.552490234375,2640.42041015625
533665395126144::public_thin_restore,533665395126144,public_thin_restore,10,2027,2072,644.7643585205078,3,210.69580078125,4257.48046875
533665422126144::family_light_thin,533665422126144,family_light_thin,10,2027,2072,67.40048217773438,1,183.96678161621094,4470.2958984375
533665422126144::family_uneven_aged_selection,533665422126144,family_uneven_aged_selection,10,2027,2072,1491.7655334472656,3,174.19122314453125,4045.076904296875
533665422126144::hardwood_clearcut_regen,533665422126144,hardwood_clearcut_regen,10,2027,2072,2794.8837890625,1,160.61077880859375,2685.793701171875
533665422126144::no_management,533665422126144,no_management,10,2027,2072,0.0,0,183.94161987304688,4514.8779296875
533665422126144::public_selection_light,533665422126144,public_selection_light,10,2027,2072,2255.3301391601562,4,182.8621368408203,3963.35693359375
533665422126144::public_thin_restore,533665422126144,public_thin_restore,10,2027,2072,427.7428665161133,3,184.51373291015625,4488.515625
545869488126144::family_light_thin,545869488126144,family_light_thin,10,2027,2072,41.406742095947266,1,158.5354766845703,3338.145263671875
545869488126144::family_uneven_aged_selection,545869488126144,family_uneven_aged_selection,10,2027,2072,834.5100479125977,3,142.34779357910156,2980.30908203125
545869488126144::hardwood_clearcut_regen,545869488126144,hardwood_clearcut_regen,10,2027,2072,2557.3720703125,1,42.3773307800293,0.0
545869488126144::no_management,545869488126144,no_management,10,2027,2072,0.0,0,166.02471923828125,3737.010986328125
545869488126144::public_selection_light,545869488126144,public_selection_light,10,2027,2072,1020.0194778442383,4,134.18463134765625,2568.213134765625
545869488126144::public_thin_restore,545869488126144,public_thin_restore,10,2027,2072,601.5591373443604,3,145.28472900390625,2939.138671875
545869950126144::family_light_thin,545869950126144,family_light_thin,10,2027,2072,94.66949462890625,1,212.32550048828125,5395.21240234375
545869950126144::family_uneven_aged_selection,545869950126144,family_uneven_aged_selection,10,2027,2072,1811.7088623046875,3,167.4149169921875,3753.237060546875
545869950126144::hardwood_clearcut_regen,545869950126144,hardwood_clearcut_regen,10,2027,2072,3460.385498046875,1,166.6844024658203,4182.81298828125
545869950126144::no_management,545869950126144,no_management,10,2027,2072,0.0,0,211.51817321777344,5161.779296875
548083809126144::family_light_thin,548083809126144,family_light_thin,10,2027,2072,73.30162811279297,1,162.11752319335938,4327.9365234375
548083809126144::family_uneven_aged_selection,548083809126144,family_uneven_aged_selection,10,2027,2072,1221.9271545410156,3,148.1303253173828,3867.12158203125
548083809126144::hardwood_clearcut_regen,548083809126144,hardwood_clearcut_regen,10,2027,2072,1859.204833984375,1,135.631591796875,2482.28271484375
548083809126144::no_management,548083809126144,no_management,10,2027,2072,0.0,0,163.0527801513672,4459.80078125
548083809126144::public_selection_light,548083809126144,public_selection_light,10,2027,2072,1751.2859497070312,4,152.7135467529297,3788.76611328125
548083809126144::public_thin_restore,548083809126144,public_thin_restore,10,2027,2072,663.7994918823242,3,161.75599670410156,4219.646484375
548083851126144::family_light_thin,548083851126144,family_light_thin,10,2027,2072,64.73221588134766,1,174.22186279296875,3590.097412109375
548083851126144::family_uneven_aged_selection,548083851126144,family_uneven_aged_selection,10,2027,2072,951.4384765625,3,161.44969177246094,3283.85302734375
548083851126144::hardwood_clearcut_regen,548083851126144,hardwood_clearcut_regen,10,2027,2072,377.13287353515625,1,157.94444274902344,2800.3701171875
548083851126144::no_management,548083851126144,no_management,10,2027,2072,0.0,0,183.1763458251953,4026.8876953125
548083851126144::public_selection_light,548083851126144,public_selection_light,10,2027,2072,1183.1239776611328,4,157.38662719726562,2764.275634765625
548083851126144::public_thin_restore,548083851126144,public_thin_restore,10,2027,2072,520.8883285522461,3,174.0327911376953,3286.8642578125
559255329126144::family_light_thin,559255329126144,family_light_thin,10,2027,2072,19.7177791595459,1,199.6856231689453,4123.69140625
559255329126144::family_uneven_aged_selection,559255329126144,family_uneven_aged_selection,10,2027,2072,1044.5700988769531,3,187.3574676513672,3777.957275390625
559255329126144::hardwood_clearcut_regen,559255329126144,hardwood_clearcut_regen,10,2027,2072,4016.306884765625,1,0.9984527826309204,0.0
559255329126144::no_management,559255329126144,no_management,10,2027,2072,0.0,0,200.61497497558594,4221.9462890625
61264238010478::family_light_thin,61264238010478,family_light_thin,10,2027,2072,87.61207580566406,1,208.44216918945312,5153.6640625
61264238010478::family_uneven_aged_selection,61264238010478,family_uneven_aged_selection,10,2027,2072,1577.1682739257812,3,191.3114013671875,4536.05224609375
61264238010478::no_management,61264238010478,no_management,10,2027,2072,0.0,0,208.35015869140625,5361.16748046875
61264238010478::pine_plantation_long_rotation,61264238010478,pine_plantation_long_rotation,10,2027,2072,1656.348876953125,1,199.70758056640625,5034.87890625
61264238010478::pine_plantation_short_rotation,61264238010478,pine_plantation_short_rotation,10,2027,2072,1656.348876953125,1,199.70758056640625,5034.87890625
61264238010478::public_selection_light,61264238010478,public_selection_light,10,2027,2072,2315.0082397460938,4,194.5310821533203,4186.4912109375
61264238010478::public_thin_restore,61264238010478,public_thin_restore,10,2027,2072,541.0252990722656,3,209.260498046875,5189.03662109375
61280243010478::family_light_thin,61280243010478,family_light_thin,10,2027,2072,23.5120849609375,1,156.1952667236328,2284.458251953125
61280243010478::family_uneven_aged_selection,61280243010478,family_uneven_aged_selection,10,2027,2072,538.2851715087891,3,144.17138671875,2090.20556640625
61280243010478::hardwood_clearcut_regen,61280243010478,hardwood_clearcut_regen,10,2027,2072,625.2195434570312,1,127.66494750976562,856.796630859375
61280243010478::no_management,61280243010478,no_management,10,2027,2072,0.0,0,162.80140686035156,2525.84521484375
61280243010478::public_selection_light,61280243010478,public_selection_light,10,2027,2072,650.7851982116699,4,151.02403259277344,1931.361572265625
61280243010478::public_thin_restore,61280243010478,public_thin_restore,10,2027,2072,322.1891441345215,3,150.01795959472656,1976.4974365234375
61339349010478::family_light_thin,61339349010478,family_light_thin,10,2027,2072,27.48999786376953,1,186.28526306152344,3990.841552734375
61339349010478::family_uneven_aged_selection,61339349010478,family_uneven_aged_selection,10,2027,2072,945.6773452758789,3,170.42019653320312,3630.16015625
61339349010478::hardwood_clearcut_regen,61339349010478,hardwood_clearcut_regen,10,2027,2072,2307.911865234375,1,72.25629425048828,264.1729736328125
61339349010478::no_management,61339349010478,no_management,10,2027,2072,0.0,0,191.8643798828125,4326.896484375
61354193010478::family_light_thin,61354193010478,family_light_thin,10,2027,2072,445.99017333984375,1,222.5276641845703,7077.0927734375
61354193010478::family_uneven_aged_selection,61354193010478,family_uneven_aged_selection,10,2027,2072,2590.1493530273438,3,198.55615234375,6284.609375
61354193010478::no_management,61354193010478,no_management,10,2027,2072,0.0,0,222.52769470214844,7067.35009765625
61354193010478::pine_plantation_long_rotation,61354193010478,pine_plantation_long_rotation,10,2027,2072,3919.0785217285156,2,189.38890075683594,4489.89599609375
61354193010478::pine_plantation_short_rotation,61354193010478,pine_plantation_short_rotation,10,2027,2072,1723.760498046875,1,192.98651123046875,5334.712890625
61354193010478::public_selection_light,61354193010478,public_selection_light,10,2027,2072,3742.2510986328125,4,178.6092071533203,5654.0556640625
61354193010478::public_thin_restore,61354193010478,public_thin_restore,10,2027,2072,1369.5848693847656,3,222.527587890625,7077.455078125
61359910010478::family_light_thin,61359910010478,family_light_thin,10,2027,2072,148.58628845214844,1,161.01405334472656,4811.7978515625
61359910010478::family_uneven_aged_selection,61359910010478,family_uneven_aged_selection,10,2027,2072,1759.2427673339844,3,147.25839233398438,3965.7236328125
61359910010478::no_management,61359910010478,no_management,10,2027,2072,0.0,0,161.90017700195312,4745.08544921875
61359910010478::pine_plantation_long_rotation,61359910010478,pine_plantation_long_rotation,10,2027,2072,3389.6760864257812,2,195.08273315429688,4454.84765625
61359910010478::pine_plantation_short_rotation,61359910010478,pine_plantation_short_rotation,10,2027,2072,2395.830810546875,1,148.9112548828125,3447.46240234375
61359910010478::public_selection_light,61359910010478,public_selection_light,10,2027,2072,2634.3355712890625,4,131.68446350097656,3374.24755859375
61359910010478::public_thin_restore,61359910010478,public_thin_restore,10,2027,2072,572.1361846923828,3,159.52525329589844,4950.095703125
61371912010478::family_light_thin,61371912010478,family_light_thin,10,2027,2072,22.98712921142578,1,153.39944458007812,2263.637451171875
61371912010478::family_uneven_aged_selection,61371912010478,family_uneven_aged_selection,10,2027,2072,512.1304092407227,3,132.4497528076172,1749.290771484375
61371912010478::hardwood_clearcut_regen,61371912010478,hardwood_clearcut_regen,10,2027,2072,765.623291015625,1,81.43882751464844,574.9058227539062
61371912010478::no_management,61371912010478,no_management,10,2027,2072,0.0,0,177.03504943847656,2414.718505859375
61420940010478::family_light_thin,61420940010478,family_light_thin,10,2027,2072,351.7776794433594,1,218.6332244873047,2920.661865234375
61420940010478::family_uneven_aged_selection,61420940010478,family_uneven_aged_selection,10,2027,2072,1056.1149597167969,3,193.2406463623047,2440.933349609375
61420940010478::hardwood_clearcut_regen,61420940010478,hardwood_clearcut_regen,10,2027,2072,1758.72607421875,1,171.63124084472656,648.5459594726562
61420940010478::no_management,61420940010478,no_management,10,2027,2072,0.0,0,222.6420440673828,3217.358642578125
61601464010478::family_light_thin,61601464010478,family_light_thin,10,2027,2072,162.56410217285156,1,188.5203094482422,4460.27783203125
61601464010478::family_uneven_aged_selection,61601464010478,family_uneven_aged_selection,10,2027,2072,1417.26123046875,3,172.80145263671875,4164.962890625
61601464010478::no_management,61601464010478,no_management,10,2027,2072,0.0,0,187.55511474609375,4631.33740234375
61601464010478::pine_plantation_long_rotation,61601464010478,pine_plantation_long_rotation,10,2027,2072,983.9244995117188,1,174.60092163085938,3738.718994140625
61601464010478::pine_plantation_short_rotation,61601464010478,pine_plantation_short_rotation,10,2027,2072,983.9244995117188,1,174.60092163085938,3738.718994140625
61601464010478::public_selection_light,61601464010478,public_selection_light,10,2027,2072,1911.6838989257812,4,153.0506134033203,3560.067626953125
61601464010478::public_thin_restore,61601464010478,public_thin_restore,10,2027,2072,633.5776977539062,3,188.787841796875,4537.01025390625
635663753126144::family_light_thin,635663753126144,family_light_thin,10,2027,2072,21.34943389892578,1,179.64324951171875,5141.29931640625
635663753126144::family_uneven_aged_selection,635663753126144,family_uneven_aged_selection,10,2027,2072,1480.6388854980469,3,161.11912536621094,4265.22314453125
635663753126144::no_management,635663753126144,no_management,10,2027,2072,0.0,0,180.1283416748047,5130.43359375
635663753126144::pine_plantation_long_rotation,635663753126144,pine_plantation_long_rotation,10,2027,2072,2152.969482421875,1,170.29586791992188,5650.638671875
635663753126144::pine_plantation_short_rotation,635663753126144,pine_plantation_short_rotation,10,2027,2072,2152.969482421875,1,170.29586791992188,5650.638671875
635663753126144::public_selection_light,635663753126144,public_selection_light,10,2027,2072,2117.9588317871094,4,166.361083984375,3960.29248046875
635663753126144::public_thin_restore,635663753126144,public_thin_restore,10,2027,2072,336.7082290649414,3,177.94482421875,5052.6220703125
635664073126144::family_light_thin,635664073126144,family_light_thin,10,2027,2072,25.368919372558594,1,173.8861846923828,3503.891845703125
635664073126144::family_uneven_aged_selection,635664073126144,family_uneven_aged_selection,10,2027,2072,1591.4954833984375,3,157.5117950439453,3112.344970703125
635664073126144::no_management,635664073126144,no_management,10,2027,2072,0.0,0,172.73536682128906,3463.509765625
635664107126144::family_light_thin,635664107126144,family_light_thin,10,2027,2072,210.3478240966797,1,195.22250366210938,3230.023681640625
635664107126144::family_uneven_aged_selection,635664107126144,family_uneven_aged_selection,10,2027,2072,1253.5380554199219,3,177.45925903320312,2849.384765625
635664107126144::hardwood_clearcut_regen,635664107126144,hardwood_clearcut_regen,10,2027,2072,2996.497314453125,1,21.01685905456543,0.0
635664107126144::no_management,635664107126144,no_management,10,2027,2072,0.0,0,194.84385681152344,3228.54052734375
635664107126144::public_selection_light,635664107126144,public_selection_light,10,2027,2072,1996.1195068359375,4,182.85926818847656,2793.37060546875
635664107126144::public_thin_restore,635664107126144,public_thin_restore,10,2027,2072,794.2125244140625,3,195.7029571533203,3211.895263671875
635664534126144::hardwood_clearcut_regen,635664534126144,hardwood_clearcut_regen,10,2027,2072,1673.5433349609375,1,115.06678771972656,2048.21826171875
635664534126144::no_management,635664534126144,no_management,10,2027,2072,0.0,0,214.19598388671875,4615.54736328125
635664537126144::family_light_thin,635664537126144,family_light_thin,10,2027,2072,402.6805419921875,1,179.578369140625,7211.26513671875
635664537126144::family_uneven_aged_selection,635664537126144,family_uneven_aged_selection,10,2027,2072,2399.7936401367188,3,154.9408721923828,6204.98876953125
635664537126144::no_management,635664537126144,no_management,10,2027,2072,0.0,0,179.51028442382812,7201.00244140625
635664537126144::pine_plantation_long_rotation,635664537126144,pine_plantation_long_rotation,10,2027,2072,5159.313232421875,2,176.3883819580078,4777.64306640625
635664537126144::pine_plantation_short_rotation,635664537126144,pine_plantation_short_rotation,10,2027,2072,3229.5528564453125,2,222.52764892578125,7976.603515625
635664537126144::public_selection_light,635664537126144,public_selection_light,10,2027,2072,3229.5304260253906,4,132.45448303222656,5306.15576171875
635664537126144::public_thin_restore,635664537126144,public_thin_restore,10,2027,2072,1187.2843322753906,3,167.9010467529297,6777.20166015625
635664544126144::no_management,635664544126144,no_management,10,2027,2072,0.0,0,168.61146545410156,5303.958984375
635664544126144::public_selection_light,635664544126144,public_selection_light,10,2027,2072,2267.595703125,4,162.90478515625,4455.14892578125
635664544126144::public_thin_restore,635664544126144,public_thin_restore,10,2027,2072,305.0885052680969,2,170.67523193359375,5081.40869140625
635664557126144::family_light_thin,635664557126144,family_light_thin,10,2027,2072,0.0,0,159.85696411132812,3933.937255859375
635664557126144::family_uneven_aged_selection,635664557126144,family_uneven_aged_selection,10,2027,2072,1183.9830017089844,3,121.55220794677734,2778.182373046875
635664557126144::no_management,635664557126144,no_management,10,2027,2072,0.0,0,165.12664794921875,4077.0732421875
635664557126144::pine_plantation_long_rotation,635664557126144,pine_plantation_long_rotation,10,2027,2072,2034.379638671875,1,178.71817016601562,3493.10205078125
635664557126144::pine_plantation_short_rotation,635664557126144,pine_plantation_short_rotation,10,2027,2072,2034.379638671875,1,178.71817016601562,3493.10205078125
635664693126144::family_light_thin,635664693126144,family_light_thin,10,2027,2072,0.0,0,132.11602783203125,3844.11669921875
635664693126144::family_uneven_aged_selection,635664693126144,family_uneven_aged_selection,10,2027,2072,1069.6633911132812,3,98.26937866210938,2479.45654296875
635664693126144::no_management,635664693126144,no_management,10,2027,2072,0.0,0,153.29791259765625,3812.544677734375
635664693126144::pine_plantation_long_rotation,635664693126144,pine_plantation_long_rotation,10,2027,2072,1440.46728515625,1,139.35348510742188,4820.03564453125
635664693126144::public_selection_light,635664693126144,public_selection_light,10,2027,2072,1462.1847229003906,4,70.31401824951172,1832.654296875
635664693126144::public_thin_restore,635664693126144,public_thin_restore,10,2027,2072,102.18424963951111,2,105.75942993164062,3574.056396484375
635664709126144::family_light_thin,635664709126144,family_light_thin,10,2027,2072,9.015437126159668,1,152.58090209960938,4339.53662109375
635664709126144::family_uneven_aged_selection,635664709126144,family_uneven_aged_selection,10,2027,2072,1226.8904113769531,3,112.25586700439453,3058.81640625
635664709126144::hardwood_clearcut_regen,635664709126144,hardwood_clearcut_regen,10,2027,2072,1738.07177734375,1,113.70548248291016,2180.172607421875
635664709126144::no_management,635664709126144,no_management,10,2027,2072,0.0,0,161.63487243652344,4693.513671875
635664709126144::public_selection_light,635664709126144,public_selection_light,10,2027,2072,1643.0534973144531,4,82.15753173828125,2141.92333984375
635664709126144::public_thin_restore,635664709126144,public_thin_restore,10,2027,2072,135.53071880340576,3,134.9776153564453,4212.48095703125
635664717126144::family_light_thin,635664717126144,family_light_thin,10,2027,2072,145.465576171875,1,231.71646118164062,3868.23486328125
635664717126144::family_uneven_aged_selection,635664717126144,family_uneven_aged_selection,10,2027,2072,1164.8385925292969,3,204.17718505859375,3199.69140625
635664717126144::no_management,635664717126144,no_management,10,2027,2072,0.0,0,225.83485412597656,3894.58154296875
635664717126144::pine_plantation_long_rotation,635664717126144,pine_plantation_long_rotation,10,2027,2072,1141.7569580078125,1,183.8198699951172,2330.7265625
635664717126144::pine_plantation_short_rotation,635664717126144,pine_plantation_short_rotation,10,2027,2072,1141.7569580078125,1,183.8198699951172,2330.7265625
635664717126144::public_selection_light,635664717126144,public_selection_light,10,2027,2072,1541.3422241210938,4,165.9223175048828,2457.978759765625
635664717126144::public_thin_restore,635664717126144,public_thin_restore,10,2027,2072,452.3883972167969,3,193.1244659423828,3200.507080078125
635664724126144::hardwood_clearcut_regen,635664724126144,hardwood_clearcut_regen,10,2027,2072,1723.629150390625,1,50.2164192199707,0.0
635664724126144::no_management,635664724126144,no_management,10,2027,2072,0.0,0,91.22795867919922,2762.047607421875
635664732126144::family_light_thin,635664732126144,family_light_thin,10,2027,2072,145.85028076171875,1,203.18975830078125,4220.23828125
635664732126144::family_uneven_aged_selection,635664732126144,family_uneven_aged_selection,10,2027,2072,1466.2031555175781,3,178.10743713378906,3296.096435546875
635664732126144::hardwood_clearcut_regen,635664732126144,hardwood_clearcut_regen,10,2027,2072,2257.72265625,1,139.25843811035156,2387.560546875
635664732126144::no_management,635664732126144,no_management,10,2027,2072,0.0,0,205.80474853515625,4184.4052734375
635664733126144::family_light_thin,635664733126144,family_light_thin,10,2027,2072,47.14484786987305,1,187.77288818359375,4476.21484375
635664733126144::family_uneven_aged_selection,635664733126144,family_uneven_aged_selection,10,2027,2072,1885.6754150390625,3,173.58106994628906,4032.161865234375
635664733126144::hardwood_clearcut_regen,635664733126144,hardwood_clearcut_regen,10,2027,2072,3548.373291015625,1,164.17605590820312,3259.902587890625
635664733126144::no_management,635664733126144,no_management,10,2027,2072,0.0,0,188.2305145263672,4509.99658203125
635664733126144::public_selection_light,635664733126144,public_selection_light,10,2027,2072,2854.6323852539062,4,154.13223266601562,3420.1806640625
635664733126144::public_thin_restore,635664733126144,public_thin_restore,10,2027,2072,207.0600814819336,3,187.0359344482422,4482.83935546875
635664740126144::family_light_thin,635664740126144,family_light_thin,10,2027,2072,106.54859161376953,1,180.12673950195312,3295.657958984375
635664740126144::family_uneven_aged_selection,635664740126144,family_uneven_aged_selection,10,2027,2072,791.1698226928711,3,158.48500061035156,2828.374267578125
635664740126144::hardwood_clearcut_regen,635664740126144,hardwood_clearcut_regen,10,2027,2072,450.19989013671875,1,154.91128540039062,3362.998779296875
635664740126144::no_management,635664740126144,no_management,10,2027,2072,0.0,0,201.0428466796875,3619.763916015625
635664751126144::family_light_thin,635664751126144,family_light_thin,10,2027,2072,0.0,0,88.59713745117188,3842.5048828125
635664751126144::family_uneven_aged_selection,635664751126144,family_uneven_aged_selection,10,2027,2072,1037.0333862304688,3,57.110748291015625,2478.1025390625
635664751126144::no_management,635664751126144,no_management,10,2027,2072,0.0,0,88.59713745117188,3842.5048828125
635664751126144::pine_plantation_long_rotation,635664751126144,pine_plantation_long_rotation,10,2027,2072,1364.6036052703857,2,222.5275115966797,8609.6298828125
635664751126144::pine_plantation_short_rotation,635664751126144,pine_plantation_short_rotation,10,2027,2072,999.637939453125,1,178.48570251464844,6421.9853515625
635664751126144::public_selection_light,635664751126144,public_selection_light,10,2027,2072,1368.7971496582031,4,39.958900451660156,1734.239501953125
635664751126144::public_thin_restore,635664751126144,public_thin_restore,10,2027,2072,34.836326599121094,1,84.84468078613281,3683.33203125
635664809126144::hardwood_clearcut_regen,635664809126144,hardwood_clearcut_regen,10,2027,2072,3382.088134765625,1,5.8292670249938965,0.0
635664809126144::no_management,635664809126144,no_management,10,2027,2072,0.0,0,156.51431274414062,4035.234619140625
635664809126144::public_selection_light,635664809126144,public_selection_light,10,2027,2072,1212.463722229004,4,104.6613998413086,2528.237548828125
635664809126144::public_thin_restore,635664809126144,public_thin_restore,10,2027,2072,550.7779846191406,3,113.11302947998047,2736.762939453125
635664812126144::family_light_thin,635664812126144,family_light_thin,10,2027,2072,107.42264556884766,1,230.06790161132812,5914.578125
635664812126144::family_uneven_aged_selection,635664812126144,family_uneven_aged_selection,10,2027,2072,2049.9947509765625,3,204.68980407714844,4920.37890625
635664812126144::no_management,635664812126144,no_management,10,2027,2072,0.0,0,229.30419921875,6013.70654296875
635664862126144::family_light_thin,635664862126144,family_light_thin,10,2027,2072,67.50706481933594,1,160.5879364013672,1804.9100341796875
635664862126144::family_uneven_aged_selection,635664862126144,family_uneven_aged_selection,10,2027,2072,451.7927703857422,3,140.49075317382812,1705.4818115234375
635664862126144::hardwood_clearcut_regen,635664862126144,hardwood_clearcut_regen,10,2027,2072,0.0,0,190.0428924560547,2471.66650390625
635664862126144::no_management,635664862126144,no_management,10,2027,2072,0.0,0,190.0428924560547,2471.66650390625
635664873126144::family_light_thin,635664873126144,family_light_thin,10,2027,2072,480.75640869140625,1,221.6349639892578,9618.3623046875
635664873126144::family_uneven_aged_selection,635664873126144,family_uneven_aged_selection,10,2027,2072,3279.2854614257812,3,200.7550048828125,8614.990234375
635664873126144::no_management,635664873126144,no_management,10,2027,2072,0.0,0,221.8642578125,9637.4169921875
635664873126144::pine_plantation_long_rotation,635664873126144,pine_plantation_long_rotation,10,2027,2072,8740.432983398438,2,142.8168487548828,2625.868408203125
635664873126144::pine_plantation_short_rotation,635664873126144,pine_plantation_short_rotation,10,2027,2072,5978.487060546875,2,214.27532958984375,6678.328125
635664891126144::family_light_thin,635664891126144,family_light_thin,10,2027,2072,140.1401824951172,1,213.68251037597656,5415.6318359375
635664891126144::family_uneven_aged_selection,635664891126144,family_uneven_aged_selection,10,2027,2072,2233.0824584960938,3,194.4841766357422,4831.10986328125
635664891126144::hardwood_clearcut_regen,635664891126144,hardwood_clearcut_regen,10,2027,2072,3800.446533203125,1,187.72860717773438,4377.2265625
635664891126144::no_management,635664891126144,no_management,10,2027,2072,0.0,0,213.57850646972656,5484.75390625
635664892126144::family_light_thin,635664892126144,family_light_thin,10,2027,2072,186.19973754882812,1,184.2729034423828,5351.44580078125
635664892126144::family_uneven_aged_selection,635664892126144,family_uneven_aged_selection,10,2027,2072,1451.1513366699219,3,167.25579833984375,5006.2255859375
635664892126144::no_management,635664892126144,no_management,10,2027,2072,0.0,0,173.59934997558594,5374.8359375
635664892126144::pine_plantation_long_rotation,635664892126144,pine_plantation_long_rotation,10,2027,2072,3825.7669067382812,2,102.94347381591797,495.13848876953125
635664892126144::pine_plantation_short_rotation,635664892126144,pine_plantation_short_rotation,10,2027,2072,1632.066650390625,2,169.2457733154297,3462.419921875
635664892126144::public_selection_light,635664892126144,public_selection_light,10,2027,2072,1952.5964965820312,4,170.38429260253906,4823.38134765625
635664892126144::public_thin_restore,635664892126144,public_thin_restore,10,2027,2072,1182.5474166870117,3,184.0469207763672,5316.90234375
635664902126144::family_light_thin,635664902126144,family_light_thin,10,2027,2072,0.0,0,208.8583221435547,1868.17236328125
635664902126144::family_uneven_aged_selection,635664902126144,family_uneven_aged_selection,10,2027,2072,582.3162689208984,3,172.3756561279297,1175.6346435546875
635664902126144::no_management,635664902126144,no_management,10,2027,2072,0.0,0,206.51962280273438,1777.5897216796875
635664902126144::pine_plantation_long_rotation,635664902126144,pine_plantation_long_rotation,10,2027,2072,1126.6185302734375,1,208.86842346191406,1566.476318359375
635664902126144::pine_plantation_short_rotation,635664902126144,pine_plantation_short_rotation,10,2027,2072,1126.6185302734375,1,208.86842346191406,1566.476318359375
635664902126144::public_selection_light,635664902126144,public_selection_light,10,2027,2072,845.5228118896484,4,155.93650817871094,941.4952392578125
635664902126144::public_thin_restore,635664902126144,public_thin_restore,10,2027,2072,48.417054176330566,3,180.78890991210938,1873.43359375
635664906126144::family_light_thin,635664906126144,family_light_thin,10,2027,2072,96.69126892089844,1,286.5228576660156,6793.7587890625
635664906126144::family_uneven_aged_selection,635664906126144,family_uneven_aged_selection,10,2027,2072,2192.1270141601562,3,215.3679962158203,4999.7177734375
635664906126144::hardwood_clearcut_regen,635664906126144,hardwood_clearcut_regen,10,2027,2072,3282.094970703125,1,119.01117706298828,1856.0980224609375
635664906126144::no_management,635664906126144,no_management,10,2027,2072,0.0,0,285.82379150390625,6774.20166015625
635664906126144::public_selection_light,635664906126144,public_selection_light,10,2027,2072,3044.5155029296875,4,160.4288330078125,3653.65380859375
635664906126144::public_thin_restore,635664906126144,public_thin_restore,10,2027,2072,386.6975860595703,3,286.9265441894531,6802.15869140625
635664926126144::family_light_thin,635664926126144,family_light_thin,10,2027,2072,135.04977416992188,1,184.81964111328125,4457.2265625
635664926126144::family_uneven_aged_selection,635664926126144,family_uneven_aged_selection,10,2027,2072,1625.0413818359375,3,169.06077575683594,4010.113525390625
635664926126144::no_management,635664926126144,no_management,10,2027,2072,0.0,0,184.9041290283203,4598.9541015625
635664926126144::pine_plantation_long_rotation,635664926126144,pine_plantation_long_rotation,10,2027,2072,3652.2054138183594,2,184.55648803710938,2877.282470703125
635664926126144::pine_plantation_short_rotation,635664926126144,pine_plantation_short_rotation,10,2027,2072,3230.293487548828,2,196.5750732421875,4023.81201171875
635664926126144::public_selection_light,635664926126144,public_selection_light,10,2027,2072,2553.1951904296875,4,160.13584899902344,3569.3251953125
635664926126144::public_thin_restore,635664926126144,public_thin_restore,10,2027,2072,1088.1590423583984,3,184.2849884033203,4418.36962890625
635664945126144::family_light_thin,635664945126144,family_light_thin,10,2027,2072,83.08306884765625,1,180.8037567138672,5700.08837890625
635664945126144::family_uneven_aged_selection,635664945126144,family_uneven_aged_selection,10,2027,2072,1946.7293090820312,3,164.09561157226562,4539.40185546875
635664945126144::no_management,635664945126144,no_management,10,2027,2072,0.0,0,180.337158203125,5531.27734375
635664945126144::pine_plantation_long_rotation,635664945126144,pine_plantation_long_rotation,10,2027,2072,3391.902587890625,1,184.10716247558594,5607.72216796875
635664945126144::pine_plantation_short_rotation,635664945126144,pine_plantation_short_rotation,10,2027,2072,3391.902587890625,1,184.10716247558594,5607.72216796875
635664945126144::public_selection_light,635664945126144,public_selection_light,10,2027,2072,3033.3247680664062,4,164.2926788330078,4061.393310546875
635664945126144::public_thin_restore,635664945126144,public_thin_restore,10,2027,2072,334.19734954833984,3,180.67288208007812,5741.29931640625
638333719126144::family_light_thin,638333719126144,family_light_thin,10,2027,2072,35.367225646972656,1,179.4479217529297,2939.8798828125
638333719126144::family_uneven_aged_selection,638333719126144,family_uneven_aged_selection,10,2027,2072,723.3004913330078,3,167.9635467529297,2776.390869140625
638333719126144::hardwood_clearcut_regen,638333719126144,hardwood_clearcut_regen,10,2027,2072,2861.51123046875,1,0.04455828666687012,0.0
638333719126144::no_management,638333719126144,no_management,10,2027,2072,0.0,0,179.35577392578125,3046.763427734375
638333719126144::public_selection_light,638333719126144,public_selection_light,10,2027,2072,920.9775733947754,4,170.59230041503906,2641.7900390625
638333719126144::public_thin_restore,638333719126144,public_thin_restore,10,2027,2072,656.0399780273438,2,169.18272399902344,2566.774169921875
638333749126144::family_light_thin,638333749126144,family_light_thin,10,2027,2072,98.42052459716797,1,135.95376586914062,1859.64013671875
638333749126144::family_uneven_aged_selection,638333749126144,family_uneven_aged_selection,10,2027,2072,548.3893127441406,3,123.72980499267578,1602.7724609375
638333749126144::no_management,638333749126144,no_management,10,2027,2072,0.0,0,138.3333740234375,2091.049072265625
638333749126144::pine_plantation_long_rotation,638333749126144,pine_plantation_long_rotation,10,2027,2072,693.3048706054688,1,117.34844970703125,1387.4202880859375
638333749126144::pine_plantation_short_rotation,638333749126144,pine_plantation_short_rotation,10,2027,2072,693.3048706054688,1,117.34844970703125,1387.4202880859375
638333749126144::public_selection_light,638333749126144,public_selection_light,10,2027,2072,769.4116058349609,4,124.8612289428711,1335.6585693359375
638333749126144::public_thin_restore,638333749126144,public_thin_restore,10,2027,2072,552.6050720214844,3,130.10418701171875,1468.302490234375
638333771126144::family_light_thin,638333771126144,family_light_thin,10,2027,2072,93.36839294433594,1,179.02793884277344,3516.837646484375
638333771126144::family_uneven_aged_selection,638333771126144,family_uneven_aged_selection,10,2027,2072,1205.6146850585938,3,151.6676788330078,2745.3212890625
638333771126144::no_management,638333771126144,no_management,10,2027,2072,0.0,0,178.32244873046875,3469.100830078125
638333793126144::family_light_thin,638333793126144,family_light_thin,10,2027,2072,20.039031982421875,1,82.8245620727539,879.61376953125
638333793126144::family_uneven_aged_selection,638333793126144,family_uneven_aged_selection,10,2027,2072,170.9093837738037,3,72.229736328125,743.5264892578125
638333793126144::hardwood_clearcut_regen,638333793126144,hardwood_clearcut_regen,10,2027,2072,0.0,0,81.70630645751953,859.4165649414062
638333793126144::no_management,638333793126144,no_management,10,2027,2072,0.0,0,81.70630645751953,859.4165649414062
638333809126144::family_light_thin,638333809126144,family_light_thin,10,2027,2072,83.17138671875,1,102.43603515625,1368.854248046875
638333809126144::family_uneven_aged_selection,638333809126144,family_uneven_aged_selection,10,2027,2072,735.6798858642578,3,91.02255249023438,1182.2525634765625
638333809126144::no_management,638333809126144,no_management,10,2027,2072,0.0,0,99.90605926513672,1233.3741455078125
638333809126144::pine_plantation_long_rotation,638333809126144,pine_plantation_long_rotation,10,2027,2072,2733.4495849609375,2,118.90351867675781,1555.100341796875
638333809126144::pine_plantation_short_rotation,638333809126144,pine_plantation_short_rotation,10,2027,2072,2390.416015625,1,98.51976776123047,1028.6513671875
638333809126144::public_selection_light,638333809126144,public_selection_light,10,2027,2072,1459.0899047851562,4,94.36946868896484,1168.278564453125
638333809126144::public_thin_restore,638333809126144,public_thin_restore,10,2027,2072,508.2554693222046,3,112.44354248046875,1699.844970703125
638333840126144::family_light_thin,638333840126144,family_light_thin,10,2027,2072,58.677799224853516,1,144.8705291748047,2997.153076171875
638333840126144::family_uneven_aged_selection,638333840126144,family_uneven_aged_selection,10,2027,2072,911.0148010253906,3,97.95634460449219,1935.88525390625
638333840126144::no_management,638333840126144,no_management,10,2027,2072,0.0,0,151.2532196044922,3037.421875
638333844126144::family_light_thin,638333844126144,family_light_thin,10,2027,2072,326.1315002441406,1,222.52755737304688,9214.0244140625
638333844126144::family_uneven_aged_selection,638333844126144,family_uneven_aged_selection,10,2027,2072,2578.7405395507812,3,178.11260986328125,7220.990234375
638333844126144::no_management,638333844126144,no_management,10,2027,2072,0.0,0,222.52769470214844,9134.62109375
638333844126144::pine_plantation_long_rotation,638333844126144,pine_plantation_long_rotation,10,2027,2072,6670.371063232422,2,136.92251586914062,2511.4287109375
638333844126144::pine_plantation_short_rotation,638333844126144,pine_plantation_short_rotation,10,2027,2072,4490.884307861328,2,201.186767578125,6477.20166015625
638333844126144::public_selection_light,638333844126144,public_selection_light,10,2027,2072,3486.3009643554688,4,158.33213806152344,6360.14111328125
638333844126144::public_thin_restore,638333844126144,public_thin_restore,10,2027,2072,568.4842376708984,3,208.640625,8452.5712890625
638333845126144::family_light_thin,638333845126144,family_light_thin,10,2027,2072,538.2589111328125,1,222.52772521972656,9156.4052734375
638333845126144::family_uneven_aged_selection,638333845126144,family_uneven_aged_selection,10,2027,2072,3035.8154907226562,3,199.96258544921875,8216.5927734375
638333845126144::no_management,638333845126144,no_management,10,2027,2072,0.0,0,222.527587890625,9152.24609375
638333845126144::pine_plantation_long_rotation,638333845126144,pine_plantation_long_rotation,10,2027,2072,8083.1629638671875,2,127.46051025390625,1793.6834716796875
638333845126144::pine_plantation_short_rotation,638333845126144,pine_plantation_short_rotation,10,2027,2072,5015.555847167969,2,193.70657348632812,5575.775390625
638333845126144::public_selection_light,638333845126144,public_selection_light,10,2027,2072,4113.948913574219,4,183.59185791015625,7551.43359375
638333845126144::public_thin_restore,638333845126144,public_thin_restore,10,2027,2072,1409.656759262085,3,222.527587890625,9171.31640625
638333866126144::family_light_thin,638333866126144,family_light_thin,10,2027,2072,69.95404052734375,1,178.62478637695312,4860.166015625
638333866126144::family_uneven_aged_selection,638333866126144,family_uneven_aged_selection,10,2027,2072,1361.3120727539062,3,163.59857177734375,4524.01220703125
638333866126144::no_management,638333866126144,no_management,10,2027,2072,0.0,0,178.6280517578125,4905.89794921875
638333866126144::pine_plantation_long_rotation,638333866126144,pine_plantation_long_rotation,10,2027,2072,3695.637664794922,2,77.52027893066406,27.661176681518555
638333866126144::pine_plantation_short_rotation,638333866126144,pine_plantation_short_rotation,10,2027,2072,2375.3970642089844,2,158.8859100341797,3186.335693359375
638333866126144::public_selection_light,638333866126144,public_selection_light,10,2027,2072,1655.270278930664,4,139.23988342285156,3858.2041015625
638333866126144::public_thin_restore,638333866126144,public_thin_restore,10,2027,2072,801.7282409667969,2,151.6959991455078,4156.41650390625
638333868126144::family_light_thin,638333868126144,family_light_thin,10,2027,2072,291.9234619140625,1,124.68317413330078,4053.914306640625
638333868126144::family_uneven_aged_selection,638333868126144,family_uneven_aged_selection,10,2027,2072,1228.5021057128906,3,118.75082397460938,3887.651611328125
638333868126144::no_management,638333868126144,no_management,10,2027,2072,0.0,0,154.63157653808594,5059.796875
638333868126144::pine_plantation_long_rotation,638333868126144,pine_plantation_long_rotation,10,2027,2072,2040.1039428710938,2,143.9204559326172,2174.985595703125
638333868126144::pine_plantation_short_rotation,638333868126144,pine_plantation_short_rotation,10,2027,2072,1075.1646423339844,2,196.52877807617188,4604.61474609375
638333868126144::public_selection_light,638333868126144,public_selection_light,10,2027,2072,1458.2884063720703,4,88.8763198852539,2876.148193359375
638333868126144::public_thin_restore,638333868126144,public_thin_restore,10,2027,2072,688.3945541381836,3,106.97235107421875,3477.890869140625
638333916126144::family_light_thin,638333916126144,family_light_thin,10,2027,2072,111.2521743774414,1,128.08152770996094,2831.420166015625
638333916126144::family_uneven_aged_selection,638333916126144,family_uneven_aged_selection,10,2027,2072,747.7138442993164,3,112.62812805175781,2465.576171875
638333916126144::hardwood_clearcut_regen,638333916126144,hardwood_clearcut_regen,10,2027,2072,229.712158203125,1,150.06423950195312,3604.2763671875
638333916126144::no_management,638333916126144,no_management,10,2027,2072,0.0,0,156.2203369140625,3292.119140625
638333916126144::public_selection_light,638333916126144,public_selection_light,10,2027,2072,877.2235412597656,4,86.41285705566406,1917.1640625
638333916126144::public_thin_restore,638333916126144,public_thin_restore,10,2027,2072,447.7274932861328,3,93.83309173583984,2199.955810546875
638333941126144::family_light_thin,638333941126144,family_light_thin,10,2027,2072,179.48028564453125,1,118.2366714477539,3748.899169921875
638333941126144::family_uneven_aged_selection,638333941126144,family_uneven_aged_selection,10,2027,2072,1092.4700012207031,3,83.5487060546875,2589.13037109375
638333941126144::no_management,638333941126144,no_management,10,2027,2072,0.0,0,123.56983947753906,3975.300537109375
638333941126144::pine_plantation_long_rotation,638333941126144,pine_plantation_long_rotation,10,2027,2072,1470.2125244140625,1,128.66357421875,2982.2744140625
638333941126144::pine_plantation_short_rotation,638333941126144,pine_plantation_short_rotation,10,2027,2072,1470.2125244140625,1,128.66357421875,2982.2744140625
638333941126144::public_selection_light,638333941126144,public_selection_light,10,2027,2072,1472.4391479492188,4,62.76966857910156,1867.8145751953125
638333941126144::public_thin_restore,638333941126144,public_thin_restore,10,2027,2072,653.5683288574219,3,90.93173217773438,2918.745361328125
638333973126144::family_light_thin,638333973126144,family_light_thin,10,2027,2072,51.130889892578125,1,142.82223510742188,2314.47998046875
638333973126144::family_uneven_aged_selection,638333973126144,family_uneven_aged_selection,10,2027,2072,511.1589126586914,3,127.87755584716797,2007.50048828125
638333973126144::no_management,638333973126144,no_management,10,2027,2072,0.0,0,146.23724365234375,2444.469970703125
638333974126144::no_management,638333974126144,no_management,10,2027,2072,0.0,0,200.8560791015625,6265.2333984375
638333974126144::pine_plantation_long_rotation,638333974126144,pine_plantation_long_rotation,10,2027,2072,3696.6790466308594,2,151.8723907470703,2247.8974609375
638333974126144::pine_plantation_short_rotation,638333974126144,pine_plantation_short_rotation,10,2027,2072,1785.447883605957,2,189.1691436767578,4029.48876953125
638333977126144::family_light_thin,638333977126144,family_light_thin,10,2027,2072,0.0,0,142.55328369140625,3220.773681640625
638333977126144::family_uneven_aged_selection,638333977126144,family_uneven_aged_selection,10,2027,2072,885.1182708740234,3,111.21170043945312,2429.66064453125
638333977126144::hardwood_clearcut_regen,638333977126144,hardwood_clearcut_regen,10,2027,2072,1683.2401123046875,1,63.198116302490234,622.855224609375
638333977126144::no_management,638333977126144,no_management,10,2027,2072,0.0,0,154.17410278320312,3396.035888671875
638333977126144::public_selection_light,638333977126144,public_selection_light,10,2027,2072,1195.1678161621094,4,91.67760467529297,1985.0968017578125
638333977126144::public_thin_restore,638333977126144,public_thin_restore,10,2027,2072,42.229398250579834,2,124.42759704589844,3049.16162109375
638333983126144::family_light_thin,638333983126144,family_light_thin,10,2027,2072,167.2249298095703,1,176.96075439453125,2676.54833984375
638333983126144::family_uneven_aged_selection,638333983126144,family_uneven_aged_selection,10,2027,2072,882.2020568847656,3,158.01541137695312,2184.79443359375
638333983126144::hardwood_clearcut_regen,638333983126144,hardwood_clearcut_regen,10,2027,2072,1567.50537109375,1,142.81190490722656,1506.2005615234375
638333983126144::no_management,638333983126144,no_management,10,2027,2072,0.0,0,178.89308166503906,2893.576904296875
638334109126144::family_light_thin,638334109126144,family_light_thin,10,2027,2072,62.99338150024414,1,58.473548889160156,1840.002685546875
638334109126144::family_uneven_aged_selection,638334109126144,family_uneven_aged_selection,10,2027,2072,668.1907958984375,3,39.22861862182617,1227.104736328125
638334109126144::no_management,638334109126144,no_management,10,2027,2072,0.0,0,62.87863540649414,1966.0865478515625
638334109126144::pine_plantation_long_rotation,638334109126144,pine_plantation_long_rotation,10,2027,2072,1467.363037109375,1,51.863990783691406,766.813232421875
638334109126144::pine_plantation_short_rotation,638334109126144,pine_plantation_short_rotation,10,2027,2072,1467.363037109375,1,51.863990783691406,766.813232421875
638334109126144::public_selection_light,638334109126144,public_selection_light,10,2027,2072,984.2408447265625,4,26.558635711669922,831.265380859375
638334109126144::public_thin_restore,638334109126144,public_thin_restore,10,2027,2072,143.93661499023438,3,54.03443145751953,1712.769287109375
638334110126144::family_light_thin,638334110126144,family_light_thin,10,2027,2072,281.7562255859375,1,189.49070739746094,7017.4345703125
638334110126144::family_uneven_aged_selection,638334110126144,family_uneven_aged_selection,10,2027,2072,2555.7052001953125,3,172.39064025878906,6179.390625
638334110126144::no_management,638334110126144,no_management,10,2027,2072,0.0,0,189.24288940429688,6899.25927734375
638334110126144::pine_plantation_long_rotation,638334110126144,pine_plantation_long_rotation,10,2027,2072,4957.122497558594,2,228.17892456054688,8042.232421875
638334110126144::pine_plantation_short_rotation,638334110126144,pine_plantation_short_rotation,10,2027,2072,3423.968505859375,1,197.45082092285156,6703.8896484375
638334110126144::public_selection_light,638334110126144,public_selection_light,10,2027,2072,3899.8779296875,4,157.8131103515625,5490.2802734375
638334110126144::public_thin_restore,638334110126144,public_thin_restore,10,2027,2072,1528.3672332763672,3,190.03173828125,7091.498046875
638334127126144::no_management,638334127126144,no_management,10,2027,2072,0.0,0,222.5276641845703,7019.55859375
638334127126144::pine_plantation_long_rotation,638334127126144,pine_plantation_long_rotation,10,2027,2072,4991.052673339844,2,222.52767944335938,5512.5439453125
638334127126144::pine_plantation_short_rotation,638334127126144,pine_plantation_short_rotation,10,2027,2072,3232.02001953125,1,222.5276641845703,6321.189453125
638334191126144::hardwood_clearcut_regen,638334191126144,hardwood_clearcut_regen,10,2027,2072,1057.99951171875,1,67.66146850585938,274.7663269042969
638334191126144::no_management,638334191126144,no_management,10,2027,2072,0.0,0,181.68875122070312,1977.0574951171875
638334208126144::family_light_thin,638334208126144,family_light_thin,10,2027,2072,50.961517333984375,1,162.2637176513672,2059.3330078125
638334208126144::family_uneven_aged_selection,638334208126144,family_uneven_aged_selection,10,2027,2072,617.6358489990234,3,138.15870666503906,1607.6322021484375
638334208126144::hardwood_clearcut_regen,638334208126144,hardwood_clearcut_regen,10,2027,2072,1109.696044921875,1,179.46266174316406,2113.520263671875
638334208126144::no_management,638334208126144,no_management,10,2027,2072,0.0,0,159.90708923339844,2062.587158203125
638334208126144::public_selection_light,638334208126144,public_selection_light,10,2027,2072,902.3509826660156,4,140.8006591796875,1473.6334228515625
638334208126144::public_thin_restore,638334208126144,public_thin_restore,10,2027,2072,295.55213165283203,3,158.92312622070312,1939.22509765625
638334218126144::family_light_thin,638334218126144,family_light_thin,10,2027,2072,2.4559245109558105,1,323.72772216796875,12908.5146484375
638334218126144::family_uneven_aged_selection,638334218126144,family_uneven_aged_selection,10,2027,2072,5267.6204833984375,3,260.92340087890625,10057.8818359375
638334218126144::no_management,638334218126144,no_management,10,2027,2072,0.0,0,323.6499938964844,12896.962890625
638334218126144::public_selection_light,638334218126144,public_selection_light,10,2027,2072,8171.279296875,4,197.3730926513672,7390.03125
638334218126144::public_thin_restore,638334218126144,public_thin_restore,10,2027,2072,219.6956548690796,3,325.4634094238281,12941.6220703125
638334272126144::family_light_thin,638334272126144,family_light_thin,10,2027,2072,33.93232727050781,1,128.88815307617188,2168.08984375
638334272126144::family_uneven_aged_selection,638334272126144,family_uneven_aged_selection,10,2027,2072,457.2401580810547,3,105.31266784667969,1663.043701171875
638334272126144::hardwood_clearcut_regen,638334272126144,hardwood_clearcut_regen,10,2027,2072,1244.3128662109375,1,27.208589553833008,0.0
638334272126144::no_management,638334272126144,no_management,10,2027,2072,0.0,0,145.21939086914062,2192.044677734375
638334272126144::public_selection_light,638334272126144,public_selection_light,10,2027,2072,517.3097686767578,4,79.1806869506836,1248.1524658203125
638334272126144::public_thin_restore,638334272126144,public_thin_restore,10,2027,2072,106.43910598754883,3,99.24979400634766,1699.4971923828125
638334300126144::family_light_thin,638334300126144,family_light_thin,10,2027,2072,502.970703125,1,178.4856414794922,5659.533203125
638334300126144::family_uneven_aged_selection,638334300126144,family_uneven_aged_selection,10,2027,2072,1974.123046875,3,159.7608184814453,4999.84814453125
638334300126144::no_management,638334300126144,no_management,10,2027,2072,0.0,0,178.48562622070312,5672.94287109375
638334300126144::pine_plantation_long_rotation,638334300126144,pine_plantation_long_rotation,10,2027,2072,4783.755859375,2,157.56907653808594,3335.907470703125
638334300126144::pine_plantation_short_rotation,638334300126144,pine_plantation_short_rotation,10,2027,2072,3101.6414794921875,2,211.3894500732422,6133.76611328125
638334307126144::family_light_thin,638334307126144,family_light_thin,10,2027,2072,63.34918212890625,1,269.1654052734375,5887.369140625
638334307126144::family_uneven_aged_selection,638334307126144,family_uneven_aged_selection,10,2027,2072,1295.0997467041016,3,244.4642333984375,5402.4619140625
638334307126144::hardwood_clearcut_regen,638334307126144,hardwood_clearcut_regen,10,2027,2072,754.427978515625,1,232.09848022460938,4587.18017578125
638334307126144::no_management,638334307126144,no_management,10,2027,2072,0.0,0,275.2709045410156,6617.68896484375
638334307126144::public_selection_light,638334307126144,public_selection_light,10,2027,2072,1426.3336944580078,4,222.85787963867188,4278.65478515625
638334307126144::public_thin_restore,638334307126144,public_thin_restore,10,2027,2072,607.3106079101562,3,250.9736785888672,4704.4599609375
638334315126144::family_light_thin,638334315126144,family_light_thin,10,2027,2072,451.0987548828125,1,222.52769470214844,7220.9345703125
638334315126144::family_uneven_aged_selection,638334315126144,family_uneven_aged_selection,10,2027,2072,2408.7146606445312,3,179.505615234375,5804.35205078125
638334315126144::no_management,638334315126144,no_management,10,2027,2072,0.0,0,222.52761840820312,7133.59228515625
638334315126144::pine_plantation_long_rotation,638334315126144,pine_plantation_long_rotation,10,2027,2072,4041.9762573242188,2,144.84262084960938,3180.139404296875
638334315126144::pine_plantation_short_rotation,638334315126144,pine_plantation_short_rotation,10,2027,2072,2612.286376953125,1,146.07374572753906,4055.079345703125
638334315126144::public_selection_light,638334315126144,public_selection_light,10,2027,2072,3355.0658569335938,4,146.4735107421875,4754.16748046875
638334315126144::public_thin_restore,638334315126144,public_thin_restore,10,2027,2072,1774.8410034179688,3,176.97128295898438,5816.21337890625
638334324126144::family_light_thin,638334324126144,family_light_thin,10,2027,2072,121.24385070800781,1,252.9993438720703,6961.76806640625
638334324126144::family_uneven_aged_selection,638334324126144,family_uneven_aged_selection,10,2027,2072,2416.082763671875,3,222.12911987304688,5447.63134765625
638334324126144::hardwood_clearcut_regen,638334324126144,hardwood_clearcut_regen,10,2027,2072,3820.64501953125,1,167.42742919921875,3568.09912109375
638334324126144::no_management,638334324126144,no_management,10,2027,2072,0.0,0,250.32301330566406,6685.57177734375
638334324126144::public_selection_light,638334324126144,public_selection_light,10,2027,2072,3503.9583129882812,4,185.69068908691406,4231.91748046875
638334324126144::public_thin_restore,638334324126144,public_thin_restore,10,2027,2072,394.26914978027344,3,258.33746337890625,7452.05322265625
638334334126144::family_light_thin,638334334126144,family_light_thin,10,2027,2072,137.94403076171875,1,209.76449584960938,8122.0810546875
638334334126144::family_uneven_aged_selection,638334334126144,family_uneven_aged_selection,10,2027,2072,2942.0599365234375,3,189.0442657470703,7029.26611328125
638334334126144::no_management,638334334126144,no_management,10,2027,2072,0.0,0,210.01026916503906,8178.90966796875
638334334126144::pine_plantation_long_rotation,638334334126144,pine_plantation_long_rotation,10,2027,2072,6425.671356201172,2,199.48843383789062,5364.11474609375
638334334126144::pine_plantation_short_rotation,638334334126144,pine_plantation_short_rotation,10,2027,2072,4389.1964111328125,2,208.14431762695312,6924.19140625
638334339126144::family_light_thin,638334339126144,family_light_thin,10,2027,2072,80.87399291992188,1,217.34152221679688,3933.556640625
638334339126144::family_uneven_aged_selection,638334339126144,family_uneven_aged_selection,10,2027,2072,1395.3433227539062,3,207.42665100097656,3400.68310546875
638334339126144::hardwood_clearcut_regen,638334339126144,hardwood_clearcut_regen,10,2027,2072,3430.628662109375,1,64.39815521240234,366.02008056640625
638334339126144::no_management,638334339126144,no_management,10,2027,2072,0.0,0,215.2875518798828,3940.41552734375
638334339126144::public_selection_light,638334339126144,public_selection_light,10,2027,2072,1925.9093933105469,4,183.46604919433594,2752.69091796875
638334339126144::public_thin_restore,638334339126144,public_thin_restore,10,2027,2072,345.2979927062988,3,217.60208129882812,3877.654541015625
638334343126144::family_light_thin,638334343126144,family_light_thin,10,2027,2072,181.0402069091797,1,170.2972869873047,3812.952392578125
638334343126144::family_uneven_aged_selection,638334343126144,family_uneven_aged_selection,10,2027,2072,1245.5168151855469,3,127.84443664550781,2690.114990234375
638334343126144::hardwood_clearcut_regen,638334343126144,hardwood_clearcut_regen,10,2027,2072,2069.005859375,1,146.30575561523438,2231.37353515625
638334343126144::no_management,638334343126144,no_management,10,2027,2072,0.0,0,183.39552307128906,4066.221435546875
638334343126144::public_selection_light,638334343126144,public_selection_light,10,2027,2072,1743.8185729980469,4,97.29916381835938,1906.277587890625
638334343126144::public_thin_restore,638334343126144,public_thin_restore,10,2027,2072,577.0038757324219,3,135.3191375732422,3160.111572265625
638334348126144::family_light_thin,638334348126144,family_light_thin,10,2027,2072,46.09714126586914,1,200.0569305419922,4926.76220703125
638334348126144::family_uneven_aged_selection,638334348126144,family_uneven_aged_selection,10,2027,2072,1414.2295227050781,3,153.36546325683594,3365.791748046875
638334348126144::hardwood_clearcut_regen,638334348126144,hardwood_clearcut_regen,10,2027,2072,2011.31005859375,1,141.87071228027344,2484.76318359375
638334348126144::no_management,638334348126144,no_management,10,2027,2072,0.0,0,204.4800262451172,4868.1845703125
638334348126144::public_selection_light,638334348126144,public_selection_light,10,2027,2072,1984.9907836914062,4,127.0030746459961,2626.754150390625
638334348126144::public_thin_restore,638334348126144,public_thin_restore,10,2027,2072,262.96326446533203,3,174.1368865966797,4532.921875
638334353126144::family_light_thin,638334353126144,family_light_thin,10,2027,2072,140.625244140625,1,168.97732543945312,2975.142333984375
638334353126144::family_uneven_aged_selection,638334353126144,family_uneven_aged_selection,10,2027,2072,856.1658325195312,3,134.66232299804688,2427.85595703125
638334353126144::hardwood_clearcut_regen,638334353126144,hardwood_clearcut_regen,10,2027,2072,751.2064208984375,1,135.783935546875,1682.4664306640625
638334353126144::no_management,638334353126144,no_management,10,2027,2072,0.0,0,170.57301330566406,3204.22802734375
638334353126144::public_selection_light,638334353126144,public_selection_light,10,2027,2072,1124.8794555664062,4,116.63035583496094,1957.5050048828125
638334353126144::public_thin_restore,638334353126144,public_thin_restore,10,2027,2072,280.95116233825684,3,137.608642578125,2475.76904296875
638334380126144::family_light_thin,638334380126144,family_light_thin,10,2027,2072,105.759765625,1,164.07659912109375,2740.478515625
638334380126144::family_uneven_aged_selection,638334380126144,family_uneven_aged_selection,10,2027,2072,863.4796295166016,3,125.2803955078125,1981.4454345703125
638334380126144::hardwood_clearcut_regen,638334380126144,hardwood_clearcut_regen,10,2027,2072,1226.564453125,1,113.03134155273438,1166.469482421875
638334380126144::no_management,638334380126144,no_management,10,2027,2072,0.0,0,174.738525390625,2961.0556640625
638334380126144::public_selection_light,638334380126144,public_selection_light,10,2027,2072,1183.9993591308594,4,94.34734344482422,1402.4381103515625
638334380126144::public_thin_restore,638334380126144,public_thin_restore,10,2027,2072,323.5840148925781,3,140.634765625,2415.884765625
638334475126144::hardwood_clearcut_regen,638334475126144,hardwood_clearcut_regen,10,2027,2072,299.7566223144531,1,61.516632080078125,821.6907348632812
638334475126144::no_management,638334475126144,no_management,10,2027,2072,0.0,0,48.40911865234375,705.0828857421875
638334482126144::family_light_thin,638334482126144,family_light_thin,10,2027,2072,0.0,0,147.6428985595703,3249.45068359375
638334482126144::family_uneven_aged_selection,638334482126144,family_uneven_aged_selection,10,2027,2072,1058.6327514648438,3,127.8561782836914,2272.015869140625
638334482126144::no_management,638334482126144,no_management,10,2027,2072,0.0,0,148.28431701660156,3164.781494140625
638334482126144::pine_plantation_long_rotation,638334482126144,pine_plantation_long_rotation,10,2027,2072,2619.52880859375,1,123.7833480834961,1750.611328125
638334482126144::pine_plantation_short_rotation,638334482126144,pine_plantation_short_rotation,10,2027,2072,2619.52880859375,1,123.7833480834961,1750.611328125
638334483126144::family_light_thin,638334483126144,family_light_thin,10,2027,2072,89.33984375,1,128.06700134277344,3087.644775390625
638334483126144::family_uneven_aged_selection,638334483126144,family_uneven_aged_selection,10,2027,2072,850.9149627685547,3,116.323974609375,2642.017333984375
638334483126144::hardwood_clearcut_regen,638334483126144,hardwood_clearcut_regen,10,2027,2072,1392.279296875,1,104.65164184570312,2086.754150390625
638334483126144::no_management,638334483126144,no_management,10,2027,2072,0.0,0,124.0748291015625,3110.291748046875
638334483126144::public_selection_light,638334483126144,public_selection_light,10,2027,2072,1203.2183685302734,4,124.14037322998047,2481.23388671875
638334483126144::public_thin_restore,638334483126144,public_thin_restore,10,2027,2072,241.33744049072266,3,131.23910522460938,3155.887939453125
638334487126144::family_light_thin,638334487126144,family_light_thin,10,2027,2072,430.80718994140625,1,179.24102783203125,6289.52490234375
638334487126144::family_uneven_aged_selection,638334487126144,family_uneven_aged_selection,10,2027,2072,2286.1767578125,3,159.05392456054688,5550.0244140625
638334487126144::no_management,638334487126144,no_management,10,2027,2072,0.0,0,179.15467834472656,6283.3330078125
638334487126144::pine_plantation_long_rotation,638334487126144,pine_plantation_long_rotation,10,2027,2072,4194.4586181640625,2,200.12973022460938,5409.39990234375
638334487126144::pine_plantation_short_rotation,638334487126144,pine_plantation_short_rotation,10,2027,2072,2731.2118530273438,2,220.96693420410156,7412.10986328125
638334488126144::family_light_thin,638334488126144,family_light_thin,10,2027,2072,308.4022216796875,1,174.08050537109375,3318.219970703125
638334488126144::family_uneven_aged_selection,638334488126144,family_uneven_aged_selection,10,2027,2072,1031.8780517578125,3,159.81887817382812,3137.596923828125
638334488126144::hardwood_clearcut_regen,638334488126144,hardwood_clearcut_regen,10,2027,2072,2756.586181640625,1,15.413826942443848,0.0
638334488126144::no_management,638334488126144,no_management,10,2027,2072,0.0,0,176.59548950195312,3524.345703125
638334488126144::public_selection_light,638334488126144,public_selection_light,10,2027,2072,1527.892318725586,4,167.27383422851562,3092.423583984375
638334488126144::public_thin_restore,638334488126144,public_thin_restore,10,2027,2072,1012.5216827392578,3,168.57301330566406,3109.740478515625
638334495126144::family_light_thin,638334495126144,family_light_thin,10,2027,2072,284.2603454589844,1,180.61865234375,7143.4248046875
638334495126144::family_uneven_aged_selection,638334495126144,family_uneven_aged_selection,10,2027,2072,2772.6566772460938,3,161.97267150878906,6137.08544921875
638334495126144::no_management,638334495126144,no_management,10,2027,2072,0.0,0,181.6715850830078,7031.65869140625
638334495126144::pine_plantation_long_rotation,638334495126144,pine_plantation_long_rotation,10,2027,2072,4702.003723144531,2,219.6723175048828,8433.7431640625
638334495126144::pine_plantation_short_rotation,638334495126144,pine_plantation_short_rotation,10,2027,2072,4029.09375,1,175.9752655029297,5979.26806640625
638334495126144::public_selection_light,638334495126144,public_selection_light,10,2027,2072,3988.3251342773438,4,132.2625274658203,5024.28564453125
638334495126144::public_thin_restore,638334495126144,public_thin_restore,10,2027,2072,1346.8495788574219,3,179.86875915527344,7188.0234375
638334496126144::family_light_thin,638334496126144,family_light_thin,10,2027,2072,152.91831970214844,1,253.45181274414062,2266.456787109375
638334496126144::family_uneven_aged_selection,638334496126144,family_uneven_aged_selection,10,2027,2072,621.8169097900391,3,228.1258087158203,2038.0797119140625
638334496126144::hardwood_clearcut_regen,638334496126144,hardwood_clearcut_regen,10,2027,2072,2388.775390625,1,0.8282405734062195,0.0
638334496126144::no_management,638334496126144,no_management,10,2027,2072,0.0,0,260.0356750488281,2823.876220703125
638334496126144::public_selection_light,638334496126144,public_selection_light,10,2027,2072,773.1137084960938,4,196.4751434326172,1550.5341796875
638334496126144::public_thin_restore,638334496126144,public_thin_restore,10,2027,2072,595.006103515625,3,205.6768798828125,1319.3634033203125
638334519126144::family_light_thin,638334519126144,family_light_thin,10,2027,2072,4.939635753631592,1,119.76438903808594,1360.879638671875
638334519126144::family_uneven_aged_selection,638334519126144,family_uneven_aged_selection,10,2027,2072,287.83435821533203,3,109.42225646972656,1174.884033203125
638334519126144::hardwood_clearcut_regen,638334519126144,hardwood_clearcut_regen,10,2027,2072,1055.616943359375,1,10.306551933288574,0.0
638334519126144::no_management,638334519126144,no_management,10,2027,2072,0.0,0,120.04739379882812,1472.8448486328125
638334523126144::family_light_thin,638334523126144,family_light_thin,10,2027,2072,89.25701904296875,1,153.33981323242188,2550.7958984375
638334523126144::family_uneven_aged_selection,638334523126144,family_uneven_aged_selection,10,2027,2072,615.6040191650391,3,137.50991821289062,2219.04248046875
638334523126144::hardwood_clearcut_regen,638334523126144,hardwood_clearcut_regen,10,2027,2072,388.0584716796875,1,157.0207977294922,2521.0400390625
638334523126144::no_management,638334523126144,no_management,10,2027,2072,0.0,0,156.6340789794922,2776.491455078125
638334523126144::public_selection_light,638334523126144,public_selection_light,10,2027,2072,766.0203857421875,4,139.21998596191406,2053.931640625
638334523126144::public_thin_restore,638334523126144,public_thin_restore,10,2027,2072,423.11790466308594,3,140.75045776367188,2137.668701171875
638334542126144::family_light_thin,638334542126144,family_light_thin,10,2027,2072,0.2841346263885498,1,142.72584533691406,2799.657470703125
638334542126144::family_uneven_aged_selection,638334542126144,family_uneven_aged_selection,10,2027,2072,734.620361328125,3,96.38616180419922,1884.574462890625
638334542126144::no_management,638334542126144,no_management,10,2027,2072,0.0,0,157.41856384277344,2984.651123046875
638334544126144::family_light_thin,638334544126144,family_light_thin,10,2027,2072,63.437713623046875,1,85.9417495727539,1069.3311767578125
638334544126144::family_uneven_aged_selection,638334544126144,family_uneven_aged_selection,10,2027,2072,344.507080078125,3,67.47483825683594,782.4199829101562
638334544126144::hardwood_clearcut_regen,638334544126144,hardwood_clearcut_regen,10,2027,2072,543.2755126953125,1,90.57151794433594,638.3760375976562
638334544126144::no_management,638334544126144,no_management,10,2027,2072,0.0,0,98.87549591064453,1187.5438232421875
638334544126144::public_selection_light,638334544126144,public_selection_light,10,2027,2072,470.19239807128906,4,50.240535736083984,554.0848388671875
638334544126144::public_thin_restore,638334544126144,public_thin_restore,10,2027,2072,152.6060905456543,3,66.9703369140625,975.9954833984375
638334555126144::family_light_thin,638334555126144,family_light_thin,10,2027,2072,67.7660140991211,1,206.0579376220703,6280.72802734375
638334555126144::family_uneven_aged_selection,638334555126144,family_uneven_aged_selection,10,2027,2072,2239.4708862304688,3,177.4100341796875,5116.67041015625
638334555126144::no_management,638334555126144,no_management,10,2027,2072,0.0,0,205.16302490234375,6184.46630859375
638334555126144::pine_plantation_long_rotation,638334555126144,pine_plantation_long_rotation,10,2027,2072,3241.595703125,1,212.2365264892578,5483.63525390625
638334555126144::pine_plantation_short_rotation,638334555126144,pine_plantation_short_rotation,10,2027,2072,3241.595703125,1,212.2365264892578,5483.63525390625
638334555126144::public_selection_light,638334555126144,public_selection_light,10,2027,2072,3279.386474609375,4,152.30125427246094,4194.9541015625
638334555126144::public_thin_restore,638334555126144,public_thin_restore,10,2027,2072,240.8153076171875,3,208.12644958496094,6463.36962890625
638334610126144::family_light_thin,638334610126144,family_light_thin,10,2027,2072,215.1517333984375,1,202.11123657226562,5850.01513671875
638334610126144::family_uneven_aged_selection,638334610126144,family_uneven_aged_selection,10,2027,2072,1775.0514221191406,3,177.01846313476562,5024.23583984375
638334610126144::no_management,638334610126144,no_management,10,2027,2072,0.0,0,193.61839294433594,5626.927734375
638334610126144::pine_plantation_long_rotation,638334610126144,pine_plantation_long_rotation,10,2027,2072,3107.718475341797,2,185.19668579101562,3907.970458984375
638334610126144::pine_plantation_short_rotation,638334610126144,pine_plantation_short_rotation,10,2027,2072,1700.4595642089844,2,200.75277709960938,5352.5986328125
638334610126144::public_selection_light,638334610126144,public_selection_light,10,2027,2072,2503.85791015625,4,178.31381225585938,4355.52001953125
638334610126144::public_thin_restore,638334610126144,public_thin_restore,10,2027,2072,557.1612319946289,3,201.28392028808594,5702.46728515625
638334616126144::family_light_thin,638334616126144,family_light_thin,10,2027,2072,18.183975219726562,1,193.75177001953125,2719.25439453125
638334616126144::family_uneven_aged_selection,638334616126144,family_uneven_aged_selection,10,2027,2072,1013.482177734375,3,166.79945373535156,2327.00634765625
638334616126144::hardwood_clearcut_regen,638334616126144,hardwood_clearcut_regen,10,2027,2072,1696.873779296875,1,109.5887222290039,1679.455322265625
638334616126144::no_management,638334616126144,no_management,10,2027,2072,0.0,0,193.71499633789062,2708.003173828125
638334670126144::family_light_thin,638334670126144,family_light_thin,10,2027,2072,0.0,0,134.6390380859375,1436.2698974609375
638334670126144::family_uneven_aged_selection,638334670126144,family_uneven_aged_selection,10,2027,2072,266.3990640640259,3,115.69447326660156,1213.498291015625
638334670126144::hardwood_clearcut_regen,638334670126144,hardwood_clearcut_regen,10,2027,2072,828.3908081054688,1,27.23515510559082,0.0
638334670126144::no_management,638334670126144,no_management,10,2027,2072,0.0,0,136.32333374023438,1588.3787841796875
638334712126144::family_light_thin,638334712126144,family_light_thin,10,2027,2072,449.7535095214844,1,222.96324157714844,6107.619140625
638334712126144::family_uneven_aged_selection,638334712126144,family_uneven_aged_selection,10,2027,2072,2308.125,3,206.60482788085938,5341.66845703125
638334712126144::hardwood_clearcut_regen,638334712126144,hardwood_clearcut_regen,10,2027,2072,3176.75390625,1,189.49774169921875,3537.831787109375
638334712126144::no_management,638334712126144,no_management,10,2027,2072,0.0,0,224.69943237304688,6326.6669921875
638334713126144::family_light_thin,638334713126144,family_light_thin,10,2027,2072,79.61811065673828,1,178.2148895263672,3661.56298828125
638334713126144::family_uneven_aged_selection,638334713126144,family_uneven_aged_selection,10,2027,2072,1196.6284484863281,3,136.72618103027344,2719.906982421875
638334713126144::hardwood_clearcut_regen,638334713126144,hardwood_clearcut_regen,10,2027,2072,2368.18896484375,1,39.13612365722656,110.2072525024414
638334713126144::no_management,638334713126144,no_management,10,2027,2072,0.0,0,178.48968505859375,3662.93115234375
638334713126144::public_selection_light,638334713126144,public_selection_light,10,2027,2072,1668.398193359375,4,100.28993225097656,1944.0626220703125
638334713126144::public_thin_restore,638334713126144,public_thin_restore,10,2027,2072,341.8593559265137,3,168.98074340820312,3500.7685546875
638334723126144::family_light_thin,638334723126144,family_light_thin,10,2027,2072,9.612693786621094,1,237.24522399902344,3456.447509765625
638334723126144::family_uneven_aged_selection,638334723126144,family_uneven_aged_selection,10,2027,2072,1132.0343322753906,3,188.49359130859375,2372.557861328125
638334723126144::hardwood_clearcut_regen,638334723126144,hardwood_clearcut_regen,10,2027,2072,1891.1917724609375,1,132.54554748535156,357.136962890625
638334723126144::no_management,638334723126144,no_management,10,2027,2072,0.0,0,235.53431701660156,3308.87353515625
638334723126144::public_selection_light,638334723126144,public_selection_light,10,2027,2072,1621.8951110839844,4,154.17105102539062,1734.59765625
638334723126144::public_thin_restore,638334723126144,public_thin_restore,10,2027,2072,41.265628814697266,3,220.5945281982422,3564.236572265625
638334724126144::family_light_thin,638334724126144,family_light_thin,10,2027,2072,27.44244956970215,1,175.52806091308594,4053.164794921875
638334724126144::family_uneven_aged_selection,638334724126144,family_uneven_aged_selection,10,2027,2072,956.0602684020996,3,161.6046600341797,3741.98876953125
638334724126144::no_management,638334724126144,no_management,10,2027,2072,0.0,0,177.0630645751953,4264.93115234375
638334724126144::pine_plantation_long_rotation,638334724126144,pine_plantation_long_rotation,10,2027,2072,2587.281219482422,2,61.31119155883789,0.0
638334724126144::pine_plantation_short_rotation,638334724126144,pine_plantation_short_rotation,10,2027,2072,1382.487319946289,2,139.05287170410156,1973.2200927734375
638334724126144::public_selection_light,638334724126144,public_selection_light,10,2027,2072,1093.3177223205566,4,132.62615966796875,3113.69921875
638334724126144::public_thin_restore,638334724126144,public_thin_restore,10,2027,2072,615.6164855957031,2,134.29205322265625,3182.908203125
638334731126144::family_light_thin,638334731126144,family_light_thin,10,2027,2072,0.47678959369659424,1,181.05078125,3699.752685546875
638334731126144::family_uneven_aged_selection,638334731126144,family_uneven_aged_selection,10,2027,2072,910.6652221679688,3,160.22853088378906,3216.0302734375
638334731126144::no_management,638334731126144,no_management,10,2027,2072,0.0,0,180.51837158203125,3547.2158203125
638334731126144::pine_plantation_long_rotation,638334731126144,pine_plantation_long_rotation,10,2027,2072,659.45751953125,1,147.74151611328125,4910.44677734375
638334731126144::pine_plantation_short_rotation,638334731126144,pine_plantation_short_rotation,10,2027,2072,659.45751953125,1,147.74151611328125,4910.44677734375
638334731126144::public_selection_light,638334731126144,public_selection_light,10,2027,2072,1409.8862609863281,4,148.46002197265625,3502.243896484375
638334731126144::public_thin_restore,638334731126144,public_thin_restore,10,2027,2072,413.36869049072266,3,153.5436553955078,3439.662109375
638334742126144::family_light_thin,638334742126144,family_light_thin,10,2027,2072,178.09742736816406,1,222.52749633789062,5453.56787109375
638334742126144::family_uneven_aged_selection,638334742126144,family_uneven_aged_selection,10,2027,2072,2046.4686889648438,3,197.7095489501953,4825.4365234375
638334742126144::no_management,638334742126144,no_management,10,2027,2072,0.0,0,222.52769470214844,5446.85791015625
638334742126144::pine_plantation_long_rotation,638334742126144,pine_plantation_long_rotation,10,2027,2072,4194.47314453125,2,170.6031951904297,2589.153076171875
638334742126144::pine_plantation_short_rotation,638334742126144,pine_plantation_short_rotation,10,2027,2072,2867.9845581054688,2,222.52764892578125,4315.1103515625
638334742126144::public_selection_light,638334742126144,public_selection_light,10,2027,2072,2897.5633544921875,4,170.8325958251953,4178.60302734375
638334742126144::public_thin_restore,638334742126144,public_thin_restore,10,2027,2072,737.9632377624512,3,222.52749633789062,5456.91748046875
638334743126144::family_light_thin,638334743126144,family_light_thin,10,2027,2072,8.8384428024292,1,174.6036376953125,3523.206787109375
638334743126144::family_uneven_aged_selection,638334743126144,family_uneven_aged_selection,10,2027,2072,813.4171600341797,3,143.66502380371094,2871.595947265625
638334743126144::hardwood_clearcut_regen,638334743126144,hardwood_clearcut_regen,10,2027,2072,3138.26953125,1,0.3680764138698578,0.0
638334743126144::no_management,638334743126144,no_management,10,2027,2072,0.0,0,174.05857849121094,3400.371337890625
638334743126144::public_selection_light,638334743126144,public_selection_light,10,2027,2072,997.6627197265625,4,137.6983184814453,2632.688232421875
638334743126144::public_thin_restore,638334743126144,public_thin_restore,10,2027,2072,178.0424928665161,3,154.3816375732422,3164.029052734375
638334746126144::family_light_thin,638334746126144,family_light_thin,10,2027,2072,73.02278137207031,1,178.2949676513672,6462.126953125
638334746126144::family_uneven_aged_selection,638334746126144,family_uneven_aged_selection,10,2027,2072,2223.6281127929688,3,153.53973388671875,5481.587890625
638334746126144::no_management,638334746126144,no_management,10,2027,2072,0.0,0,178.30288696289062,6434.7890625
638334746126144::pine_plantation_long_rotation,638334746126144,pine_plantation_long_rotation,10,2027,2072,3851.727737426758,2,220.6497344970703,7086.82861328125
638334746126144::pine_plantation_short_rotation,638334746126144,pine_plantation_short_rotation,10,2027,2072,2235.395263671875,1,178.35745239257812,5650.9658203125
638334746126144::public_selection_light,638334746126144,public_selection_light,10,2027,2072,3301.0128784179688,4,133.74566650390625,4698.48828125
638334746126144::public_thin_restore,638334746126144,public_thin_restore,10,2027,2072,443.9441108703613,3,178.2890625,6524.73779296875
638334749126144::family_light_thin,638334749126144,family_light_thin,10,2027,2072,9.52096939086914,1,179.05567932128906,5036.31689453125
638334749126144::family_uneven_aged_selection,638334749126144,family_uneven_aged_selection,10,2027,2072,1685.7980651855469,3,140.59202575683594,3888.55322265625
638334749126144::no_management,638334749126144,no_management,10,2027,2072,0.0,0,179.34292602539062,4985.9345703125
638334749126144::pine_plantation_long_rotation,638334749126144,pine_plantation_long_rotation,10,2027,2072,3045.9749069213867,2,191.47850036621094,4521.51123046875
638334749126144::pine_plantation_short_rotation,638334749126144,pine_plantation_short_rotation,10,2027,2072,1747.6468505859375,1,178.48570251464844,4146.82958984375
638334749126144::public_selection_light,638334749126144,public_selection_light,10,2027,2072,2412.5520935058594,4,113.57743835449219,3130.510986328125
638334749126144::public_thin_restore,638334749126144,public_thin_restore,10,2027,2072,261.68604493141174,3,175.0292510986328,4971.03564453125
638334752126144::family_light_thin,638334752126144,family_light_thin,10,2027,2072,0.0,0,170.75901794433594,3529.398193359375
638334752126144::family_uneven_aged_selection,638334752126144,family_uneven_aged_selection,10,2027,2072,686.1020641326904,3,157.39442443847656,3287.0263671875
638334752126144::hardwood_clearcut_regen,638334752126144,hardwood_clearcut_regen,10,2027,2072,3253.10595703125,1,0.45792192220687866,0.0
638334752126144::no_management,638334752126144,no_management,10,2027,2072,0.0,0,173.57977294921875,3765.4716796875
638334752126144::public_selection_light,638334752126144,public_selection_light,10,2027,2072,672.6250419616699,3,167.68482971191406,3151.289306640625
638334752126144::public_thin_restore,638334752126144,public_thin_restore,10,2027,2072,516.7771148681641,2,165.04420471191406,3022.7978515625
638334753126144::family_light_thin,638334753126144,family_light_thin,10,2027,2072,20.470413208007812,1,164.26148986816406,3701.79443359375
638334753126144::family_uneven_aged_selection,638334753126144,family_uneven_aged_selection,10,2027,2072,730.5641479492188,3,135.85951232910156,3068.8017578125
638334753126144::hardwood_clearcut_regen,638334753126144,hardwood_clearcut_regen,10,2027,2072,2961.3076171875,1,5.253493785858154,0.0
638334753126144::no_management,638334753126144,no_management,10,2027,2072,0.0,0,174.11874389648438,3992.13671875
638334753126144::public_selection_light,638334753126144,public_selection_light,10,2027,2072,823.7363948822021,4,121.30130004882812,2647.409912109375
638334753126144::public_thin_restore,638334753126144,public_thin_restore,10,2027,2072,415.5262336730957,3,129.76011657714844,2822.810546875
638334757126144::no_management,638334757126144,no_management,10,2027,2072,0.0,0,193.66940307617188,2467.529541015625
638334757126144::public_selection_light,638334757126144,public_selection_light,10,2027,2072,1441.6578369140625,4,145.24551391601562,1851.1640625
638334757126144::public_thin_restore,638334757126144,public_thin_restore,10,2027,2072,86.67689037322998,3,193.77346801757812,2493.212646484375
638335018126144::family_light_thin,638335018126144,family_light_thin,10,2027,2072,92.09425354003906,1,199.23387145996094,5419.07763671875
638335018126144::family_uneven_aged_selection,638335018126144,family_uneven_aged_selection,10,2027,2072,1854.9138488769531,3,181.23348999023438,4678.74853515625
638335018126144::no_management,638335018126144,no_management,10,2027,2072,0.0,0,199.34124755859375,5482.31884765625
638335018126144::pine_plantation_long_rotation,638335018126144,pine_plantation_long_rotation,10,2027,2072,2140.680419921875,1,188.9623260498047,4704.24365234375
638335018126144::pine_plantation_short_rotation,638335018126144,pine_plantation_short_rotation,10,2027,2072,2140.680419921875,1,188.9623260498047,4704.24365234375
638335018126144::public_selection_light,638335018126144,public_selection_light,10,2027,2072,2669.862060546875,4,175.29432678222656,4247.4443359375
638335018126144::public_thin_restore,638335018126144,public_thin_restore,10,2027,2072,476.8185119628906,3,199.0211944580078,5376.6279296875
638335023126144::no_management,638335023126144,no_management,10,2027,2072,0.0,0,178.50331115722656,6880.02490234375
638335023126144::pine_plantation_long_rotation,638335023126144,pine_plantation_long_rotation,10,2027,2072,5744.12939453125,2,140.88734436035156,2560.66796875
638335023126144::pine_plantation_short_rotation,638335023126144,pine_plantation_short_rotation,10,2027,2072,3387.211944580078,2,206.5604705810547,6527.001953125
638335023126144::public_selection_light,638335023126144,public_selection_light,10,2027,2072,3066.888412475586,4,154.87628173828125,5855.0693359375
638335023126144::public_thin_restore,638335023126144,public_thin_restore,10,2027,2072,1281.1684036254883,3,178.50820922851562,6820.0517578125
638335131126144::family_light_thin,638335131126144,family_light_thin,10,2027,2072,0.0,0,112.71930694580078,4023.67431640625
638335131126144::family_uneven_aged_selection,638335131126144,family_uneven_aged_selection,10,2027,2072,1309.8140869140625,3,72.25730895996094,2526.2314453125
638335131126144::no_management,638335131126144,no_management,10,2027,2072,0.0,0,113.33262634277344,4022.333740234375
638335131126144::pine_plantation_long_rotation,638335131126144,pine_plantation_long_rotation,10,2027,2072,2675.070068359375,1,111.59754180908203,2428.599609375
638335131126144::pine_plantation_short_rotation,638335131126144,pine_plantation_short_rotation,10,2027,2072,2675.070068359375,1,111.59754180908203,2428.599609375
638335131126144::public_selection_light,638335131126144,public_selection_light,10,2027,2072,1925.8339233398438,4,52.93385696411133,1793.366455078125
638335131126144::public_thin_restore,638335131126144,public_thin_restore,10,2027,2072,0.0,0,111.23192596435547,4053.36767578125
638335132126144::family_light_thin,638335132126144,family_light_thin,10,2027,2072,51.87358474731445,1,175.9170684814453,3458.170654296875
638335132126144::family_uneven_aged_selection,638335132126144,family_uneven_aged_selection,10,2027,2072,995.633544921875,3,136.4337921142578,2493.84716796875
638335132126144::no_management,638335132126144,no_management,10,2027,2072,0.0,0,177.09666442871094,3535.589111328125
638335132126144::pine_plantation_long_rotation,638335132126144,pine_plantation_long_rotation,10,2027,2072,1293.1373291015625,1,165.7838134765625,3441.221923828125
638335132126144::pine_plantation_short_rotation,638335132126144,pine_plantation_short_rotation,10,2027,2072,1293.1373291015625,1,165.7838134765625,3441.221923828125
638335132126144::public_selection_light,638335132126144,public_selection_light,10,2027,2072,1391.0117492675781,4,123.03479766845703,2130.9052734375
638335132126144::public_thin_restore,638335132126144,public_thin_restore,10,2027,2072,257.52664947509766,3,143.81031799316406,3077.560791015625
638335136126144::family_light_thin,638335136126144,family_light_thin,10,2027,2072,26.64930534362793,1,114.439208984375,2499.19970703125
638335136126144::family_uneven_aged_selection,638335136126144,family_uneven_aged_selection,10,2027,2072,658.0493316650391,3,83.03748321533203,1757.4403076171875
638335136126144::no_management,638335136126144,no_management,10,2027,2072,0.0,0,123.25947570800781,2600.224609375
638335136126144::pine_plantation_long_rotation,638335136126144,pine_plantation_long_rotation,10,2027,2072,759.152587890625,1,156.61265563964844,3378.57861328125
638335136126144::pine_plantation_short_rotation,638335136126144,pine_plantation_short_rotation,10,2027,2072,759.152587890625,1,156.61265563964844,3378.57861328125
638335136126144::public_selection_light,638335136126144,public_selection_light,10,2027,2072,886.2030029296875,4,65.95184326171875,1377.0953369140625
638335136126144::public_thin_restore,638335136126144,public_thin_restore,10,2027,2072,132.74050903320312,3,96.29736328125,2206.392822265625
638335139126144::no_management,638335139126144,no_management,10,2027,2072,0.0,0,79.8517074584961,2912.474609375
638335139126144::public_selection_light,638335139126144,public_selection_light,10,2027,2072,1208.0535278320312,4,35.083274841308594,1280.0701904296875
638335139126144::public_thin_restore,638335139126144,public_thin_restore,10,2027,2072,134.496488571167,3,70.99911499023438,2648.6630859375
656661736126144::family_light_thin,656661736126144,family_light_thin,10,2027,2072,115.71660614013672,1,175.29193115234375,5201.32763671875
656661736126144::family_uneven_aged_selection,656661736126144,family_uneven_aged_selection,10,2027,2072,1829.980712890625,3,163.54029846191406,4601.79296875
656661736126144::no_management,656661736126144,no_management,10,2027,2072,0.0,0,174.99964904785156,5279.59033203125
698001388126144::family_light_thin,698001388126144,family_light_thin,10,2027,2072,220.42181396484375,1,173.53831481933594,4733.77685546875
698001388126144::family_uneven_aged_selection,698001388126144,family_uneven_aged_selection,10,2027,2072,1827.8715209960938,3,157.578857421875,4055.06396484375
698001388126144::no_management,698001388126144,no_management,10,2027,2072,0.0,0,173.66075134277344,4736.44189453125
698001388126144::pine_plantation_long_rotation,698001388126144,pine_plantation_long_rotation,10,2027,2072,2900.29541015625,1,163.62379455566406,3357.4375
698001388126144::pine_plantation_short_rotation,698001388126144,pine_plantation_short_rotation,10,2027,2072,2900.29541015625,1,163.62379455566406,3357.4375
698001388126144::public_selection_light,698001388126144,public_selection_light,10,2027,2072,2676.1683349609375,4,136.14291381835938,3381.04052734375
698001388126144::public_thin_restore,698001388126144,public_thin_restore,10,2027,2072,860.2326049804688,3,173.55845642089844,4735.16650390625
698001610126144::hardwood_clearcut_regen,698001610126144,hardwood_clearcut_regen,10,2027,2072,0.0,0,199.4182891845703,4533.33544921875
698001610126144::no_management,698001610126144,no_management,10,2027,2072,0.0,0,199.4182891845703,4533.33544921875
718561137290487::no_management,718561137290487,no_management,10,2027,2072,0.0,0,221.8889617919922,9410.94921875
718561137290487::pine_plantation_long_rotation,718561137290487,pine_plantation_long_rotation,10,2027,2072,7806.706298828125,2,136.6786651611328,2373.697265625
718561137290487::pine_plantation_short_rotation,718561137290487,pine_plantation_short_rotation,10,2027,2072,5690.444885253906,2,202.78924560546875,6406.16748046875
718561137290487::public_selection_light,718561137290487,public_selection_light,10,2027,2072,4494.787292480469,4,203.38673400878906,8173.41845703125
718561137290487::public_thin_restore,718561137290487,public_thin_restore,10,2027,2072,1494.76123046875,3,221.97955322265625,9314.701171875
718561178290487::family_light_thin,718561178290487,family_light_thin,10,2027,2072,26.924333572387695,1,174.90345764160156,3122.362548828125
718561178290487::family_uneven_aged_selection,718561178290487,family_uneven_aged_selection,10,2027,2072,990.248779296875,3,157.4231719970703,2241.53173828125
718561178290487::hardwood_clearcut_regen,718561178290487,hardwood_clearcut_regen,10,2027,2072,1943.900146484375,1,97.764404296875,1418.3316650390625
718561178290487::no_management,718561178290487,no_management,10,2027,2072,0.0,0,173.90049743652344,3012.58447265625
718561178290487::public_selection_light,718561178290487,public_selection_light,10,2027,2072,1469.4483032226562,4,148.41424560546875,1840.9405517578125
718561178290487::public_thin_restore,718561178290487,public_thin_restore,10,2027,2072,232.03216171264648,3,176.82485961914062,3202.770751953125
718561374290487::family_light_thin,718561374290487,family_light_thin,10,2027,2072,52.96757125854492,1,191.0630340576172,4856.654296875
718561374290487::family_uneven_aged_selection,718561374290487,family_uneven_aged_selection,10,2027,2072,1700.2468872070312,3,176.18594360351562,4188.72607421875
718561374290487::no_management,718561374290487,no_management,10,2027,2072,0.0,0,191.69833374023438,4933.8994140625
718561374290487::pine_plantation_long_rotation,718561374290487,pine_plantation_long_rotation,10,2027,2072,2736.4622497558594,2,199.5369873046875,5121.84814453125
718561374290487::pine_plantation_short_rotation,718561374290487,pine_plantation_short_rotation,10,2027,2072,1933.339599609375,1,195.15646362304688,5227.53076171875
718561374290487::public_selection_light,718561374290487,public_selection_light,10,2027,2072,2575.2555236816406,4,185.79197692871094,3927.07861328125
718561374290487::public_thin_restore,718561374290487,public_thin_restore,10,2027,2072,255.22792053222656,3,198.16688537597656,5134.701171875
718561522290487::family_light_thin,718561522290487,family_light_thin,10,2027,2072,61.80110549926758,1,179.65235900878906,3457.082763671875
718561522290487::family_uneven_aged_selection,718561522290487,family_uneven_aged_selection,10,2027,2072,1100.2293090820312,3,158.12220764160156,2865.7451171875
718561522290487::hardwood_clearcut_regen,718561522290487,hardwood_clearcut_regen,10,2027,2072,1632.0745849609375,1,148.22805786132812,2036.4468994140625
718561522290487::no_management,718561522290487,no_management,10,2027,2072,0.0,0,179.1104736328125,3550.591064453125
718561522290487::public_selection_light,718561522290487,public_selection_light,10,2027,2072,1563.5433959960938,4,151.4628143310547,2388.623291015625
718561522290487::public_thin_restore,718561522290487,public_thin_restore,10,2027,2072,291.7508850097656,3,178.93667602539062,3388.73779296875
718561535290487::no_management,718561535290487,no_management,10,2027,2072,0.0,0,129.90296936035156,3672.673095703125
718561535290487::pine_plantation_long_rotation,718561535290487,pine_plantation_long_rotation,10,2027,2072,1388.06298828125,1,169.1049041748047,4754.134765625
718561535290487::pine_plantation_short_rotation,718561535290487,pine_plantation_short_rotation,10,2027,2072,1388.06298828125,1,169.1049041748047,4754.134765625
718561535290487::public_selection_light,718561535290487,public_selection_light,10,2027,2072,1374.1260681152344,4,69.51751708984375,2022.954345703125
718561535290487::public_thin_restore,718561535290487,public_thin_restore,10,2027,2072,74.28070259094238,2,102.28984832763672,3277.237548828125
718561805290487::family_light_thin,718561805290487,family_light_thin,10,2027,2072,77.31597137451172,1,187.6798095703125,5087.0087890625
718561805290487::family_uneven_aged_selection,718561805290487,family_uneven_aged_selection,10,2027,2072,1786.5414733886719,3,174.88681030273438,4481.0380859375
718561805290487::no_management,718561805290487,no_management,10,2027,2072,0.0,0,187.78887939453125,5082.54736328125
718561805290487::pine_plantation_long_rotation,718561805290487,pine_plantation_long_rotation,10,2027,2072,3777.9069061279297,2,197.4840850830078,4010.698486328125
718561805290487::pine_plantation_short_rotation,718561805290487,pine_plantation_short_rotation,10,2027,2072,2637.0567932128906,2,210.53152465820312,5566.3876953125
718561805290487::public_selection_light,718561805290487,public_selection_light,10,2027,2072,2789.7120971679688,4,185.73428344726562,4402.98876953125
718561805290487::public_thin_restore,718561805290487,public_thin_restore,10,2027,2072,306.6993713378906,3,187.23776245117188,5139.10595703125
718561923290487::family_light_thin,718561923290487,family_light_thin,10,2027,2072,226.22393798828125,1,204.4560546875,7090.177734375
718561923290487::family_uneven_aged_selection,718561923290487,family_uneven_aged_selection,10,2027,2072,2677.2499389648438,3,184.96029663085938,6106.388671875
718561923290487::no_management,718561923290487,no_management,10,2027,2072,0.0,0,203.986328125,7131.0087890625
718561923290487::pine_plantation_long_rotation,718561923290487,pine_plantation_long_rotation,10,2027,2072,4191.7216796875,1,205.1219024658203,6445.091796875
718561923290487::pine_plantation_short_rotation,718561923290487,pine_plantation_short_rotation,10,2027,2072,4191.7216796875,1,205.1219024658203,6445.091796875
718561923290487::public_selection_light,718561923290487,public_selection_light,10,2027,2072,4318.318176269531,4,195.88868713378906,5819.443359375
718561923290487::public_thin_restore,718561923290487,public_thin_restore,10,2027,2072,713.9290466308594,3,205.62472534179688,7047.7373046875
718561964290487::family_light_thin,718561964290487,family_light_thin,10,2027,2072,63.47792053222656,1,193.88070678710938,5491.46875
718561964290487::family_uneven_aged_selection,718561964290487,family_uneven_aged_selection,10,2027,2072,1611.6594848632812,3,178.95404052734375,4576.9677734375
718561964290487::no_management,718561964290487,no_management,10,2027,2072,0.0,0,193.4320068359375,5339.583984375
718561964290487::pine_plantation_long_rotation,718561964290487,pine_plantation_long_rotation,10,2027,2072,3030.854965209961,2,202.13148498535156,5570.373046875
718561964290487::pine_plantation_short_rotation,718561964290487,pine_plantation_short_rotation,10,2027,2072,1903.8570022583008,2,215.05873107910156,7298.7294921875
718561964290487::public_selection_light,718561964290487,public_selection_light,10,2027,2072,2296.115936279297,4,179.99661254882812,4201.18505859375
718561964290487::public_thin_restore,718561964290487,public_thin_restore,10,2027,2072,395.28873443603516,3,194.01731872558594,5511.716796875
718561979290487::family_light_thin,718561979290487,family_light_thin,10,2027,2072,199.91363525390625,1,188.34237670898438,3735.4140625
718561979290487::family_uneven_aged_selection,718561979290487,family_uneven_aged_selection,10,2027,2072,1010.451171875,3,173.15293884277344,3461.64892578125
718561979290487::hardwood_clearcut_regen,718561979290487,hardwood_clearcut_regen,10,2027,2072,3398.664794921875,1,4.265239238739014,0.0
718561979290487::no_management,718561979290487,no_management,10,2027,2072,0.0,0,190.12997436523438,4083.498779296875
718561982290487::no_management,718561982290487,no_management,10,2027,2072,0.0,0,173.739501953125,5452.45849609375
718561982290487::pine_plantation_long_rotation,718561982290487,pine_plantation_long_rotation,10,2027,2072,4200.441314697266,2,142.81997680664062,1982.4129638671875
718561982290487::pine_plantation_short_rotation,718561982290487,pine_plantation_short_rotation,10,2027,2072,3030.760299682617,2,194.5899658203125,5284.05419921875
718562028290487::family_light_thin,718562028290487,family_light_thin,10,2027,2072,292.158203125,1,180.15806579589844,6183.65966796875
718562028290487::family_uneven_aged_selection,718562028290487,family_uneven_aged_selection,10,2027,2072,1977.9254150390625,3,163.57569885253906,5479.87353515625
718562028290487::no_management,718562028290487,no_management,10,2027,2072,0.0,0,179.95181274414062,6289.1611328125
718562028290487::pine_plantation_long_rotation,718562028290487,pine_plantation_long_rotation,10,2027,2072,5053.422790527344,2,136.7965850830078,2138.067138671875
718562028290487::pine_plantation_short_rotation,718562028290487,pine_plantation_short_rotation,10,2027,2072,3408.677276611328,2,207.55897521972656,5800.033203125
718562044290487::family_light_thin,718562044290487,family_light_thin,10,2027,2072,443.4376220703125,1,222.5277099609375,9364.189453125
718562044290487::family_uneven_aged_selection,718562044290487,family_uneven_aged_selection,10,2027,2072,2811.4163208007812,3,192.29396057128906,8081.25146484375
718562044290487::no_management,718562044290487,no_management,10,2027,2072,0.0,0,222.52757263183594,9354.14453125
718562044290487::pine_plantation_long_rotation,718562044290487,pine_plantation_long_rotation,10,2027,2072,8265.730346679688,2,80.29415893554688,121.36479949951172
718562044290487::pine_plantation_short_rotation,718562044290487,pine_plantation_short_rotation,10,2027,2072,6055.521301269531,2,161.3146209716797,3913.532958984375
718562044290487::public_selection_light,718562044290487,public_selection_light,10,2027,2072,3745.1453552246094,4,175.5585174560547,7377.5810546875
718562044290487::public_thin_restore,718562044290487,public_thin_restore,10,2027,2072,1031.4765243530273,3,214.68836975097656,9048.7744140625
718562060290487::family_light_thin,718562060290487,family_light_thin,10,2027,2072,299.0931396484375,1,207.9143829345703,5092.31494140625
718562060290487::family_uneven_aged_selection,718562060290487,family_uneven_aged_selection,10,2027,2072,1890.9093017578125,3,196.79074096679688,4577.41162109375
718562060290487::hardwood_clearcut_regen,718562060290487,hardwood_clearcut_regen,10,2027,2072,4612.13330078125,1,58.04949188232422,51.716453552246094
718562060290487::no_management,718562060290487,no_management,10,2027,2072,0.0,0,207.69873046875,5314.81201171875
718562060290487::public_selection_light,718562060290487,public_selection_light,10,2027,2072,2870.146484375,4,209.29946899414062,4124.8994140625
718562060290487::public_thin_restore,718562060290487,public_thin_restore,10,2027,2072,927.1601715087891,3,210.60589599609375,4960.646484375
718562147290487::family_light_thin,718562147290487,family_light_thin,10,2027,2072,57.03667449951172,1,192.61866760253906,5095.26708984375
718562147290487::family_uneven_aged_selection,718562147290487,family_uneven_aged_selection,10,2027,2072,1792.8921203613281,3,174.33905029296875,4289.33642578125
718562147290487::hardwood_clearcut_regen,718562147290487,hardwood_clearcut_regen,10,2027,2072,2637.23876953125,1,170.80238342285156,3614.44091796875
718562147290487::no_management,718562147290487,no_management,10,2027,2072,0.0,0,192.09742736816406,5157.59228515625
718562152290487::family_light_thin,718562152290487,family_light_thin,10,2027,2072,349.18353271484375,1,231.2209930419922,6548.3232421875
718562152290487::family_uneven_aged_selection,718562152290487,family_uneven_aged_selection,10,2027,2072,2090.224395751953,3,200.28390502929688,5561.62060546875
718562152290487::no_management,718562152290487,no_management,10,2027,2072,0.0,0,230.9838409423828,6514.2890625
718562152290487::pine_plantation_long_rotation,718562152290487,pine_plantation_long_rotation,10,2027,2072,5157.7689208984375,2,107.46797943115234,378.73455810546875
718562152290487::pine_plantation_short_rotation,718562152290487,pine_plantation_short_rotation,10,2027,2072,3760.1734924316406,2,179.7291717529297,3538.7158203125
718562152290487::public_selection_light,718562152290487,public_selection_light,10,2027,2072,2828.7623901367188,4,168.03961181640625,4651.91748046875
718562152290487::public_thin_restore,718562152290487,public_thin_restore,10,2027,2072,1028.9181823730469,3,210.7810516357422,6055.43017578125
718562163290487::family_light_thin,718562163290487,family_light_thin,10,2027,2072,65.96797180175781,1,196.32740783691406,2760.558837890625
718562163290487::family_uneven_aged_selection,718562163290487,family_uneven_aged_selection,10,2027,2072,579.4805564880371,3,186.26095581054688,2466.8974609375
718562163290487::hardwood_clearcut_regen,718562163290487,hardwood_clearcut_regen,10,2027,2072,1325.4429931640625,1,71.38523864746094,0.0
718562163290487::no_management,718562163290487,no_management,10,2027,2072,0.0,0,197.00282287597656,3055.091796875
718562165290487::family_light_thin,718562165290487,family_light_thin,10,2027,2072,12.678415298461914,1,138.59136962890625,3959.327392578125
718562165290487::family_uneven_aged_selection,718562165290487,family_uneven_aged_selection,10,2027,2072,821.5059509277344,3,109.9321517944336,2882.44775390625
718562165290487::hardwood_clearcut_regen,718562165290487,hardwood_clearcut_regen,10,2027,2072,0.0,0,147.2875213623047,3969.253662109375
718562165290487::no_management,718562165290487,no_management,10,2027,2072,0.0,0,147.2875213623047,3969.253662109375
718562165290487::public_selection_light,718562165290487,public_selection_light,10,2027,2072,944.9579010009766,4,89.77656555175781,2336.2587890625
718562165290487::public_thin_restore,718562165290487,public_thin_restore,10,2027,2072,251.96305465698242,3,114.36456298828125,3435.890625
718562166290487::family_light_thin,718562166290487,family_light_thin,10,2027,2072,113.63639068603516,1,182.98765563964844,5417.3955078125
718562166290487::family_uneven_aged_selection,718562166290487,family_uneven_aged_selection,10,2027,2072,1603.3549499511719,3,169.85406494140625,4540.208984375
718562166290487::no_management,718562166290487,no_management,10,2027,2072,0.0,0,183.4510040283203,5417.99462890625
718562166290487::pine_plantation_long_rotation,718562166290487,pine_plantation_long_rotation,10,2027,2072,1705.9969024658203,2,212.86561584472656,7654.2529296875
718562166290487::pine_plantation_short_rotation,718562166290487,pine_plantation_short_rotation,10,2027,2072,1173.0223388671875,1,175.95443725585938,5745.451171875
718562166290487::public_selection_light,718562166290487,public_selection_light,10,2027,2072,2212.8819885253906,4,154.6330108642578,3915.051025390625
718562166290487::public_thin_restore,718562166290487,public_thin_restore,10,2027,2072,629.3091278076172,3,182.51136779785156,5244.04541015625
718562170290487::family_light_thin,718562170290487,family_light_thin,10,2027,2072,219.44601440429688,1,181.86697387695312,7417.263671875
718562170290487::family_uneven_aged_selection,718562170290487,family_uneven_aged_selection,10,2027,2072,2705.7804565429688,3,158.3817901611328,6302.88037109375
718562170290487::no_management,718562170290487,no_management,10,2027,2072,0.0,0,181.84161376953125,7394.9541015625
718562170290487::pine_plantation_long_rotation,718562170290487,pine_plantation_long_rotation,10,2027,2072,5487.017639160156,2,210.45106506347656,6579.7001953125
718562170290487::pine_plantation_short_rotation,718562170290487,pine_plantation_short_rotation,10,2027,2072,3768.8553161621094,2,221.0128631591797,8391.705078125
718562170290487::public_selection_light,718562170290487,public_selection_light,10,2027,2072,3845.2402954101562,4,139.7914276123047,5453.16259765625
718562170290487::public_thin_restore,718562170290487,public_thin_restore,10,2027,2072,1069.0712814331055,3,182.2399139404297,7400.27734375
718562171290487::family_light_thin,718562171290487,family_light_thin,10,2027,2072,25.45081329345703,1,178.70428466796875,4430.66845703125
718562171290487::family_uneven_aged_selection,718562171290487,family_uneven_aged_selection,10,2027,2072,1372.3180236816406,3,128.66261291503906,3096.854248046875
718562171290487::hardwood_clearcut_regen,718562171290487,hardwood_clearcut_regen,10,2027,2072,2028.114013671875,1,121.79325866699219,1931.256103515625
718562171290487::no_management,718562171290487,no_management,10,2027,2072,0.0,0,186.35501098632812,4645.6201171875
718562171290487::public_selection_light,718562171290487,public_selection_light,10,2027,2072,1893.1415405273438,4,100.54978942871094,2387.40478515625
718562171290487::public_thin_restore,718562171290487,public_thin_restore,10,2027,2072,212.59697723388672,3,166.57339477539062,4204.3134765625
718562176290487::family_light_thin,718562176290487,family_light_thin,10,2027,2072,90.58584594726562,1,203.20831298828125,5946.9462890625
718562176290487::family_uneven_aged_selection,718562176290487,family_uneven_aged_selection,10,2027,2072,1679.4729614257812,3,162.88009643554688,4516.5927734375
718562176290487::no_management,718562176290487,no_management,10,2027,2072,0.0,0,214.42994689941406,6249.62060546875
718562176290487::pine_plantation_long_rotation,718562176290487,pine_plantation_long_rotation,10,2027,2072,1916.7742004394531,2,229.42396545410156,7973.169921875
718562176290487::pine_plantation_short_rotation,718562176290487,pine_plantation_short_rotation,10,2027,2072,1454.8140869140625,1,196.96189880371094,5580.052734375
718562294290487::family_light_thin,718562294290487,family_light_thin,10,2027,2072,25.564205169677734,1,198.44088745117188,3773.657958984375
718562294290487::family_uneven_aged_selection,718562294290487,family_uneven_aged_selection,10,2027,2072,1321.2138061523438,3,184.69114685058594,2831.365234375
718562294290487::hardwood_clearcut_regen,718562294290487,hardwood_clearcut_regen,10,2027,2072,0.0,0,198.31051635742188,3783.73095703125
718562294290487::no_management,718562294290487,no_management,10,2027,2072,0.0,0,198.31051635742188,3783.73095703125
718562312290487::family_light_thin,718562312290487,family_light_thin,10,2027,2072,34.94845199584961,1,191.4298095703125,5439.14794921875
718562312290487::family_uneven_aged_selection,718562312290487,family_uneven_aged_selection,10,2027,2072,1148.2777252197266,3,157.5093231201172,4367.4140625
718562312290487::hardwood_clearcut_regen,718562312290487,hardwood_clearcut_regen,10,2027,2072,4114.68798828125,1,23.678569793701172,0.0
718562312290487::no_management,718562312290487,no_management,10,2027,2072,0.0,0,202.03021240234375,5718.314453125
718562312290487::public_selection_light,718562312290487,public_selection_light,10,2027,2072,1420.0649719238281,4,136.92123413085938,3607.147705078125
718562312290487::public_thin_restore,718562312290487,public_thin_restore,10,2027,2072,298.30236053466797,3,157.76246643066406,4505.2451171875
718562326290487::family_light_thin,718562326290487,family_light_thin,10,2027,2072,431.3776550292969,1,178.4857940673828,7050.40283203125
718562326290487::family_uneven_aged_selection,718562326290487,family_uneven_aged_selection,10,2027,2072,2461.0209350585938,3,156.9138641357422,6165.39013671875
718562326290487::no_management,718562326290487,no_management,10,2027,2072,0.0,0,178.4856719970703,7033.1025390625
718562326290487::pine_plantation_long_rotation,718562326290487,pine_plantation_long_rotation,10,2027,2072,6115.852111816406,2,138.7640838623047,2598.027099609375
718562326290487::pine_plantation_short_rotation,718562326290487,pine_plantation_short_rotation,10,2027,2072,4440.974792480469,2,200.68487548828125,6336.01806640625
718562326290487::public_selection_light,718562326290487,public_selection_light,10,2027,2072,3347.1178588867188,4,137.0443572998047,5396.35791015625
718562326290487::public_thin_restore,718562326290487,public_thin_restore,10,2027,2072,1282.0921020507812,3,176.63827514648438,6985.86328125
718562334290487::family_light_thin,718562334290487,family_light_thin,10,2027,2072,224.4983367919922,1,182.39959716796875,4106.25
718562334290487::family_uneven_aged_selection,718562334290487,family_uneven_aged_selection,10,2027,2072,1172.083740234375,3,131.65061950683594,2946.16015625
718562334290487::hardwood_clearcut_regen,718562334290487,hardwood_clearcut_regen,10,2027,2072,1244.87060546875,1,160.3737335205078,4059.110595703125
718562334290487::no_management,718562334290487,no_management,10,2027,2072,0.0,0,187.00735473632812,4424.39990234375
718562342290487::family_light_thin,718562342290487,family_light_thin,10,2027,2072,146.6424560546875,1,224.17263793945312,5405.22314453125
718562342290487::family_uneven_aged_selection,718562342290487,family_uneven_aged_selection,10,2027,2072,1748.9847717285156,3,183.1938018798828,4312.62841796875
718562342290487::no_management,718562342290487,no_management,10,2027,2072,0.0,0,226.98043823242188,5594.0908203125
718562342290487::pine_plantation_long_rotation,718562342290487,pine_plantation_long_rotation,10,2027,2072,2364.49365234375,1,187.6622314453125,3612.51416015625
718562342290487::pine_plantation_short_rotation,718562342290487,pine_plantation_short_rotation,10,2027,2072,2364.49365234375,1,187.6622314453125,3612.51416015625
718562342290487::public_selection_light,718562342290487,public_selection_light,10,2027,2072,2427.9173583984375,4,150.7551727294922,3290.025146484375
718562342290487::public_thin_restore,718562342290487,public_thin_restore,10,2027,2072,637.5827941894531,3,203.3495330810547,4839.39599609375
718562346290487::family_light_thin,718562346290487,family_light_thin,10,2027,2072,213.57998657226562,1,275.4443359375,7548.041015625
718562346290487::family_uneven_aged_selection,718562346290487,family_uneven_aged_selection,10,2027,2072,2560.3602294921875,3,194.3822021484375,5203.361328125
718562346290487::hardwood_clearcut_regen,718562346290487,hardwood_clearcut_regen,10,2027,2072,4753.1435546875,1,105.15022277832031,570.419189453125
718562346290487::no_management,718562346290487,no_management,10,2027,2072,0.0,0,284.4573974609375,7781.39892578125
718562346290487::public_selection_light,718562346290487,public_selection_light,10,2027,2072,3717.7296142578125,4,143.74862670898438,3716.22509765625
718562346290487::public_thin_restore,718562346290487,public_thin_restore,10,2027,2072,1314.0919036865234,3,235.98147583007812,6411.9580078125
718562357290487::family_light_thin,718562357290487,family_light_thin,10,2027,2072,12.187277793884277,1,104.10211944580078,2573.61474609375
718562357290487::family_uneven_aged_selection,718562357290487,family_uneven_aged_selection,10,2027,2072,820.2354431152344,3,71.15248107910156,1662.468505859375
718562357290487::no_management,718562357290487,no_management,10,2027,2072,0.0,0,101.67266082763672,2577.1845703125
718562357290487::pine_plantation_long_rotation,718562357290487,pine_plantation_long_rotation,10,2027,2072,1615.0469970703125,1,105.65031433105469,1775.4375
718562357290487::pine_plantation_short_rotation,718562357290487,pine_plantation_short_rotation,10,2027,2072,1615.0469970703125,1,105.65031433105469,1775.4375
718562357290487::public_selection_light,718562357290487,public_selection_light,10,2027,2072,1176.2979888916016,4,54.96772766113281,1166.5955810546875
718562357290487::public_thin_restore,718562357290487,public_thin_restore,10,2027,2072,146.15083503723145,3,89.65921020507812,2366.9560546875
718562372290487::family_light_thin,718562372290487,family_light_thin,10,2027,2072,70.52079010009766,1,196.2151336669922,5080.75341796875
718562372290487::family_uneven_aged_selection,718562372290487,family_uneven_aged_selection,10,2027,2072,1953.4846801757812,3,159.1685791015625,3864.818603515625
718562372290487::no_management,718562372290487,no_management,10,2027,2072,0.0,0,196.41571044921875,5089.55615234375
718562372290487::pine_plantation_long_rotation,718562372290487,pine_plantation_long_rotation,10,2027,2072,3563.05517578125,1,183.11090087890625,4168.39111328125
718562372290487::pine_plantation_short_rotation,718562372290487,pine_plantation_short_rotation,10,2027,2072,3563.05517578125,1,183.11090087890625,4168.39111328125
718562372290487::public_selection_light,718562372290487,public_selection_light,10,2027,2072,3003.6727905273438,4,132.6112823486328,3071.81201171875
718562372290487::public_thin_restore,718562372290487,public_thin_restore,10,2027,2072,315.2517890930176,3,196.63169860839844,5222.29736328125
718603452290487::family_light_thin,718603452290487,family_light_thin,10,2027,2072,25.472753524780273,1,211.61166381835938,6217.79150390625
718603452290487::family_uneven_aged_selection,718603452290487,family_uneven_aged_selection,10,2027,2072,2162.8267822265625,3,193.18548583984375,4947.48681640625
718603452290487::no_management,718603452290487,no_management,10,2027,2072,0.0,0,210.83665466308594,5967.8017578125
718603452290487::pine_plantation_long_rotation,718603452290487,pine_plantation_long_rotation,10,2027,2072,3939.574150085449,2,216.94009399414062,6481.607421875
718603452290487::pine_plantation_short_rotation,718603452290487,pine_plantation_short_rotation,10,2027,2072,3325.4638671875,1,215.21511840820312,6781.2841796875
718603453290487::family_light_thin,718603453290487,family_light_thin,10,2027,2072,26.66092872619629,1,108.1870346069336,1087.59033203125
718603453290487::family_uneven_aged_selection,718603453290487,family_uneven_aged_selection,10,2027,2072,312.2442092895508,3,98.2258071899414,921.9979248046875
718603453290487::hardwood_clearcut_regen,718603453290487,hardwood_clearcut_regen,10,2027,2072,336.5706481933594,1,93.40000915527344,1123.03564453125
718603453290487::no_management,718603453290487,no_management,10,2027,2072,0.0,0,108.34058380126953,1020.9419555664062
718603453290487::public_selection_light,718603453290487,public_selection_light,10,2027,2072,452.2810592651367,4,105.55888366699219,1061.2269287109375
718603453290487::public_thin_restore,718603453290487,public_thin_restore,10,2027,2072,126.03654098510742,3,115.39421081542969,1210.76025390625
718603459290487::family_light_thin,718603459290487,family_light_thin,10,2027,2072,143.4696044921875,1,146.88600158691406,2407.21728515625
718603459290487::family_uneven_aged_selection,718603459290487,family_uneven_aged_selection,10,2027,2072,839.9217529296875,3,135.7913818359375,2190.69140625
718603459290487::hardwood_clearcut_regen,718603459290487,hardwood_clearcut_regen,10,2027,2072,933.7343139648438,1,134.28306579589844,2046.8701171875
718603459290487::no_management,718603459290487,no_management,10,2027,2072,0.0,0,147.94679260253906,2523.96630859375
718603486290487::family_light_thin,718603486290487,family_light_thin,10,2027,2072,107.72271728515625,1,174.65460205078125,2899.625244140625
718603486290487::family_uneven_aged_selection,718603486290487,family_uneven_aged_selection,10,2027,2072,812.0390396118164,3,166.28794860839844,2806.664306640625
718603486290487::hardwood_clearcut_regen,718603486290487,hardwood_clearcut_regen,10,2027,2072,2024.281005859375,1,28.742332458496094,13.763934135437012
718603486290487::no_management,718603486290487,no_management,10,2027,2072,0.0,0,178.10252380371094,3241.9970703125
718603520290487::family_light_thin,718603520290487,family_light_thin,10,2027,2072,117.55393981933594,1,189.55902099609375,2294.843017578125
718603520290487::family_uneven_aged_selection,718603520290487,family_uneven_aged_selection,10,2027,2072,698.7150268554688,3,162.88491821289062,1805.2747802734375
718603520290487::hardwood_clearcut_regen,718603520290487,hardwood_clearcut_regen,10,2027,2072,825.0614013671875,1,121.14918518066406,776.7871704101562
718603520290487::no_management,718603520290487,no_management,10,2027,2072,0.0,0,188.39486694335938,2372.331787109375
718603520290487::public_selection_light,718603520290487,public_selection_light,10,2027,2072,997.8337707519531,4,145.92543029785156,1544.4495849609375
718603520290487::public_thin_restore,718603520290487,public_thin_restore,10,2027,2072,425.5970764160156,3,169.92942810058594,2015.912841796875
718603540290487::family_light_thin,718603540290487,family_light_thin,10,2027,2072,44.596134185791016,1,70.50021362304688,2073.11181640625
718603540290487::family_uneven_aged_selection,718603540290487,family_uneven_aged_selection,10,2027,2072,669.4068450927734,3,51.077064514160156,1493.04833984375
718603540290487::no_management,718603540290487,no_management,10,2027,2072,0.0,0,75.2905502319336,2201.853515625
718603540290487::pine_plantation_long_rotation,718603540290487,pine_plantation_long_rotation,10,2027,2072,1008.8565673828125,1,141.9613494873047,3102.628662109375
718603540290487::pine_plantation_short_rotation,718603540290487,pine_plantation_short_rotation,10,2027,2072,1008.8565673828125,1,141.9613494873047,3102.628662109375
718603540290487::public_selection_light,718603540290487,public_selection_light,10,2027,2072,921.6366119384766,4,35.46629333496094,1033.9375
718603540290487::public_thin_restore,718603540290487,public_thin_restore,10,2027,2072,116.88248443603516,3,66.0066909790039,1952.972900390625
718603545290487::family_light_thin,718603545290487,family_light_thin,10,2027,2072,0.0,0,67.70079803466797,2527.21337890625
718603545290487::family_uneven_aged_selection,718603545290487,family_uneven_aged_selection,10,2027,2072,741.4100952148438,3,42.730079650878906,1595.0447998046875
718603545290487::no_management,718603545290487,no_management,10,2027,2072,0.0,0,67.70079803466797,2527.21337890625
718603545290487::pine_plantation_long_rotation,718603545290487,pine_plantation_long_rotation,10,2027,2072,1170.597412109375,1,136.46365356445312,3526.04541015625
718603545290487::pine_plantation_short_rotation,718603545290487,pine_plantation_short_rotation,10,2027,2072,1170.597412109375,1,136.46365356445312,3526.04541015625
718603549290487::family_light_thin,718603549290487,family_light_thin,10,2027,2072,18.8497314453125,1,303.5810852050781,8235.6123046875
718603549290487::family_uneven_aged_selection,718603549290487,family_uneven_aged_selection,10,2027,2072,2472.214111328125,3,203.2642822265625,5444.486328125
718603549290487::hardwood_clearcut_regen,718603549290487,hardwood_clearcut_regen,10,2027,2072,4152.11572265625,1,104.02316284179688,1451.597900390625
718603549290487::no_management,718603549290487,no_management,10,2027,2072,0.0,0,305.89630126953125,8277.7392578125
718603549290487::public_selection_light,718603549290487,public_selection_light,10,2027,2072,3456.70166015625,4,147.56735229492188,3833.064453125
718603549290487::public_thin_restore,718603549290487,public_thin_restore,10,2027,2072,107.9390811920166,3,298.8962707519531,8195.7998046875
718603558290487::family_light_thin,718603558290487,family_light_thin,10,2027,2072,61.532066345214844,1,206.38323974609375,3396.195068359375
718603558290487::family_uneven_aged_selection,718603558290487,family_uneven_aged_selection,10,2027,2072,755.7214736938477,3,189.5794219970703,3062.464599609375
718603558290487::hardwood_clearcut_regen,718603558290487,hardwood_clearcut_regen,10,2027,2072,2287.279541015625,1,38.63584899902344,0.0
718603558290487::no_management,718603558290487,no_management,10,2027,2072,0.0,0,209.69569396972656,3853.65869140625
718603558290487::public_selection_light,718603558290487,public_selection_light,10,2027,2072,815.9243240356445,4,185.08547973632812,2556.782470703125
718603558290487::public_thin_restore,718603558290487,public_thin_restore,10,2027,2072,577.1802787780762,3,197.9986572265625,2732.723876953125
718603581290487::family_light_thin,718603581290487,family_light_thin,10,2027,2072,12.672484397888184,1,83.55149841308594,2981.944091796875
718603581290487::family_uneven_aged_selection,718603581290487,family_uneven_aged_selection,10,2027,2072,829.4482421875,3,54.05746078491211,1924.2735595703125
718603581290487::no_management,718603581290487,no_management,10,2027,2072,0.0,0,84.67974853515625,3014.618896484375
718603581290487::pine_plantation_long_rotation,718603581290487,pine_plantation_long_rotation,10,2027,2072,1090.6341552734375,1,141.7960662841797,3609.32568359375
718603581290487::pine_plantation_short_rotation,718603581290487,pine_plantation_short_rotation,10,2027,2072,1090.6341552734375,1,141.7960662841797,3609.32568359375
718603581290487::public_selection_light,718603581290487,public_selection_light,10,2027,2072,1118.1298217773438,4,37.46377944946289,1333.4498291015625
718603581290487::public_thin_restore,718603581290487,public_thin_restore,10,2027,2072,123.04623574018478,3,73.1263656616211,2632.8271484375
718603596290487::no_management,718603596290487,no_management,10,2027,2072,0.0,0,171.66656494140625,3950.82470703125
718603596290487::public_selection_light,718603596290487,public_selection_light,10,2027,2072,1713.5397644042969,4,142.89144897460938,3094.472412109375
718603596290487::public_thin_restore,718603596290487,public_thin_restore,10,2027,2072,211.883544921875,1,169.18902587890625,4030.32080078125
718603597290487::family_light_thin,718603597290487,family_light_thin,10,2027,2072,69.98453521728516,1,187.83680725097656,4052.0927734375
718603597290487::family_uneven_aged_selection,718603597290487,family_uneven_aged_selection,10,2027,2072,1285.1234436035156,3,170.3956298828125,3521.076171875
718603597290487::hardwood_clearcut_regen,718603597290487,hardwood_clearcut_regen,10,2027,2072,1327.0562744140625,1,170.01370239257812,3387.54052734375
718603597290487::no_management,718603597290487,no_management,10,2027,2072,0.0,0,188.47605895996094,4229.640625
718603597290487::public_selection_light,718603597290487,public_selection_light,10,2027,2072,1827.7706909179688,4,173.6170196533203,3187.892333984375
718603597290487::public_thin_restore,718603597290487,public_thin_restore,10,2027,2072,545.491813659668,3,187.4561309814453,3801.536376953125
718603599290487::family_light_thin,718603599290487,family_light_thin,10,2027,2072,113.62171936035156,1,169.12005615234375,3894.02880859375
718603599290487::family_uneven_aged_selection,718603599290487,family_uneven_aged_selection,10,2027,2072,1411.7005920410156,3,154.62942504882812,3463.404296875
718603599290487::hardwood_clearcut_regen,718603599290487,hardwood_clearcut_regen,10,2027,2072,2524.387451171875,1,151.31898498535156,2951.636962890625
718603599290487::no_management,718603599290487,no_management,10,2027,2072,0.0,0,171.72750854492188,4086.312255859375
718603599290487::public_selection_light,718603599290487,public_selection_light,10,2027,2072,2184.4449462890625,4,152.79893493652344,3165.529052734375
718603599290487::public_thin_restore,718603599290487,public_thin_restore,10,2027,2072,498.5843963623047,3,174.076904296875,4048.411376953125
718603672290487::family_light_thin,718603672290487,family_light_thin,10,2027,2072,63.05173873901367,1,137.2940673828125,1310.1180419921875
718603672290487::family_uneven_aged_selection,718603672290487,family_uneven_aged_selection,10,2027,2072,389.34810638427734,3,115.56024169921875,1114.6553955078125
718603672290487::hardwood_clearcut_regen,718603672290487,hardwood_clearcut_regen,10,2027,2072,287.76104736328125,1,112.99483489990234,182.82611083984375
718603672290487::no_management,718603672290487,no_management,10,2027,2072,0.0,0,144.6571502685547,1585.0416259765625
718603672290487::public_selection_light,718603672290487,public_selection_light,10,2027,2072,497.6723327636719,4,95.53731536865234,821.689453125
718603672290487::public_thin_restore,718603672290487,public_thin_restore,10,2027,2072,236.9752960205078,3,105.9591293334961,953.1774291992188
718603673290487::family_light_thin,718603673290487,family_light_thin,10,2027,2072,52.285308837890625,1,205.7142333984375,4713.83544921875
718603673290487::family_uneven_aged_selection,718603673290487,family_uneven_aged_selection,10,2027,2072,1507.8867797851562,3,172.17886352539062,3503.306396484375
718603673290487::hardwood_clearcut_regen,718603673290487,hardwood_clearcut_regen,10,2027,2072,2301.879150390625,1,185.1220703125,3829.49462890625
718603673290487::no_management,718603673290487,no_management,10,2027,2072,0.0,0,205.9847412109375,4669.4697265625
718603673290487::public_selection_light,718603673290487,public_selection_light,10,2027,2072,2134.88916015625,4,149.4186553955078,2825.659912109375
718603673290487::public_thin_restore,718603673290487,public_thin_restore,10,2027,2072,201.53708267211914,3,206.5043487548828,4967.71533203125
718603721290487::family_light_thin,718603721290487,family_light_thin,10,2027,2072,109.95845031738281,1,167.58670043945312,3724.412353515625
718603721290487::family_uneven_aged_selection,718603721290487,family_uneven_aged_selection,10,2027,2072,1114.7853240966797,3,155.45831298828125,3343.8232421875
718603721290487::hardwood_clearcut_regen,718603721290487,hardwood_clearcut_regen,10,2027,2072,1319.091796875,1,175.9492645263672,4085.138671875
718603721290487::no_management,718603721290487,no_management,10,2027,2072,0.0,0,168.47825622558594,3754.822998046875
718603721290487::public_selection_light,718603721290487,public_selection_light,10,2027,2072,1616.3182067871094,4,161.47308349609375,3394.6220703125
718603721290487::public_thin_restore,718603721290487,public_thin_restore,10,2027,2072,398.81101989746094,3,168.84408569335938,3764.724853515625
718603724290487::family_light_thin,718603724290487,family_light_thin,10,2027,2072,28.878807067871094,1,178.56625366210938,2821.718994140625
718603724290487::family_uneven_aged_selection,718603724290487,family_uneven_aged_selection,10,2027,2072,814.1819763183594,3,158.9113311767578,2201.260498046875
718603724290487::hardwood_clearcut_regen,718603724290487,hardwood_clearcut_regen,10,2027,2072,1521.465087890625,1,137.27828979492188,641.1221313476562
718603724290487::no_management,718603724290487,no_management,10,2027,2072,0.0,0,179.93667602539062,2775.239013671875
718603724290487::public_selection_light,718603724290487,public_selection_light,10,2027,2072,1130.1325073242188,4,150.80685424804688,1918.9102783203125
718603724290487::public_thin_restore,718603724290487,public_thin_restore,10,2027,2072,105.12361526489258,3,176.57362365722656,2736.72021484375
718603849290487::family_light_thin,718603849290487,family_light_thin,10,2027,2072,55.4025764465332,1,92.95234680175781,3430.73779296875
718603849290487::family_uneven_aged_selection,718603849290487,family_uneven_aged_selection,10,2027,2072,1003.1983337402344,3,60.933074951171875,2248.536865234375
718603849290487::no_management,718603849290487,no_management,10,2027,2072,0.0,0,95.57288360595703,3530.6201171875
718603849290487::pine_plantation_long_rotation,718603849290487,pine_plantation_long_rotation,10,2027,2072,1579.06591796875,1,95.14654541015625,2373.31396484375
718603849290487::pine_plantation_short_rotation,718603849290487,pine_plantation_short_rotation,10,2027,2072,1579.06591796875,1,95.14654541015625,2373.31396484375
718603849290487::public_selection_light,718603849290487,public_selection_light,10,2027,2072,1383.4931030273438,4,42.17831039428711,1554.1109619140625
718603849290487::public_thin_restore,718603849290487,public_thin_restore,10,2027,2072,529.9256973266602,3,70.50689697265625,2593.438720703125
718603850290487::family_light_thin,718603850290487,family_light_thin,10,2027,2072,147.71188354492188,1,240.23989868164062,5164.744140625
718603850290487::family_uneven_aged_selection,718603850290487,family_uneven_aged_selection,10,2027,2072,1561.9344177246094,3,223.97714233398438,4592.55126953125
718603850290487::hardwood_clearcut_regen,718603850290487,hardwood_clearcut_regen,10,2027,2072,2753.529052734375,1,158.42759704589844,1197.64111328125
718603850290487::no_management,718603850290487,no_management,10,2027,2072,0.0,0,240.62828063964844,5274.7373046875
718603850290487::public_selection_light,718603850290487,public_selection_light,10,2027,2072,2064.72021484375,4,208.04693603515625,3852.346435546875
718603850290487::public_thin_restore,718603850290487,public_thin_restore,10,2027,2072,883.4067993164062,3,234.71217346191406,4801.0830078125
718603852290487::family_light_thin,718603852290487,family_light_thin,10,2027,2072,38.83201599121094,1,222.69032287597656,8317.306640625
718603852290487::family_uneven_aged_selection,718603852290487,family_uneven_aged_selection,10,2027,2072,2649.6653442382812,3,202.4455108642578,6864.06787109375
718603852290487::no_management,718603852290487,no_management,10,2027,2072,0.0,0,222.73252868652344,8056.90576171875
718603852290487::pine_plantation_long_rotation,718603852290487,pine_plantation_long_rotation,10,2027,2072,4877.9229736328125,2,183.62501525878906,5350.81396484375
718603852290487::pine_plantation_short_rotation,718603852290487,pine_plantation_short_rotation,10,2027,2072,3278.220901489258,2,222.5277099609375,7907.9892578125
718603852290487::public_selection_light,718603852290487,public_selection_light,10,2027,2072,3665.1294555664062,4,178.9880828857422,5840.28515625
718603852290487::public_thin_restore,718603852290487,public_thin_restore,10,2027,2072,815.194938659668,3,222.6490478515625,8370.58203125
718603858290487::family_light_thin,718603858290487,family_light_thin,10,2027,2072,88.13264465332031,1,173.23876953125,3171.2900390625
718603858290487::family_uneven_aged_selection,718603858290487,family_uneven_aged_selection,10,2027,2072,922.6750030517578,3,151.9126434326172,2553.803955078125
718603858290487::hardwood_clearcut_regen,718603858290487,hardwood_clearcut_regen,10,2027,2072,1006.9423217773438,1,154.8546600341797,2896.300048828125
718603858290487::no_management,718603858290487,no_management,10,2027,2072,0.0,0,170.8070526123047,3083.4892578125
718603858290487::public_selection_light,718603858290487,public_selection_light,10,2027,2072,1303.2731323242188,4,152.403564453125,2383.589599609375
718603858290487::public_thin_restore,718603858290487,public_thin_restore,10,2027,2072,353.3503646850586,3,167.45082092285156,2977.509765625
718603878290487::no_management,718603878290487,no_management,10,2027,2072,0.0,0,184.9154052734375,6820.025390625
718603878290487::pine_plantation_long_rotation,718603878290487,pine_plantation_long_rotation,10,2027,2072,6035.476013183594,2,217.9253692626953,7248.580078125
718603878290487::pine_plantation_short_rotation,718603878290487,pine_plantation_short_rotation,10,2027,2072,5072.98681640625,1,182.91561889648438,5625.23681640625
718603881290487::family_light_thin,718603881290487,family_light_thin,10,2027,2072,28.19828987121582,1,128.4703369140625,2311.293701171875
718603881290487::family_uneven_aged_selection,718603881290487,family_uneven_aged_selection,10,2027,2072,625.6631011962891,3,93.66348266601562,1551.4254150390625
718603881290487::hardwood_clearcut_regen,718603881290487,hardwood_clearcut_regen,10,2027,2072,934.072998046875,1,112.8398208618164,1344.7236328125
718603881290487::no_management,718603881290487,no_management,10,2027,2072,0.0,0,133.8684539794922,2357.1416015625
718603881290487::public_selection_light,718603881290487,public_selection_light,10,2027,2072,873.0608215332031,4,76.2135009765625,1156.5772705078125
718603881290487::public_thin_restore,718603881290487,public_thin_restore,10,2027,2072,152.4793357849121,3,106.0777587890625,2018.3275146484375
718603887290487::family_light_thin,718603887290487,family_light_thin,10,2027,2072,35.13480758666992,1,178.55221557617188,7347.58056640625
718603887290487::family_uneven_aged_selection,718603887290487,family_uneven_aged_selection,10,2027,2072,2798.5415649414062,3,159.87644958496094,6538.16748046875
718603887290487::no_management,718603887290487,no_management,10,2027,2072,0.0,0,178.5856475830078,7331.23876953125
718603887290487::pine_plantation_long_rotation,718603887290487,pine_plantation_long_rotation,10,2027,2072,6164.6849365234375,2,178.38279724121094,4953.6396484375
718603887290487::pine_plantation_short_rotation,718603887290487,pine_plantation_short_rotation,10,2027,2072,5297.82194519043,2,222.52760314941406,8003.6572265625
718603887290487::public_selection_light,718603887290487,public_selection_light,10,2027,2072,4534.053527832031,4,147.1083221435547,5998.67919921875
718603887290487::public_thin_restore,718603887290487,public_thin_restore,10,2027,2072,515.5373585224152,3,178.53150939941406,7358.84228515625
718603888290487::family_light_thin,718603888290487,family_light_thin,10,2027,2072,28.59648895263672,1,178.48570251464844,6774.29052734375
718603888290487::family_uneven_aged_selection,718603888290487,family_uneven_aged_selection,10,2027,2072,2605.6568603515625,3,157.0877685546875,5915.27099609375
718603888290487::no_management,718603888290487,no_management,10,2027,2072,0.0,0,178.48568725585938,6770.94287109375
718603888290487::pine_plantation_long_rotation,718603888290487,pine_plantation_long_rotation,10,2027,2072,5526.44873046875,2,185.61280822753906,5380.1572265625
718603888290487::pine_plantation_short_rotation,718603888290487,pine_plantation_short_rotation,10,2027,2072,4336.088005065918,2,222.52760314941406,7882.98193359375
718603888290487::public_selection_light,718603888290487,public_selection_light,10,2027,2072,4076.9908447265625,4,139.10751342773438,5226.2138671875
718603888290487::public_thin_restore,718603888290487,public_thin_restore,10,2027,2072,283.654230594635,3,178.48553466796875,6787.29150390625
718604011290487::family_light_thin,718604011290487,family_light_thin,10,2027,2072,259.2868957519531,1,212.19534301757812,5799.84716796875
718604011290487::family_uneven_aged_selection,718604011290487,family_uneven_aged_selection,10,2027,2072,2152.0623779296875,3,192.82435607910156,5129.556640625
718604011290487::no_management,718604011290487,no_management,10,2027,2072,0.0,0,212.20919799804688,5802.2890625
718604011290487::pine_plantation_long_rotation,718604011290487,pine_plantation_long_rotation,10,2027,2072,5275.795318603516,2,145.89076232910156,1811.667236328125
718604018290487::family_light_thin,718604018290487,family_light_thin,10,2027,2072,357.74566650390625,1,205.11351013183594,4757.16357421875
718604018290487::family_uneven_aged_selection,718604018290487,family_uneven_aged_selection,10,2027,2072,1702.3663940429688,3,191.0834197998047,4297.19189453125
718604018290487::hardwood_clearcut_regen,718604018290487,hardwood_clearcut_regen,10,2027,2072,2268.4912109375,1,168.3592987060547,3275.296875
718604018290487::no_management,718604018290487,no_management,10,2027,2072,0.0,0,202.52706909179688,4844.5439453125
718604044290487::family_light_thin,718604044290487,family_light_thin,10,2027,2072,53.50878143310547,1,179.064208984375,5394.556640625
718604044290487::family_uneven_aged_selection,718604044290487,family_uneven_aged_selection,10,2027,2072,2176.444091796875,3,159.91256713867188,4624.77294921875
718604044290487::no_management,718604044290487,no_management,10,2027,2072,0.0,0,179.30429077148438,5298.8642578125
718604044290487::pine_plantation_long_rotation,718604044290487,pine_plantation_long_rotation,10,2027,2072,3805.390823364258,2,221.64781188964844,6222.71533203125
718604044290487::pine_plantation_short_rotation,718604044290487,pine_plantation_short_rotation,10,2027,2072,3076.6064453125,1,178.4857177734375,4527.2060546875
718604044290487::public_selection_light,718604044290487,public_selection_light,10,2027,2072,3267.197021484375,4,137.02024841308594,3931.4970703125
718604044290487::public_thin_restore,718604044290487,public_thin_restore,10,2027,2072,396.7696170806885,3,178.87261962890625,5476.13671875
718604047290487::family_light_thin,718604047290487,family_light_thin,10,2027,2072,145.50723266601562,1,161.85316467285156,3725.34228515625
718604047290487::family_uneven_aged_selection,718604047290487,family_uneven_aged_selection,10,2027,2072,955.7130126953125,3,138.22564697265625,3145.501953125
718604047290487::no_management,718604047290487,no_management,10,2027,2072,0.0,0,181.42955017089844,4078.468994140625
718604047290487::pine_plantation_long_rotation,718604047290487,pine_plantation_long_rotation,10,2027,2072,2221.877487182617,2,103.03014373779297,446.13079833984375
718604047290487::pine_plantation_short_rotation,718604047290487,pine_plantation_short_rotation,10,2027,2072,1260.981185913086,2,168.89199829101562,3407.52685546875
718604047290487::public_selection_light,718604047290487,public_selection_light,10,2027,2072,1250.5778121948242,4,124.54698181152344,2909.8095703125
718604047290487::public_thin_restore,718604047290487,public_thin_restore,10,2027,2072,631.741096496582,3,127.49293518066406,3026.196044921875
718604054290487::family_light_thin,718604054290487,family_light_thin,10,2027,2072,373.7208251953125,1,278.6191101074219,7129.29150390625
718604054290487::family_uneven_aged_selection,718604054290487,family_uneven_aged_selection,10,2027,2072,2610.3196411132812,3,252.58544921875,6103.62158203125
718604054290487::hardwood_clearcut_regen,718604054290487,hardwood_clearcut_regen,10,2027,2072,3263.65673828125,1,245.9656219482422,4532.78173828125
718604054290487::no_management,718604054290487,no_management,10,2027,2072,0.0,0,276.55914306640625,7184.33251953125
718604055290487::family_light_thin,718604055290487,family_light_thin,10,2027,2072,202.14385986328125,1,179.29550170898438,4417.30029296875
718604055290487::family_uneven_aged_selection,718604055290487,family_uneven_aged_selection,10,2027,2072,1235.373519897461,3,157.91343688964844,3884.7744140625
718604055290487::no_management,718604055290487,no_management,10,2027,2072,0.0,0,179.01539611816406,4481.50048828125
718604055290487::pine_plantation_long_rotation,718604055290487,pine_plantation_long_rotation,10,2027,2072,2910.389373779297,2,103.43405151367188,472.3048400878906
718604055290487::pine_plantation_short_rotation,718604055290487,pine_plantation_short_rotation,10,2027,2072,1599.0116882324219,2,170.79432678222656,3499.654541015625
718604055290487::public_selection_light,718604055290487,public_selection_light,10,2027,2072,1501.066551208496,4,129.8225555419922,3172.81494140625
718604055290487::public_thin_restore,718604055290487,public_thin_restore,10,2027,2072,797.1919937133789,3,145.17340087890625,3610.218505859375
718604057290487::family_light_thin,718604057290487,family_light_thin,10,2027,2072,341.646240234375,1,200.62164306640625,4849.28271484375
718604057290487::family_uneven_aged_selection,718604057290487,family_uneven_aged_selection,10,2027,2072,1844.2530517578125,3,195.13487243652344,4734.380859375
718604057290487::no_management,718604057290487,no_management,10,2027,2072,0.0,0,200.44216918945312,5017.93408203125
718604060290487::family_light_thin,718604060290487,family_light_thin,10,2027,2072,275.7210693359375,1,178.48577880859375,4349.6279296875
718604060290487::family_uneven_aged_selection,718604060290487,family_uneven_aged_selection,10,2027,2072,1281.3719482421875,3,162.44247436523438,3903.749267578125
718604060290487::no_management,718604060290487,no_management,10,2027,2072,0.0,0,178.4856414794922,4400.5322265625
718604060290487::pine_plantation_long_rotation,718604060290487,pine_plantation_long_rotation,10,2027,2072,3062.691375732422,2,101.09503173828125,444.06927490234375
718604060290487::pine_plantation_short_rotation,718604060290487,pine_plantation_short_rotation,10,2027,2072,1932.7787780761719,2,165.68911743164062,3385.54541015625
718604068290487::hardwood_clearcut_regen,718604068290487,hardwood_clearcut_regen,10,2027,2072,2888.10546875,1,144.19805908203125,2619.75341796875
718604068290487::no_management,718604068290487,no_management,10,2027,2072,0.0,0,205.96290588378906,4746.14697265625
718604076290487::family_light_thin,718604076290487,family_light_thin,10,2027,2072,272.3609313964844,1,178.4857940673828,4544.75537109375
718604076290487::family_uneven_aged_selection,718604076290487,family_uneven_aged_selection,10,2027,2072,1277.9666748046875,3,151.4077606201172,3851.622314453125
718604076290487::no_management,718604076290487,no_management,10,2027,2072,0.0,0,178.4857177734375,4556.1142578125
718604076290487::pine_plantation_long_rotation,718604076290487,pine_plantation_long_rotation,10,2027,2072,3065.2081909179688,2,102.11040496826172,454.1403503417969
718604076290487::pine_plantation_short_rotation,718604076290487,pine_plantation_short_rotation,10,2027,2072,1891.9659423828125,2,168.64682006835938,3472.90380859375
718604076290487::public_selection_light,718604076290487,public_selection_light,10,2027,2072,1658.9513702392578,4,125.45023345947266,3210.279296875
718604076290487::public_thin_restore,718604076290487,public_thin_restore,10,2027,2072,991.348014831543,3,138.3506622314453,3571.358154296875
718604085290487::family_light_thin,718604085290487,family_light_thin,10,2027,2072,195.54055786132812,1,211.16676330566406,5129.79150390625
718604085290487::family_uneven_aged_selection,718604085290487,family_uneven_aged_selection,10,2027,2072,2054.1925659179688,3,193.94955444335938,4583.8193359375
718604085290487::hardwood_clearcut_regen,718604085290487,hardwood_clearcut_regen,10,2027,2072,4478.45166015625,1,81.31782531738281,312.5135192871094
718604085290487::no_management,718604085290487,no_management,10,2027,2072,0.0,0,207.996826171875,5068.86376953125
718604085290487::public_selection_light,718604085290487,public_selection_light,10,2027,2072,3121.980224609375,4,193.4068603515625,4274.04150390625
718604085290487::public_thin_restore,718604085290487,public_thin_restore,10,2027,2072,669.2712860107422,3,211.74459838867188,5109.8857421875
718604086290487::family_light_thin,718604086290487,family_light_thin,10,2027,2072,302.90582275390625,1,178.48573303222656,4508.22216796875
718604086290487::family_uneven_aged_selection,718604086290487,family_uneven_aged_selection,10,2027,2072,1294.6611633300781,3,150.67156982421875,3801.02099609375
718604086290487::no_management,718604086290487,no_management,10,2027,2072,0.0,0,178.48561096191406,4532.8603515625
718604086290487::pine_plantation_long_rotation,718604086290487,pine_plantation_long_rotation,10,2027,2072,2554.4027404785156,2,137.05239868164062,2111.455322265625
718604086290487::pine_plantation_short_rotation,718604086290487,pine_plantation_short_rotation,10,2027,2072,1276.9768524169922,2,191.09060668945312,4492.6416015625
718604087290487::family_light_thin,718604087290487,family_light_thin,10,2027,2072,13.64223861694336,1,171.50674438476562,1928.267822265625
718604087290487::family_uneven_aged_selection,718604087290487,family_uneven_aged_selection,10,2027,2072,459.86119842529297,3,158.01113891601562,1716.05419921875
718604087290487::hardwood_clearcut_regen,718604087290487,hardwood_clearcut_regen,10,2027,2072,706.0255126953125,1,106.6571044921875,976.6874389648438
718604087290487::no_management,718604087290487,no_management,10,2027,2072,0.0,0,171.8624725341797,1965.689453125
718604087290487::public_selection_light,718604087290487,public_selection_light,10,2027,2072,548.3364639282227,4,146.07301330566406,1524.4163818359375
718604087290487::public_thin_restore,718604087290487,public_thin_restore,10,2027,2072,107.95232963562012,3,157.89830017089844,1827.8638916015625
718604197290487::hardwood_clearcut_regen,718604197290487,hardwood_clearcut_regen,10,2027,2072,2846.83984375,1,112.14025115966797,2705.62060546875
718604197290487::no_management,718604197290487,no_management,10,2027,2072,0.0,0,232.2967071533203,3980.233642578125
718604205290487::family_light_thin,718604205290487,family_light_thin,10,2027,2072,99.21086883544922,1,192.3101348876953,3225.253173828125
718604205290487::family_uneven_aged_selection,718604205290487,family_uneven_aged_selection,10,2027,2072,1283.2759094238281,3,174.3987274169922,2967.94384765625
718604205290487::no_management,718604205290487,no_management,10,2027,2072,0.0,0,192.17311096191406,3323.311767578125
718604205290487::public_selection_light,718604205290487,public_selection_light,10,2027,2072,2091.762939453125,4,166.0989227294922,2695.46923828125
718604205290487::public_thin_restore,718604205290487,public_thin_restore,10,2027,2072,264.96226501464844,3,192.3133087158203,3210.958251953125
718604216290487::family_light_thin,718604216290487,family_light_thin,10,2027,2072,16.160505294799805,1,129.63116455078125,2668.881591796875
718604216290487::family_uneven_aged_selection,718604216290487,family_uneven_aged_selection,10,2027,2072,737.8797607421875,3,87.26513671875,1764.787353515625
718604216290487::hardwood_clearcut_regen,718604216290487,hardwood_clearcut_regen,10,2027,2072,984.09521484375,1,57.85382080078125,486.918701171875
718604216290487::no_management,718604216290487,no_management,10,2027,2072,0.0,0,133.63882446289062,2757.6767578125
718604216290487::public_selection_light,718604216290487,public_selection_light,10,2027,2072,969.2287750244141,4,59.89349365234375,1184.0111083984375
718604216290487::public_thin_restore,718604216290487,public_thin_restore,10,2027,2072,93.91946411132812,3,116.80148315429688,2440.045654296875
718604217290487::family_light_thin,718604217290487,family_light_thin,10,2027,2072,17.97201919555664,1,145.450439453125,3936.8232421875
718604217290487::family_uneven_aged_selection,718604217290487,family_uneven_aged_selection,10,2027,2072,825.4634857177734,3,125.99095153808594,3437.814208984375
718604217290487::no_management,718604217290487,no_management,10,2027,2072,0.0,0,161.16696166992188,4375.228515625
718604217290487::pine_plantation_long_rotation,718604217290487,pine_plantation_long_rotation,10,2027,2072,1586.462890625,2,115.66726684570312,492.26422119140625
718604217290487::pine_plantation_short_rotation,718604217290487,pine_plantation_short_rotation,10,2027,2072,447.98522186279297,2,185.3804931640625,3664.74755859375
718604217290487::public_selection_light,718604217290487,public_selection_light,10,2027,2072,903.3329734802246,4,111.58687591552734,2948.45068359375
718604217290487::public_thin_restore,718604217290487,public_thin_restore,10,2027,2072,567.8831329345703,2,109.2726821899414,2799.766357421875
718604221290487::family_light_thin,718604221290487,family_light_thin,10,2027,2072,208.68899536132812,1,177.70333862304688,6572.11328125
718604221290487::family_uneven_aged_selection,718604221290487,family_uneven_aged_selection,10,2027,2072,2221.3484497070312,3,145.4382781982422,5268.00830078125
718604221290487::no_management,718604221290487,no_management,10,2027,2072,0.0,0,177.5996856689453,6557.5654296875
718604221290487::pine_plantation_long_rotation,718604221290487,pine_plantation_long_rotation,10,2027,2072,2957.15234375,1,176.36135864257812,5313.119140625
718604221290487::pine_plantation_short_rotation,718604221290487,pine_plantation_short_rotation,10,2027,2072,2957.15234375,1,176.36135864257812,5313.119140625
718604221290487::public_selection_light,718604221290487,public_selection_light,10,2027,2072,3236.9036254882812,4,122.47720336914062,4344.2314453125
718604221290487::public_thin_restore,718604221290487,public_thin_restore,10,2027,2072,785.1077117919922,3,167.63819885253906,6204.388671875
718604223290487::family_light_thin,718604223290487,family_light_thin,10,2027,2072,62.82499313354492,1,187.6898956298828,5106.3779296875
718604223290487::family_uneven_aged_selection,718604223290487,family_uneven_aged_selection,10,2027,2072,1987.5361328125,3,171.4745330810547,4337.6005859375
718604223290487::hardwood_clearcut_regen,718604223290487,hardwood_clearcut_regen,10,2027,2072,3657.2626953125,1,170.31625366210938,4484.779296875
718604223290487::no_management,718604223290487,no_management,10,2027,2072,0.0,0,187.9981231689453,5102.39013671875
718604224290487::family_light_thin,718604224290487,family_light_thin,10,2027,2072,20.1679630279541,1,157.4327850341797,2053.2861328125
718604224290487::family_uneven_aged_selection,718604224290487,family_uneven_aged_selection,10,2027,2072,449.38878631591797,3,138.79898071289062,1665.9468994140625
718604224290487::hardwood_clearcut_regen,718604224290487,hardwood_clearcut_regen,10,2027,2072,416.1336669921875,1,124.30674743652344,1136.0125732421875
718604224290487::no_management,718604224290487,no_management,10,2027,2072,0.0,0,158.45928955078125,2160.640869140625
718604224290487::public_selection_light,718604224290487,public_selection_light,10,2027,2072,567.9789276123047,4,127.91043853759766,1477.3458251953125
718604224290487::public_thin_restore,718604224290487,public_thin_restore,10,2027,2072,157.6320571899414,3,150.21978759765625,1893.1292724609375
718604225290487::family_light_thin,718604225290487,family_light_thin,10,2027,2072,72.11730194091797,1,172.3391571044922,3177.375732421875
718604225290487::family_uneven_aged_selection,718604225290487,family_uneven_aged_selection,10,2027,2072,910.9967193603516,3,158.5709228515625,3038.739990234375
718604225290487::hardwood_clearcut_regen,718604225290487,hardwood_clearcut_regen,10,2027,2072,3162.748779296875,1,0.17384329438209534,0.0
718604225290487::no_management,718604225290487,no_management,10,2027,2072,0.0,0,176.05868530273438,3393.838134765625
718604225290487::public_selection_light,718604225290487,public_selection_light,10,2027,2072,1270.4819107055664,4,164.4160919189453,3082.72509765625
718604225290487::public_thin_restore,718604225290487,public_thin_restore,10,2027,2072,767.9026145935059,3,168.71035766601562,3110.05859375
718604228290487::family_light_thin,718604228290487,family_light_thin,10,2027,2072,28.36888313293457,1,181.5848846435547,4322.44970703125
718604228290487::family_uneven_aged_selection,718604228290487,family_uneven_aged_selection,10,2027,2072,1402.283935546875,3,160.3277587890625,3530.685302734375
718604228290487::no_management,718604228290487,no_management,10,2027,2072,0.0,0,180.57684326171875,4260.82373046875
718604228290487::pine_plantation_long_rotation,718604228290487,pine_plantation_long_rotation,10,2027,2072,2192.858642578125,1,181.3030242919922,4519.443359375
718604228290487::pine_plantation_short_rotation,718604228290487,pine_plantation_short_rotation,10,2027,2072,2192.858642578125,1,181.3030242919922,4519.443359375
718604230290487::family_light_thin,718604230290487,family_light_thin,10,2027,2072,0.0,0,152.61805725097656,2427.212646484375
718604230290487::family_uneven_aged_selection,718604230290487,family_uneven_aged_selection,10,2027,2072,595.5954132080078,3,138.5943145751953,2238.862548828125
718604230290487::no_management,718604230290487,no_management,10,2027,2072,0.0,0,155.1656036376953,2577.855712890625
718604231290487::family_light_thin,718604231290487,family_light_thin,10,2027,2072,30.873661041259766,1,218.6420440673828,5936.07763671875
718604231290487::family_uneven_aged_selection,718604231290487,family_uneven_aged_selection,10,2027,2072,2213.4483032226562,3,198.99729919433594,5132.46923828125
718604231290487::no_management,718604231290487,no_management,10,2027,2072,0.0,0,218.30548095703125,5876.35205078125
718604231290487::pine_plantation_long_rotation,718604231290487,pine_plantation_long_rotation,10,2027,2072,4269.48112487793,2,221.47491455078125,4697.93359375
718604231290487::pine_plantation_short_rotation,718604231290487,pine_plantation_short_rotation,10,2027,2072,2571.146728515625,1,220.1773223876953,5129.14208984375
718604231290487::public_selection_light,718604231290487,public_selection_light,10,2027,2072,3376.343994140625,4,182.1688690185547,4513.37255859375
718604231290487::public_thin_restore,718604231290487,public_thin_restore,10,2027,2072,233.9304313659668,3,219.36941528320312,6070.9755859375
718604233290487::family_light_thin,718604233290487,family_light_thin,10,2027,2072,262.91522216796875,1,219.3753204345703,3765.530029296875
718604233290487::family_uneven_aged_selection,718604233290487,family_uneven_aged_selection,10,2027,2072,1003.9169311523438,3,202.5184783935547,3332.076416015625
718604233290487::hardwood_clearcut_regen,718604233290487,hardwood_clearcut_regen,10,2027,2072,3121.95361328125,1,34.8309440612793,0.0
718604233290487::no_management,718604233290487,no_management,10,2027,2072,0.0,0,214.9479217529297,4612.64794921875
718604233290487::public_selection_light,718604233290487,public_selection_light,10,2027,2072,1195.3580627441406,4,201.3040771484375,2481.205078125
718604233290487::public_thin_restore,718604233290487,public_thin_restore,10,2027,2072,886.1492309570312,3,211.51873779296875,2524.630859375
718604236290487::family_light_thin,718604236290487,family_light_thin,10,2027,2072,54.318572998046875,1,174.20550537109375,3333.956298828125
718604236290487::family_uneven_aged_selection,718604236290487,family_uneven_aged_selection,10,2027,2072,833.2307739257812,3,159.02078247070312,3058.834716796875
718604236290487::hardwood_clearcut_regen,718604236290487,hardwood_clearcut_regen,10,2027,2072,25.16500473022461,1,168.82237243652344,3140.57958984375
718604236290487::no_management,718604236290487,no_management,10,2027,2072,0.0,0,175.7135772705078,3482.822998046875
718604236290487::public_selection_light,718604236290487,public_selection_light,10,2027,2072,1037.7858963012695,4,164.1884002685547,2808.01611328125
718604236290487::public_thin_restore,718604236290487,public_thin_restore,10,2027,2072,664.3095722198486,3,170.5260009765625,3031.601318359375
718604265290487::family_light_thin,718604265290487,family_light_thin,10,2027,2072,62.049015045166016,1,167.32861328125,2625.36181640625
718604265290487::family_uneven_aged_selection,718604265290487,family_uneven_aged_selection,10,2027,2072,668.3669815063477,3,152.256591796875,2702.7568359375
718604265290487::hardwood_clearcut_regen,718604265290487,hardwood_clearcut_regen,10,2027,2072,2096.46240234375,1,5.520499229431152,0.0
718604265290487::no_management,718604265290487,no_management,10,2027,2072,0.0,0,169.30860900878906,2992.9013671875
718604276290487::family_light_thin,718604276290487,family_light_thin,10,2027,2072,230.3831787109375,1,176.0037384033203,3830.56005859375
718604276290487::family_uneven_aged_selection,718604276290487,family_uneven_aged_selection,10,2027,2072,1131.1465301513672,3,159.12445068359375,3460.34130859375
718604276290487::no_management,718604276290487,no_management,10,2027,2072,0.0,0,175.6591796875,3974.035400390625
718604276290487::pine_plantation_long_rotation,718604276290487,pine_plantation_long_rotation,10,2027,2072,2827.293975830078,2,112.028564453125,471.5075988769531
718604276290487::pine_plantation_short_rotation,718604276290487,pine_plantation_short_rotation,10,2027,2072,1714.1458129882812,2,176.2899932861328,3127.722412109375
718604276290487::public_selection_light,718604276290487,public_selection_light,10,2027,2072,1518.7670288085938,4,144.62489318847656,3048.446044921875
718604276290487::public_thin_restore,718604276290487,public_thin_restore,10,2027,2072,700.2741546630859,3,169.12301635742188,3656.52734375
718604280290487::family_light_thin,718604280290487,family_light_thin,10,2027,2072,58.54098892211914,1,265.76788330078125,7906.240234375
718604280290487::family_uneven_aged_selection,718604280290487,family_uneven_aged_selection,10,2027,2072,3213.9031982421875,3,216.25990295410156,6148.2548828125
718604280290487::hardwood_clearcut_regen,718604280290487,hardwood_clearcut_regen,10,2027,2072,6738.12451171875,1,90.4351806640625,1522.984375
718604280290487::no_management,718604280290487,no_management,10,2027,2072,0.0,0,264.38470458984375,7689.404296875
718604294290487::family_light_thin,718604294290487,family_light_thin,10,2027,2072,79.28909301757812,1,143.39498901367188,1510.0269775390625
718604294290487::family_uneven_aged_selection,718604294290487,family_uneven_aged_selection,10,2027,2072,432.82904052734375,3,115.61360168457031,1107.6627197265625
718604294290487::hardwood_clearcut_regen,718604294290487,hardwood_clearcut_regen,10,2027,2072,549.8505249023438,1,106.177490234375,1057.3843994140625
718604294290487::no_management,718604294290487,no_management,10,2027,2072,0.0,0,151.87786865234375,1675.53466796875
718604294290487::public_selection_light,718604294290487,public_selection_light,10,2027,2072,597.8880996704102,4,99.0267562866211,875.1157836914062
718604294290487::public_thin_restore,718604294290487,public_thin_restore,10,2027,2072,337.5322494506836,3,105.15371704101562,1109.7974853515625
718604451290487::family_light_thin,718604451290487,family_light_thin,10,2027,2072,74.4920654296875,1,184.6571044921875,3919.833740234375
718604451290487::family_uneven_aged_selection,718604451290487,family_uneven_aged_selection,10,2027,2072,1435.2279052734375,3,170.3396453857422,3350.51220703125
718604451290487::hardwood_clearcut_regen,718604451290487,hardwood_clearcut_regen,10,2027,2072,2933.786865234375,1,129.6017303466797,1056.8592529296875
718604451290487::no_management,718604451290487,no_management,10,2027,2072,0.0,0,184.40716552734375,3999.46484375
718604451290487::public_selection_light,718604451290487,public_selection_light,10,2027,2072,2176.571563720703,4,173.18026733398438,3093.15185546875
718604451290487::public_thin_restore,718604451290487,public_thin_restore,10,2027,2072,449.7849884033203,3,184.68460083007812,3912.55419921875
718604452290487::family_light_thin,718604452290487,family_light_thin,10,2027,2072,96.33385467529297,1,225.72637939453125,5327.66259765625
718604452290487::family_uneven_aged_selection,718604452290487,family_uneven_aged_selection,10,2027,2072,1531.2879333496094,3,197.1866912841797,4564.8154296875
718604452290487::hardwood_clearcut_regen,718604452290487,hardwood_clearcut_regen,10,2027,2072,1307.505859375,1,186.5519256591797,3613.709228515625
718604452290487::no_management,718604452290487,no_management,10,2027,2072,0.0,0,226.07176208496094,5558.81591796875
718604452290487::public_selection_light,718604452290487,public_selection_light,10,2027,2072,2042.2389526367188,4,186.04495239257812,3897.3037109375
718604452290487::public_thin_restore,718604452290487,public_thin_restore,10,2027,2072,734.2054977416992,3,221.45370483398438,4814.29248046875
718604453290487::family_light_thin,718604453290487,family_light_thin,10,2027,2072,106.42379760742188,1,188.9055633544922,4742.86279296875
718604453290487::family_uneven_aged_selection,718604453290487,family_uneven_aged_selection,10,2027,2072,1700.1297302246094,3,159.30953979492188,3744.4873046875
718604453290487::hardwood_clearcut_regen,718604453290487,hardwood_clearcut_regen,10,2027,2072,3111.72607421875,1,126.40909576416016,2510.37646484375
718604453290487::no_management,718604453290487,no_management,10,2027,2072,0.0,0,189.48245239257812,4718.85791015625
718604453290487::public_selection_light,718604453290487,public_selection_light,10,2027,2072,2472.7001342773438,4,127.62345886230469,2923.3427734375
718604453290487::public_thin_restore,718604453290487,public_thin_restore,10,2027,2072,483.6535949707031,3,185.51625061035156,4715.32763671875
718604470290487::family_light_thin,718604470290487,family_light_thin,10,2027,2072,0.0,0,163.90940856933594,1351.218505859375
718604470290487::family_uneven_aged_selection,718604470290487,family_uneven_aged_selection,10,2027,2072,282.56988525390625,3,132.4027557373047,1080.8680419921875
718604470290487::hardwood_clearcut_regen,718604470290487,hardwood_clearcut_regen,10,2027,2072,1065.0927734375,1,8.206865310668945,0.0
718604470290487::no_management,718604470290487,no_management,10,2027,2072,0.0,0,172.6752471923828,1533.3936767578125
718604470290487::public_selection_light,718604470290487,public_selection_light,10,2027,2072,321.43171310424805,4,115.31114959716797,868.837646484375
718604470290487::public_thin_restore,718604470290487,public_thin_restore,10,2027,2072,56.89170837402344,1,120.91609954833984,1002.2058715820312
718604473290487::family_light_thin,718604473290487,family_light_thin,10,2027,2072,156.54986572265625,1,178.48577880859375,7289.927734375
718604473290487::family_uneven_aged_selection,718604473290487,family_uneven_aged_selection,10,2027,2072,2184.1113891601562,3,136.39512634277344,5492.45751953125
718604473290487::no_management,718604473290487,no_management,10,2027,2072,0.0,0,178.48582458496094,7239.10546875
718604473290487::pine_plantation_long_rotation,718604473290487,pine_plantation_long_rotation,10,2027,2072,3502.9920043945312,2,222.527587890625,8004.509765625
718604473290487::pine_plantation_short_rotation,718604473290487,pine_plantation_short_rotation,10,2027,2072,2211.667236328125,1,176.54470825195312,6173.1435546875
718604473290487::public_selection_light,718604473290487,public_selection_light,10,2027,2072,3072.1854248046875,4,111.48757934570312,4450.62109375
718604473290487::public_thin_restore,718604473290487,public_thin_restore,10,2027,2072,753.6904449462891,3,160.95091247558594,6611.4716796875
718604478290487::no_management,718604478290487,no_management,10,2027,2072,0.0,0,176.9052276611328,3913.8115234375
718604478290487::public_selection_light,718604478290487,public_selection_light,10,2027,2072,2055.456298828125,4,132.48794555664062,2650.964599609375
718604478290487::public_thin_restore,718604478290487,public_thin_restore,10,2027,2072,64.40825080871582,3,175.19415283203125,4462.34814453125
718604485290487::family_light_thin,718604485290487,family_light_thin,10,2027,2072,233.0387420654297,1,222.31298828125,7633.216796875
718604485290487::family_uneven_aged_selection,718604485290487,family_uneven_aged_selection,10,2027,2072,2754.08984375,3,192.3709259033203,6523.10888671875
718604485290487::no_management,718604485290487,no_management,10,2027,2072,0.0,0,222.24334716796875,7584.32568359375
718604485290487::pine_plantation_long_rotation,718604485290487,pine_plantation_long_rotation,10,2027,2072,5508.174072265625,2,174.44134521484375,3962.325927734375
718604485290487::pine_plantation_short_rotation,718604485290487,pine_plantation_short_rotation,10,2027,2072,3871.2713317871094,2,220.9853057861328,6154.50634765625
718604485290487::public_selection_light,718604485290487,public_selection_light,10,2027,2072,3903.5956420898438,4,163.95779418945312,5561.9248046875
718604485290487::public_thin_restore,718604485290487,public_thin_restore,10,2027,2072,1094.6746063232422,3,222.3665771484375,7654.18408203125
718604486290487::family_light_thin,718604486290487,family_light_thin,10,2027,2072,98.83638763427734,1,178.4857940673828,7265.814453125
718604486290487::family_uneven_aged_selection,718604486290487,family_uneven_aged_selection,10,2027,2072,2280.6669311523438,3,137.95484924316406,5525.0849609375
718604486290487::no_management,718604486290487,no_management,10,2027,2072,0.0,0,178.48558044433594,7202.6904296875
718604486290487::pine_plantation_long_rotation,718604486290487,pine_plantation_long_rotation,10,2027,2072,4035.359893798828,2,222.52755737304688,8022.84033203125
718604486290487::pine_plantation_short_rotation,718604486290487,pine_plantation_short_rotation,10,2027,2072,2544.76513671875,1,178.48570251464844,6255.0625
718604486290487::public_selection_light,718604486290487,public_selection_light,10,2027,2072,3317.104248046875,4,116.0788345336914,4601.24267578125
718604486290487::public_thin_restore,718604486290487,public_thin_restore,10,2027,2072,633.5691528320312,3,170.6779327392578,6998.99169921875
718604487290487::family_light_thin,718604487290487,family_light_thin,10,2027,2072,227.85064697265625,1,204.8745880126953,5519.18359375
718604487290487::family_uneven_aged_selection,718604487290487,family_uneven_aged_selection,10,2027,2072,1598.575454711914,3,185.23873901367188,4970.6845703125
718604487290487::no_management,718604487290487,no_management,10,2027,2072,0.0,0,204.0662384033203,5619.66259765625
718604487290487::pine_plantation_long_rotation,718604487290487,pine_plantation_long_rotation,10,2027,2072,4027.8800354003906,2,102.14920806884766,378.06121826171875
718604487290487::pine_plantation_short_rotation,718604487290487,pine_plantation_short_rotation,10,2027,2072,2461.6969604492188,2,173.5909423828125,3417.271484375
718604487290487::public_selection_light,718604487290487,public_selection_light,10,2027,2072,2215.775665283203,4,172.3700408935547,4492.82421875
718604487290487::public_thin_restore,718604487290487,public_thin_restore,10,2027,2072,1299.8655166625977,3,196.19757080078125,5205.19189453125
718604687290487::family_light_thin,718604687290487,family_light_thin,10,2027,2072,6.28237247467041,1,176.53321838378906,1793.42724609375
718604687290487::family_uneven_aged_selection,718604687290487,family_uneven_aged_selection,10,2027,2072,506.882568359375,3,165.40438842773438,1642.7784423828125
718604687290487::hardwood_clearcut_regen,718604687290487,hardwood_clearcut_regen,10,2027,2072,849.699462890625,1,46.186031341552734,5.969793319702148
718604687290487::no_management,718604687290487,no_management,10,2027,2072,0.0,0,180.67861938476562,1995.4127197265625
718604718290487::family_light_thin,718604718290487,family_light_thin,10,2027,2072,13.643535614013672,1,153.9151611328125,7667.43994140625
718604718290487::family_uneven_aged_selection,718604718290487,family_uneven_aged_selection,10,2027,2072,2835.381591796875,3,141.45767211914062,7021.869140625
718604718290487::no_management,718604718290487,no_management,10,2027,2072,0.0,0,153.91506958007812,7666.794921875
718604718290487::pine_plantation_long_rotation,718604718290487,pine_plantation_long_rotation,10,2027,2072,5850.224639892578,2,206.62522888183594,6814.04736328125
718604718290487::pine_plantation_short_rotation,718604718290487,pine_plantation_short_rotation,10,2027,2072,4042.5804138183594,2,222.52757263183594,8807.802734375
718604718290487::public_selection_light,718604718290487,public_selection_light,10,2027,2072,4337.40087890625,4,124.965576171875,6194.978515625
718604718290487::public_thin_restore,718604718290487,public_thin_restore,10,2027,2072,457.00813579559326,2,153.91481018066406,7669.5087890625
718604753290487::family_light_thin,718604753290487,family_light_thin,10,2027,2072,233.86265563964844,1,216.42095947265625,5069.87548828125
718604753290487::family_uneven_aged_selection,718604753290487,family_uneven_aged_selection,10,2027,2072,1551.5838317871094,3,200.0535888671875,4685.74853515625
718604753290487::no_management,718604753290487,no_management,10,2027,2072,0.0,0,216.94927978515625,5211.84521484375
718604753290487::pine_plantation_long_rotation,718604753290487,pine_plantation_long_rotation,10,2027,2072,4100.048522949219,2,116.41211700439453,399.3819274902344
718604753290487::pine_plantation_short_rotation,718604753290487,pine_plantation_short_rotation,10,2027,2072,2517.3245849609375,2,183.38345336914062,2748.151123046875
718604753290487::public_selection_light,718604753290487,public_selection_light,10,2027,2072,2168.188766479492,4,185.90504455566406,4303.56689453125
718604753290487::public_thin_restore,718604753290487,public_thin_restore,10,2027,2072,752.2297744750977,3,216.5946807861328,5213.48095703125
718604757290487::family_light_thin,718604757290487,family_light_thin,10,2027,2072,92.27875518798828,1,130.79510498046875,3737.002685546875
718604757290487::family_uneven_aged_selection,718604757290487,family_uneven_aged_selection,10,2027,2072,1110.6057586669922,3,118.51045989990234,3177.6181640625
718604757290487::no_management,718604757290487,no_management,10,2027,2072,0.0,0,129.0277557373047,3683.8330078125
718604757290487::pine_plantation_long_rotation,718604757290487,pine_plantation_long_rotation,10,2027,2072,1424.1796569824219,2,177.2752685546875,4680.52685546875
718604757290487::pine_plantation_short_rotation,718604757290487,pine_plantation_short_rotation,10,2027,2072,745.2159423828125,1,123.4332046508789,3597.556640625
718604757290487::public_selection_light,718604757290487,public_selection_light,10,2027,2072,1520.9466400146484,4,124.68611145019531,2957.559814453125
718604757290487::public_thin_restore,718604757290487,public_thin_restore,10,2027,2072,303.634952545166,3,136.72662353515625,3846.377197265625
718604760290487::family_light_thin,718604760290487,family_light_thin,10,2027,2072,33.8441162109375,1,124.03585815429688,2260.00439453125
718604760290487::family_uneven_aged_selection,718604760290487,family_uneven_aged_selection,10,2027,2072,769.9677734375,3,113.12654113769531,1658.075439453125
718604760290487::no_management,718604760290487,no_management,10,2027,2072,0.0,0,124.56812286376953,2200.999755859375
718604760290487::pine_plantation_long_rotation,718604760290487,pine_plantation_long_rotation,10,2027,2072,1400.45654296875,1,104.5492172241211,1326.5133056640625
718604760290487::pine_plantation_short_rotation,718604760290487,pine_plantation_short_rotation,10,2027,2072,1400.45654296875,1,104.5492172241211,1326.5133056640625
718604764290487::family_light_thin,718604764290487,family_light_thin,10,2027,2072,331.4667663574219,1,155.7039337158203,4466.048828125
718604764290487::family_uneven_aged_selection,718604764290487,family_uneven_aged_selection,10,2027,2072,1609.0926208496094,3,140.53411865234375,3919.459228515625
718604764290487::no_management,718604764290487,no_management,10,2027,2072,0.0,0,155.6850128173828,4459.87255859375
718604764290487::pine_plantation_long_rotation,718604764290487,pine_plantation_long_rotation,10,2027,2072,2578.5308227539062,2,171.89291381835938,2961.034423828125
718604764290487::pine_plantation_short_rotation,718604764290487,pine_plantation_short_rotation,10,2027,2072,1646.4588623046875,1,136.37290954589844,3049.88427734375
718604764290487::public_selection_light,718604764290487,public_selection_light,10,2027,2072,2197.1334533691406,4,114.63391876220703,3182.423095703125
718604764290487::public_thin_restore,718604764290487,public_thin_restore,10,2027,2072,996.8544692993164,3,146.3436279296875,4162.9443359375
718604867290487::family_light_thin,718604867290487,family_light_thin,10,2027,2072,12.67926025390625,1,81.17794799804688,2713.369384765625
718604867290487::family_uneven_aged_selection,718604867290487,family_uneven_aged_selection,10,2027,2072,941.5888061523438,3,51.48696517944336,1716.3653564453125
718604867290487::no_management,718604867290487,no_management,10,2027,2072,0.0,0,82.01869201660156,2733.895263671875
718604867290487::pine_plantation_long_rotation,718604867290487,pine_plantation_long_rotation,10,2027,2072,2086.087158203125,1,59.499080657958984,951.23876953125
718604867290487::pine_plantation_short_rotation,718604867290487,pine_plantation_short_rotation,10,2027,2072,2086.087158203125,1,59.499080657958984,951.23876953125
718604867290487::public_selection_light,718604867290487,public_selection_light,10,2027,2072,1393.615478515625,4,35.123809814453125,1171.1221923828125
718604867290487::public_thin_restore,718604867290487,public_thin_restore,10,2027,2072,58.672401428222656,3,78.79313659667969,2645.340087890625
718604871290487::family_light_thin,718604871290487,family_light_thin,10,2027,2072,5.838173866271973,1,184.1800079345703,3483.102294921875
718604871290487::family_uneven_aged_selection,718604871290487,family_uneven_aged_selection,10,2027,2072,891.0670013427734,3,170.288818359375,3168.409912109375
718604871290487::hardwood_clearcut_regen,718604871290487,hardwood_clearcut_regen,10,2027,2072,3280.867431640625,1,0.2446950078010559,0.0
718604871290487::no_management,718604871290487,no_management,10,2027,2072,0.0,0,185.42764282226562,3610.7783203125
718604871290487::public_selection_light,718604871290487,public_selection_light,10,2027,2072,1215.1022491455078,4,175.3645477294922,3153.794189453125
718604871290487::public_thin_restore,718604871290487,public_thin_restore,10,2027,2072,302.71887493133545,3,179.15525817871094,3311.0087890625
718604872290487::family_light_thin,718604872290487,family_light_thin,10,2027,2072,31.463926315307617,1,190.1151123046875,2765.04443359375
718604872290487::family_uneven_aged_selection,718604872290487,family_uneven_aged_selection,10,2027,2072,711.7936248779297,3,151.4078369140625,2108.3291015625
718604872290487::hardwood_clearcut_regen,718604872290487,hardwood_clearcut_regen,10,2027,2072,822.5311279296875,1,144.7106475830078,925.3845825195312
718604872290487::no_management,718604872290487,no_management,10,2027,2072,0.0,0,211.37484741210938,2998.79541015625
718604872290487::public_selection_light,718604872290487,public_selection_light,10,2027,2072,954.7203826904297,4,125.70014953613281,1664.519775390625
718604872290487::public_thin_restore,718604872290487,public_thin_restore,10,2027,2072,319.73213958740234,3,143.52439880371094,2117.44287109375
718604873290487::family_light_thin,718604873290487,family_light_thin,10,2027,2072,147.66082763671875,1,149.83778381347656,2192.75146484375
718604873290487::family_uneven_aged_selection,718604873290487,family_uneven_aged_selection,10,2027,2072,745.6838226318359,3,133.73843383789062,1872.8924560546875
718604873290487::hardwood_clearcut_regen,718604873290487,hardwood_clearcut_regen,10,2027,2072,1362.583251953125,1,93.83889770507812,110.23049926757812
718604873290487::no_management,718604873290487,no_management,10,2027,2072,0.0,0,151.21273803710938,2306.8857421875
718604873290487::public_selection_light,718604873290487,public_selection_light,10,2027,2072,1080.366439819336,4,122.61602783203125,1546.1368408203125
718604873290487::public_thin_restore,718604873290487,public_thin_restore,10,2027,2072,648.1764831542969,3,139.26100158691406,1851.165283203125
718604877290487::family_light_thin,718604877290487,family_light_thin,10,2027,2072,210.34249877929688,1,298.6272888183594,7442.58349609375
718604877290487::family_uneven_aged_selection,718604877290487,family_uneven_aged_selection,10,2027,2072,2557.2689208984375,3,228.46548461914062,5444.609375
718604877290487::hardwood_clearcut_regen,718604877290487,hardwood_clearcut_regen,10,2027,2072,4387.46435546875,1,153.816650390625,2336.5908203125
718604877290487::no_management,718604877290487,no_management,10,2027,2072,0.0,0,296.9797058105469,7371.47119140625
718604877290487::public_selection_light,718604877290487,public_selection_light,10,2027,2072,3721.1293334960938,4,178.2026824951172,4073.0830078125
718604877290487::public_thin_restore,718604877290487,public_thin_restore,10,2027,2072,596.684700012207,3,302.0823669433594,7634.9482421875
718604879290487::family_light_thin,718604879290487,family_light_thin,10,2027,2072,139.9554443359375,1,234.8624267578125,4061.73974609375
718604879290487::family_uneven_aged_selection,718604879290487,family_uneven_aged_selection,10,2027,2072,1208.00390625,3,185.3329315185547,3034.534423828125
718604879290487::hardwood_clearcut_regen,718604879290487,hardwood_clearcut_regen,10,2027,2072,1305.32470703125,1,145.6240997314453,975.95068359375
718604879290487::no_management,718604879290487,no_management,10,2027,2072,0.0,0,239.17709350585938,4244.0087890625
718604879290487::public_selection_light,718604879290487,public_selection_light,10,2027,2072,1583.5968017578125,4,152.6953125,2246.49462890625
718604879290487::public_thin_restore,718604879290487,public_thin_restore,10,2027,2072,526.2602996826172,3,198.1096954345703,3489.98095703125
718604880290487::family_light_thin,718604880290487,family_light_thin,10,2027,2072,428.6231994628906,1,166.06170654296875,4370.49755859375
718604880290487::family_uneven_aged_selection,718604880290487,family_uneven_aged_selection,10,2027,2072,1637.8645324707031,3,147.6274871826172,3845.236328125
718604880290487::no_management,718604880290487,no_management,10,2027,2072,0.0,0,166.06175231933594,4367.86669921875
718604880290487::pine_plantation_long_rotation,718604880290487,pine_plantation_long_rotation,10,2027,2072,4157.801025390625,2,129.5011749267578,1972.44873046875
718604880290487::pine_plantation_short_rotation,718604880290487,pine_plantation_short_rotation,10,2027,2072,3163.284912109375,2,159.95179748535156,3784.78271484375
718604880290487::public_selection_light,718604880290487,public_selection_light,10,2027,2072,2580.633270263672,4,140.97305297851562,3658.03857421875
718604880290487::public_thin_restore,718604880290487,public_thin_restore,10,2027,2072,1321.8564147949219,3,166.0615234375,4358.15087890625
718604885290487::family_light_thin,718604885290487,family_light_thin,10,2027,2072,261.5353088378906,1,192.294677734375,5719.70458984375
718604885290487::family_uneven_aged_selection,718604885290487,family_uneven_aged_selection,10,2027,2072,1879.84521484375,3,173.92381286621094,4756.23291015625
718604885290487::no_management,718604885290487,no_management,10,2027,2072,0.0,0,190.53932189941406,5782.59716796875
718604885290487::pine_plantation_long_rotation,718604885290487,pine_plantation_long_rotation,10,2027,2072,2319.8603515625,1,182.99139404296875,4801.6689453125
718604885290487::pine_plantation_short_rotation,718604885290487,pine_plantation_short_rotation,10,2027,2072,2319.8603515625,1,182.99139404296875,4801.6689453125
718604885290487::public_selection_light,718604885290487,public_selection_light,10,2027,2072,2588.045166015625,4,144.35997009277344,3713.018798828125
718604885290487::public_thin_restore,718604885290487,public_thin_restore,10,2027,2072,1028.6818542480469,3,183.04327392578125,5270.54345703125
718604888290487::family_light_thin,718604888290487,family_light_thin,10,2027,2072,145.22242736816406,1,233.45294189453125,5001.1279296875
718604888290487::family_uneven_aged_selection,718604888290487,family_uneven_aged_selection,10,2027,2072,1664.462158203125,3,174.89569091796875,3446.351318359375
718604888290487::no_management,718604888290487,no_management,10,2027,2072,0.0,0,235.68658447265625,5042.478515625
718604888290487::pine_plantation_long_rotation,718604888290487,pine_plantation_long_rotation,10,2027,2072,3084.997314453125,1,198.65533447265625,3732.2880859375
718604888290487::pine_plantation_short_rotation,718604888290487,pine_plantation_short_rotation,10,2027,2072,3084.997314453125,1,198.65533447265625,3732.2880859375
718604888290487::public_selection_light,718604888290487,public_selection_light,10,2027,2072,2422.2935180664062,4,146.02122497558594,2716.70947265625
718604888290487::public_thin_restore,718604888290487,public_thin_restore,10,2027,2072,550.3896255493164,3,196.32150268554688,4614.32177734375
718604892290487::family_light_thin,718604892290487,family_light_thin,10,2027,2072,0.0,0,80.09428405761719,3065.672119140625
718604892290487::family_uneven_aged_selection,718604892290487,family_uneven_aged_selection,10,2027,2072,1017.8528747558594,3,49.89091110229492,1910.2294921875
718604892290487::no_management,718604892290487,no_management,10,2027,2072,0.0,0,80.09428405761719,3065.672119140625
718604892290487::pine_plantation_long_rotation,718604892290487,pine_plantation_long_rotation,10,2027,2072,2101.43701171875,1,62.97649383544922,1398.5467529296875
718604892290487::pine_plantation_short_rotation,718604892290487,pine_plantation_short_rotation,10,2027,2072,2101.43701171875,1,62.97649383544922,1398.5467529296875
718604892290487::public_selection_light,718604892290487,public_selection_light,10,2027,2072,1482.0972290039062,4,33.75322341918945,1292.7193603515625
718604892290487::public_thin_restore,718604892290487,public_thin_restore,10,2027,2072,0.0,0,80.09428405761719,3065.672119140625
718604898290487::family_light_thin,718604898290487,family_light_thin,10,2027,2072,131.44943237304688,1,174.3557891845703,3138.674072265625
718604898290487::family_uneven_aged_selection,718604898290487,family_uneven_aged_selection,10,2027,2072,917.5447387695312,3,158.52520751953125,2662.11328125
718604898290487::hardwood_clearcut_regen,718604898290487,hardwood_clearcut_regen,10,2027,2072,2825.8486328125,1,6.110997676849365,0.0
718604898290487::no_management,718604898290487,no_management,10,2027,2072,0.0,0,182.32171630859375,3426.776123046875
718604898290487::public_selection_light,718604898290487,public_selection_light,10,2027,2072,1248.5390167236328,4,159.12225341796875,2164.907958984375
718604898290487::public_thin_restore,718604898290487,public_thin_restore,10,2027,2072,313.72191429138184,3,176.12574768066406,3126.9228515625
740826397290487::family_light_thin,740826397290487,family_light_thin,10,2027,2072,59.79502487182617,1,185.46676635742188,3826.06591796875
740826397290487::family_uneven_aged_selection,740826397290487,family_uneven_aged_selection,10,2027,2072,1402.6215209960938,3,174.1695098876953,3157.03515625
740826397290487::hardwood_clearcut_regen,740826397290487,hardwood_clearcut_regen,10,2027,2072,2185.53515625,1,153.14759826660156,3470.986328125
740826397290487::no_management,740826397290487,no_management,10,2027,2072,0.0,0,186.54356384277344,3723.008056640625
740826397290487::public_selection_light,740826397290487,public_selection_light,10,2027,2072,2192.1219482421875,4,185.47421264648438,3009.593994140625
740826397290487::public_thin_restore,740826397290487,public_thin_restore,10,2027,2072,184.633056640625,3,185.96713256835938,3866.80810546875
76812325010478::family_light_thin,76812325010478,family_light_thin,10,2027,2072,0.0,0,168.9340362548828,2817.82275390625
76812325010478::family_uneven_aged_selection,76812325010478,family_uneven_aged_selection,10,2027,2072,593.053768157959,3,150.551025390625,2521.680908203125
76812325010478::hardwood_clearcut_regen,76812325010478,hardwood_clearcut_regen,10,2027,2072,1334.830810546875,1,51.955078125,0.0
76812325010478::no_management,76812325010478,no_management,10,2027,2072,0.0,0,170.01300048828125,3059.51025390625
76812325010478::public_selection_light,76812325010478,public_selection_light,10,2027,2072,692.1347961425781,4,161.63470458984375,2465.57275390625
76812325010478::public_thin_restore,76812325010478,public_thin_restore,10,2027,2072,350.2590637207031,2,165.26361083984375,2672.291259765625
85172032010478::family_light_thin,85172032010478,family_light_thin,10,2027,2072,209.98947143554688,1,220.06407165527344,5343.9150390625
85172032010478::family_uneven_aged_selection,85172032010478,family_uneven_aged_selection,10,2027,2072,2063.2898559570312,3,204.8377685546875,4719.09423828125
85172032010478::hardwood_clearcut_regen,85172032010478,hardwood_clearcut_regen,10,2027,2072,3229.568115234375,1,215.2826690673828,4287.16943359375
85172032010478::no_management,85172032010478,no_management,10,2027,2072,0.0,0,218.60520935058594,5322.9404296875
90822958010478::family_light_thin,90822958010478,family_light_thin,10,2027,2072,17.554927825927734,1,176.07154846191406,5410.31396484375
90822958010478::family_uneven_aged_selection,90822958010478,family_uneven_aged_selection,10,2027,2072,1624.5473022460938,3,129.0896453857422,3767.33935546875
90822958010478::no_management,90822958010478,no_management,10,2027,2072,0.0,0,174.79869079589844,5328.384765625
90822958010478::pine_plantation_long_rotation,90822958010478,pine_plantation_long_rotation,10,2027,2072,1843.46875,1,156.25894165039062,4665.509765625
90825681010478::family_light_thin,90825681010478,family_light_thin,10,2027,2072,100.29068756103516,1,161.91392517089844,3134.9072265625
90825681010478::family_uneven_aged_selection,90825681010478,family_uneven_aged_selection,10,2027,2072,844.0242919921875,3,122.13088989257812,2330.932861328125
90825681010478::hardwood_clearcut_regen,90825681010478,hardwood_clearcut_regen,10,2027,2072,1055.89892578125,1,90.183349609375,1214.8739013671875
90825681010478::no_management,90825681010478,no_management,10,2027,2072,0.0,0,172.28541564941406,3397.856689453125
90825681010478::public_selection_light,90825681010478,public_selection_light,10,2027,2072,1122.075439453125,4,95.7145004272461,1738.5955810546875
90825681010478::public_thin_restore,90825681010478,public_thin_restore,10,2027,2072,315.48262786865234,3,132.9733123779297,2679.462158203125
